"id","scenario","model","primary_prediction","sensitivity_prediction","difference","absolute_difference","excluded_in_sensitivity"
1,"influential_linear","linear",-7.91645000296561,-6.80281860606234,1.11363139690328,1.11363139690328,FALSE
2,"influential_linear","linear",-14.185870086553,-14.8665581925824,-0.680688106029407,0.680688106029407,FALSE
3,"influential_linear","linear",-10.8487675166409,-12.464806326141,-1.61603880950013,1.61603880950013,FALSE
4,"influential_linear","linear",-8.18075120804173,-7.44444306644764,0.736308141594098,0.736308141594098,TRUE
5,"influential_linear","linear",-8.35815576543642,-8.38537840169636,-0.0272226362599461,0.0272226362599461,FALSE
6,"influential_linear","linear",-4.87483780073546,-4.9585457520183,-0.083707951282844,0.083707951282844,TRUE
7,"influential_linear","linear",-11.3888877775805,-12.4785297344419,-1.08964195686137,1.08964195686137,FALSE
8,"influential_linear","linear",-8.33622618490828,-8.51893381699346,-0.182707632085181,0.182707632085181,FALSE
9,"influential_linear","linear",-1.11263070648954,-0.834998029112877,0.277632677376664,0.277632677376664,FALSE
10,"influential_linear","linear",-7.13205956776902,-6.01232146673542,1.1197381010336,1.1197381010336,FALSE
11,"influential_linear","linear",-7.29974691796911,-8.28009951002229,-0.980352592053185,0.980352592053185,FALSE
12,"influential_linear","linear",-2.71332586637043,-2.57808871729104,0.135237149079393,0.135237149079393,FALSE
13,"influential_linear","linear",-8.60144526485285,-9.16028574691873,-0.558840482065886,0.558840482065886,FALSE
14,"influential_linear","linear",-1.61026115803277,-1.47382781328605,0.13643334474672,0.13643334474672,FALSE
15,"influential_linear","linear",-0.357219159138391,-0.450987995851559,-0.0937688367131684,0.0937688367131684,FALSE
16,"influential_linear","linear",-5.5227998211455,-5.22710144668311,0.295698374462389,0.295698374462389,FALSE
17,"influential_linear","linear",-4.78710389237567,-5.36087402174302,-0.573770129367351,0.573770129367351,FALSE
18,"influential_linear","linear",-7.91864572539018,-8.54488683597134,-0.626241110581165,0.626241110581165,FALSE
19,"influential_linear","linear",-3.23591755345648,-2.29001560136731,0.945901952089172,0.945901952089172,TRUE
20,"influential_linear","linear",-9.53589377398164,-8.59219476463118,0.943699009350459,0.943699009350459,FALSE
21,"influential_linear","linear",-4.68664091922955,-4.96264997838007,-0.276009059150518,0.276009059150518,FALSE
22,"influential_linear","linear",-6.08865036685128,-5.3320086409767,0.756641725874582,0.756641725874582,FALSE
23,"influential_linear","linear",-1.17744906992717,-0.630869674471517,0.54657939545565,0.54657939545565,FALSE
24,"influential_linear","linear",0.242890363645935,0.637402790906213,0.394512427260278,0.394512427260278,FALSE
25,"influential_linear","linear",-8.81741748604552,-8.59086748037024,0.226550005675287,0.226550005675287,FALSE
26,"influential_linear","linear",-7.73391685646086,-7.34133804560207,0.392578810858792,0.392578810858792,FALSE
27,"influential_linear","linear",-4.49214934201429,-3.08069774568788,1.41145159632641,1.41145159632641,FALSE
28,"influential_linear","linear",-5.50684723218216,-5.38759516052999,0.11925207165217,0.11925207165217,FALSE
29,"influential_linear","linear",-3.70274164218519,-4.92222028002188,-1.2194786378367,1.2194786378367,TRUE
30,"influential_linear","linear",-5.48823003533397,-5.31880253318364,0.169427502150326,0.169427502150326,FALSE
31,"influential_linear","linear",-3.41219679980006,-3.2121829710236,0.200013828776463,0.200013828776463,FALSE
32,"influential_linear","linear",-8.28953485786764,-8.29797989406837,-0.00844503620073667,0.00844503620073667,FALSE
33,"influential_linear","linear",-10.1712185496022,-9.90735675331278,0.263861796289419,0.263861796289419,FALSE
34,"influential_linear","linear",-5.68763766012333,-5.20809280376617,0.479544856357164,0.479544856357164,FALSE
35,"influential_linear","linear",-3.22827760384539,-2.25683264151205,0.97144496233334,0.97144496233334,FALSE
36,"influential_linear","linear",2.39248695990665,2.47669752934193,0.0842105694352746,0.0842105694352746,FALSE
37,"influential_linear","linear",-4.21689346649209,-3.40630327372168,0.810590192770408,0.810590192770408,FALSE
38,"influential_linear","linear",-8.40687099484628,-7.85030296407417,0.556568030772111,0.556568030772111,FALSE
39,"influential_linear","linear",-5.5047171136083,-4.37141125533988,1.13330585826843,1.13330585826843,FALSE
40,"influential_linear","linear",-4.61796261572529,-4.58552867256429,0.0324339431610063,0.0324339431610063,FALSE
41,"influential_linear","linear",-14.940525922537,-17.049736426665,-2.10921050412795,2.10921050412795,TRUE
42,"influential_linear","linear",-6.02094310429272,-5.05695024311727,0.963992861175447,0.963992861175447,FALSE
43,"influential_linear","linear",-2.37402086155275,-1.60087741621389,0.773143445338861,0.773143445338861,TRUE
44,"influential_linear","linear",-2.19102689963101,-2.81299152965226,-0.621964630021246,0.621964630021246,FALSE
45,"influential_linear","linear",-8.99176706061846,-8.73422804689416,0.257539013724301,0.257539013724301,FALSE
47,"influential_linear","linear",-6.40383963251345,-5.26406650380147,1.13977312871198,1.13977312871198,FALSE
48,"influential_linear","linear",-9.83696538204111,-10.8035115140685,-0.966546132027343,0.966546132027343,FALSE
49,"influential_linear","linear",-7.67011832376818,-7.46605422543866,0.204064098329522,0.204064098329522,FALSE
50,"influential_linear","linear",-5.86469063496391,-4.90469640289322,0.959994232070684,0.959994232070684,FALSE
51,"influential_linear","linear",-4.73607923536505,-4.59249278184855,0.143586453516495,0.143586453516495,FALSE
52,"influential_linear","linear",-5.31078353884738,-5.10225454841507,0.208528990432316,0.208528990432316,FALSE
53,"influential_linear","linear",-2.7910074275548,-2.29399237402571,0.497015053529089,0.497015053529089,FALSE
54,"influential_linear","linear",-4.53554669325695,-4.45506339184137,0.0804833014155744,0.0804833014155744,FALSE
55,"influential_linear","linear",-3.82217421958387,-4.63793798577199,-0.81576376618812,0.81576376618812,FALSE
56,"influential_linear","linear",-5.97624026810702,-6.66777995141477,-0.691539683307758,0.691539683307758,TRUE
57,"influential_linear","linear",-1.45077051337328,-0.591874118943345,0.858896394429934,0.858896394429934,FALSE
58,"influential_linear","linear",1.98842000643175,0.987583557361776,-1.00083644906998,1.00083644906998,FALSE
59,"influential_linear","linear",-1.73058039189809,-1.08923683472168,0.641343557176403,0.641343557176403,FALSE
60,"influential_linear","linear",-0.635906302446492,-0.763196873027932,-0.12729057058144,0.12729057058144,FALSE
61,"influential_linear","linear",-6.60941180356986,-6.29974911771327,0.309662685856588,0.309662685856588,FALSE
62,"influential_linear","linear",-5.67942002448373,-5.31129056485614,0.368129459627594,0.368129459627594,FALSE
63,"influential_linear","linear",-10.385517333422,-9.92923696531555,0.456280368106487,0.456280368106487,FALSE
64,"influential_linear","linear",-0.999351447102465,-0.968238698288936,0.0311127488135291,0.0311127488135291,FALSE
65,"influential_linear","linear",-8.06390050444183,-6.91557753763562,1.14832296680621,1.14832296680621,FALSE
66,"influential_linear","linear",-0.341874967449256,-0.38120887687021,-0.0393339094209532,0.0393339094209532,FALSE
67,"influential_linear","linear",-9.84198447522108,-11.1239010673708,-1.28191659214974,1.28191659214974,FALSE
68,"influential_linear","linear",-8.57790506603059,-7.62231091111104,0.95559415491955,0.95559415491955,FALSE
69,"influential_linear","linear",-3.63597687159081,-3.78657386955193,-0.150596997961118,0.150596997961118,FALSE
70,"influential_linear","linear",-6.88719010021047,-6.90510772166621,-0.0179176214557444,0.0179176214557444,FALSE
71,"influential_linear","linear",-1.86061605738823,-2.69822724452782,-0.837611187139589,0.837611187139589,FALSE
72,"influential_linear","linear",-7.01453803332827,-5.45684456376788,1.55769346956039,1.55769346956039,TRUE
73,"influential_linear","linear",-6.17027458394209,-6.3583590689699,-0.18808448502781,0.18808448502781,FALSE
74,"influential_linear","linear",-4.43820491652964,-3.63811224903665,0.800092667492982,0.800092667492982,TRUE
75,"influential_linear","linear",-2.07022554547098,-1.95180116334429,0.118424382126685,0.118424382126685,FALSE
76,"influential_linear","linear",-10.7632554467563,-12.8950643725655,-2.13180892580916,2.13180892580916,FALSE
77,"influential_linear","linear",-3.75978428082321,-4.03811450898932,-0.278330228166113,0.278330228166113,FALSE
78,"influential_linear","linear",-8.45128297661287,-7.91951843402988,0.531764542582992,0.531764542582992,FALSE
79,"influential_linear","linear",-5.7285595579747,-5.06961053802661,0.658949019948084,0.658949019948084,FALSE
80,"influential_linear","linear",-4.42678972591197,-4.01205208150996,0.414737644402013,0.414737644402013,FALSE
81,"influential_linear","linear",-13.5585602185526,-14.090826686939,-0.532266468386393,0.532266468386393,TRUE
82,"influential_linear","linear",-4.56872872256483,-4.99560539208795,-0.426876669523117,0.426876669523117,FALSE
83,"influential_linear","linear",-5.84823390449242,-4.46108318759265,1.38715071689977,1.38715071689977,FALSE
84,"influential_linear","linear",-7.00154149361981,-7.98297430848278,-0.981432814862977,0.981432814862977,TRUE
85,"influential_linear","linear",-0.638780345708681,-0.824743303414126,-0.185962957705445,0.185962957705445,TRUE
86,"influential_linear","linear",-8.07524415525459,-7.89518340348913,0.18006075176546,0.18006075176546,FALSE
87,"influential_linear","linear",-8.03600166652891,-8.66161365746803,-0.625611990939126,0.625611990939126,FALSE
88,"influential_linear","linear",-4.02415053875275,-4.27694715296711,-0.252796614214353,0.252796614214353,FALSE
89,"influential_linear","linear",-4.51779774707411,-3.68615941763624,0.831638329437862,0.831638329437862,FALSE
90,"influential_linear","linear",-4.41785257117827,-4.29170470624304,0.126147864935236,0.126147864935236,FALSE
91,"influential_linear","linear",-7.7765199111795,-9.06950900902901,-1.29298909784952,1.29298909784952,FALSE
92,"influential_linear","linear",-6.01157360951034,-5.84806950059392,0.16350410891642,0.16350410891642,FALSE
93,"influential_linear","linear",-2.42874293389381,-1.46158410279909,0.967158831094715,0.967158831094715,FALSE
94,"influential_linear","linear",-1.56000395595953,-1.73979311684122,-0.179789160881685,0.179789160881685,FALSE
95,"influential_linear","linear",-6.84386331136548,-5.97982284520948,0.864040466156002,0.864040466156002,FALSE
96,"influential_linear","linear",-0.367473980206453,0.164980547202105,0.532454527408558,0.532454527408558,FALSE
97,"influential_linear","linear",-6.92220382396761,-6.27384241803825,0.648361405929364,0.648361405929364,FALSE
98,"influential_linear","linear",-1.32522162655129,-0.885280529363416,0.439941097187873,0.439941097187873,FALSE
99,"influential_linear","linear",-5.02250449940857,-4.3012805462252,0.721223953183369,0.721223953183369,TRUE
100,"influential_linear","linear",-7.29305275455196,-7.81782710336282,-0.524774348810865,0.524774348810865,FALSE
101,"influential_linear","linear",-10.3200428049021,-9.57753631694518,0.742506487956902,0.742506487956902,FALSE
102,"influential_linear","linear",-4.21437956476276,-3.10840057989201,1.10597898487075,1.10597898487075,FALSE
103,"influential_linear","linear",-6.42067710390151,-5.44775667558071,0.972920428320797,0.972920428320797,FALSE
104,"influential_linear","linear",-12.2156108637869,-11.7885765064545,0.427034357332403,0.427034357332403,TRUE
105,"influential_linear","linear",-9.40798067325145,-9.38816061740177,0.0198200558496815,0.0198200558496815,FALSE
106,"influential_linear","linear",-2.1981712147249,-2.09697268898347,0.101198525741424,0.101198525741424,FALSE
107,"influential_linear","linear",-11.4156923615671,-10.818465335178,0.597227026389069,0.597227026389069,FALSE
108,"influential_linear","linear",-5.27454474731501,-4.7972143920978,0.477330355217206,0.477330355217206,FALSE
109,"influential_linear","linear",-0.986264231791676,-0.452627268281639,0.533636963510037,0.533636963510037,TRUE
110,"influential_linear","linear",-6.26397371211706,-5.76145937366779,0.502514338449267,0.502514338449267,FALSE
111,"influential_linear","linear",-2.78535534659675,-2.47315706491436,0.312198281682391,0.312198281682391,FALSE
112,"influential_linear","linear",-2.00418962289175,-0.938267697753294,1.06592192513845,1.06592192513845,FALSE
113,"influential_linear","linear",-4.317650183809,-3.08338245282865,1.23426773098035,1.23426773098035,FALSE
114,"influential_linear","linear",-1.0323259668865,-0.849972505238624,0.182353461647879,0.182353461647879,FALSE
115,"influential_linear","linear",-2.62127876060587,-2.2943285952818,0.326950165324069,0.326950165324069,FALSE
116,"influential_linear","linear",-5.1616345254013,-5.1483357140163,0.0132988113850017,0.0132988113850017,FALSE
117,"influential_linear","linear",-4.24315153349782,-5.00862436951056,-0.76547283601274,0.76547283601274,TRUE
118,"influential_linear","linear",-0.113991251933389,0.351787270436833,0.465778522370222,0.465778522370222,FALSE
119,"influential_linear","linear",-2.01787824930173,-2.26981876545649,-0.251940516154758,0.251940516154758,FALSE
120,"influential_linear","linear",0.183144648510282,0.879929879062326,0.696785230552043,0.696785230552043,FALSE
121,"influential_linear","linear",-4.95405214552096,-5.14698703714465,-0.192934891623683,0.192934891623683,TRUE
122,"influential_linear","linear",-4.94918225771823,-5.43357811641678,-0.48439585869855,0.48439585869855,FALSE
123,"influential_linear","linear",-4.72221650080747,-3.63501742235993,1.08719907844754,1.08719907844754,TRUE
124,"influential_linear","linear",-7.62133190526847,-6.99069942613173,0.630632479136745,0.630632479136745,FALSE
125,"influential_linear","linear",-0.469141893269568,-0.432965206401586,0.0361766868679824,0.0361766868679824,FALSE
126,"influential_linear","linear",-2.84694160573235,-2.08896297283632,0.757978632896037,0.757978632896037,FALSE
127,"influential_linear","linear",-6.17513151985371,-5.80434465885817,0.370786860995541,0.370786860995541,FALSE
128,"influential_linear","linear",-7.66978713284749,-6.24130091236756,1.42848622047992,1.42848622047992,FALSE
129,"influential_linear","linear",-0.0274890538051897,-0.267324881202157,-0.239835827396968,0.239835827396968,FALSE
130,"influential_linear","linear",-4.28302241615098,-4.25238401445481,0.0306384016961774,0.0306384016961774,FALSE
131,"influential_linear","linear",-3.22672085800247,-2.5891545327832,0.63756632521927,0.63756632521927,FALSE
132,"influential_linear","linear",-0.390216242002089,-0.0424290143428604,0.347787227659229,0.347787227659229,FALSE
133,"influential_linear","linear",-3.3967798359232,-4.90854105909981,-1.51176122317661,1.51176122317661,TRUE
134,"influential_linear","linear",-1.32053853637716,-1.38004307629085,-0.0595045399136978,0.0595045399136978,TRUE
135,"influential_linear","linear",0.982667714337541,1.09764283345106,0.114975119113518,0.114975119113518,FALSE
136,"influential_linear","linear",-2.92180596111635,-3.23715969859207,-0.315353737475713,0.315353737475713,FALSE
137,"influential_linear","linear",-3.39132940485535,-3.95775339330407,-0.566423988448714,0.566423988448714,FALSE
138,"influential_linear","linear",-11.1438338829325,-12.7582909059041,-1.6144570229716,1.6144570229716,FALSE
139,"influential_linear","linear",-5.2634777757812,-4.98830682779132,0.27517094798988,0.27517094798988,FALSE
140,"influential_linear","linear",-5.93608028420752,-5.66027856547822,0.275801718729303,0.275801718729303,FALSE
141,"influential_linear","linear",-3.3949412296856,-3.39795460447253,-0.00301337478692698,0.00301337478692698,FALSE
142,"influential_linear","linear",-1.86032238348602,-1.99592137323407,-0.135598989748052,0.135598989748052,FALSE
143,"influential_linear","linear",-2.12136755487085,-2.50381269234376,-0.382445137472907,0.382445137472907,FALSE
144,"influential_linear","linear",-7.02887738950277,-6.87012481811117,0.158752571391608,0.158752571391608,FALSE
145,"influential_linear","linear",-6.69585397367742,-6.64668722441743,0.049166749259987,0.049166749259987,FALSE
146,"influential_linear","linear",-5.98732953249521,-5.65227335658258,0.335056175912633,0.335056175912633,FALSE
147,"influential_linear","linear",-5.50097676573887,-5.67596492343698,-0.174988157698106,0.174988157698106,FALSE
148,"influential_linear","linear",-10.2253440485615,-9.44446273165934,0.78088131690213,0.78088131690213,FALSE
149,"influential_linear","linear",-7.94544245268852,-6.94063448973685,1.00480796295167,1.00480796295167,FALSE
150,"influential_linear","linear",-6.90872372103928,-6.24653365523332,0.662190065805959,0.662190065805959,FALSE
151,"influential_linear","linear",-4.13649421177247,-4.37717536655652,-0.240681154784049,0.240681154784049,FALSE
152,"influential_linear","linear",-3.2896383941937,-3.21967143617525,0.0699669580184534,0.0699669580184534,FALSE
153,"influential_linear","linear",-5.82733418196094,-5.44497614559426,0.382358036366684,0.382358036366684,FALSE
154,"influential_linear","linear",-6.09705435158707,-6.11134059569548,-0.0142862441084164,0.0142862441084164,FALSE
155,"influential_linear","linear",-4.86137621912507,-4.71057462007253,0.15080159905254,0.15080159905254,FALSE
156,"influential_linear","linear",-5.3424061039045,-5.53513359596522,-0.192727492060719,0.192727492060719,FALSE
157,"influential_linear","linear",-5.91232059089766,-6.73270061551796,-0.820380024620301,0.820380024620301,FALSE
158,"influential_linear","linear",-4.61743336539154,-3.8237688762216,0.793664489169943,0.793664489169943,FALSE
159,"influential_linear","linear",-0.81129874235984,-0.473478336398146,0.337820405961694,0.337820405961694,FALSE
160,"influential_linear","linear",-5.59051516582241,-4.81170791555909,0.778807250263325,0.778807250263325,FALSE
161,"influential_linear","linear",-3.96087056614305,-3.43605491940503,0.524815646738023,0.524815646738023,FALSE
163,"influential_linear","linear",-2.21018135194795,-1.65806570364241,0.552115648305541,0.552115648305541,FALSE
164,"influential_linear","linear",-5.99281205862992,-6.50131659152392,-0.508504532894,0.508504532894,TRUE
165,"influential_linear","linear",-6.06826809921779,-6.47400768482973,-0.405739585611948,0.405739585611948,FALSE
166,"influential_linear","linear",-1.80566558289929,-1.68886443352375,0.116801149375535,0.116801149375535,FALSE
167,"influential_linear","linear",-5.60954543200377,-6.72797247189774,-1.11842703989397,1.11842703989397,FALSE
168,"influential_linear","linear",-4.40863250286331,-4.25719769878139,0.151434804081924,0.151434804081924,FALSE
169,"influential_linear","linear",0.379695198540214,0.716147803729139,0.336452605188925,0.336452605188925,FALSE
170,"influential_linear","linear",-8.99681749984106,-7.89197136419712,1.10484613564394,1.10484613564394,FALSE
171,"influential_linear","linear",-3.11104058586917,-3.2596932235506,-0.148652637681431,0.148652637681431,FALSE
172,"influential_linear","linear",-1.66748518224767,-1.59151215739039,0.0759730248572765,0.0759730248572765,FALSE
173,"influential_linear","linear",-2.70322735077781,-2.12355833672395,0.579669014053856,0.579669014053856,FALSE
174,"influential_linear","linear",-19.2491842369055,-19.3889739963638,-0.13978975945836,0.13978975945836,FALSE
175,"influential_linear","linear",-8.17409443175518,-7.7690570305923,0.405037401162877,0.405037401162877,FALSE
176,"influential_linear","linear",-3.44773858236279,-4.5364105460486,-1.08867196368581,1.08867196368581,FALSE
177,"influential_linear","linear",1.54988813345096,1.51078235772541,-0.0391057757255568,0.0391057757255568,FALSE
178,"influential_linear","linear",-7.10864383072283,-8.33112155068875,-1.22247771996592,1.22247771996592,FALSE
179,"influential_linear","linear",-6.23509800305799,-5.68222980036925,0.55286820268874,0.55286820268874,TRUE
180,"influential_linear","linear",-5.25981118167047,-4.8320093596708,0.427801821999673,0.427801821999673,FALSE
181,"influential_linear","linear",-2.04652471393369,-1.55164479031245,0.494879923621232,0.494879923621232,FALSE
182,"influential_linear","linear",-2.72595217804416,-2.44865997869457,0.277292199349593,0.277292199349593,FALSE
183,"influential_linear","linear",-8.75519337166198,-9.22550007948877,-0.470306707826799,0.470306707826799,FALSE
184,"influential_linear","linear",-4.18970328423762,-3.89737111618115,0.292332168056475,0.292332168056475,FALSE
185,"influential_linear","linear",-3.94503981111475,-3.18753371536873,0.757506095746019,0.757506095746019,FALSE
186,"influential_linear","linear",-7.85993968235561,-7.64492770677389,0.215011975581721,0.215011975581721,FALSE
187,"influential_linear","linear",-1.75635284462273,-1.55288713895992,0.203465705662813,0.203465705662813,FALSE
188,"influential_linear","linear",-7.15088928550124,-6.38855312812391,0.762336157377331,0.762336157377331,FALSE
189,"influential_linear","linear",-8.72735432697008,-10.3269092882903,-1.59955496132023,1.59955496132023,FALSE
190,"influential_linear","linear",-8.25575392762887,-7.21962019044765,1.03613373718122,1.03613373718122,FALSE
191,"influential_linear","linear",-6.5155979413337,-6.20981095974826,0.305786981585435,0.305786981585435,FALSE
192,"influential_linear","linear",-1.74926226381285,-2.13633763275821,-0.387075368945359,0.387075368945359,FALSE
193,"influential_linear","linear",-5.03081560538613,-4.63934525705972,0.391470348326404,0.391470348326404,FALSE
194,"influential_linear","linear",-7.2431557510189,-7.19679608447415,0.0463596665447517,0.0463596665447517,FALSE
195,"influential_linear","linear",-4.98352314822228,-4.88845209671896,0.0950710515033153,0.0950710515033153,FALSE
196,"influential_linear","linear",-3.90750458428667,-4.26859751637352,-0.36109293208685,0.36109293208685,FALSE
197,"influential_linear","linear",-3.88075056492992,-5.01151050911763,-1.13075994418771,1.13075994418771,FALSE
198,"influential_linear","linear",-4.4371937335146,-5.6595214153363,-1.2223276818217,1.2223276818217,FALSE
199,"influential_linear","linear",-6.63562718825918,-6.28898192230373,0.346645265955449,0.346645265955449,FALSE
200,"influential_linear","linear",-6.37517817040722,-5.37961410476139,0.995564065645828,0.995564065645828,FALSE
201,"influential_linear","linear",-1.58337522624611,-1.97285391869918,-0.389478692453066,0.389478692453066,FALSE
202,"influential_linear","linear",-5.94783038823327,-6.44900720531936,-0.501176817086095,0.501176817086095,FALSE
203,"influential_linear","linear",-6.86530325207266,-6.15889321872107,0.706410033351596,0.706410033351596,FALSE
204,"influential_linear","linear",-1.27061638283147,-1.45569841525043,-0.185082032418954,0.185082032418954,FALSE
205,"influential_linear","linear",-9.8176603076602,-8.94264825117411,0.875012056486094,0.875012056486094,FALSE
206,"influential_linear","linear",-2.46415956978519,-3.81100484884607,-1.34684527906088,1.34684527906088,FALSE
207,"influential_linear","linear",-5.4495518431116,-4.85676684608045,0.592784997031157,0.592784997031157,FALSE
208,"influential_linear","linear",-5.16537047464926,-4.16205489600665,1.00331557864261,1.00331557864261,FALSE
209,"influential_linear","linear",-9.11070717977652,-8.1520518043526,0.958655375423918,0.958655375423918,FALSE
210,"influential_linear","linear",-6.88719010021047,-6.90510772166621,-0.0179176214557426,0.0179176214557426,FALSE
211,"influential_linear","linear",-4.67407776912129,-4.25671832131047,0.417359447810816,0.417359447810816,FALSE
212,"influential_linear","linear",-12.9542680437921,-12.8627183976655,0.0915496461265892,0.0915496461265892,FALSE
213,"influential_linear","linear",0.337508998402015,0.165842328996107,-0.171666669405908,0.171666669405908,FALSE
214,"influential_linear","linear",-6.77277923690972,-6.23525411626186,0.537525120647867,0.537525120647867,FALSE
215,"influential_linear","linear",-3.73719986006131,-3.15132888326921,0.585870976792096,0.585870976792096,FALSE
216,"influential_linear","linear",-2.56449549468185,-2.46750047925696,0.0969950154248869,0.0969950154248869,FALSE
217,"influential_linear","linear",-9.94860215509848,-8.81376518265605,1.13483697244243,1.13483697244243,FALSE
218,"influential_linear","linear",-7.00918489792412,-8.03113034828375,-1.02194545035964,1.02194545035964,FALSE
219,"influential_linear","linear",-8.44015758420347,-8.91654672256367,-0.476389138360201,0.476389138360201,FALSE
220,"influential_linear","linear",-10.069133284758,-9.13873134470109,0.930401940056912,0.930401940056912,FALSE
221,"influential_linear","linear",-1.6759392239554,-1.39528677229701,0.280652451658388,0.280652451658388,TRUE
222,"influential_linear","linear",-8.12804928501613,-7.7881313061764,0.339917978839735,0.339917978839735,FALSE
223,"influential_linear","linear",-3.39619335411391,-3.87496411385287,-0.478770759738963,0.478770759738963,TRUE
224,"influential_linear","linear",-8.42833723319639,-8.32372851646581,0.104608716730574,0.104608716730574,FALSE
225,"influential_linear","linear",-5.06571690561153,-4.85655809618124,0.209158809430287,0.209158809430287,FALSE
226,"influential_linear","linear",-9.53589377398164,-8.59219476463118,0.943699009350455,0.943699009350455,FALSE
227,"influential_linear","linear",-3.28789022037697,-2.00640704895155,1.28148317142542,1.28148317142542,TRUE
228,"influential_linear","linear",-3.20000047108414,-3.01465814570216,0.18534232538198,0.18534232538198,FALSE
229,"influential_linear","linear",-1.25585703127856,-1.32840634169064,-0.0725493104120836,0.0725493104120836,FALSE
230,"influential_linear","linear",-8.0060240677692,-7.82289423574069,0.183129832028516,0.183129832028516,FALSE
231,"influential_linear","linear",-2.12366460179867,-1.76788718029288,0.355777421505787,0.355777421505787,FALSE
232,"influential_linear","linear",-2.4693585597311,-2.29040682930347,0.17895173042763,0.17895173042763,FALSE
233,"influential_linear","linear",-5.40061624930166,-4.50094331744394,0.899672931857713,0.899672931857713,FALSE
234,"influential_linear","linear",-0.386695291020534,-0.576341804958074,-0.189646513937539,0.189646513937539,FALSE
235,"influential_linear","linear",-7.37873564978687,-7.28372420966819,0.0950114401186788,0.0950114401186788,FALSE
236,"influential_linear","linear",-3.8217825279841,-3.41169749055337,0.410085037430726,0.410085037430726,FALSE
237,"influential_linear","linear",-1.48383619407015,-1.5715654822198,-0.0877292881496523,0.0877292881496523,FALSE
238,"influential_linear","linear",-3.89124527831382,-3.21693587330355,0.674309405010269,0.674309405010269,FALSE
239,"influential_linear","linear",-0.571586620306149,-0.786885933329108,-0.21529931302296,0.21529931302296,FALSE
240,"influential_linear","linear",-4.28432196863039,-4.0303242251836,0.253997743446791,0.253997743446791,FALSE
241,"influential_linear","linear",-6.23018880135898,-5.54542197985742,0.684766821501564,0.684766821501564,FALSE
242,"influential_linear","linear",-5.37866363185232,-4.50013169422859,0.87853193762373,0.87853193762373,FALSE
243,"influential_linear","linear",-0.442056347896399,-0.30038614902268,0.141670198873718,0.141670198873718,FALSE
244,"influential_linear","linear",-6.52930991566998,-6.6641914008984,-0.134881485228424,0.134881485228424,FALSE
245,"influential_linear","linear",-6.4381293177818,-4.88352584981204,1.55460346796975,1.55460346796975,FALSE
246,"influential_linear","linear",-1.30583875767013,-0.991421275649613,0.314417482020514,0.314417482020514,FALSE
247,"influential_linear","linear",-1.97740494959379,-1.31638743889316,0.661017510700629,0.661017510700629,FALSE
249,"influential_linear","linear",-3.0454419062232,-2.45185469518871,0.593587211034497,0.593587211034497,FALSE
250,"influential_linear","linear",-3.68550009482837,-3.4882543521834,0.197245742644971,0.197245742644971,FALSE
251,"influential_linear","linear",-12.1773485349559,-11.1900328505459,0.987315684410024,0.987315684410024,FALSE
252,"influential_linear","linear",-4.5808018449758,-4.26277766982618,0.318024175149622,0.318024175149622,FALSE
253,"influential_linear","linear",1.35074355177766,1.65558572185603,0.304842170078367,0.304842170078367,FALSE
254,"influential_linear","linear",-3.68964257089354,-3.25839233128001,0.431250239613532,0.431250239613532,FALSE
255,"influential_linear","linear",-6.2862776799946,-7.7221574640918,-1.4358797840972,1.4358797840972,FALSE
256,"influential_linear","linear",1.42666512176157,1.20011184374948,-0.226553278012093,0.226553278012093,FALSE
257,"influential_linear","linear",0.378827252986239,0.666297850268753,0.287470597282514,0.287470597282514,FALSE
258,"influential_linear","linear",-8.9533150807067,-9.77267137283287,-0.81935629212618,0.81935629212618,FALSE
259,"influential_linear","linear",2.99136301671875,2.98969783110673,-0.00166518561202311,0.00166518561202311,FALSE
260,"influential_linear","linear",-3.60785359312801,-3.05055393827979,0.557299654848213,0.557299654848213,FALSE
261,"influential_linear","linear",-0.819480302593827,-0.533834026557759,0.285646276036069,0.285646276036069,FALSE
262,"influential_linear","linear",-3.6075037792559,-3.80877990034279,-0.20127612108689,0.20127612108689,FALSE
263,"influential_linear","linear",-2.7333023874664,-2.3607088573037,0.372593530162703,0.372593530162703,FALSE
264,"influential_linear","linear",-1.23141131493179,-1.25896490831514,-0.0275535933833493,0.0275535933833493,FALSE
265,"influential_linear","linear",1.84717987574121,1.2603442109389,-0.586835664802318,0.586835664802318,FALSE
266,"influential_linear","linear",-6.79126911430871,-5.91886614593781,0.8724029683709,0.8724029683709,FALSE
267,"influential_linear","linear",-0.198438133045867,-0.604123930536525,-0.405685797490658,0.405685797490658,FALSE
268,"influential_linear","linear",-0.730244066094992,-0.763746949250624,-0.0335028831556313,0.0335028831556313,FALSE
269,"influential_linear","linear",-8.57790506603059,-7.62231091111104,0.95559415491955,0.95559415491955,FALSE
270,"influential_linear","linear",-1.17744906992717,-0.630869674471517,0.54657939545565,0.54657939545565,FALSE
271,"influential_linear","linear",-8.3581557654364,-8.38537840169636,-0.0272226362599604,0.0272226362599604,FALSE
272,"influential_linear","linear",-3.22672085800247,-2.5891545327832,0.63756632521927,0.63756632521927,FALSE
273,"influential_linear","linear",-3.70274164218519,-4.92222028002188,-1.2194786378367,1.2194786378367,TRUE
274,"influential_linear","linear",-1.52776740334959,-0.599194354300067,0.928573049049526,0.928573049049526,FALSE
276,"influential_linear","linear",-3.72468732040701,-5.0429748894614,-1.31828756905439,1.31828756905439,FALSE
277,"influential_linear","linear",-7.85993968235561,-7.64492770677389,0.215011975581721,0.215011975581721,FALSE
278,"influential_linear","linear",4.07909928653318,4.50313444144623,0.424035154913049,0.424035154913049,FALSE
279,"influential_linear","linear",1.98842000643175,0.987583557361776,-1.00083644906998,1.00083644906998,FALSE
280,"influential_linear","linear",-5.5047171136083,-4.37141125533988,1.13330585826843,1.13330585826843,FALSE
281,"influential_linear","linear",-4.86137621912507,-4.71057462007253,0.15080159905254,0.15080159905254,FALSE
282,"influential_linear","linear",-4.75870025284438,-4.62483870201437,0.133861550830015,0.133861550830015,FALSE
283,"influential_linear","linear",-1.58337522624611,-1.97285391869918,-0.389478692453066,0.389478692453066,FALSE
284,"influential_linear","linear",-7.67011832376818,-7.46605422543866,0.204064098329522,0.204064098329522,FALSE
285,"influential_linear","linear",-4.43820491652964,-3.63811224903665,0.800092667492982,0.800092667492982,TRUE
286,"influential_linear","linear",-7.1143070323558,-8.39293137134065,-1.27862433898485,1.27862433898485,FALSE
287,"influential_linear","linear",-4.00639348912661,-3.51771233217895,0.488681156947664,0.488681156947664,FALSE
288,"influential_linear","linear",-3.6075037792559,-3.80877990034279,-0.20127612108689,0.20127612108689,FALSE
289,"influential_linear","linear",-1.61026115803278,-1.47382781328605,0.136433344746732,0.136433344746732,FALSE
290,"influential_linear","linear",-3.82217421958387,-4.63793798577199,-0.81576376618812,0.81576376618812,FALSE
291,"influential_linear","linear",-9.72563303865039,-9.80399057939978,-0.0783575407493942,0.0783575407493942,FALSE
292,"influential_linear","linear",-0.880193343226548,-0.770597685294182,0.109595657932366,0.109595657932366,FALSE
293,"influential_linear","linear",-1.1126307064895,-0.834998029112877,0.277632677376626,0.277632677376626,FALSE
294,"influential_linear","linear",-3.75978428082321,-4.03811450898932,-0.278330228166113,0.278330228166113,FALSE
295,"influential_linear","linear",-6.37517817040722,-5.37961410476139,0.995564065645828,0.995564065645828,FALSE
296,"influential_linear","linear",-2.20273013060043,-1.82767040587912,0.375059724721312,0.375059724721312,FALSE
299,"influential_linear","linear",-6.20479778606389,-5.5272295787071,0.67756820735679,0.67756820735679,FALSE
300,"influential_linear","linear",-7.32529753131296,-7.48132931014281,-0.156031778829849,0.156031778829849,FALSE
301,"influential_linear","linear",-6.63562718825918,-6.28898192230373,0.346645265955449,0.346645265955449,FALSE
302,"influential_linear","linear",-6.5155979413337,-6.20981095974826,0.305786981585435,0.305786981585435,FALSE
303,"influential_linear","linear",-5.00001338470684,-4.75529144664709,0.244721938059753,0.244721938059753,FALSE
304,"influential_linear","linear",0.183144648510282,0.879929879062326,0.696785230552043,0.696785230552043,FALSE
305,"influential_linear","linear",-6.97857282960941,-6.76045497274269,0.218117856866725,0.218117856866725,FALSE
306,"influential_linear","linear",-8.28953485786764,-8.29797989406837,-0.00844503620073667,0.00844503620073667,FALSE
307,"influential_linear","linear",-0.357219159138389,-0.450987995851559,-0.0937688367131702,0.0937688367131702,FALSE
308,"influential_linear","linear",0.628330151451358,0.544681043176005,-0.0836491082753537,0.0836491082753537,TRUE
310,"influential_linear","linear",-8.99681749984106,-7.89197136419712,1.10484613564394,1.10484613564394,FALSE
311,"influential_linear","linear",-11.1447927068795,-10.931070638013,0.21372206886644,0.21372206886644,FALSE
312,"influential_linear","linear",-1.17795151238711,-1.41336097266614,-0.235409460279023,0.235409460279023,FALSE
313,"influential_linear","linear",-5.5227998211455,-5.22710144668311,0.295698374462388,0.295698374462388,FALSE
314,"influential_linear","linear",-8.72735432697008,-10.3269092882903,-1.59955496132023,1.59955496132023,FALSE
315,"influential_linear","linear",-3.82378533357628,-3.53343294122314,0.290352392353144,0.290352392353144,FALSE
316,"influential_linear","linear",-3.8217825279841,-3.41169749055337,0.410085037430726,0.410085037430726,FALSE
317,"influential_linear","linear",0.220003048112771,0.938189223266034,0.718186175153263,0.718186175153263,FALSE
318,"influential_linear","linear",-2.1981712147249,-2.09697268898347,0.101198525741424,0.101198525741424,FALSE
320,"influential_linear","linear",-5.31078353884738,-5.10225454841507,0.208528990432316,0.208528990432316,FALSE
321,"influential_linear","linear",-7.29305275455196,-7.81782710336282,-0.524774348810865,0.524774348810865,FALSE
322,"influential_linear","linear",1.42550378274633,1.04325995217364,-0.382243830572688,0.382243830572688,FALSE
323,"influential_linear","linear",-4.72221650080747,-3.63501742235993,1.08719907844754,1.08719907844754,TRUE
324,"influential_linear","linear",1.32588934934885,1.87137515905823,0.545485809709382,0.545485809709382,FALSE
325,"influential_linear","linear",0.458222100760602,1.30381420477004,0.84559210400944,0.84559210400944,FALSE
327,"influential_linear","linear",-6.86530325207266,-6.15889321872107,0.706410033351596,0.706410033351596,FALSE
328,"influential_linear","linear",-5.98732953249521,-5.65227335658258,0.335056175912633,0.335056175912633,FALSE
329,"influential_linear","linear",-5.48823003533397,-5.31880253318364,0.169427502150326,0.169427502150326,FALSE
330,"influential_linear","linear",-4.32950822290561,-5.1198042726749,-0.790296049769295,0.790296049769295,TRUE
331,"influential_linear","linear",-14.185870086553,-14.8665581925824,-0.680688106029356,0.680688106029356,FALSE
332,"influential_linear","linear",-6.79126911430871,-5.91886614593781,0.8724029683709,0.8724029683709,FALSE
333,"influential_linear","linear",-9.8176603076602,-8.94264825117411,0.875012056486094,0.875012056486094,FALSE
335,"influential_linear","linear",2.39248695990665,2.47669752934193,0.0842105694352746,0.0842105694352746,FALSE
336,"influential_linear","linear",-1.56000395595953,-1.73979311684122,-0.179789160881685,0.179789160881685,FALSE
337,"influential_linear","linear",-6.2862776799946,-7.7221574640918,-1.4358797840972,1.4358797840972,FALSE
338,"influential_linear","linear",-3.82429197809767,-3.08208932047675,0.742202657620914,0.742202657620914,FALSE
339,"influential_linear","linear",-2.90182997023516,-2.89690377148798,0.00492619874718203,0.00492619874718203,FALSE
340,"influential_linear","linear",-2.01787824930173,-2.26981876545649,-0.251940516154758,0.251940516154758,FALSE
341,"influential_linear","linear",-12.9542680437921,-12.8627183976655,0.0915496461265892,0.0915496461265892,FALSE
342,"influential_linear","linear",-4.78710389237568,-5.36087402174302,-0.573770129367339,0.573770129367339,FALSE
345,"influential_linear","linear",-0.986264231791676,-0.452627268281639,0.533636963510037,0.533636963510037,TRUE
346,"influential_linear","linear",-5.7285595579747,-5.06961053802661,0.658949019948084,0.658949019948084,FALSE
347,"influential_linear","linear",-5.50097676573887,-5.67596492343698,-0.174988157698106,0.174988157698106,FALSE
348,"influential_linear","linear",0.730080715109687,-0.0324855504854118,-0.762566265595099,0.762566265595099,FALSE
349,"influential_linear","linear",-2.1063463067433,-1.93402674405515,0.172319562688142,0.172319562688142,FALSE
350,"influential_linear","linear",-8.75519337166198,-9.22550007948877,-0.470306707826799,0.470306707826799,FALSE
351,"influential_linear","linear",-3.96087056614305,-3.43605491940503,0.524815646738023,0.524815646738023,FALSE
353,"influential_linear","linear",-4.56872872256483,-4.99560539208795,-0.426876669523117,0.426876669523117,FALSE
354,"influential_linear","linear",-3.02369061263132,-2.60066952001883,0.423021092612491,0.423021092612491,FALSE
355,"influential_linear","linear",-9.13423675892229,-10.1320428685713,-0.997806109648993,0.997806109648993,FALSE
357,"influential_linear","linear",-4.21437956476276,-3.10840057989201,1.10597898487075,1.10597898487075,FALSE
358,"influential_linear","linear",-7.37873564978687,-7.28372420966819,0.0950114401186788,0.0950114401186788,FALSE
359,"influential_linear","linear",0.141561157921836,-0.346026115853134,-0.48758727377497,0.48758727377497,FALSE
360,"influential_linear","linear",-8.9533150807067,-9.77267137283287,-0.819356292126178,0.819356292126178,FALSE
361,"influential_linear","linear",5.07076238823984,5.4124632631306,0.341700874890761,0.341700874890761,TRUE
362,"influential_linear","linear",-4.23824389357909,-3.31208375278297,0.926160140796122,0.926160140796122,FALSE
363,"influential_linear","linear",-1.45077051337328,-0.591874118943345,0.858896394429934,0.858896394429934,FALSE
364,"influential_linear","linear",-10.2253440485615,-9.44446273165934,0.78088131690213,0.78088131690213,FALSE
365,"influential_linear","linear",-1.32053853637716,-1.38004307629085,-0.0595045399136978,0.0595045399136978,TRUE
366,"influential_linear","linear",-6.17027458394209,-6.3583590689699,-0.18808448502781,0.18808448502781,FALSE
367,"influential_linear","linear",3.37046234136094,2.65994474011393,-0.710517601247012,0.710517601247012,FALSE
369,"influential_linear","linear",-7.2431557510189,-7.19679608447415,0.0463596665447517,0.0463596665447517,FALSE
370,"influential_linear","linear",-10.3200428049021,-9.57753631694518,0.742506487956902,0.742506487956902,FALSE
371,"influential_linear","linear",-5.93608028420752,-5.66027856547822,0.275801718729303,0.275801718729303,FALSE
372,"influential_linear","linear",-8.42833723319639,-8.32372851646581,0.104608716730574,0.104608716730574,FALSE
373,"influential_linear","linear",-5.87347967703206,-5.74067481708941,0.132804859942643,0.132804859942643,FALSE
374,"influential_linear","linear",-4.49214934201429,-3.08069774568788,1.41145159632641,1.41145159632641,FALSE
375,"influential_linear","linear",-1.86032238348602,-1.99592137323407,-0.135598989748051,0.135598989748051,FALSE
376,"influential_linear","linear",-5.97624026810702,-6.66777995141477,-0.691539683307758,0.691539683307758,FALSE
378,"influential_linear","linear",-8.18075120804174,-7.44444306644764,0.736308141594101,0.736308141594101,TRUE
380,"influential_linear","linear",-5.88413105581802,-5.50368628146885,0.380444774349167,0.380444774349167,FALSE
381,"influential_linear","linear",-5.33984313178292,-4.99379179589488,0.346051335888044,0.346051335888044,FALSE
382,"influential_linear","linear",-2.46415956978519,-3.81100484884607,-1.34684527906088,1.34684527906088,FALSE
383,"influential_linear","linear",-0.729875634717244,-0.492349097299585,0.23752653741766,0.23752653741766,FALSE
384,"influential_linear","linear",-5.08715178284797,-5.3059002548285,-0.218748471980532,0.218748471980532,FALSE
385,"influential_linear","linear",1.54988813345096,1.51078235772541,-0.0391057757255568,0.0391057757255568,FALSE
386,"influential_linear","linear",0.599585712984965,1.46910921728595,0.869523504300983,0.869523504300983,FALSE
387,"influential_linear","linear",-3.3949412296856,-3.39795460447253,-0.00301337478692698,0.00301337478692698,FALSE
388,"influential_linear","linear",-5.67686323868408,-5.52664213235791,0.150221106326169,0.150221106326169,FALSE
389,"influential_linear","linear",-3.3967798359232,-4.90854105909981,-1.51176122317661,1.51176122317661,TRUE
391,"influential_linear","linear",-7.01453803332827,-5.45684456376788,1.55769346956039,1.55769346956039,TRUE
392,"influential_linear","linear",-10.385517333422,-9.92923696531555,0.456280368106487,0.456280368106487,FALSE
393,"influential_linear","linear",-5.1616345254013,-5.1483357140163,0.0132988113850017,0.0132988113850017,FALSE
394,"influential_linear","linear",-6.69585397367742,-6.64668722441743,0.049166749259987,0.049166749259987,FALSE
395,"influential_linear","linear",-4.74509726128664,-5.31327149794694,-0.568174236660296,0.568174236660296,FALSE
396,"influential_linear","linear",-6.26397371211706,-5.76145937366779,0.502514338449267,0.502514338449267,FALSE
397,"influential_linear","linear",-1.23141131493179,-1.25896490831514,-0.0275535933833493,0.0275535933833493,FALSE
398,"influential_linear","linear",-3.20000047108414,-3.01465814570216,0.18534232538198,0.18534232538198,FALSE
399,"influential_linear","linear",-8.06390050444183,-6.91557753763562,1.14832296680621,1.14832296680621,FALSE
400,"influential_linear","linear",-5.4789287996197,-5.3657864009846,0.113142398635099,0.113142398635099,FALSE
401,"influential_linear","linear",-19.2491842369055,-19.3889739963638,-0.13978975945836,0.13978975945836,FALSE
402,"influential_linear","linear",-2.37402086155275,-1.60087741621389,0.773143445338861,0.773143445338861,TRUE
403,"influential_linear","linear",-3.2896383941937,-3.21967143617525,0.0699669580184534,0.0699669580184534,FALSE
405,"influential_linear","linear",-4.95405214552096,-5.14698703714465,-0.192934891623683,0.192934891623683,TRUE
406,"influential_linear","linear",-8.92115607134429,-7.37775063323573,1.54340543810856,1.54340543810856,TRUE
407,"influential_linear","linear",-6.77277923690972,-6.23525411626186,0.537525120647867,0.537525120647867,FALSE
408,"influential_linear","linear",-1.0323259668865,-0.849972505238624,0.182353461647879,0.182353461647879,FALSE
409,"influential_linear","linear",-1.34661244082728,-2.50911424302156,-1.16250180219427,1.16250180219427,FALSE
410,"influential_linear","linear",-13.0337825807908,-13.5935344105271,-0.559751829736285,0.559751829736285,FALSE
411,"influential_linear","linear",-2.51385760803197,-2.3911712156691,0.122686392362865,0.122686392362865,FALSE
412,"influential_linear","linear",-2.84694160573235,-2.08896297283632,0.757978632896037,0.757978632896037,FALSE
413,"influential_linear","linear",-6.01157360951034,-5.84806950059392,0.16350410891642,0.16350410891642,FALSE
414,"influential_linear","linear",-10.0693772418685,-9.13900862618965,0.930368615678884,0.930368615678884,FALSE
415,"influential_linear","linear",-0.367473980206453,0.164980547202105,0.532454527408558,0.532454527408558,FALSE
416,"influential_linear","linear",2.99136301671875,2.98969783110673,-0.00166518561202311,0.00166518561202311,FALSE
417,"influential_linear","linear",-6.676736948214,-6.32262373378913,0.354113214424873,0.354113214424873,FALSE
418,"influential_linear","linear",-7.04030123004547,-7.01413679770955,0.0261644323359196,0.0261644323359196,FALSE
419,"influential_linear","linear",-2.00418962289175,-0.938267697753294,1.06592192513845,1.06592192513845,FALSE
420,"influential_linear","linear",-6.08865036685128,-5.3320086409767,0.756641725874582,0.756641725874582,FALSE
421,"influential_linear","linear",-14.940525922537,-17.049736426665,-2.10921050412795,2.10921050412795,TRUE
422,"influential_linear","linear",-1.7509917870045,-2.13830340766033,-0.387311620655832,0.387311620655832,FALSE
423,"influential_linear","linear",-5.10395976712657,-4.44817205727483,0.655787709851736,0.655787709851736,FALSE
424,"influential_linear","linear",-7.94544245268852,-6.94063448973685,1.00480796295167,1.00480796295167,FALSE
425,"influential_linear","linear",-4.98352314822228,-4.88845209671896,0.0950710515033153,0.0950710515033153,FALSE
426,"influential_linear","linear",-7.02887738950277,-6.87012481811117,0.158752571391608,0.158752571391608,FALSE
428,"influential_linear","linear",-10.8487675166409,-12.464806326141,-1.61603880950014,1.61603880950014,FALSE
429,"influential_linear","linear",-6.60941180356986,-6.29974911771327,0.309662685856588,0.309662685856588,FALSE
432,"influential_linear","linear",-6.70355553585595,-6.28341276319729,0.42014277265866,0.42014277265866,FALSE
433,"influential_linear","linear",-0.776436250980568,-1.26190320745089,-0.485466956470322,0.485466956470322,FALSE
434,"influential_linear","linear",0.248695309202659,-0.711128402391526,-0.959823711594186,0.959823711594186,FALSE
435,"influential_linear","linear",-3.73719986006131,-3.15132888326921,0.585870976792096,0.585870976792096,FALSE
436,"influential_linear","linear",-3.23591755345645,-2.29001560136731,0.945901952089144,0.945901952089144,TRUE
437,"influential_linear","linear",-5.05934354964338,-4.4854140253012,0.573929524342177,0.573929524342177,FALSE
438,"influential_linear","linear",-2.07022554547098,-1.95180116334429,0.118424382126685,0.118424382126685,FALSE
439,"influential_linear","linear",-8.40750922258851,-8.67154508886649,-0.264035866277984,0.264035866277984,FALSE
440,"influential_linear","linear",0.069722791785155,-0.389731014096063,-0.459453805881218,0.459453805881218,FALSE
441,"influential_linear","linear",-6.06826809921779,-6.47400768482973,-0.405739585611948,0.405739585611948,FALSE
442,"influential_linear","linear",-3.90750458428667,-4.26859751637352,-0.36109293208685,0.36109293208685,FALSE
443,"influential_linear","linear",-4.69074070638882,-5.00740596843258,-0.316665262043752,0.316665262043752,FALSE
444,"influential_linear","linear",-4.28432196863039,-4.0303242251836,0.253997743446791,0.253997743446791,FALSE
445,"influential_linear","linear",-12.1773485349559,-11.1900328505459,0.987315684410024,0.987315684410024,FALSE
446,"influential_linear","linear",-2.7333023874664,-2.3607088573037,0.372593530162703,0.372593530162703,FALSE
448,"influential_linear","linear",-8.07524415525459,-7.89518340348913,0.18006075176546,0.18006075176546,FALSE
449,"influential_linear","linear",-3.19432203151502,-2.77203913524201,0.42228289627301,0.42228289627301,FALSE
451,"influential_linear","linear",-0.952102214999664,-1.10607463543096,-0.153972420431296,0.153972420431296,FALSE
452,"influential_linear","linear",-3.63597687159081,-3.78657386955193,-0.150596997961118,0.150596997961118,FALSE
453,"influential_linear","linear",-7.91864572539018,-8.54488683597134,-0.62624111058116,0.62624111058116,FALSE
454,"influential_linear","linear",-1.32522162655129,-0.885280529363416,0.439941097187873,0.439941097187873,FALSE
455,"influential_linear","linear",-6.70826505387518,-6.17755879626934,0.530706257605845,0.530706257605845,FALSE
456,"influential_linear","linear",-4.43521102988461,-3.53343187467036,0.901779155214251,0.901779155214251,FALSE
457,"influential_linear","linear",-6.33595628102046,-5.96929565629233,0.366660624728135,0.366660624728135,FALSE
458,"influential_linear","linear",-9.40798067325145,-9.38816061740177,0.0198200558496815,0.0198200558496815,FALSE
459,"influential_linear","linear",-2.31480189979337,-2.42854131196418,-0.113739412170808,0.113739412170808,FALSE
460,"influential_linear","linear",-0.730244066094992,-0.763746949250624,-0.0335028831556313,0.0335028831556313,FALSE
461,"influential_linear","linear",-1.86061605738823,-2.69822724452782,-0.837611187139589,0.837611187139589,FALSE
462,"influential_linear","linear",-3.05017808176334,-3.88161727036861,-0.831439188605269,0.831439188605269,FALSE
463,"influential_linear","linear",-5.91232059089766,-6.73270061551796,-0.820380024620301,0.820380024620301,FALSE
464,"influential_linear","linear",0.982667714337541,1.09764283345106,0.114975119113518,0.114975119113518,FALSE
465,"influential_linear","linear",-7.0449703509407,-7.60984111531517,-0.564870764374473,0.564870764374473,FALSE
466,"influential_linear","linear",-7.73391685646086,-7.34133804560207,0.392578810858792,0.392578810858792,FALSE
467,"influential_linear","linear",-2.37635809297407,-2.37853002225257,-0.0021719292784943,0.0021719292784943,FALSE
468,"influential_linear","linear",-5.25981118167047,-4.8320093596708,0.427801821999673,0.427801821999673,FALSE
469,"influential_linear","linear",3.19100384987019,3.78589250125951,0.594888651389321,0.594888651389321,TRUE
470,"influential_linear","linear",-7.61091289960856,-7.26290532858638,0.348007571022173,0.348007571022173,FALSE
471,"influential_linear","linear",-4.3780902950119,-4.79904983285815,-0.420959537846246,0.420959537846246,FALSE
472,"influential_linear","linear",-5.68259423019606,-6.09656060654771,-0.413966376351647,0.413966376351647,FALSE
473,"influential_linear","linear",-4.02415053875275,-4.27694715296711,-0.252796614214353,0.252796614214353,FALSE
474,"influential_linear","linear",-0.66093005140128,-0.192178231616914,0.468751819784366,0.468751819784366,FALSE
475,"influential_linear","linear",-4.67407776912129,-4.25671832131047,0.417359447810816,0.417359447810816,FALSE
476,"influential_linear","linear",-4.94918225771823,-5.43357811641678,-0.48439585869855,0.48439585869855,FALSE
477,"influential_linear","linear",-4.1703748863325,-4.28061697909742,-0.110242092764919,0.110242092764919,FALSE
479,"influential_linear","linear",-1.02777795152041,-1.87570589234983,-0.84792794082942,0.84792794082942,FALSE
480,"influential_linear","linear",-0.198438133045867,-0.604123930536525,-0.405685797490658,0.405685797490658,FALSE
482,"influential_linear","linear",-2.72595217804416,-2.44865997869457,0.277292199349593,0.277292199349593,FALSE
483,"influential_linear","linear",-3.0454419062232,-2.45185469518871,0.593587211034497,0.593587211034497,FALSE
484,"influential_linear","linear",-5.59051516582241,-4.81170791555909,0.778807250263325,0.778807250263325,FALSE
485,"influential_linear","linear",-3.88075056492992,-5.01151050911763,-1.13075994418771,1.13075994418771,FALSE
486,"influential_linear","linear",-2.71332586637041,-2.57808871729104,0.135237149079373,0.135237149079373,FALSE
488,"influential_linear","linear",-7.62765760255775,-8.45466873988148,-0.827011137323731,0.827011137323731,FALSE
489,"influential_linear","linear",-8.33874944106459,-9.87188932768291,-1.53313988661832,1.53313988661832,FALSE
490,"influential_linear","linear",-3.07639068047726,-2.93259506770622,0.143795612771044,0.143795612771044,TRUE
491,"influential_linear","linear",1.79316924017767,1.556919076119,-0.236250164058663,0.236250164058663,FALSE
492,"influential_linear","linear",-0.433992568737283,-0.131838648641833,0.302153920095451,0.302153920095451,FALSE
493,"influential_linear","linear",-5.92147876189373,-6.49720351883168,-0.57572475693795,0.57572475693795,FALSE
494,"influential_linear","linear",0.337508998402015,0.165842328996107,-0.171666669405908,0.171666669405908,FALSE
495,"influential_linear","linear",-0.819480302593827,-0.533834026557759,0.285646276036069,0.285646276036069,FALSE
496,"influential_linear","linear",-6.23018880135898,-5.54542197985742,0.684766821501564,0.684766821501564,FALSE
498,"influential_linear","linear",-0.386695291020534,-0.576341804958074,-0.189646513937539,0.189646513937539,FALSE
499,"influential_linear","linear",-10.1712185496022,-9.90735675331278,0.263861796289419,0.263861796289419,FALSE
500,"influential_linear","linear",-4.21963617432931,-4.29904994677837,-0.079413772449068,0.079413772449068,FALSE
501,"influential_linear","linear",-12.2156108637869,-11.7885765064545,0.427034357332403,0.427034357332403,TRUE
502,"influential_linear","linear",-5.03081560538613,-4.63934525705972,0.391470348326404,0.391470348326404,FALSE
503,"influential_linear","linear",-5.4495518431116,-4.85676684608045,0.592784997031157,0.592784997031157,FALSE
505,"influential_linear","linear",1.78945043192831,1.60668884459886,-0.182761587329446,0.182761587329446,FALSE
506,"influential_linear","linear",-4.61796261572529,-4.58552867256429,0.0324339431610063,0.0324339431610063,FALSE
509,"influential_linear","linear",-2.92180596111635,-3.23715969859207,-0.315353737475713,0.315353737475713,FALSE
510,"influential_linear","linear",1.35074355177766,1.65558572185603,0.304842170078367,0.304842170078367,FALSE
512,"influential_linear","linear",-7.7358366803508,-7.9113742667688,-0.175537586418001,0.175537586418001,TRUE
513,"influential_linear","linear",-3.68550009482837,-3.4882543521834,0.197245742644971,0.197245742644971,FALSE
514,"influential_linear","linear",-5.9842575627794,-6.6693781678554,-0.685120605076007,0.685120605076007,FALSE
515,"influential_linear","linear",-7.56855491101821,-7.0197628013582,0.548792109660012,0.548792109660012,FALSE
516,"influential_linear","linear",-4.87483780073545,-4.9585457520183,-0.0837079512828529,0.0837079512828529,TRUE
517,"influential_linear","linear",-6.40383963251345,-5.26406650380147,1.13977312871198,1.13977312871198,FALSE
518,"influential_linear","linear",-6.60056385287624,-5.86459930298348,0.735964549892762,0.735964549892762,FALSE
519,"influential_linear","linear",0.378827252986239,0.666297850268753,0.287470597282514,0.287470597282514,FALSE
520,"influential_linear","linear",1.29742514382991,1.45419671936813,0.15677157553822,0.15677157553822,FALSE
521,"influential_linear","linear",-0.45306820079566,-0.378157324752495,0.0749108760431648,0.0749108760431648,FALSE
523,"influential_linear","linear",-2.01451646457335,-1.86742050971901,0.147095954854344,0.147095954854344,FALSE
524,"influential_linear","linear",-4.53554669325695,-4.45506339184137,0.0804833014155744,0.0804833014155744,FALSE
525,"influential_linear","linear",-6.0510169245003,-6.14110286154437,-0.0900859370440736,0.0900859370440736,FALSE
526,"influential_linear","linear",-4.51779774707411,-3.68615941763624,0.831638329437862,0.831638329437862,FALSE
527,"influential_linear","linear",-1.15339575554728,-2.37945799520642,-1.22606223965914,1.22606223965914,FALSE
528,"influential_linear","linear",-3.22827760384539,-2.25683264151205,0.97144496233334,0.97144496233334,FALSE
530,"influential_linear","linear",-6.48476751692987,-5.85673174275487,0.628035774174994,0.628035774174994,FALSE
531,"influential_linear","linear",1.42666512176157,1.20011184374948,-0.226553278012093,0.226553278012093,FALSE
532,"influential_linear","linear",-5.83886271537314,-5.26508486349533,0.573777851877818,0.573777851877818,FALSE
534,"influential_linear","linear",-8.40687099484628,-7.85030296407417,0.556568030772111,0.556568030772111,FALSE
536,"influential_linear","linear",-3.41219679980006,-3.2121829710236,0.200013828776463,0.200013828776463,FALSE
537,"influential_linear","linear",-0.571586620306149,-0.786885933329108,-0.21529931302296,0.21529931302296,FALSE
538,"influential_linear","linear",-3.48381379868955,-4.89981089935127,-1.41599710066171,1.41599710066171,TRUE
539,"influential_linear","linear",-8.31366988214917,-9.34209927680991,-1.02842939466074,1.02842939466074,FALSE
541,"influential_linear","linear",-6.46318367241014,-6.35126112092571,0.111922551484426,0.111922551484426,FALSE
542,"influential_linear","linear",-2.19102689963101,-2.81299152965226,-0.621964630021246,0.621964630021246,FALSE
543,"influential_linear","linear",-2.22303825443285,-1.94213980230217,0.280898452130679,0.280898452130679,FALSE
544,"influential_linear","linear",-5.7438278006474,-4.83034013048602,0.913487670161371,0.913487670161371,FALSE
546,"influential_linear","linear",-8.12804928501613,-7.7881313061764,0.339917978839735,0.339917978839735,FALSE
547,"influential_linear","linear",-5.94783038823327,-6.44900720531936,-0.501176817086095,0.501176817086095,FALSE
548,"influential_linear","linear",-1.97740494959379,-1.31638743889316,0.661017510700629,0.661017510700629,FALSE
550,"influential_linear","linear",-5.95892150316011,-5.95572880161179,0.00319270154832108,0.00319270154832108,FALSE
551,"influential_linear","linear",-4.24315153349782,-5.00862436951056,-0.76547283601274,0.76547283601274,TRUE
552,"influential_linear","linear",-7.00154149361981,-7.98297430848278,-0.981432814862977,0.981432814862977,TRUE
555,"influential_linear","linear",-2.56449549468185,-2.46750047925696,0.0969950154248869,0.0969950154248869,FALSE
556,"influential_linear","linear",-3.11104058586917,-3.2596932235506,-0.148652637681431,0.148652637681431,FALSE
557,"influential_linear","linear",-4.4371937335146,-5.6595214153363,-1.2223276818217,1.2223276818217,FALSE
559,"influential_linear","linear",1.75086265709468,1.56258102981224,-0.188281627282443,0.188281627282443,FALSE
560,"influential_linear","linear",0.620127160583292,0.4103673975131,-0.209759763070192,0.209759763070192,FALSE
561,"influential_linear","linear",-2.88758041004574,-3.53652730677959,-0.648946896733852,0.648946896733852,FALSE
562,"influential_linear","linear",-3.39619335411391,-3.87496411385287,-0.478770759738963,0.478770759738963,TRUE
563,"influential_linear","linear",-8.44015758420347,-8.91654672256367,-0.476389138360201,0.476389138360201,FALSE
564,"influential_linear","linear",-2.04652471393369,-1.55164479031245,0.494879923621232,0.494879923621232,FALSE
565,"influential_linear","linear",-7.9164500029655,-6.80281860606234,1.11363139690316,1.11363139690316,FALSE
566,"influential_linear","linear",-7.03847401387474,-6.59086419594998,0.447609817924763,0.447609817924763,FALSE
567,"influential_linear","linear",-5.40061624930166,-4.50094331744394,0.899672931857713,0.899672931857713,FALSE
568,"influential_linear","linear",-5.65620990170623,-6.76643453910257,-1.11022463739634,1.11022463739634,FALSE
569,"influential_linear","linear",-0.81129874235984,-0.473478336398146,0.337820405961694,0.337820405961694,FALSE
571,"influential_linear","linear",-5.2634777757812,-4.98830682779132,0.27517094798988,0.27517094798988,FALSE
573,"influential_linear","linear",-6.23509800305799,-5.68222980036925,0.55286820268874,0.55286820268874,TRUE
574,"influential_linear","linear",-2.64497834549896,-1.95360749367326,0.6913708518257,0.6913708518257,FALSE
575,"influential_linear","linear",-2.78535534659675,-2.47315706491436,0.312198281682391,0.312198281682391,FALSE
576,"influential_linear","linear",-7.00918489792412,-8.03113034828375,-1.02194545035964,1.02194545035964,FALSE
578,"influential_linear","linear",-8.81741748604552,-8.59086748037024,0.226550005675287,0.226550005675287,FALSE
579,"influential_linear","linear",-4.317650183809,-3.08338245282865,1.23426773098035,1.23426773098035,FALSE
580,"influential_linear","linear",-10.6908378098339,-9.51278685565155,1.1780509541823,1.1780509541823,TRUE
581,"influential_linear","linear",-7.75074118476662,-8.00698997134348,-0.256248786576863,0.256248786576863,FALSE
584,"influential_linear","linear",-8.17409443175518,-7.7690570305923,0.405037401162877,0.405037401162877,FALSE
585,"influential_linear","linear",-6.09705435158707,-6.11134059569548,-0.0142862441084164,0.0142862441084164,FALSE
587,"influential_linear","linear",-2.70322735077781,-2.12355833672395,0.579669014053856,0.579669014053856,FALSE
589,"influential_linear","linear",-5.68763766012333,-5.20809280376617,0.479544856357164,0.479544856357164,FALSE
590,"influential_linear","linear",-4.37600595516675,-4.18941991603015,0.186586039136598,0.186586039136598,FALSE
591,"influential_linear","linear",-4.5808018449758,-4.26277766982618,0.318024175149622,0.318024175149622,FALSE
592,"influential_linear","linear",-4.41785257117827,-4.29170470624304,0.126147864935236,0.126147864935236,FALSE
593,"influential_linear","linear",-4.17468504926585,-3.11721516875745,1.05746988050841,1.05746988050841,FALSE
594,"influential_linear","linear",-7.29974691796911,-8.28009951002229,-0.980352592053182,0.980352592053182,FALSE
595,"influential_linear","linear",-0.113991251933389,0.351787270436833,0.465778522370222,0.465778522370222,FALSE
596,"influential_linear","linear",-4.13649421177247,-4.37717536655652,-0.240681154784049,0.240681154784049,FALSE
597,"influential_linear","linear",-5.37866363185232,-4.50013169422859,0.87853193762373,0.87853193762373,FALSE
598,"influential_linear","linear",-2.12366460179867,-1.76788718029288,0.355777421505787,0.355777421505787,FALSE
599,"influential_linear","linear",-1.75635284462273,-1.55288713895992,0.203465705662813,0.203465705662813,FALSE
600,"influential_linear","linear",-2.51602302943355,-2.3288688965083,0.187154132925256,0.187154132925256,FALSE
601,"influential_linear","linear",-3.15954669253935,-2.91764590802431,0.241900784515038,0.241900784515038,FALSE
602,"influential_linear","linear",-8.12092890654223,-8.00683319009116,0.11409571645107,0.11409571645107,FALSE
603,"influential_linear","linear",-3.28789022037697,-2.00640704895155,1.28148317142543,1.28148317142543,FALSE
604,"influential_linear","linear",-1.85044712035896,-1.32376459729747,0.526682523061494,0.526682523061494,FALSE
605,"influential_linear","linear",-6.92220382396761,-6.27384241803825,0.648361405929364,0.648361405929364,FALSE
606,"influential_linear","linear",-8.60144526485286,-9.16028574691873,-0.558840482065872,0.558840482065872,FALSE
607,"influential_linear","linear",-5.50684723218216,-5.38759516052999,0.11925207165217,0.11925207165217,FALSE
608,"influential_linear","linear",-6.02094310429272,-5.05695024311727,0.963992861175447,0.963992861175447,FALSE
609,"influential_linear","linear",-4.61743336539154,-3.8237688762216,0.793664489169943,0.793664489169943,FALSE
610,"influential_linear","linear",1.17037751197952,0.964798449597261,-0.205579062382256,0.205579062382256,FALSE
611,"influential_linear","linear",-0.715851414925761,-0.177508719838516,0.538342695087245,0.538342695087245,FALSE
612,"influential_linear","linear",-7.62133190526847,-6.99069942613173,0.630632479136745,0.630632479136745,FALSE
613,"influential_linear","linear",-6.88719010021047,-6.90510772166621,-0.0179176214557444,0.0179176214557444,FALSE
614,"influential_linear","linear",-8.33622618490826,-8.51893381699346,-0.182707632085197,0.182707632085197,FALSE
615,"influential_linear","linear",-11.2060349563298,-11.1150032980085,0.0910316583213095,0.0910316583213095,FALSE
616,"influential_linear","linear",-3.44773858236279,-4.5364105460486,-1.08867196368581,1.08867196368581,FALSE
618,"influential_linear","linear",-0.0274890538051897,-0.267324881202157,-0.239835827396968,0.239835827396968,FALSE
619,"influential_linear","linear",-6.658453881292,-6.39228442783904,0.266169453452959,0.266169453452959,FALSE
620,"influential_linear","linear",-6.29163432998638,-6.93878003658876,-0.647145706602377,0.647145706602377,FALSE
621,"influential_linear","linear",-3.94503981111475,-3.18753371536873,0.757506095746019,0.757506095746019,FALSE
622,"influential_linear","linear",1.84717987574121,1.2603442109389,-0.586835664802318,0.586835664802318,FALSE
623,"influential_linear","linear",-5.99281205862992,-6.50131659152392,-0.508504532894,0.508504532894,TRUE
624,"influential_linear","linear",-7.57491629345407,-6.97377166615225,0.601144627301813,0.601144627301813,FALSE
625,"influential_linear","linear",-5.02250449940857,-4.3012805462252,0.721223953183369,0.721223953183369,TRUE
626,"influential_linear","linear",-3.89124527831382,-3.21693587330355,0.674309405010269,0.674309405010269,FALSE
627,"influential_linear","linear",-7.13205956776905,-6.01232146673542,1.11973810103363,1.11973810103363,FALSE
629,"influential_linear","linear",-2.12136755487085,-2.50381269234376,-0.382445137472907,0.382445137472907,FALSE
630,"influential_linear","linear",-4.35952297004217,-3.92468164749898,0.43484132254319,0.43484132254319,FALSE
631,"influential_linear","linear",-1.27061638283147,-1.45569841525043,-0.185082032418954,0.185082032418954,FALSE
632,"influential_linear","linear",-9.84198447522108,-11.1239010673708,-1.28191659214974,1.28191659214974,FALSE
633,"influential_linear","linear",-0.442056347896399,-0.30038614902268,0.141670198873718,0.141670198873718,FALSE
634,"influential_linear","linear",-0.341874967449256,-0.38120887687021,-0.0393339094209532,0.0393339094209532,FALSE
635,"influential_linear","linear",0.379695198540214,0.716147803729139,0.336452605188925,0.336452605188925,FALSE
636,"influential_linear","linear",-9.53589377398164,-8.59219476463118,0.943699009350455,0.943699009350455,FALSE
637,"influential_linear","linear",-1.66748518224767,-1.59151215739039,0.0759730248572765,0.0759730248572765,FALSE
638,"influential_linear","linear",-4.21689346649209,-3.40630327372168,0.810590192770408,0.810590192770408,FALSE
639,"influential_linear","linear",-1.96365939662856,-1.16514830098519,0.798511095643369,0.798511095643369,FALSE
640,"influential_linear","linear",-4.73607923536505,-4.59249278184855,0.143586453516495,0.143586453516495,FALSE
641,"influential_linear","linear",-1.31068132763856,-0.854871763355926,0.455809564282633,0.455809564282633,FALSE
642,"influential_linear","linear",-11.3888877775805,-12.4785297344419,-1.08964195686137,1.08964195686137,FALSE
643,"influential_linear","linear",-3.39132940485535,-3.95775339330407,-0.566423988448714,0.566423988448714,FALSE
645,"influential_linear","linear",-4.68664091922955,-4.96264997838007,-0.276009059150518,0.276009059150518,FALSE
646,"influential_linear","linear",-6.18921586723405,-6.32296658698417,-0.133750719750111,0.133750719750111,FALSE
647,"influential_linear","linear",-2.62127876060587,-2.2943285952818,0.326950165324069,0.326950165324069,FALSE
648,"influential_linear","linear",-4.98447042751811,-4.85589046313379,0.128579964384324,0.128579964384324,FALSE
649,"influential_linear","linear",-6.90872372103928,-6.24653365523332,0.662190065805959,0.662190065805959,FALSE
650,"influential_linear","linear",-0.999351447102465,-0.968238698288936,0.0311127488135291,0.0311127488135291,FALSE
651,"influential_linear","linear",-5.67942002448373,-5.31129056485614,0.368129459627594,0.368129459627594,FALSE
652,"influential_linear","linear",-2.7910074275548,-2.29399237402571,0.497015053529089,0.497015053529089,FALSE
653,"influential_linear","linear",-3.60785359312801,-3.05055393827979,0.557299654848213,0.557299654848213,FALSE
654,"influential_linear","linear",-1.25585703127856,-1.32840634169064,-0.0725493104120836,0.0725493104120836,FALSE
656,"influential_linear","linear",-5.16537047464926,-4.16205489600665,1.00331557864261,1.00331557864261,FALSE
657,"influential_linear","linear",-4.18970328423762,-3.89737111618115,0.292332168056475,0.292332168056475,FALSE
659,"influential_linear","linear",-0.390216242002089,-0.0424290143428604,0.347787227659229,0.347787227659229,FALSE
661,"influential_linear","linear",-0.726156181802616,-0.518849271456917,0.207306910345699,0.207306910345699,FALSE
662,"influential_linear","linear",-2.69707821653679,-2.80708855419996,-0.110010337663169,0.110010337663169,TRUE
664,"influential_linear","linear",-4.42678972591197,-4.01205208150996,0.414737644402013,0.414737644402013,FALSE
665,"influential_linear","linear",-11.4156923615671,-10.818465335178,0.597227026389069,0.597227026389069,FALSE
668,"influential_linear","linear",-0.469141893269568,-0.432965206401586,0.0361766868679824,0.0361766868679824,FALSE
669,"influential_linear","linear",-5.84823390449242,-4.46108318759265,1.38715071689977,1.38715071689977,FALSE
670,"influential_linear","linear",0.242890363645935,0.637402790906213,0.394512427260278,0.394512427260278,FALSE
671,"influential_linear","linear",-7.10864383072283,-8.33112155068875,-1.22247771996592,1.22247771996592,FALSE
672,"influential_linear","linear",-1.73058039189809,-1.08923683472168,0.641343557176403,0.641343557176403,FALSE
673,"influential_linear","linear",-6.42067710390151,-5.44775667558071,0.972920428320798,0.972920428320798,FALSE
1,"influential_linear","logistic",0.887755022958092,0.842241948552008,-0.045513074406084,0.045513074406084,FALSE
2,"influential_linear","logistic",0.997514308656724,0.998232990648477,0.000718681991752401,0.000718681991752401,FALSE
3,"influential_linear","logistic",0.976219621133807,0.988927673594742,0.0127080524609346,0.0127080524609346,FALSE
4,"influential_linear","logistic",0.827637316127184,0.838094339794971,0.0104570236677877,0.0104570236677877,TRUE
5,"influential_linear","logistic",0.865995630946737,0.914387903869156,0.0483922729224187,0.0483922729224187,FALSE
6,"influential_linear","logistic",0.606302835474451,0.646889152482966,0.0405863170085146,0.0405863170085146,TRUE
7,"influential_linear","logistic",0.969146257803864,0.980588463420881,0.0114422056170175,0.0114422056170175,FALSE
8,"influential_linear","logistic",0.865232014321952,0.903382093480276,0.0381500791583238,0.0381500791583238,FALSE
9,"influential_linear","logistic",0.128853662760863,0.0928040839637257,-0.0360495787971374,0.0360495787971374,FALSE
10,"influential_linear","logistic",0.834141203593993,0.752144600200481,-0.081996603393512,0.081996603393512,FALSE
11,"influential_linear","logistic",0.904645643474298,0.948503763426062,0.043858119951764,0.043858119951764,FALSE
12,"influential_linear","logistic",0.251887045935259,0.214128164990052,-0.0377588809452069,0.0377588809452069,FALSE
13,"influential_linear","logistic",0.995008585317866,0.996673098494302,0.00166451317643612,0.00166451317643612,FALSE
14,"influential_linear","logistic",0.199949054643874,0.191467889979508,-0.00848116466436577,0.00848116466436577,FALSE
15,"influential_linear","logistic",0.179718997453656,0.116264104575817,-0.0634548928778391,0.0634548928778391,FALSE
16,"influential_linear","logistic",0.670059526794127,0.681481902435748,0.0114223756416205,0.0114223756416205,FALSE
17,"influential_linear","logistic",0.50841011471862,0.570417526688895,0.0620074119702745,0.0620074119702745,FALSE
18,"influential_linear","logistic",0.966743596828773,0.981239319600359,0.0144957227715864,0.0144957227715864,FALSE
19,"influential_linear","logistic",0.382940196081997,0.199029072954316,-0.183911123127681,0.183911123127681,TRUE
20,"influential_linear","logistic",0.960071557951243,0.94939985541653,-0.0106717025347136,0.0106717025347136,FALSE
21,"influential_linear","logistic",0.523713955886935,0.577471165750321,0.0537572098633863,0.0537572098633863,FALSE
22,"influential_linear","logistic",0.721041649707712,0.678352677217284,-0.0426889724904278,0.0426889724904278,FALSE
23,"influential_linear","logistic",0.237890666078418,0.163183388713104,-0.0747072773653139,0.0747072773653139,FALSE
24,"influential_linear","logistic",0.0604465606875962,0.0395351279498554,-0.0209114327377408,0.0209114327377408,FALSE
25,"influential_linear","logistic",0.91917474821294,0.944143468217897,0.024968720004957,0.024968720004957,FALSE
26,"influential_linear","logistic",0.893322748895839,0.906317741145985,0.0129949922501453,0.0129949922501453,FALSE
27,"influential_linear","logistic",0.254643895179231,0.164533116190384,-0.0901107789888466,0.0901107789888466,FALSE
28,"influential_linear","logistic",0.381830942127097,0.442404488793611,0.0605735466665136,0.0605735466665136,FALSE
29,"influential_linear","logistic",0.261219006110338,0.274953594308399,0.0137345881980604,0.0137345881980604,TRUE
30,"influential_linear","logistic",0.652238615447394,0.634839389598245,-0.017399225849149,0.017399225849149,FALSE
31,"influential_linear","logistic",0.261866844269589,0.220370357769096,-0.0414964865004926,0.0414964865004926,FALSE
32,"influential_linear","logistic",0.98841467251559,0.989052135042877,0.000637462527287025,0.000637462527287025,FALSE
33,"influential_linear","logistic",0.948188991617556,0.95553695219646,0.00734796057890374,0.00734796057890374,FALSE
34,"influential_linear","logistic",0.702902261460136,0.708902772802754,0.00600051134261781,0.00600051134261781,FALSE
35,"influential_linear","logistic",0.324366741287773,0.267125554586689,-0.0572411867010843,0.0572411867010843,FALSE
36,"influential_linear","logistic",0.105002752800456,0.0398980379369462,-0.06510471486351,0.06510471486351,FALSE
37,"influential_linear","logistic",0.338691684658588,0.278514036935567,-0.0601776477230204,0.0601776477230204,FALSE
38,"influential_linear","logistic",0.989787940301795,0.989263443134197,-0.000524497167597726,0.000524497167597726,FALSE
39,"influential_linear","logistic",0.327773687647693,0.260632151465711,-0.067141536181982,0.067141536181982,FALSE
40,"influential_linear","logistic",0.449905704071164,0.497976712545488,0.0480710084743241,0.0480710084743241,FALSE
41,"influential_linear","logistic",0.999182159151604,0.999726118090053,0.000543958938449496,0.000543958938449496,TRUE
42,"influential_linear","logistic",0.606380907309423,0.51950484109997,-0.086876066209453,0.086876066209453,FALSE
43,"influential_linear","logistic",0.331686502859882,0.28445328241374,-0.0472332204461428,0.0472332204461428,TRUE
44,"influential_linear","logistic",0.430912574427244,0.445940935817542,0.0150283613902975,0.0150283613902975,FALSE
45,"influential_linear","logistic",0.88049112573947,0.890436923491396,0.00994579775192617,0.00994579775192617,FALSE
47,"influential_linear","logistic",0.647379862107148,0.534108314473521,-0.113271547633626,0.113271547633626,FALSE
48,"influential_linear","logistic",0.982108649156822,0.992432192735811,0.0103235435789896,0.0103235435789896,FALSE
49,"influential_linear","logistic",0.906441740350862,0.935868785371982,0.0294270450211193,0.0294270450211193,FALSE
50,"influential_linear","logistic",0.825032453061934,0.68458593920809,-0.140446513853845,0.140446513853845,FALSE
51,"influential_linear","logistic",0.716118580914654,0.720971681663893,0.0048531007492395,0.0048531007492395,FALSE
52,"influential_linear","logistic",0.741468513283805,0.715772892209668,-0.025695621074137,0.025695621074137,FALSE
53,"influential_linear","logistic",0.527343988613133,0.467584370732771,-0.0597596178803622,0.0597596178803622,FALSE
54,"influential_linear","logistic",0.645614033546203,0.659242539337623,0.0136285057914196,0.0136285057914196,FALSE
55,"influential_linear","logistic",0.57616458788843,0.569227238726027,-0.00693734916240263,0.00693734916240263,FALSE
56,"influential_linear","logistic",0.904140864187078,0.951059823792895,0.0469189596058179,0.0469189596058179,TRUE
57,"influential_linear","logistic",0.133364242833329,0.0682712092777105,-0.0650930335556184,0.0650930335556184,FALSE
58,"influential_linear","logistic",0.072372603616745,0.0572885779577842,-0.0150840256589608,0.0150840256589608,FALSE
59,"influential_linear","logistic",0.100240911245207,0.0516364686741515,-0.0486044425710555,0.0486044425710555,FALSE
60,"influential_linear","logistic",0.0820954005112268,0.0622758570463102,-0.0198195434649165,0.0198195434649165,FALSE
61,"influential_linear","logistic",0.738456834820745,0.697629628135318,-0.0408272066854276,0.0408272066854276,FALSE
62,"influential_linear","logistic",0.576842472224177,0.570612802076211,-0.00622967014796627,0.00622967014796627,FALSE
63,"influential_linear","logistic",0.99507326213188,0.994927307992387,-0.000145954139493476,0.000145954139493476,FALSE
64,"influential_linear","logistic",0.0884301215496242,0.0803192642145829,-0.00811085733504135,0.00811085733504135,FALSE
65,"influential_linear","logistic",0.862755588569277,0.828810139105216,-0.0339454494640612,0.0339454494640612,FALSE
66,"influential_linear","logistic",0.122065785772725,0.113033143761964,-0.00903264201076136,0.00903264201076136,FALSE
67,"influential_linear","logistic",0.96020092256731,0.971326985912288,0.0111260633449783,0.0111260633449783,FALSE
68,"influential_linear","logistic",0.882009796340546,0.882807613950231,0.000797817609685447,0.000797817609685447,FALSE
69,"influential_linear","logistic",0.419957155795665,0.389418259171368,-0.0305388966242965,0.0305388966242965,FALSE
70,"influential_linear","logistic",0.828636760251981,0.866395193829312,0.0377584335773313,0.0377584335773313,FALSE
71,"influential_linear","logistic",0.222440196665516,0.245775119612453,0.0233349229469371,0.0233349229469371,FALSE
72,"influential_linear","logistic",0.869368081890195,0.781878767192893,-0.0874893146973014,0.0874893146973014,TRUE
73,"influential_linear","logistic",0.581683213586844,0.660167003724971,0.0784837901381271,0.0784837901381271,FALSE
74,"influential_linear","logistic",0.332505887371959,0.266245114140692,-0.0662607732312666,0.0662607732312666,TRUE
75,"influential_linear","logistic",0.207530908531389,0.187597911162411,-0.0199329973689777,0.0199329973689777,FALSE
76,"influential_linear","logistic",0.983494221516146,0.992516287090802,0.00902206557465601,0.00902206557465601,FALSE
77,"influential_linear","logistic",0.608916675034158,0.727344906760475,0.118428231726316,0.118428231726316,FALSE
78,"influential_linear","logistic",0.941180793043859,0.952566592671446,0.0113857996275871,0.0113857996275871,FALSE
79,"influential_linear","logistic",0.488702217721529,0.49879362378549,0.0100914060639605,0.0100914060639605,FALSE
80,"influential_linear","logistic",0.68851188779249,0.611059012404801,-0.077452875387689,0.077452875387689,FALSE
81,"influential_linear","logistic",0.999890457628496,0.999943954641072,0.0000534970125760648,0.0000534970125760648,TRUE
82,"influential_linear","logistic",0.404762223531917,0.5218683176384,0.117106094106482,0.117106094106482,FALSE
83,"influential_linear","logistic",0.636525771283638,0.529616059371449,-0.106909711912189,0.106909711912189,FALSE
84,"influential_linear","logistic",0.75149385460711,0.66978477437117,-0.0817090802359401,0.0817090802359401,TRUE
85,"influential_linear","logistic",0.132560660885142,0.0848371996108193,-0.047723461274323,0.047723461274323,TRUE
86,"influential_linear","logistic",0.889620310135677,0.912832337596335,0.0232120274606578,0.0232120274606578,FALSE
87,"influential_linear","logistic",0.969534396168776,0.982939935832426,0.0134055396636507,0.0134055396636507,FALSE
88,"influential_linear","logistic",0.245269413009644,0.246371617772235,0.0011022047625904,0.0011022047625904,FALSE
89,"influential_linear","logistic",0.232597873894197,0.164613115171189,-0.0679847587230077,0.0679847587230077,FALSE
90,"influential_linear","logistic",0.383334418070604,0.392002602364498,0.00866818429389354,0.00866818429389354,FALSE
91,"influential_linear","logistic",0.830607871878345,0.860545351727364,0.0299374798490188,0.0299374798490188,FALSE
92,"influential_linear","logistic",0.8256838718743,0.85887821434023,0.0331943424659298,0.0331943424659298,FALSE
93,"influential_linear","logistic",0.205778980678716,0.158632956229887,-0.0471460244488284,0.0471460244488284,FALSE
94,"influential_linear","logistic",0.182547192845227,0.138462575682213,-0.044084617163014,0.044084617163014,FALSE
95,"influential_linear","logistic",0.539882948209763,0.505031545881826,-0.0348514023279372,0.0348514023279372,FALSE
96,"influential_linear","logistic",0.0546601315714762,0.037102442346921,-0.0175576892245553,0.0175576892245553,FALSE
97,"influential_linear","logistic",0.873280630642515,0.845735576000723,-0.0275450546417924,0.0275450546417924,FALSE
98,"influential_linear","logistic",0.244663283833304,0.179899183799768,-0.0647641000335354,0.0647641000335354,FALSE
99,"influential_linear","logistic",0.654075059562117,0.568819792265349,-0.085255267296768,0.085255267296768,TRUE
100,"influential_linear","logistic",0.952976669586497,0.972437096959812,0.0194604273733159,0.0194604273733159,FALSE
101,"influential_linear","logistic",0.99008071817576,0.988869953416034,-0.00121076475972648,0.00121076475972648,FALSE
102,"influential_linear","logistic",0.38424792378687,0.243031740379458,-0.141216183407412,0.141216183407412,FALSE
103,"influential_linear","logistic",0.919533693832027,0.908736998667428,-0.0107966951645987,0.0107966951645987,FALSE
104,"influential_linear","logistic",0.994448290363007,0.996661811039897,0.00221352067689051,0.00221352067689051,TRUE
105,"influential_linear","logistic",0.972506793539799,0.983909112861278,0.0114023193214795,0.0114023193214795,FALSE
106,"influential_linear","logistic",0.181687754118241,0.168676478642153,-0.0130112754760883,0.0130112754760883,FALSE
107,"influential_linear","logistic",0.992555693925993,0.993857198258059,0.00130150433206633,0.00130150433206633,FALSE
108,"influential_linear","logistic",0.632390352503033,0.634016117724814,0.0016257652217806,0.0016257652217806,FALSE
109,"influential_linear","logistic",0.0872345777910697,0.046495514307813,-0.0407390634832567,0.0407390634832567,TRUE
110,"influential_linear","logistic",0.784355497386909,0.72592893557996,-0.0584265618069488,0.0584265618069488,FALSE
111,"influential_linear","logistic",0.39148329443723,0.30273753591533,-0.0887457585218999,0.0887457585218999,FALSE
112,"influential_linear","logistic",0.0933258912106087,0.0477340998288586,-0.0455917913817501,0.0455917913817501,FALSE
113,"influential_linear","logistic",0.378668704508524,0.241950306572332,-0.136718397936192,0.136718397936192,FALSE
114,"influential_linear","logistic",0.235820925240169,0.182402513297079,-0.05341841194309,0.05341841194309,FALSE
115,"influential_linear","logistic",0.187521115152595,0.163960833535942,-0.0235602816166532,0.0235602816166532,FALSE
116,"influential_linear","logistic",0.532710098756597,0.596437529984733,0.0637274312281354,0.0637274312281354,FALSE
117,"influential_linear","logistic",0.626829823855262,0.731170891378021,0.104341067522759,0.104341067522759,TRUE
118,"influential_linear","logistic",0.0920130295291054,0.0487739922368524,-0.043239037292253,0.043239037292253,FALSE
119,"influential_linear","logistic",0.344843924761151,0.325590024351499,-0.0192539004096519,0.0192539004096519,FALSE
120,"influential_linear","logistic",0.0499738719868004,0.0307268391194292,-0.0192470328673712,0.0192470328673712,FALSE
121,"influential_linear","logistic",0.648644763564843,0.683999010697591,0.0353542471327476,0.0353542471327476,TRUE
122,"influential_linear","logistic",0.82506848881675,0.874630410272661,0.0495619214559113,0.0495619214559113,FALSE
123,"influential_linear","logistic",0.382096164762965,0.230239902721259,-0.151856262041706,0.151856262041706,TRUE
124,"influential_linear","logistic",0.705523946296708,0.692172488251722,-0.0133514580449857,0.0133514580449857,FALSE
125,"influential_linear","logistic",0.0656342085497502,0.0542240729008349,-0.0114101356489153,0.0114101356489153,FALSE
126,"influential_linear","logistic",0.110051448112461,0.0684768775670827,-0.0415745705453787,0.0415745705453787,FALSE
127,"influential_linear","logistic",0.666462919983482,0.666643509783909,0.000180589800426789,0.000180589800426789,FALSE
128,"influential_linear","logistic",0.798560710017835,0.730061843273009,-0.0684988667448262,0.0684988667448262,FALSE
129,"influential_linear","logistic",0.0934263869411407,0.0859271240085114,-0.00749926293262933,0.00749926293262933,FALSE
130,"influential_linear","logistic",0.38712011148065,0.429415601439825,0.0422954899591755,0.0422954899591755,FALSE
131,"influential_linear","logistic",0.207714357519569,0.170509715922138,-0.0372046415974315,0.0372046415974315,FALSE
132,"influential_linear","logistic",0.0682449692945156,0.0520751860149459,-0.0161697832795697,0.0161697832795697,FALSE
133,"influential_linear","logistic",0.328538341591494,0.375281430266553,0.0467430886750595,0.0467430886750595,TRUE
134,"influential_linear","logistic",0.431971213605816,0.272889867115979,-0.159081346489837,0.159081346489837,TRUE
135,"influential_linear","logistic",0.0568535227869497,0.0342512190213664,-0.0226023037655833,0.0226023037655833,FALSE
136,"influential_linear","logistic",0.50429196325783,0.541065529157753,0.036773565899923,0.036773565899923,FALSE
137,"influential_linear","logistic",0.51532861529807,0.613143844792432,0.097815229494362,0.097815229494362,FALSE
138,"influential_linear","logistic",0.980968581904427,0.991297815080831,0.0103292331764042,0.0103292331764042,FALSE
139,"influential_linear","logistic",0.673518421162678,0.62730297501288,-0.0462154461497989,0.0462154461497989,FALSE
140,"influential_linear","logistic",0.507464474169592,0.534703914436293,0.0272394402667014,0.0272394402667014,FALSE
141,"influential_linear","logistic",0.322016947757468,0.341166227819041,0.0191492800615726,0.0191492800615726,FALSE
142,"influential_linear","logistic",0.312552346034577,0.235690253129321,-0.0768620929052558,0.0768620929052558,FALSE
143,"influential_linear","logistic",0.354101567203658,0.381910679768484,0.0278091125648264,0.0278091125648264,FALSE
144,"influential_linear","logistic",0.907695159472706,0.91727405018606,0.00957889071335394,0.00957889071335394,FALSE
145,"influential_linear","logistic",0.868262481497929,0.828375824518277,-0.0398866569796511,0.0398866569796511,FALSE
146,"influential_linear","logistic",0.701767015328519,0.669692415434873,-0.0320745998936459,0.0320745998936459,FALSE
147,"influential_linear","logistic",0.699100683172542,0.754041369688103,0.0549406865155603,0.0549406865155603,FALSE
148,"influential_linear","logistic",0.984448939259825,0.979108204052097,-0.00534073520772893,0.00534073520772893,FALSE
149,"influential_linear","logistic",0.817516235964283,0.783990919345506,-0.0335253166187767,0.0335253166187767,FALSE
150,"influential_linear","logistic",0.787827515957527,0.753108780234902,-0.0347187357226251,0.0347187357226251,FALSE
151,"influential_linear","logistic",0.495647530997422,0.421454215015827,-0.0741933159815944,0.0741933159815944,FALSE
152,"influential_linear","logistic",0.24587336032454,0.226546951211499,-0.0193264091130403,0.0193264091130403,FALSE
153,"influential_linear","logistic",0.657989745227712,0.667653670298242,0.00966392507052971,0.00966392507052971,FALSE
154,"influential_linear","logistic",0.804718180789976,0.847033519446168,0.0423153386561914,0.0423153386561914,FALSE
155,"influential_linear","logistic",0.466677192878931,0.479601544583743,0.0129243517048122,0.0129243517048122,FALSE
156,"influential_linear","logistic",0.473247145089722,0.527582005279724,0.0543348601900016,0.0543348601900016,FALSE
157,"influential_linear","logistic",0.698737341635646,0.840881392791202,0.142144051155555,0.142144051155555,FALSE
158,"influential_linear","logistic",0.278698676466747,0.236953376204446,-0.0417453002623019,0.0417453002623019,FALSE
159,"influential_linear","logistic",0.114534793508472,0.0793243345974315,-0.0352104589110404,0.0352104589110404,FALSE
160,"influential_linear","logistic",0.505292234300649,0.432783955568544,-0.072508278732105,0.072508278732105,FALSE
161,"influential_linear","logistic",0.3951161996348,0.323364527843292,-0.0717516717915073,0.0717516717915073,FALSE
163,"influential_linear","logistic",0.409121029198686,0.313611174325502,-0.0955098548731835,0.0955098548731835,FALSE
164,"influential_linear","logistic",0.789223624240186,0.87130171431126,0.0820780900710737,0.0820780900710737,TRUE
165,"influential_linear","logistic",0.83298458259032,0.855859017864097,0.022874435273777,0.022874435273777,FALSE
166,"influential_linear","logistic",0.207161326167539,0.174383842632642,-0.032777483534897,0.032777483534897,FALSE
167,"influential_linear","logistic",0.476282197956005,0.488593055317431,0.012310857361426,0.012310857361426,FALSE
168,"influential_linear","logistic",0.683981342772176,0.704043427708146,0.0200620849359704,0.0200620849359704,FALSE
169,"influential_linear","logistic",0.0254302252190026,0.015761707161391,-0.00966851805761154,0.00966851805761154,FALSE
170,"influential_linear","logistic",0.985422893442667,0.978208184551781,-0.00721470889088538,0.00721470889088538,FALSE
171,"influential_linear","logistic",0.509253925602222,0.534875509469746,0.025621583867524,0.025621583867524,FALSE
172,"influential_linear","logistic",0.235493773535853,0.227086024416786,-0.008407749119067,0.008407749119067,FALSE
173,"influential_linear","logistic",0.420381582535899,0.336648835850971,-0.0837327466849285,0.0837327466849285,FALSE
174,"influential_linear","logistic",0.999986089923119,0.999995112198184,0.00000902227506571762,0.00000902227506571762,FALSE
175,"influential_linear","logistic",0.937826346984892,0.942302960421658,0.00447661343676597,0.00447661343676597,FALSE
176,"influential_linear","logistic",0.181923942461515,0.165845396509915,-0.0160785459515998,0.0160785459515998,FALSE
177,"influential_linear","logistic",0.0615516571278703,0.0287143192509965,-0.0328373378768737,0.0328373378768737,FALSE
178,"influential_linear","logistic",0.769032260758856,0.803858917381002,0.0348266566221459,0.0348266566221459,FALSE
179,"influential_linear","logistic",0.487243613266271,0.48552453328081,-0.00171907998546084,0.00171907998546084,TRUE
180,"influential_linear","logistic",0.367706271195322,0.410034278982403,0.0423280077870812,0.0423280077870812,FALSE
181,"influential_linear","logistic",0.229766902105993,0.181319347401301,-0.0484475547046921,0.0484475547046921,FALSE
182,"influential_linear","logistic",0.364282695546796,0.358264477896107,-0.00601821765068911,0.00601821765068911,FALSE
183,"influential_linear","logistic",0.971975006723015,0.983769232517512,0.0117942257944975,0.0117942257944975,FALSE
184,"influential_linear","logistic",0.469983116680134,0.430957918574026,-0.0390251981061076,0.0390251981061076,FALSE
185,"influential_linear","logistic",0.333897598118556,0.22404050845972,-0.109857089658836,0.109857089658836,FALSE
186,"influential_linear","logistic",0.829995216624383,0.85471186507133,0.024716648446947,0.024716648446947,FALSE
187,"influential_linear","logistic",0.140119405804783,0.1455360017551,0.00541659595031793,0.00541659595031793,FALSE
188,"influential_linear","logistic",0.85434264105812,0.835067801553619,-0.0192748395045005,0.0192748395045005,FALSE
189,"influential_linear","logistic",0.918786564396663,0.95391369783586,0.035127133439197,0.035127133439197,FALSE
190,"influential_linear","logistic",0.903288219275536,0.871403471503661,-0.0318847477718747,0.0318847477718747,FALSE
191,"influential_linear","logistic",0.689640128317655,0.722360484789435,0.0327203564717805,0.0327203564717805,FALSE
192,"influential_linear","logistic",0.2643402827602,0.328637905282038,0.0642976225218382,0.0642976225218382,FALSE
193,"influential_linear","logistic",0.457419491504213,0.465013228933368,0.0075937374291547,0.0075937374291547,FALSE
194,"influential_linear","logistic",0.909454870986102,0.926807995153837,0.017353124167735,0.017353124167735,FALSE
195,"influential_linear","logistic",0.62675667329141,0.669509187499435,0.0427525142080247,0.0427525142080247,FALSE
196,"influential_linear","logistic",0.735270198736506,0.785152494785697,0.0498822960491917,0.0498822960491917,FALSE
197,"influential_linear","logistic",0.407820018506804,0.422241178689419,0.0144211601826142,0.0144211601826142,FALSE
198,"influential_linear","logistic",0.796157664809335,0.828506126465601,0.032348461656266,0.032348461656266,FALSE
199,"influential_linear","logistic",0.815890816934227,0.801606478133433,-0.0142843388007948,0.0142843388007948,FALSE
200,"influential_linear","logistic",0.713341757822145,0.660780846855376,-0.0525609109667696,0.0525609109667696,FALSE
201,"influential_linear","logistic",0.165280684174084,0.159341968549436,-0.00593871562464787,0.00593871562464787,FALSE
202,"influential_linear","logistic",0.766133746603892,0.812766927423527,0.0466331808196355,0.0466331808196355,FALSE
203,"influential_linear","logistic",0.683190741300843,0.640779231391965,-0.0424115099088789,0.0424115099088789,FALSE
204,"influential_linear","logistic",0.186036855202797,0.226960378620445,0.0409235234176489,0.0409235234176489,FALSE
205,"influential_linear","logistic",0.991527963412448,0.989537831238037,-0.00199013217441157,0.00199013217441157,FALSE
206,"influential_linear","logistic",0.33500142778445,0.410436027961525,0.0754346001770748,0.0754346001770748,FALSE
207,"influential_linear","logistic",0.511850416105907,0.504364017316394,-0.00748639878951307,0.00748639878951307,FALSE
208,"influential_linear","logistic",0.307879518367291,0.245864016424611,-0.0620155019426801,0.0620155019426801,FALSE
209,"influential_linear","logistic",0.902100084552566,0.911300643725841,0.00920055917327556,0.00920055917327556,FALSE
210,"influential_linear","logistic",0.828636760251981,0.866395193829312,0.0377584335773313,0.0377584335773313,FALSE
211,"influential_linear","logistic",0.542758175052643,0.515983142870142,-0.0267750321825003,0.0267750321825003,FALSE
212,"influential_linear","logistic",0.99501201136455,0.996817691487186,0.0018056801226366,0.0018056801226366,FALSE
213,"influential_linear","logistic",0.0767893822098327,0.0606087119344766,-0.0161806702753561,0.0161806702753561,FALSE
214,"influential_linear","logistic",0.753763238207491,0.761237319044253,0.0074740808367616,0.0074740808367616,FALSE
215,"influential_linear","logistic",0.211050477965836,0.141595720034441,-0.069454757931395,0.069454757931395,FALSE
216,"influential_linear","logistic",0.241973447044684,0.253623754250031,0.0116503072053471,0.0116503072053471,FALSE
217,"influential_linear","logistic",0.977860980816997,0.968695607800011,-0.00916537301698606,0.00916537301698606,FALSE
218,"influential_linear","logistic",0.56852062322111,0.577290543219156,0.00876991999804666,0.00876991999804666,FALSE
219,"influential_linear","logistic",0.982354122566297,0.988955733787577,0.00660161122128,0.00660161122128,FALSE
220,"influential_linear","logistic",0.946244925101989,0.948583072113874,0.00233814701188462,0.00233814701188462,FALSE
221,"influential_linear","logistic",0.185944453373243,0.139981215014595,-0.0459632383586475,0.0459632383586475,TRUE
222,"influential_linear","logistic",0.868265565817201,0.887766509828457,0.0195009440112556,0.0195009440112556,FALSE
223,"influential_linear","logistic",0.576213226771036,0.662542426352608,0.0863291995815724,0.0863291995815724,TRUE
224,"influential_linear","logistic",0.982561182504981,0.985184368457453,0.00262318595247124,0.00262318595247124,FALSE
225,"influential_linear","logistic",0.51068803421852,0.49401875018644,-0.01666928403208,0.01666928403208,FALSE
226,"influential_linear","logistic",0.960071557951243,0.94939985541653,-0.0106717025347136,0.0106717025347136,FALSE
227,"influential_linear","logistic",0.565072708445064,0.421211473702521,-0.143861234742543,0.143861234742543,TRUE
228,"influential_linear","logistic",0.338758829730765,0.34084640352842,0.00208757379765495,0.00208757379765495,FALSE
229,"influential_linear","logistic",0.0878531982175247,0.0966247055737799,0.00877150735625523,0.00877150735625523,FALSE
230,"influential_linear","logistic",0.914460076151617,0.924134704525593,0.00967462837397648,0.00967462837397648,FALSE
231,"influential_linear","logistic",0.202939512054396,0.173215587997803,-0.0297239240565929,0.0297239240565929,FALSE
232,"influential_linear","logistic",0.16461879012889,0.139139951342602,-0.0254788387862873,0.0254788387862873,FALSE
233,"influential_linear","logistic",0.492546172527503,0.44800593990194,-0.0445402326255635,0.0445402326255635,FALSE
234,"influential_linear","logistic",0.129754519151421,0.127102222306792,-0.00265229684462809,0.00265229684462809,FALSE
235,"influential_linear","logistic",0.737199209427225,0.779913029306918,0.0427138198796924,0.0427138198796924,FALSE
236,"influential_linear","logistic",0.222313531392721,0.22253210553607,0.000218574143349221,0.000218574143349221,FALSE
237,"influential_linear","logistic",0.343181454564115,0.249842902843318,-0.0933385517207966,0.0933385517207966,FALSE
238,"influential_linear","logistic",0.179649276007063,0.148106971026076,-0.0315423049809866,0.0315423049809866,FALSE
239,"influential_linear","logistic",0.160388088870172,0.16516291815099,0.00477482928081774,0.00477482928081774,FALSE
240,"influential_linear","logistic",0.37772001213342,0.362064528801101,-0.0156554833323195,0.0156554833323195,FALSE
241,"influential_linear","logistic",0.659754161594692,0.655142325539516,-0.00461183605517568,0.00461183605517568,FALSE
242,"influential_linear","logistic",0.611321904809858,0.489960175048345,-0.121361729761513,0.121361729761513,FALSE
243,"influential_linear","logistic",0.132083934810988,0.0889643397108954,-0.0431195951000927,0.0431195951000927,FALSE
244,"influential_linear","logistic",0.846473896302185,0.858964999400572,0.0124911030983872,0.0124911030983872,FALSE
245,"influential_linear","logistic",0.81011001219574,0.690279515650597,-0.119830496545142,0.119830496545142,FALSE
246,"influential_linear","logistic",0.0481642145482754,0.0291209344926888,-0.0190432800555866,0.0190432800555866,FALSE
247,"influential_linear","logistic",0.0747117411589927,0.0424544291457217,-0.032257312013271,0.032257312013271,FALSE
249,"influential_linear","logistic",0.18017241180472,0.143464014522634,-0.0367083972820861,0.0367083972820861,FALSE
250,"influential_linear","logistic",0.358590379404879,0.385316824864302,0.0267264454594233,0.0267264454594233,FALSE
251,"influential_linear","logistic",0.991747632942332,0.992025721901516,0.000278088959183243,0.000278088959183243,FALSE
252,"influential_linear","logistic",0.383969431782195,0.383270529501722,-0.000698902280472979,0.000698902280472979,FALSE
253,"influential_linear","logistic",0.0420390434197188,0.0238552019564799,-0.0181838414632389,0.0181838414632389,FALSE
254,"influential_linear","logistic",0.322018390804897,0.307847611928207,-0.0141707788766903,0.0141707788766903,FALSE
255,"influential_linear","logistic",0.57901143112146,0.669903028747634,0.0908915976261743,0.0908915976261743,FALSE
256,"influential_linear","logistic",0.081301860031987,0.0660394520476376,-0.0152624079843494,0.0152624079843494,FALSE
257,"influential_linear","logistic",0.0645614808151256,0.0477511598445203,-0.0168103209706053,0.0168103209706053,FALSE
258,"influential_linear","logistic",0.911621070344439,0.923010135403227,0.0113890650587882,0.0113890650587882,FALSE
259,"influential_linear","logistic",0.0209618208087101,0.00984501766178231,-0.0111168031469278,0.0111168031469278,FALSE
260,"influential_linear","logistic",0.255318117491468,0.185775572731169,-0.0695425447602987,0.0695425447602987,FALSE
261,"influential_linear","logistic",0.0855900499612506,0.0745764043042708,-0.0110136456569798,0.0110136456569798,FALSE
262,"influential_linear","logistic",0.590649749840717,0.661308034935263,0.070658285094546,0.070658285094546,FALSE
263,"influential_linear","logistic",0.119171033312327,0.120593659698777,0.00142262638644992,0.00142262638644992,FALSE
264,"influential_linear","logistic",0.296699773618434,0.255375003967621,-0.0413247696508131,0.0413247696508131,FALSE
265,"influential_linear","logistic",0.0462947561530785,0.0404417905129165,-0.00585296564016198,0.00585296564016198,FALSE
266,"influential_linear","logistic",0.838956376038812,0.791343852915032,-0.04761252312378,0.04761252312378,FALSE
267,"influential_linear","logistic",0.154239670604966,0.131269495891597,-0.0229701747133691,0.0229701747133691,FALSE
268,"influential_linear","logistic",0.142552504263498,0.128199436104524,-0.0143530681589734,0.0143530681589734,FALSE
269,"influential_linear","logistic",0.882009796340546,0.882807613950231,0.000797817609685447,0.000797817609685447,FALSE
270,"influential_linear","logistic",0.237890666078418,0.163183388713104,-0.0747072773653139,0.0747072773653139,FALSE
271,"influential_linear","logistic",0.865995630946737,0.914387903869156,0.0483922729224187,0.0483922729224187,FALSE
272,"influential_linear","logistic",0.207714357519569,0.170509715922138,-0.0372046415974315,0.0372046415974315,FALSE
273,"influential_linear","logistic",0.261219006110338,0.274953594308399,0.0137345881980604,0.0137345881980604,TRUE
274,"influential_linear","logistic",0.191319327668107,0.124974610718587,-0.0663447169495203,0.0663447169495203,FALSE
276,"influential_linear","logistic",0.161829433087834,0.192857118398894,0.0310276853110605,0.0310276853110605,FALSE
277,"influential_linear","logistic",0.829995216624383,0.85471186507133,0.024716648446947,0.024716648446947,FALSE
278,"influential_linear","logistic",0.00655661182701175,0.00172597608803923,-0.00483063573897253,0.00483063573897253,FALSE
279,"influential_linear","logistic",0.072372603616745,0.0572885779577842,-0.0150840256589608,0.0150840256589608,FALSE
280,"influential_linear","logistic",0.327773687647693,0.260632151465711,-0.067141536181982,0.067141536181982,FALSE
281,"influential_linear","logistic",0.466677192878931,0.479601544583743,0.0129243517048122,0.0129243517048122,FALSE
282,"influential_linear","logistic",0.549466831342582,0.593350927650595,0.0438840963080125,0.0438840963080125,FALSE
283,"influential_linear","logistic",0.165280684174084,0.159341968549436,-0.00593871562464787,0.00593871562464787,FALSE
284,"influential_linear","logistic",0.906441740350862,0.935868785371982,0.0294270450211193,0.0294270450211193,FALSE
285,"influential_linear","logistic",0.332505887371959,0.266245114140692,-0.0662607732312666,0.0662607732312666,TRUE
286,"influential_linear","logistic",0.821355702488541,0.844006412215783,0.022650709727242,0.022650709727242,FALSE
287,"influential_linear","logistic",0.394293537609553,0.353381833783443,-0.0409117038261098,0.0409117038261098,FALSE
288,"influential_linear","logistic",0.590649749840717,0.661308034935263,0.070658285094546,0.070658285094546,FALSE
289,"influential_linear","logistic",0.199949054643874,0.191467889979508,-0.00848116466436577,0.00848116466436577,FALSE
290,"influential_linear","logistic",0.57616458788843,0.569227238726027,-0.00693734916240263,0.00693734916240263,FALSE
291,"influential_linear","logistic",0.987823769061665,0.990559265810376,0.0027354967487111,0.0027354967487111,FALSE
292,"influential_linear","logistic",0.0723413944667479,0.0461779870551917,-0.0261634074115562,0.0261634074115562,FALSE
293,"influential_linear","logistic",0.128853662760863,0.0928040839637257,-0.0360495787971374,0.0360495787971374,FALSE
294,"influential_linear","logistic",0.608916675034158,0.727344906760475,0.118428231726316,0.118428231726316,FALSE
295,"influential_linear","logistic",0.713341757822145,0.660780846855376,-0.0525609109667696,0.0525609109667696,FALSE
296,"influential_linear","logistic",0.154091845349096,0.100086510805168,-0.0540053345439288,0.0540053345439288,FALSE
299,"influential_linear","logistic",0.585592812710459,0.484547584749225,-0.101045227961233,0.101045227961233,FALSE
300,"influential_linear","logistic",0.936369188144351,0.949241917045537,0.0128727289011861,0.0128727289011861,FALSE
301,"influential_linear","logistic",0.815890816934227,0.801606478133433,-0.0142843388007948,0.0142843388007948,FALSE
302,"influential_linear","logistic",0.689640128317655,0.722360484789435,0.0327203564717805,0.0327203564717805,FALSE
303,"influential_linear","logistic",0.633808697535113,0.653758204662425,0.0199495071273116,0.0199495071273116,FALSE
304,"influential_linear","logistic",0.0499738719868004,0.0307268391194292,-0.0192470328673712,0.0192470328673712,FALSE
305,"influential_linear","logistic",0.818639000273182,0.843073756830278,0.0244347565570968,0.0244347565570968,FALSE
306,"influential_linear","logistic",0.98841467251559,0.989052135042877,0.000637462527287025,0.000637462527287025,FALSE
307,"influential_linear","logistic",0.179718997453656,0.116264104575817,-0.0634548928778391,0.0634548928778391,FALSE
308,"influential_linear","logistic",0.112491672812971,0.0536922035565422,-0.0587994692564291,0.0587994692564291,TRUE
310,"influential_linear","logistic",0.985422893442667,0.978208184551781,-0.00721470889088538,0.00721470889088538,FALSE
311,"influential_linear","logistic",0.99363267370369,0.993987628689864,0.000354954986174549,0.000354954986174549,FALSE
312,"influential_linear","logistic",0.363099192593266,0.350577024348111,-0.0125221682451553,0.0125221682451553,FALSE
313,"influential_linear","logistic",0.670059526794127,0.681481902435748,0.0114223756416205,0.0114223756416205,FALSE
314,"influential_linear","logistic",0.918786564396663,0.95391369783586,0.035127133439197,0.035127133439197,FALSE
315,"influential_linear","logistic",0.359767124280117,0.309604694558801,-0.050162429721316,0.050162429721316,FALSE
316,"influential_linear","logistic",0.222313531392721,0.22253210553607,0.000218574143349221,0.000218574143349221,FALSE
317,"influential_linear","logistic",0.0158613381030968,0.00943844587248754,-0.00642289223060926,0.00642289223060926,FALSE
318,"influential_linear","logistic",0.181687754118241,0.168676478642153,-0.0130112754760883,0.0130112754760883,FALSE
320,"influential_linear","logistic",0.741468513283805,0.715772892209668,-0.025695621074137,0.025695621074137,FALSE
321,"influential_linear","logistic",0.952976669586497,0.972437096959812,0.0194604273733159,0.0194604273733159,FALSE
322,"influential_linear","logistic",0.0207374595918313,0.0185492633322423,-0.00218819625958901,0.00218819625958901,FALSE
323,"influential_linear","logistic",0.382096164762965,0.230239902721259,-0.151856262041706,0.151856262041706,TRUE
324,"influential_linear","logistic",0.0134058638910219,0.00757959974652077,-0.00582626414450112,0.00582626414450112,FALSE
325,"influential_linear","logistic",0.0260521898597034,0.013475284276674,-0.0125769055830294,0.0125769055830294,FALSE
327,"influential_linear","logistic",0.683190741300843,0.640779231391965,-0.0424115099088789,0.0424115099088789,FALSE
328,"influential_linear","logistic",0.701767015328519,0.669692415434873,-0.0320745998936459,0.0320745998936459,FALSE
329,"influential_linear","logistic",0.652238615447394,0.634839389598245,-0.017399225849149,0.017399225849149,FALSE
330,"influential_linear","logistic",0.64051805984773,0.672712642186215,0.0321945823384853,0.0321945823384853,TRUE
331,"influential_linear","logistic",0.997514308656724,0.998232990648477,0.000718681991752401,0.000718681991752401,FALSE
332,"influential_linear","logistic",0.838956376038812,0.791343852915032,-0.04761252312378,0.04761252312378,FALSE
333,"influential_linear","logistic",0.991527963412448,0.989537831238037,-0.00199013217441157,0.00199013217441157,FALSE
335,"influential_linear","logistic",0.105002752800456,0.0398980379369462,-0.06510471486351,0.06510471486351,FALSE
336,"influential_linear","logistic",0.182547192845227,0.138462575682213,-0.044084617163014,0.044084617163014,FALSE
337,"influential_linear","logistic",0.57901143112146,0.669903028747634,0.0908915976261743,0.0908915976261743,FALSE
338,"influential_linear","logistic",0.185100562936232,0.127759172502048,-0.0573413904341836,0.0573413904341836,FALSE
339,"influential_linear","logistic",0.422118691325087,0.379579728680496,-0.0425389626445909,0.0425389626445909,FALSE
340,"influential_linear","logistic",0.344843924761151,0.325590024351499,-0.0192539004096519,0.0192539004096519,FALSE
341,"influential_linear","logistic",0.99501201136455,0.996817691487186,0.0018056801226366,0.0018056801226366,FALSE
342,"influential_linear","logistic",0.50841011471862,0.570417526688895,0.0620074119702745,0.0620074119702745,FALSE
345,"influential_linear","logistic",0.0872345777910697,0.046495514307813,-0.0407390634832567,0.0407390634832567,TRUE
346,"influential_linear","logistic",0.488702217721529,0.49879362378549,0.0100914060639605,0.0100914060639605,FALSE
347,"influential_linear","logistic",0.699100683172542,0.754041369688103,0.0549406865155603,0.0549406865155603,FALSE
348,"influential_linear","logistic",0.0763783342009116,0.0799791460929276,0.003600811892016,0.003600811892016,FALSE
349,"influential_linear","logistic",0.133748728001538,0.111386531502206,-0.0223621964993318,0.0223621964993318,FALSE
350,"influential_linear","logistic",0.971975006723015,0.983769232517512,0.0117942257944975,0.0117942257944975,FALSE
351,"influential_linear","logistic",0.3951161996348,0.323364527843292,-0.0717516717915073,0.0717516717915073,FALSE
353,"influential_linear","logistic",0.404762223531917,0.5218683176384,0.117106094106482,0.117106094106482,FALSE
354,"influential_linear","logistic",0.167406560528404,0.146463776226453,-0.0209427843019516,0.0209427843019516,FALSE
355,"influential_linear","logistic",0.887264060620395,0.913379325825674,0.0261152652052788,0.0261152652052788,FALSE
357,"influential_linear","logistic",0.38424792378687,0.243031740379458,-0.141216183407412,0.141216183407412,FALSE
358,"influential_linear","logistic",0.737199209427225,0.779913029306918,0.0427138198796924,0.0427138198796924,FALSE
359,"influential_linear","logistic",0.0336352503874717,0.0415125315388878,0.0078772811514161,0.0078772811514161,FALSE
360,"influential_linear","logistic",0.911621070344439,0.923010135403227,0.0113890650587882,0.0113890650587882,FALSE
361,"influential_linear","logistic",0.00768381140098902,0.00183581525513177,-0.00584799614585726,0.00584799614585726,TRUE
362,"influential_linear","logistic",0.278386243471057,0.190342218082236,-0.0880440253888208,0.0880440253888208,FALSE
363,"influential_linear","logistic",0.133364242833329,0.0682712092777105,-0.0650930335556184,0.0650930335556184,FALSE
364,"influential_linear","logistic",0.984448939259825,0.979108204052097,-0.00534073520772893,0.00534073520772893,FALSE
365,"influential_linear","logistic",0.431971213605816,0.272889867115979,-0.159081346489837,0.159081346489837,TRUE
366,"influential_linear","logistic",0.581683213586844,0.660167003724971,0.0784837901381271,0.0784837901381271,FALSE
367,"influential_linear","logistic",0.00854632557440094,0.00915778892965797,0.000611463355257037,0.000611463355257037,FALSE
369,"influential_linear","logistic",0.909454870986102,0.926807995153837,0.017353124167735,0.017353124167735,FALSE
370,"influential_linear","logistic",0.99008071817576,0.988869953416034,-0.00121076475972648,0.00121076475972648,FALSE
371,"influential_linear","logistic",0.507464474169592,0.534703914436293,0.0272394402667014,0.0272394402667014,FALSE
372,"influential_linear","logistic",0.982561182504981,0.985184368457453,0.00262318595247124,0.00262318595247124,FALSE
373,"influential_linear","logistic",0.754737447032197,0.780371963566748,0.0256345165345513,0.0256345165345513,FALSE
374,"influential_linear","logistic",0.254643895179231,0.164533116190384,-0.0901107789888466,0.0901107789888466,FALSE
375,"influential_linear","logistic",0.312552346034577,0.235690253129321,-0.0768620929052558,0.0768620929052558,FALSE
376,"influential_linear","logistic",0.904140864187078,0.951059823792895,0.0469189596058179,0.0469189596058179,FALSE
378,"influential_linear","logistic",0.827637316127184,0.838094339794971,0.0104570236677877,0.0104570236677877,TRUE
380,"influential_linear","logistic",0.790193327742954,0.745912911768419,-0.0442804159745348,0.0442804159745348,FALSE
381,"influential_linear","logistic",0.65144240807965,0.676215264942753,0.0247728568631033,0.0247728568631033,FALSE
382,"influential_linear","logistic",0.33500142778445,0.410436027961525,0.0754346001770748,0.0754346001770748,FALSE
383,"influential_linear","logistic",0.0511145674254441,0.0436660343804654,-0.00744853304497867,0.00744853304497867,FALSE
384,"influential_linear","logistic",0.499316211641494,0.536365049641598,0.0370488380001043,0.0370488380001043,FALSE
385,"influential_linear","logistic",0.0615516571278703,0.0287143192509965,-0.0328373378768737,0.0328373378768737,FALSE
386,"influential_linear","logistic",0.0348169213654253,0.0191990308373298,-0.0156178905280955,0.0156178905280955,FALSE
387,"influential_linear","logistic",0.322016947757468,0.341166227819041,0.0191492800615726,0.0191492800615726,FALSE
388,"influential_linear","logistic",0.663787422067071,0.689157284682935,0.0253698626158639,0.0253698626158639,FALSE
389,"influential_linear","logistic",0.328538341591494,0.375281430266553,0.0467430886750595,0.0467430886750595,TRUE
391,"influential_linear","logistic",0.869368081890195,0.781878767192893,-0.0874893146973014,0.0874893146973014,TRUE
392,"influential_linear","logistic",0.99507326213188,0.994927307992387,-0.000145954139493476,0.000145954139493476,FALSE
393,"influential_linear","logistic",0.532710098756597,0.596437529984733,0.0637274312281354,0.0637274312281354,FALSE
394,"influential_linear","logistic",0.868262481497929,0.828375824518277,-0.0398866569796511,0.0398866569796511,FALSE
395,"influential_linear","logistic",0.503239637581711,0.465256617702323,-0.0379830198793886,0.0379830198793886,FALSE
396,"influential_linear","logistic",0.784355497386909,0.72592893557996,-0.0584265618069488,0.0584265618069488,FALSE
397,"influential_linear","logistic",0.296699773618434,0.255375003967621,-0.0413247696508131,0.0413247696508131,FALSE
398,"influential_linear","logistic",0.338758829730765,0.34084640352842,0.00208757379765495,0.00208757379765495,FALSE
399,"influential_linear","logistic",0.862755588569277,0.828810139105216,-0.0339454494640612,0.0339454494640612,FALSE
400,"influential_linear","logistic",0.773543245380817,0.781610267338424,0.00806702195760678,0.00806702195760678,FALSE
401,"influential_linear","logistic",0.999986089923119,0.999995112198184,0.00000902227506571762,0.00000902227506571762,FALSE
402,"influential_linear","logistic",0.331686502859882,0.28445328241374,-0.0472332204461428,0.0472332204461428,TRUE
403,"influential_linear","logistic",0.24587336032454,0.226546951211499,-0.0193264091130403,0.0193264091130403,FALSE
405,"influential_linear","logistic",0.648644763564843,0.683999010697591,0.0353542471327476,0.0353542471327476,TRUE
406,"influential_linear","logistic",0.963476663690557,0.943183570053553,-0.0202930936370033,0.0202930936370033,TRUE
407,"influential_linear","logistic",0.753763238207491,0.761237319044253,0.0074740808367616,0.0074740808367616,FALSE
408,"influential_linear","logistic",0.235820925240169,0.182402513297079,-0.05341841194309,0.05341841194309,FALSE
409,"influential_linear","logistic",0.273002324188107,0.390438096402911,0.117435772214805,0.117435772214805,FALSE
410,"influential_linear","logistic",0.995653939861625,0.998261321611972,0.00260738175034614,0.00260738175034614,FALSE
411,"influential_linear","logistic",0.420958532326003,0.375865206130415,-0.0450933261955878,0.0450933261955878,FALSE
412,"influential_linear","logistic",0.110051448112461,0.0684768775670827,-0.0415745705453787,0.0415745705453787,FALSE
413,"influential_linear","logistic",0.8256838718743,0.85887821434023,0.0331943424659298,0.0331943424659298,FALSE
414,"influential_linear","logistic",0.946130916341737,0.948475318593943,0.002344402252206,0.002344402252206,FALSE
415,"influential_linear","logistic",0.0546601315714762,0.037102442346921,-0.0175576892245553,0.0175576892245553,FALSE
416,"influential_linear","logistic",0.0209618208087101,0.00984501766178231,-0.0111168031469278,0.0111168031469278,FALSE
417,"influential_linear","logistic",0.835444791257916,0.844657767684779,0.00921297642686247,0.00921297642686247,FALSE
418,"influential_linear","logistic",0.745353295024673,0.796735698767368,0.0513824037426953,0.0513824037426953,FALSE
419,"influential_linear","logistic",0.0933258912106087,0.0477340998288586,-0.0455917913817501,0.0455917913817501,FALSE
420,"influential_linear","logistic",0.721041649707712,0.678352677217284,-0.0426889724904278,0.0426889724904278,FALSE
421,"influential_linear","logistic",0.999182159151604,0.999726118090053,0.000543958938449496,0.000543958938449496,TRUE
422,"influential_linear","logistic",0.261264867818762,0.32519491673729,0.0639300489185274,0.0639300489185274,FALSE
423,"influential_linear","logistic",0.675780044111993,0.581806207292625,-0.0939738368193677,0.0939738368193677,FALSE
424,"influential_linear","logistic",0.817516235964283,0.783990919345506,-0.0335253166187767,0.0335253166187767,FALSE
425,"influential_linear","logistic",0.62675667329141,0.669509187499435,0.0427525142080247,0.0427525142080247,FALSE
426,"influential_linear","logistic",0.907695159472706,0.91727405018606,0.00957889071335394,0.00957889071335394,FALSE
428,"influential_linear","logistic",0.976219621133807,0.988927673594742,0.0127080524609346,0.0127080524609346,FALSE
429,"influential_linear","logistic",0.738456834820745,0.697629628135318,-0.0408272066854276,0.0408272066854276,FALSE
432,"influential_linear","logistic",0.92636699728271,0.926413491916685,0.0000464946339752137,0.0000464946339752137,FALSE
433,"influential_linear","logistic",0.0220263226504023,0.0276096971435087,0.00558337449310643,0.00558337449310643,FALSE
434,"influential_linear","logistic",0.138969519445954,0.176702613327427,0.0377330938814731,0.0377330938814731,FALSE
435,"influential_linear","logistic",0.211050477965836,0.141595720034441,-0.069454757931395,0.069454757931395,FALSE
436,"influential_linear","logistic",0.382940196081997,0.199029072954316,-0.183911123127681,0.183911123127681,TRUE
437,"influential_linear","logistic",0.652352541165651,0.589536331681411,-0.0628162094842398,0.0628162094842398,FALSE
438,"influential_linear","logistic",0.207530908531389,0.187597911162411,-0.0199329973689777,0.0199329973689777,FALSE
439,"influential_linear","logistic",0.951955303231447,0.966833263036437,0.01487795980499,0.01487795980499,FALSE
440,"influential_linear","logistic",0.103530764600245,0.116472653396532,0.0129418887962871,0.0129418887962871,FALSE
441,"influential_linear","logistic",0.83298458259032,0.855859017864097,0.022874435273777,0.022874435273777,FALSE
442,"influential_linear","logistic",0.735270198736506,0.785152494785697,0.0498822960491917,0.0498822960491917,FALSE
443,"influential_linear","logistic",0.656557926397159,0.729933556949626,0.073375630552467,0.073375630552467,FALSE
444,"influential_linear","logistic",0.37772001213342,0.362064528801101,-0.0156554833323195,0.0156554833323195,FALSE
445,"influential_linear","logistic",0.991747632942332,0.992025721901516,0.000278088959183243,0.000278088959183243,FALSE
446,"influential_linear","logistic",0.119171033312327,0.120593659698777,0.00142262638644992,0.00142262638644992,FALSE
448,"influential_linear","logistic",0.889620310135677,0.912832337596335,0.0232120274606578,0.0232120274606578,FALSE
449,"influential_linear","logistic",0.331028372206056,0.298646487983088,-0.0323818842229678,0.0323818842229678,FALSE
451,"influential_linear","logistic",0.0774660938721546,0.0672267142828467,-0.010239379589308,0.010239379589308,FALSE
452,"influential_linear","logistic",0.419957155795665,0.389418259171368,-0.0305388966242965,0.0305388966242965,FALSE
453,"influential_linear","logistic",0.966743596828773,0.981239319600359,0.0144957227715864,0.0144957227715864,FALSE
454,"influential_linear","logistic",0.244663283833304,0.179899183799768,-0.0647641000335354,0.0647641000335354,FALSE
455,"influential_linear","logistic",0.747538891243509,0.739627414850625,-0.00791147639288359,0.00791147639288359,FALSE
456,"influential_linear","logistic",0.475493630763509,0.370832986093061,-0.104660644670447,0.104660644670447,FALSE
457,"influential_linear","logistic",0.737956476486958,0.755744799837151,0.017788323350193,0.017788323350193,FALSE
458,"influential_linear","logistic",0.972506793539799,0.983909112861278,0.0114023193214795,0.0114023193214795,FALSE
459,"influential_linear","logistic",0.215890440056359,0.195450217071908,-0.0204402229844512,0.0204402229844512,FALSE
460,"influential_linear","logistic",0.142552504263498,0.128199436104524,-0.0143530681589734,0.0143530681589734,FALSE
461,"influential_linear","logistic",0.222440196665516,0.245775119612453,0.0233349229469371,0.0233349229469371,FALSE
462,"influential_linear","logistic",0.467047716773449,0.497101540929994,0.030053824156545,0.030053824156545,FALSE
463,"influential_linear","logistic",0.698737341635646,0.840881392791202,0.142144051155555,0.142144051155555,FALSE
464,"influential_linear","logistic",0.0568535227869497,0.0342512190213664,-0.0226023037655833,0.0226023037655833,FALSE
465,"influential_linear","logistic",0.859395833939244,0.898219597284078,0.038823763344834,0.038823763344834,FALSE
466,"influential_linear","logistic",0.893322748895839,0.906317741145985,0.0129949922501453,0.0129949922501453,FALSE
467,"influential_linear","logistic",0.124985337995657,0.119111124153094,-0.00587421384256245,0.00587421384256245,FALSE
468,"influential_linear","logistic",0.367706271195322,0.410034278982403,0.0423280077870812,0.0423280077870812,FALSE
469,"influential_linear","logistic",0.0106377837517508,0.00283413197310882,-0.00780365177864202,0.00780365177864202,TRUE
470,"influential_linear","logistic",0.89650620032124,0.893822762575548,-0.00268343774569169,0.00268343774569169,FALSE
471,"influential_linear","logistic",0.656400314229526,0.764729994081113,0.108329679851588,0.108329679851588,FALSE
472,"influential_linear","logistic",0.839380311343345,0.905020119764766,0.0656398084214209,0.0656398084214209,FALSE
473,"influential_linear","logistic",0.245269413009644,0.246371617772235,0.0011022047625904,0.0011022047625904,FALSE
474,"influential_linear","logistic",0.0914008512183377,0.055146335922422,-0.0362545152959158,0.0362545152959158,FALSE
475,"influential_linear","logistic",0.542758175052643,0.515983142870142,-0.0267750321825003,0.0267750321825003,FALSE
476,"influential_linear","logistic",0.82506848881675,0.874630410272661,0.0495619214559113,0.0495619214559113,FALSE
477,"influential_linear","logistic",0.537756645171324,0.56795618158745,0.0301995364161266,0.0301995364161266,FALSE
479,"influential_linear","logistic",0.130427996308924,0.19406541080623,0.063637414497306,0.063637414497306,FALSE
480,"influential_linear","logistic",0.154239670604966,0.131269495891597,-0.0229701747133691,0.0229701747133691,FALSE
482,"influential_linear","logistic",0.364282695546796,0.358264477896107,-0.00601821765068911,0.00601821765068911,FALSE
483,"influential_linear","logistic",0.18017241180472,0.143464014522634,-0.0367083972820861,0.0367083972820861,FALSE
484,"influential_linear","logistic",0.505292234300649,0.432783955568544,-0.072508278732105,0.072508278732105,FALSE
485,"influential_linear","logistic",0.407820018506804,0.422241178689419,0.0144211601826142,0.0144211601826142,FALSE
486,"influential_linear","logistic",0.251887045935259,0.214128164990052,-0.0377588809452069,0.0377588809452069,FALSE
488,"influential_linear","logistic",0.922791238968469,0.957532906180927,0.0347416672124579,0.0347416672124579,FALSE
489,"influential_linear","logistic",0.841796911011149,0.903666521342413,0.0618696103312639,0.0618696103312639,FALSE
490,"influential_linear","logistic",0.451854384248149,0.420934793366699,-0.0309195908814495,0.0309195908814495,TRUE
491,"influential_linear","logistic",0.026439771352808,0.0236293896585756,-0.00281038169423241,0.00281038169423241,FALSE
492,"influential_linear","logistic",0.121491724981868,0.0893877331543408,-0.0321039918275276,0.0321039918275276,FALSE
493,"influential_linear","logistic",0.722242425314806,0.789200331191307,0.0669579058765015,0.0669579058765015,FALSE
494,"influential_linear","logistic",0.0767893822098327,0.0606087119344766,-0.0161806702753561,0.0161806702753561,FALSE
495,"influential_linear","logistic",0.0855900499612506,0.0745764043042708,-0.0110136456569798,0.0110136456569798,FALSE
496,"influential_linear","logistic",0.659754161594692,0.655142325539516,-0.00461183605517568,0.00461183605517568,FALSE
498,"influential_linear","logistic",0.129754519151421,0.127102222306792,-0.00265229684462809,0.00265229684462809,FALSE
499,"influential_linear","logistic",0.948188991617556,0.95553695219646,0.00734796057890374,0.00734796057890374,FALSE
500,"influential_linear","logistic",0.547865208276583,0.531949957190629,-0.0159152510859542,0.0159152510859542,FALSE
501,"influential_linear","logistic",0.994448290363007,0.996661811039897,0.00221352067689051,0.00221352067689051,TRUE
502,"influential_linear","logistic",0.457419491504213,0.465013228933368,0.0075937374291547,0.0075937374291547,FALSE
503,"influential_linear","logistic",0.511850416105907,0.504364017316394,-0.00748639878951307,0.00748639878951307,FALSE
505,"influential_linear","logistic",0.0173465357132964,0.0134800965237466,-0.0038664391895498,0.0038664391895498,FALSE
506,"influential_linear","logistic",0.449905704071164,0.497976712545488,0.0480710084743241,0.0480710084743241,FALSE
509,"influential_linear","logistic",0.50429196325783,0.541065529157753,0.036773565899923,0.036773565899923,FALSE
510,"influential_linear","logistic",0.0420390434197188,0.0238552019564799,-0.0181838414632389,0.0181838414632389,FALSE
512,"influential_linear","logistic",0.934882448241652,0.957437036985776,0.0225545887441236,0.0225545887441236,TRUE
513,"influential_linear","logistic",0.358590379404879,0.385316824864302,0.0267264454594233,0.0267264454594233,FALSE
514,"influential_linear","logistic",0.690895524458889,0.671594914763746,-0.0193006096951431,0.0193006096951431,FALSE
515,"influential_linear","logistic",0.947516357877166,0.944247159060676,-0.00326919881649046,0.00326919881649046,FALSE
516,"influential_linear","logistic",0.606302835474451,0.646889152482966,0.0405863170085146,0.0405863170085146,TRUE
517,"influential_linear","logistic",0.647379862107148,0.534108314473521,-0.113271547633626,0.113271547633626,FALSE
518,"influential_linear","logistic",0.845460988660931,0.833250842886642,-0.0122101457742897,0.0122101457742897,FALSE
519,"influential_linear","logistic",0.0645614808151256,0.0477511598445203,-0.0168103209706053,0.0168103209706053,FALSE
520,"influential_linear","logistic",0.0302590899848765,0.0243351966189599,-0.00592389336591655,0.00592389336591655,FALSE
521,"influential_linear","logistic",0.0628329060498054,0.0292344003442366,-0.0335985057055688,0.0335985057055688,FALSE
523,"influential_linear","logistic",0.323296624264078,0.310412071411821,-0.0128845528522571,0.0128845528522571,FALSE
524,"influential_linear","logistic",0.645614033546203,0.659242539337623,0.0136285057914196,0.0136285057914196,FALSE
525,"influential_linear","logistic",0.862445726300247,0.88364098994225,0.021195263642003,0.021195263642003,FALSE
526,"influential_linear","logistic",0.232597873894197,0.164613115171189,-0.0679847587230077,0.0679847587230077,FALSE
527,"influential_linear","logistic",0.0900146923775637,0.150353254441134,0.0603385620635698,0.0603385620635698,FALSE
528,"influential_linear","logistic",0.324366741287773,0.267125554586689,-0.0572411867010843,0.0572411867010843,FALSE
530,"influential_linear","logistic",0.93555714605067,0.917001237408882,-0.0185559086417884,0.0185559086417884,FALSE
531,"influential_linear","logistic",0.081301860031987,0.0660394520476376,-0.0152624079843494,0.0152624079843494,FALSE
532,"influential_linear","logistic",0.554347617750433,0.499403019358266,-0.0549445983921668,0.0549445983921668,FALSE
534,"influential_linear","logistic",0.989787940301795,0.989263443134197,-0.000524497167597726,0.000524497167597726,FALSE
536,"influential_linear","logistic",0.261866844269589,0.220370357769096,-0.0414964865004926,0.0414964865004926,FALSE
537,"influential_linear","logistic",0.160388088870172,0.16516291815099,0.00477482928081774,0.00477482928081774,FALSE
538,"influential_linear","logistic",0.382201742164704,0.502648840898165,0.120447098733462,0.120447098733462,TRUE
539,"influential_linear","logistic",0.686030679158416,0.738687556117591,0.0526568769591756,0.0526568769591756,FALSE
541,"influential_linear","logistic",0.8146440688724,0.842376563270204,0.0277324943978033,0.0277324943978033,FALSE
542,"influential_linear","logistic",0.430912574427244,0.445940935817542,0.0150283613902975,0.0150283613902975,FALSE
543,"influential_linear","logistic",0.114178612300582,0.090736302466932,-0.0234423098336502,0.0234423098336502,FALSE
544,"influential_linear","logistic",0.640829560397075,0.533981714575096,-0.106847845821979,0.106847845821979,FALSE
546,"influential_linear","logistic",0.868265565817201,0.887766509828457,0.0195009440112556,0.0195009440112556,FALSE
547,"influential_linear","logistic",0.766133746603892,0.812766927423527,0.0466331808196355,0.0466331808196355,FALSE
548,"influential_linear","logistic",0.0747117411589927,0.0424544291457217,-0.032257312013271,0.032257312013271,FALSE
550,"influential_linear","logistic",0.749802204225266,0.791973231737378,0.0421710275121115,0.0421710275121115,FALSE
551,"influential_linear","logistic",0.626829823855262,0.731170891378021,0.104341067522759,0.104341067522759,TRUE
552,"influential_linear","logistic",0.75149385460711,0.66978477437117,-0.0817090802359401,0.0817090802359401,TRUE
555,"influential_linear","logistic",0.241973447044684,0.253623754250031,0.0116503072053471,0.0116503072053471,FALSE
556,"influential_linear","logistic",0.509253925602222,0.534875509469746,0.025621583867524,0.025621583867524,FALSE
557,"influential_linear","logistic",0.796157664809335,0.828506126465601,0.032348461656266,0.032348461656266,FALSE
559,"influential_linear","logistic",0.00759390416767012,0.00479923884895175,-0.00279466531871837,0.00279466531871837,FALSE
560,"influential_linear","logistic",0.0284749934459167,0.0183955015402241,-0.0100794919056926,0.0100794919056926,FALSE
561,"influential_linear","logistic",0.663505043664355,0.713198526115016,0.0496934824506613,0.0496934824506613,FALSE
562,"influential_linear","logistic",0.576213226771036,0.662542426352608,0.0863291995815724,0.0863291995815724,TRUE
563,"influential_linear","logistic",0.982354122566297,0.988955733787577,0.00660161122128,0.00660161122128,FALSE
564,"influential_linear","logistic",0.229766902105993,0.181319347401301,-0.0484475547046921,0.0484475547046921,FALSE
565,"influential_linear","logistic",0.887755022958092,0.842241948552008,-0.045513074406084,0.045513074406084,FALSE
566,"influential_linear","logistic",0.822458542599243,0.793330165336579,-0.0291283772626635,0.0291283772626635,FALSE
567,"influential_linear","logistic",0.492546172527503,0.44800593990194,-0.0445402326255635,0.0445402326255635,FALSE
568,"influential_linear","logistic",0.479014025541266,0.492577546899811,0.0135635213585449,0.0135635213585449,FALSE
569,"influential_linear","logistic",0.114534793508472,0.0793243345974315,-0.0352104589110404,0.0352104589110404,FALSE
571,"influential_linear","logistic",0.673518421162678,0.62730297501288,-0.0462154461497989,0.0462154461497989,FALSE
573,"influential_linear","logistic",0.487243613266271,0.48552453328081,-0.00171907998546084,0.00171907998546084,TRUE
574,"influential_linear","logistic",0.0965075579259199,0.0572600718251184,-0.0392474861008014,0.0392474861008014,FALSE
575,"influential_linear","logistic",0.39148329443723,0.30273753591533,-0.0887457585218999,0.0887457585218999,FALSE
576,"influential_linear","logistic",0.56852062322111,0.577290543219156,0.00876991999804666,0.00876991999804666,FALSE
578,"influential_linear","logistic",0.91917474821294,0.944143468217897,0.024968720004957,0.024968720004957,FALSE
579,"influential_linear","logistic",0.378668704508524,0.241950306572332,-0.136718397936192,0.136718397936192,FALSE
580,"influential_linear","logistic",0.98736386900296,0.983795599698852,-0.00356826930410747,0.00356826930410747,TRUE
581,"influential_linear","logistic",0.939281366327372,0.962480576635021,0.0231992103076488,0.0231992103076488,FALSE
584,"influential_linear","logistic",0.937826346984892,0.942302960421658,0.00447661343676597,0.00447661343676597,FALSE
585,"influential_linear","logistic",0.804718180789976,0.847033519446168,0.0423153386561914,0.0423153386561914,FALSE
587,"influential_linear","logistic",0.420381582535899,0.336648835850971,-0.0837327466849285,0.0837327466849285,FALSE
589,"influential_linear","logistic",0.702902261460136,0.708902772802754,0.00600051134261781,0.00600051134261781,FALSE
590,"influential_linear","logistic",0.453246458749986,0.480000010006346,0.0267535512563601,0.0267535512563601,FALSE
591,"influential_linear","logistic",0.383969431782195,0.383270529501722,-0.000698902280472979,0.000698902280472979,FALSE
592,"influential_linear","logistic",0.383334418070604,0.392002602364498,0.00866818429389354,0.00866818429389354,FALSE
593,"influential_linear","logistic",0.441140937020027,0.341269468298332,-0.0998714687216954,0.0998714687216954,FALSE
594,"influential_linear","logistic",0.904645643474298,0.948503763426062,0.043858119951764,0.043858119951764,FALSE
595,"influential_linear","logistic",0.0920130295291054,0.0487739922368524,-0.043239037292253,0.043239037292253,FALSE
596,"influential_linear","logistic",0.495647530997422,0.421454215015827,-0.0741933159815944,0.0741933159815944,FALSE
597,"influential_linear","logistic",0.611321904809858,0.489960175048345,-0.121361729761513,0.121361729761513,FALSE
598,"influential_linear","logistic",0.202939512054396,0.173215587997803,-0.0297239240565929,0.0297239240565929,FALSE
599,"influential_linear","logistic",0.140119405804783,0.1455360017551,0.00541659595031793,0.00541659595031793,FALSE
600,"influential_linear","logistic",0.166130055153585,0.141060698791587,-0.025069356361998,0.025069356361998,FALSE
601,"influential_linear","logistic",0.224795924442047,0.169488580572645,-0.0553073438694021,0.0553073438694021,FALSE
602,"influential_linear","logistic",0.922166298101046,0.932066449160097,0.00990015105905073,0.00990015105905073,FALSE
603,"influential_linear","logistic",0.565072708445064,0.421211473702521,-0.143861234742543,0.143861234742543,FALSE
604,"influential_linear","logistic",0.400437239307885,0.351037905637091,-0.0493993336707948,0.0493993336707948,FALSE
605,"influential_linear","logistic",0.873280630642515,0.845735576000723,-0.0275450546417924,0.0275450546417924,FALSE
606,"influential_linear","logistic",0.995008585317866,0.996673098494302,0.00166451317643612,0.00166451317643612,FALSE
607,"influential_linear","logistic",0.381830942127097,0.442404488793611,0.0605735466665136,0.0605735466665136,FALSE
608,"influential_linear","logistic",0.606380907309423,0.51950484109997,-0.086876066209453,0.086876066209453,FALSE
609,"influential_linear","logistic",0.278698676466747,0.236953376204446,-0.0417453002623019,0.0417453002623019,FALSE
610,"influential_linear","logistic",0.0349801708353811,0.0292698161688756,-0.00571035466650549,0.00571035466650549,FALSE
611,"influential_linear","logistic",0.0631235693212444,0.037293921733983,-0.0258296475872614,0.0258296475872614,FALSE
612,"influential_linear","logistic",0.705523946296708,0.692172488251722,-0.0133514580449857,0.0133514580449857,FALSE
613,"influential_linear","logistic",0.828636760251981,0.866395193829312,0.0377584335773313,0.0377584335773313,FALSE
614,"influential_linear","logistic",0.865232014321952,0.903382093480276,0.0381500791583238,0.0381500791583238,FALSE
615,"influential_linear","logistic",0.996189493934309,0.99676780195848,0.000578308024170804,0.000578308024170804,FALSE
616,"influential_linear","logistic",0.181923942461515,0.165845396509915,-0.0160785459515998,0.0160785459515998,FALSE
618,"influential_linear","logistic",0.0934263869411407,0.0859271240085114,-0.00749926293262933,0.00749926293262933,FALSE
619,"influential_linear","logistic",0.850850140026042,0.841080584993799,-0.00976955503224275,0.00976955503224275,FALSE
620,"influential_linear","logistic",0.79918117809471,0.879472270756011,0.0802910926613013,0.0802910926613013,FALSE
621,"influential_linear","logistic",0.333897598118556,0.22404050845972,-0.109857089658836,0.109857089658836,FALSE
622,"influential_linear","logistic",0.0462947561530785,0.0404417905129165,-0.00585296564016198,0.00585296564016198,FALSE
623,"influential_linear","logistic",0.789223624240186,0.87130171431126,0.0820780900710737,0.0820780900710737,TRUE
624,"influential_linear","logistic",0.857956151985464,0.848609877264483,-0.00934627472098126,0.00934627472098126,FALSE
625,"influential_linear","logistic",0.654075059562117,0.568819792265349,-0.085255267296768,0.085255267296768,TRUE
626,"influential_linear","logistic",0.179649276007063,0.148106971026076,-0.0315423049809866,0.0315423049809866,FALSE
627,"influential_linear","logistic",0.834141203593993,0.752144600200481,-0.081996603393512,0.081996603393512,FALSE
629,"influential_linear","logistic",0.354101567203658,0.381910679768484,0.0278091125648264,0.0278091125648264,FALSE
630,"influential_linear","logistic",0.44330809163328,0.435876099258089,-0.00743199237519115,0.00743199237519115,FALSE
631,"influential_linear","logistic",0.186036855202797,0.226960378620445,0.0409235234176489,0.0409235234176489,FALSE
632,"influential_linear","logistic",0.96020092256731,0.971326985912288,0.0111260633449783,0.0111260633449783,FALSE
633,"influential_linear","logistic",0.132083934810988,0.0889643397108954,-0.0431195951000927,0.0431195951000927,FALSE
634,"influential_linear","logistic",0.122065785772725,0.113033143761964,-0.00903264201076136,0.00903264201076136,FALSE
635,"influential_linear","logistic",0.0254302252190026,0.015761707161391,-0.00966851805761154,0.00966851805761154,FALSE
636,"influential_linear","logistic",0.960071557951243,0.94939985541653,-0.0106717025347136,0.0106717025347136,FALSE
637,"influential_linear","logistic",0.235493773535853,0.227086024416786,-0.008407749119067,0.008407749119067,FALSE
638,"influential_linear","logistic",0.338691684658588,0.278514036935567,-0.0601776477230204,0.0601776477230204,FALSE
639,"influential_linear","logistic",0.0826148495302856,0.0568112735844999,-0.0258035759457857,0.0258035759457857,FALSE
640,"influential_linear","logistic",0.716118580914654,0.720971681663893,0.0048531007492395,0.0048531007492395,FALSE
641,"influential_linear","logistic",0.212963374615645,0.136920929100275,-0.07604244551537,0.07604244551537,FALSE
642,"influential_linear","logistic",0.969146257803864,0.980588463420881,0.0114422056170175,0.0114422056170175,FALSE
643,"influential_linear","logistic",0.51532861529807,0.613143844792432,0.097815229494362,0.097815229494362,FALSE
645,"influential_linear","logistic",0.523713955886935,0.577471165750321,0.0537572098633863,0.0537572098633863,FALSE
646,"influential_linear","logistic",0.855544207051777,0.882784554388205,0.027240347336428,0.027240347336428,FALSE
647,"influential_linear","logistic",0.187521115152595,0.163960833535942,-0.0235602816166532,0.0235602816166532,FALSE
648,"influential_linear","logistic",0.616837012660837,0.639339889115923,0.0225028764550854,0.0225028764550854,FALSE
649,"influential_linear","logistic",0.787827515957527,0.753108780234902,-0.0347187357226251,0.0347187357226251,FALSE
650,"influential_linear","logistic",0.0884301215496242,0.0803192642145829,-0.00811085733504135,0.00811085733504135,FALSE
651,"influential_linear","logistic",0.576842472224177,0.570612802076211,-0.00622967014796627,0.00622967014796627,FALSE
652,"influential_linear","logistic",0.527343988613133,0.467584370732771,-0.0597596178803622,0.0597596178803622,FALSE
653,"influential_linear","logistic",0.255318117491468,0.185775572731169,-0.0695425447602987,0.0695425447602987,FALSE
654,"influential_linear","logistic",0.0878531982175247,0.0966247055737799,0.00877150735625523,0.00877150735625523,FALSE
656,"influential_linear","logistic",0.307879518367291,0.245864016424611,-0.0620155019426801,0.0620155019426801,FALSE
657,"influential_linear","logistic",0.469983116680134,0.430957918574026,-0.0390251981061076,0.0390251981061076,FALSE
659,"influential_linear","logistic",0.0682449692945156,0.0520751860149459,-0.0161697832795697,0.0161697832795697,FALSE
661,"influential_linear","logistic",0.0417671975721238,0.0345398162356618,-0.00722738133646195,0.00722738133646195,FALSE
662,"influential_linear","logistic",0.186322299576576,0.175392124246781,-0.0109301753297952,0.0109301753297952,TRUE
664,"influential_linear","logistic",0.68851188779249,0.611059012404801,-0.077452875387689,0.077452875387689,FALSE
665,"influential_linear","logistic",0.992555693925993,0.993857198258059,0.00130150433206633,0.00130150433206633,FALSE
668,"influential_linear","logistic",0.0656342085497502,0.0542240729008349,-0.0114101356489153,0.0114101356489153,FALSE
669,"influential_linear","logistic",0.636525771283638,0.529616059371449,-0.106909711912189,0.106909711912189,FALSE
670,"influential_linear","logistic",0.0604465606875962,0.0395351279498554,-0.0209114327377408,0.0209114327377408,FALSE
671,"influential_linear","logistic",0.769032260758856,0.803858917381002,0.0348266566221459,0.0348266566221459,FALSE
672,"influential_linear","logistic",0.100240911245207,0.0516364686741515,-0.0486044425710555,0.0486044425710555,FALSE
673,"influential_linear","logistic",0.919533693832027,0.908736998667428,-0.0107966951645987,0.0107966951645987,FALSE
1,"influential_logistic","linear",-7.91645000296561,-7.61119888709724,0.305251115868376,0.305251115868376,FALSE
2,"influential_logistic","linear",-14.185870086553,-14.2171419406672,-0.0312718541141965,0.0312718541141965,FALSE
3,"influential_logistic","linear",-10.8487675166409,-11.0042711863302,-0.155503669689287,0.155503669689287,FALSE
4,"influential_logistic","linear",-8.18075120804173,-9.10117634941919,-0.920425141377455,0.920425141377455,FALSE
5,"influential_logistic","linear",-8.35815576543642,-9.11280529180367,-0.754649526367256,0.754649526367256,FALSE
6,"influential_logistic","linear",-4.87483780073546,-5.96806209271756,-1.0932242919821,1.0932242919821,FALSE
7,"influential_logistic","linear",-11.3888877775805,-11.5467749740051,-0.157887196424577,0.157887196424577,FALSE
8,"influential_logistic","linear",-8.33622618490828,-9.330888900617,-0.994662715708724,0.994662715708724,FALSE
9,"influential_logistic","linear",-1.11263070648954,-0.206405032687397,0.906225673802145,0.906225673802145,TRUE
10,"influential_logistic","linear",-7.13205956776902,-7.8384426495994,-0.706383081830388,0.706383081830388,FALSE
11,"influential_logistic","linear",-7.29974691796911,-8.27012151091847,-0.97037459294936,0.97037459294936,FALSE
12,"influential_logistic","linear",-2.71332586637043,-2.66779188225867,0.0455339841117546,0.0455339841117546,FALSE
13,"influential_logistic","linear",-8.60144526485285,-9.29301680272081,-0.691571537867967,0.691571537867967,FALSE
14,"influential_logistic","linear",-1.61026115803277,-0.673693556976168,0.9365676010566,0.9365676010566,FALSE
15,"influential_logistic","linear",-0.357219159138391,-0.0115956163333586,0.345623542805032,0.345623542805032,FALSE
16,"influential_logistic","linear",-5.5227998211455,-5.5670048756709,-0.0442050545254054,0.0442050545254054,FALSE
17,"influential_logistic","linear",-4.78710389237567,-5.83339222599396,-1.04628833361829,1.04628833361829,FALSE
18,"influential_logistic","linear",-7.91864572539018,-8.2268483219625,-0.308202596572326,0.308202596572326,FALSE
19,"influential_logistic","linear",-3.23591755345648,-3.35911732832988,-0.123199774873396,0.123199774873396,FALSE
20,"influential_logistic","linear",-9.53589377398164,-9.68256312477136,-0.146669350789724,0.146669350789724,FALSE
21,"influential_logistic","linear",-4.68664091922955,-4.86134013051146,-0.174699211281915,0.174699211281915,FALSE
22,"influential_logistic","linear",-6.08865036685128,-6.09094031859389,-0.00228995174260849,0.00228995174260849,FALSE
23,"influential_logistic","linear",-1.17744906992717,0.288143025904082,1.46559209583125,1.46559209583125,FALSE
24,"influential_logistic","linear",0.242890363645935,1.55558445295778,1.31269408931184,1.31269408931184,FALSE
25,"influential_logistic","linear",-8.81741748604552,-9.8829255338361,-1.06550804779057,1.06550804779057,FALSE
26,"influential_logistic","linear",-7.73391685646086,-8.20214606545388,-0.46822920899302,0.46822920899302,FALSE
27,"influential_logistic","linear",-4.49214934201429,-3.64974949874795,0.842399843266341,0.842399843266341,FALSE
28,"influential_logistic","linear",-5.50684723218216,-5.79182025636517,-0.284973024183004,0.284973024183004,FALSE
29,"influential_logistic","linear",-3.70274164218519,-3.04084003772376,0.661901604461426,0.661901604461426,FALSE
30,"influential_logistic","linear",-5.48823003533397,-5.09683900676735,0.39139102856662,0.39139102856662,FALSE
31,"influential_logistic","linear",-3.41219679980006,-2.86042849278657,0.551768307013489,0.551768307013489,FALSE
32,"influential_logistic","linear",-8.28953485786764,-8.23792132376104,0.0516135341065933,0.0516135341065933,FALSE
33,"influential_logistic","linear",-10.1712185496022,-11.3550813836722,-1.18386283407003,1.18386283407003,FALSE
34,"influential_logistic","linear",-5.68763766012333,-5.31044301566109,0.377194644462248,0.377194644462248,FALSE
35,"influential_logistic","linear",-3.22827760384539,-1.93269181551529,1.2955857883301,1.2955857883301,FALSE
36,"influential_logistic","linear",2.39248695990665,2.38468524551627,-0.00780171439037947,0.00780171439037947,FALSE
37,"influential_logistic","linear",-4.21689346649209,-4.088283588929,0.128609877563092,0.128609877563092,FALSE
38,"influential_logistic","linear",-8.40687099484628,-8.4826062528063,-0.0757352579600141,0.0757352579600141,FALSE
39,"influential_logistic","linear",-5.5047171136083,-5.39084922946231,0.113867884145993,0.113867884145993,FALSE
40,"influential_logistic","linear",-4.61796261572529,-4.69963998660878,-0.0816773708834901,0.0816773708834901,FALSE
41,"influential_logistic","linear",-14.940525922537,-16.0759261022233,-1.13540017968626,1.13540017968626,FALSE
42,"influential_logistic","linear",-6.02094310429272,-5.87602266561461,0.144920438678112,0.144920438678112,FALSE
43,"influential_logistic","linear",-2.37402086155275,-0.842555527269325,1.53146533428342,1.53146533428342,TRUE
44,"influential_logistic","linear",-2.19102689963101,-2.19993681277903,-0.00890991314801504,0.00890991314801504,TRUE
45,"influential_logistic","linear",-8.99176706061846,-10.1088935867456,-1.11712652612712,1.11712652612712,FALSE
47,"influential_logistic","linear",-6.40383963251345,-6.08928127126903,0.314558361244416,0.314558361244416,FALSE
48,"influential_logistic","linear",-9.83696538204111,-11.3067271939932,-1.46976181195213,1.46976181195213,FALSE
49,"influential_logistic","linear",-7.67011832376818,-8.81759284079961,-1.14747451703143,1.14747451703143,FALSE
50,"influential_logistic","linear",-5.86469063496391,-6.1366329494993,-0.271942314535392,0.271942314535392,FALSE
51,"influential_logistic","linear",-4.73607923536505,-4.63013786875389,0.105941366611158,0.105941366611158,FALSE
52,"influential_logistic","linear",-5.31078353884738,-6.36282311358594,-1.05203957473856,1.05203957473856,TRUE
53,"influential_logistic","linear",-2.7910074275548,-2.20293619804809,0.588071229506709,0.588071229506709,TRUE
54,"influential_logistic","linear",-4.53554669325695,-3.75784617047067,0.777700522786279,0.777700522786279,FALSE
55,"influential_logistic","linear",-3.82217421958387,-5.17558555151607,-1.3534113319322,1.3534113319322,TRUE
56,"influential_logistic","linear",-5.97624026810702,-5.50048503073273,0.475755237374281,0.475755237374281,FALSE
57,"influential_logistic","linear",-1.45077051337328,-0.32944050336234,1.12133001001094,1.12133001001094,FALSE
58,"influential_logistic","linear",1.98842000643175,2.27438080328179,0.285960796850036,0.285960796850036,FALSE
59,"influential_logistic","linear",-1.73058039189809,-1.33053620259891,0.400044189299174,0.400044189299174,FALSE
60,"influential_logistic","linear",-0.635906302446492,-0.830286867183538,-0.194380564737047,0.194380564737047,FALSE
61,"influential_logistic","linear",-6.60941180356986,-6.4041351018107,0.205276701759157,0.205276701759157,FALSE
62,"influential_logistic","linear",-5.67942002448373,-6.69517606629705,-1.01575604181332,1.01575604181332,FALSE
63,"influential_logistic","linear",-10.385517333422,-11.9260153147939,-1.54049798137183,1.54049798137183,FALSE
64,"influential_logistic","linear",-0.999351447102465,-0.958218555966634,0.0411328911358311,0.0411328911358311,FALSE
65,"influential_logistic","linear",-8.06390050444183,-7.51439864728572,0.549501857156112,0.549501857156112,FALSE
66,"influential_logistic","linear",-0.341874967449256,0.562787998170688,0.904662965619945,0.904662965619945,FALSE
67,"influential_logistic","linear",-9.84198447522108,-10.2509291401226,-0.408944664901501,0.408944664901501,FALSE
68,"influential_logistic","linear",-8.57790506603059,-9.29465320305493,-0.716748137024346,0.716748137024346,FALSE
69,"influential_logistic","linear",-3.63597687159081,-3.43838966826148,0.197587203329334,0.197587203329334,FALSE
70,"influential_logistic","linear",-6.88719010021047,-7.13554509965896,-0.248354999448487,0.248354999448487,FALSE
71,"influential_logistic","linear",-1.86061605738823,-2.95935427271255,-1.09873821532432,1.09873821532432,FALSE
72,"influential_logistic","linear",-7.01453803332827,-6.81721072743948,0.197327305888791,0.197327305888791,FALSE
73,"influential_logistic","linear",-6.17027458394209,-7.43273486425895,-1.26246028031686,1.26246028031686,FALSE
74,"influential_logistic","linear",-4.43820491652964,-4.3763638374285,0.0618410791011392,0.0618410791011392,FALSE
75,"influential_logistic","linear",-2.07022554547098,-1.78752830531234,0.282697240158642,0.282697240158642,FALSE
76,"influential_logistic","linear",-10.7632554467563,-11.3064701727366,-0.543214725980263,0.543214725980263,FALSE
77,"influential_logistic","linear",-3.75978428082321,-3.20695171687476,0.552832563948446,0.552832563948446,TRUE
78,"influential_logistic","linear",-8.45128297661287,-9.79444799193475,-1.34316501532188,1.34316501532188,FALSE
79,"influential_logistic","linear",-5.7285595579747,-6.39670893718898,-0.668149379214285,0.668149379214285,TRUE
80,"influential_logistic","linear",-4.42678972591197,-5.27214899653116,-0.845359270619193,0.845359270619193,FALSE
81,"influential_logistic","linear",-13.5585602185526,-14.5306176883546,-0.972057469801946,0.972057469801946,FALSE
82,"influential_logistic","linear",-4.56872872256483,-5.55451022809454,-0.985781505529705,0.985781505529705,FALSE
83,"influential_logistic","linear",-5.84823390449242,-6.01942912275749,-0.171195218265071,0.171195218265071,FALSE
84,"influential_logistic","linear",-7.00154149361981,-6.56505358468184,0.436487908937962,0.436487908937962,TRUE
85,"influential_logistic","linear",-0.638780345708681,-1.83735579323235,-1.19857544752367,1.19857544752367,TRUE
86,"influential_logistic","linear",-8.07524415525459,-9.06413658784337,-0.988892432588784,0.988892432588784,TRUE
87,"influential_logistic","linear",-8.03600166652891,-8.35084455505043,-0.314842888521516,0.314842888521516,FALSE
88,"influential_logistic","linear",-4.02415053875275,-4.42735693286265,-0.403206394109898,0.403206394109898,FALSE
89,"influential_logistic","linear",-4.51779774707411,-4.49368617896446,0.0241115681096504,0.0241115681096504,FALSE
90,"influential_logistic","linear",-4.41785257117827,-5.36013005113179,-0.942277479953515,0.942277479953515,TRUE
91,"influential_logistic","linear",-7.7765199111795,-8.06859543777517,-0.292075526595672,0.292075526595672,FALSE
92,"influential_logistic","linear",-6.01157360951034,-6.32122203812402,-0.309648428613678,0.309648428613678,TRUE
93,"influential_logistic","linear",-2.42874293389381,-1.08791747912274,1.34082545477107,1.34082545477107,FALSE
94,"influential_logistic","linear",-1.56000395595953,-1.8894923550475,-0.329488399087968,0.329488399087968,FALSE
95,"influential_logistic","linear",-6.84386331136548,-6.82949383226488,0.0143694791006013,0.0143694791006013,FALSE
96,"influential_logistic","linear",-0.367473980206453,1.25196626897496,1.61944024918141,1.61944024918141,FALSE
97,"influential_logistic","linear",-6.92220382396761,-6.97031289982248,-0.0481090758548754,0.0481090758548754,FALSE
98,"influential_logistic","linear",-1.32522162655129,-0.214546664583101,1.11067496196819,1.11067496196819,FALSE
99,"influential_logistic","linear",-5.02250449940857,-4.79775519558534,0.224749303823236,0.224749303823236,FALSE
100,"influential_logistic","linear",-7.29305275455196,-7.28789381893683,0.00515893561512293,0.00515893561512293,FALSE
101,"influential_logistic","linear",-10.3200428049021,-10.508813933514,-0.188771128611881,0.188771128611881,FALSE
102,"influential_logistic","linear",-4.21437956476276,-3.55308015831746,0.661299406445302,0.661299406445302,FALSE
103,"influential_logistic","linear",-6.42067710390151,-5.80395787888128,0.616719225020231,0.616719225020231,FALSE
104,"influential_logistic","linear",-12.2156108637869,-12.785043376744,-0.569432512957121,0.569432512957121,FALSE
105,"influential_logistic","linear",-9.40798067325145,-9.74810813819509,-0.340127464943645,0.340127464943645,TRUE
106,"influential_logistic","linear",-2.1981712147249,-2.52094125081605,-0.322770036091156,0.322770036091156,FALSE
107,"influential_logistic","linear",-11.4156923615671,-11.8152888734344,-0.399596511867315,0.399596511867315,FALSE
108,"influential_logistic","linear",-5.27454474731501,-4.8739762751916,0.400568472123414,0.400568472123414,FALSE
109,"influential_logistic","linear",-0.986264231791676,-0.430005610720643,0.556258621071033,0.556258621071033,TRUE
110,"influential_logistic","linear",-6.26397371211706,-6.6149424013924,-0.350968689275341,0.350968689275341,FALSE
111,"influential_logistic","linear",-2.78535534659675,-2.80146790631327,-0.0161125597165239,0.0161125597165239,FALSE
112,"influential_logistic","linear",-2.00418962289175,-1.26215680170089,0.74203282119086,0.74203282119086,FALSE
113,"influential_logistic","linear",-4.317650183809,-3.10223028150274,1.21541990230626,1.21541990230626,FALSE
114,"influential_logistic","linear",-1.0323259668865,0.157828864898078,1.19015483178458,1.19015483178458,FALSE
115,"influential_logistic","linear",-2.62127876060587,-2.72304083350319,-0.101762072897318,0.101762072897318,FALSE
116,"influential_logistic","linear",-5.1616345254013,-5.35250385743327,-0.190869332031971,0.190869332031971,FALSE
117,"influential_logistic","linear",-4.24315153349782,-4.5032386706292,-0.260087137131376,0.260087137131376,FALSE
118,"influential_logistic","linear",-0.113991251933389,1.09019299724116,1.20418424917455,1.20418424917455,FALSE
119,"influential_logistic","linear",-2.01787824930173,-1.62128754094407,0.396590708357667,0.396590708357667,FALSE
120,"influential_logistic","linear",0.183144648510282,1.88241203004078,1.6992673815305,1.6992673815305,TRUE
121,"influential_logistic","linear",-4.95405214552096,-6.34439783202671,-1.39034568650575,1.39034568650575,TRUE
122,"influential_logistic","linear",-4.94918225771823,-4.71416129016965,0.235020967548578,0.235020967548578,FALSE
123,"influential_logistic","linear",-4.72221650080747,-5.39799029464709,-0.67577379383962,0.67577379383962,TRUE
124,"influential_logistic","linear",-7.62133190526847,-8.04351087629533,-0.422178971026863,0.422178971026863,FALSE
125,"influential_logistic","linear",-0.469141893269568,0.616515726699894,1.08565761996946,1.08565761996946,FALSE
126,"influential_logistic","linear",-2.84694160573235,-2.0977611665605,0.749180439171848,0.749180439171848,FALSE
127,"influential_logistic","linear",-6.17513151985371,-7.21893615486043,-1.04380463500672,1.04380463500672,TRUE
128,"influential_logistic","linear",-7.66978713284749,-7.00718596389781,0.662601168949679,0.662601168949679,TRUE
129,"influential_logistic","linear",-0.0274890538051897,0.584457107190168,0.611946160995358,0.611946160995358,FALSE
130,"influential_logistic","linear",-4.28302241615098,-4.34574803487677,-0.0627256187257883,0.0627256187257883,FALSE
131,"influential_logistic","linear",-3.22672085800247,-2.7224022515631,0.504318606439372,0.504318606439372,FALSE
132,"influential_logistic","linear",-0.390216242002089,1.16435390678194,1.55457014878402,1.55457014878402,FALSE
133,"influential_logistic","linear",-3.3967798359232,-3.7829971712496,-0.386217335326398,0.386217335326398,TRUE
134,"influential_logistic","linear",-1.32053853637716,-2.38235908216775,-1.06182054579059,1.06182054579059,TRUE
135,"influential_logistic","linear",0.982667714337541,2.0645170320773,1.08184931773976,1.08184931773976,FALSE
136,"influential_logistic","linear",-2.92180596111635,-2.25199946404751,0.669806497068849,0.669806497068849,TRUE
137,"influential_logistic","linear",-3.39132940485535,-3.12472063017063,0.266608774684723,0.266608774684723,FALSE
138,"influential_logistic","linear",-11.1438338829325,-11.3160331438084,-0.172199260875846,0.172199260875846,FALSE
139,"influential_logistic","linear",-5.2634777757812,-5.57565868935994,-0.312180913578745,0.312180913578745,FALSE
140,"influential_logistic","linear",-5.93608028420752,-6.10067252099706,-0.164592236789541,0.164592236789541,TRUE
141,"influential_logistic","linear",-3.3949412296856,-2.99071927762606,0.404221952059543,0.404221952059543,FALSE
142,"influential_logistic","linear",-1.86032238348602,-1.67953102708982,0.180791356396198,0.180791356396198,FALSE
143,"influential_logistic","linear",-2.12136755487085,-1.81260560098535,0.3087619538855,0.3087619538855,FALSE
144,"influential_logistic","linear",-7.02887738950277,-7.72009655656259,-0.69121916705982,0.69121916705982,FALSE
145,"influential_logistic","linear",-6.69585397367742,-8.0776526820442,-1.38179870836678,1.38179870836678,FALSE
146,"influential_logistic","linear",-5.98732953249521,-6.49247556649223,-0.505146033997015,0.505146033997015,FALSE
147,"influential_logistic","linear",-5.50097676573887,-6.48120677207784,-0.980230006338966,0.980230006338966,FALSE
148,"influential_logistic","linear",-10.2253440485615,-11.1696863176756,-0.944342269114163,0.944342269114163,FALSE
149,"influential_logistic","linear",-7.94544245268852,-7.54098373404755,0.404458718640964,0.404458718640964,FALSE
150,"influential_logistic","linear",-6.90872372103928,-6.41898923292334,0.489734488115946,0.489734488115946,FALSE
151,"influential_logistic","linear",-4.13649421177247,-5.2466451098788,-1.11015089810633,1.11015089810633,FALSE
152,"influential_logistic","linear",-3.2896383941937,-3.91997523059977,-0.630336836406062,0.630336836406062,FALSE
153,"influential_logistic","linear",-5.82733418196094,-6.18768418636397,-0.360350004403024,0.360350004403024,FALSE
154,"influential_logistic","linear",-6.09705435158707,-7.33704579724871,-1.23999144566164,1.23999144566164,FALSE
155,"influential_logistic","linear",-4.86137621912507,-6.41616160447047,-1.5547853853454,1.5547853853454,TRUE
156,"influential_logistic","linear",-5.3424061039045,-6.20219845209238,-0.859792348187878,0.859792348187878,FALSE
157,"influential_logistic","linear",-5.91232059089766,-7.36754538108954,-1.45522479019189,1.45522479019189,TRUE
158,"influential_logistic","linear",-4.61743336539154,-4.20145857811804,0.415974787273501,0.415974787273501,FALSE
159,"influential_logistic","linear",-0.81129874235984,0.0450269310334099,0.85632567339325,0.85632567339325,FALSE
160,"influential_logistic","linear",-5.59051516582241,-5.2545900458045,0.335925120017915,0.335925120017915,FALSE
161,"influential_logistic","linear",-3.96087056614305,-3.57967153048815,0.381199035654904,0.381199035654904,FALSE
163,"influential_logistic","linear",-2.21018135194795,-0.803023825269616,1.40715752667833,1.40715752667833,TRUE
164,"influential_logistic","linear",-5.99281205862992,-8.27768313636209,-2.28487107773217,2.28487107773217,TRUE
165,"influential_logistic","linear",-6.06826809921779,-8.25713471659777,-2.18886661737998,2.18886661737998,TRUE
166,"influential_logistic","linear",-1.80566558289929,-1.1521738119678,0.653491770931487,0.653491770931487,FALSE
167,"influential_logistic","linear",-5.60954543200377,-5.49541602740511,0.114129404598664,0.114129404598664,FALSE
168,"influential_logistic","linear",-4.40863250286331,-3.63040373435008,0.778228768513231,0.778228768513231,FALSE
169,"influential_logistic","linear",0.379695198540214,0.571045992520816,0.191350793980601,0.191350793980601,FALSE
170,"influential_logistic","linear",-8.99681749984106,-9.34853378924699,-0.351716289405928,0.351716289405928,FALSE
171,"influential_logistic","linear",-3.11104058586917,-3.01034733128129,0.100693254587874,0.100693254587874,FALSE
172,"influential_logistic","linear",-1.66748518224767,-1.14286550187524,0.524619680372435,0.524619680372435,FALSE
173,"influential_logistic","linear",-2.70322735077781,-1.66707119667897,1.03615615409884,1.03615615409884,FALSE
174,"influential_logistic","linear",-19.2491842369055,-20.4818973839347,-1.23271314702928,1.23271314702928,FALSE
175,"influential_logistic","linear",-8.17409443175518,-8.87431539061532,-0.700220958860141,0.700220958860141,FALSE
176,"influential_logistic","linear",-3.44773858236279,-2.71261631735645,0.735122265006336,0.735122265006336,TRUE
177,"influential_logistic","linear",1.54988813345096,1.81047203477834,0.260583901327374,0.260583901327374,FALSE
178,"influential_logistic","linear",-7.10864383072283,-7.1553238537527,-0.0466800230298761,0.0466800230298761,FALSE
179,"influential_logistic","linear",-6.23509800305799,-6.55244889113458,-0.317350888076591,0.317350888076591,FALSE
180,"influential_logistic","linear",-5.25981118167047,-5.51834280307142,-0.258531621400948,0.258531621400948,FALSE
181,"influential_logistic","linear",-2.04652471393369,-0.825062744147917,1.22146196978577,1.22146196978577,FALSE
182,"influential_logistic","linear",-2.72595217804416,-1.76517209807119,0.960780079972975,0.960780079972975,FALSE
183,"influential_logistic","linear",-8.75519337166198,-9.3845664223432,-0.629373050681219,0.629373050681219,FALSE
184,"influential_logistic","linear",-4.18970328423762,-4.3758074376967,-0.186104153459075,0.186104153459075,FALSE
185,"influential_logistic","linear",-3.94503981111475,-3.54377798563103,0.401261825483716,0.401261825483716,FALSE
186,"influential_logistic","linear",-7.85993968235561,-8.62411918520122,-0.764179502845614,0.764179502845614,FALSE
187,"influential_logistic","linear",-1.75635284462273,-1.35220826426513,0.4041445803576,0.4041445803576,TRUE
188,"influential_logistic","linear",-7.15088928550124,-7.21328336551541,-0.0623940800141733,0.0623940800141733,FALSE
189,"influential_logistic","linear",-8.72735432697008,-8.55569583772062,0.171658489249463,0.171658489249463,FALSE
190,"influential_logistic","linear",-8.25575392762887,-8.14724784074617,0.108506086882697,0.108506086882697,FALSE
191,"influential_logistic","linear",-6.5155979413337,-7.18202270110761,-0.666424759773912,0.666424759773912,FALSE
192,"influential_logistic","linear",-1.74926226381285,-1.65893746411651,0.0903247996963412,0.0903247996963412,FALSE
193,"influential_logistic","linear",-5.03081560538613,-5.16340634787254,-0.13259074248641,0.13259074248641,FALSE
194,"influential_logistic","linear",-7.2431557510189,-8.01053378745761,-0.767378036438712,0.767378036438712,FALSE
195,"influential_logistic","linear",-4.98352314822228,-5.49848834212983,-0.514965193907554,0.514965193907554,FALSE
196,"influential_logistic","linear",-3.90750458428667,-3.83413844381802,0.0733661404686572,0.0733661404686572,FALSE
197,"influential_logistic","linear",-3.88075056492992,-3.77415076535153,0.10659979957839,0.10659979957839,TRUE
198,"influential_logistic","linear",-4.4371937335146,-5.84184119895273,-1.40464746543813,1.40464746543813,FALSE
199,"influential_logistic","linear",-6.63562718825918,-7.10571388162193,-0.470086693362747,0.470086693362747,TRUE
200,"influential_logistic","linear",-6.37517817040722,-6.0356790581144,0.33949911229282,0.33949911229282,FALSE
201,"influential_logistic","linear",-1.58337522624611,-2.25719545975571,-0.673820233509602,0.673820233509602,TRUE
202,"influential_logistic","linear",-5.94783038823327,-6.93382533182132,-0.985994943588048,0.985994943588048,FALSE
203,"influential_logistic","linear",-6.86530325207266,-6.84096291638479,0.0243403356878735,0.0243403356878735,FALSE
204,"influential_logistic","linear",-1.27061638283147,-0.951434197160272,0.3191821856712,0.3191821856712,TRUE
205,"influential_logistic","linear",-9.8176603076602,-8.79622971617872,1.02143059148148,1.02143059148148,FALSE
206,"influential_logistic","linear",-2.46415956978519,-4.62381619108723,-2.15965662130204,2.15965662130204,TRUE
207,"influential_logistic","linear",-5.4495518431116,-5.31949831548361,0.130053527627996,0.130053527627996,FALSE
208,"influential_logistic","linear",-5.16537047464926,-4.34915242274488,0.816218051904381,0.816218051904381,FALSE
209,"influential_logistic","linear",-9.11070717977652,-10.2134276577433,-1.10272047796678,1.10272047796678,FALSE
210,"influential_logistic","linear",-6.88719010021047,-7.13554509965896,-0.248354999448486,0.248354999448486,FALSE
211,"influential_logistic","linear",-4.67407776912129,-4.14327037145772,0.53080739766357,0.53080739766357,FALSE
212,"influential_logistic","linear",-12.9542680437921,-13.8946727178425,-0.94040467405036,0.94040467405036,FALSE
213,"influential_logistic","linear",0.337508998402015,0.960320403104026,0.622811404702011,0.622811404702011,FALSE
214,"influential_logistic","linear",-6.77277923690972,-7.59382309614752,-0.821043859237791,0.821043859237791,FALSE
215,"influential_logistic","linear",-3.73719986006131,-3.6512075392355,0.0859923208258051,0.0859923208258051,FALSE
216,"influential_logistic","linear",-2.56449549468185,-1.78256460691541,0.781930887766433,0.781930887766433,FALSE
217,"influential_logistic","linear",-9.94860215509848,-10.8143522437095,-0.865750088611032,0.865750088611032,FALSE
218,"influential_logistic","linear",-7.00918489792412,-6.71114118922696,0.298043708697156,0.298043708697156,TRUE
219,"influential_logistic","linear",-8.44015758420347,-8.39977213297462,0.040385451228854,0.040385451228854,FALSE
220,"influential_logistic","linear",-10.069133284758,-10.0078356521657,0.0612976325923142,0.0612976325923142,FALSE
221,"influential_logistic","linear",-1.6759392239554,-0.801586951509424,0.874352272445973,0.874352272445973,TRUE
222,"influential_logistic","linear",-8.12804928501613,-8.71197806280636,-0.583928777790231,0.583928777790231,FALSE
223,"influential_logistic","linear",-3.39619335411391,-2.87401344100517,0.522179913108741,0.522179913108741,FALSE
224,"influential_logistic","linear",-8.42833723319639,-8.29074414896915,0.137593084227236,0.137593084227236,FALSE
225,"influential_logistic","linear",-5.06571690561153,-4.96080743462574,0.104909470985793,0.104909470985793,FALSE
226,"influential_logistic","linear",-9.53589377398164,-9.68256312477136,-0.146669350789727,0.146669350789727,FALSE
227,"influential_logistic","linear",-3.28789022037697,-1.4127178089568,1.87517241142017,1.87517241142017,TRUE
228,"influential_logistic","linear",-3.20000047108414,-3.307266292644,-0.107265821559862,0.107265821559862,FALSE
229,"influential_logistic","linear",-1.25585703127856,-0.710221653961812,0.545635377316746,0.545635377316746,FALSE
230,"influential_logistic","linear",-8.0060240677692,-8.11292117539997,-0.106897107630765,0.106897107630765,TRUE
231,"influential_logistic","linear",-2.12366460179867,-0.710569619897753,1.41309498190092,1.41309498190092,FALSE
232,"influential_logistic","linear",-2.4693585597311,-2.90654433092783,-0.437185771196731,0.437185771196731,FALSE
233,"influential_logistic","linear",-5.40061624930166,-5.03250740426187,0.368108845039784,0.368108845039784,FALSE
234,"influential_logistic","linear",-0.386695291020534,0.372904044549136,0.759599335569671,0.759599335569671,TRUE
235,"influential_logistic","linear",-7.37873564978687,-8.18819531240696,-0.809459662620086,0.809459662620086,TRUE
236,"influential_logistic","linear",-3.8217825279841,-3.8638881134878,-0.042105585503708,0.042105585503708,FALSE
237,"influential_logistic","linear",-1.48383619407015,-1.20195945397739,0.28187674009276,0.28187674009276,TRUE
238,"influential_logistic","linear",-3.89124527831382,-3.369746723922,0.521498554391814,0.521498554391814,FALSE
239,"influential_logistic","linear",-0.571586620306149,-0.147217877387781,0.424368742918368,0.424368742918368,FALSE
240,"influential_logistic","linear",-4.28432196863039,-4.74165090421536,-0.457328935584971,0.457328935584971,FALSE
241,"influential_logistic","linear",-6.23018880135898,-6.20444137006764,0.0257474312913422,0.0257474312913422,FALSE
242,"influential_logistic","linear",-5.37866363185232,-5.72928206029716,-0.350618428444835,0.350618428444835,FALSE
243,"influential_logistic","linear",-0.442056347896399,0.336792443299646,0.778848791196045,0.778848791196045,FALSE
244,"influential_logistic","linear",-6.52930991566998,-6.85125978277545,-0.321949867105475,0.321949867105475,FALSE
245,"influential_logistic","linear",-6.4381293177818,-6.20818736864486,0.229941949136934,0.229941949136934,TRUE
246,"influential_logistic","linear",-1.30583875767013,-1.05847660709192,0.24736215057821,0.24736215057821,FALSE
247,"influential_logistic","linear",-1.97740494959379,-1.26864855782404,0.708756391769751,0.708756391769751,FALSE
249,"influential_logistic","linear",-3.0454419062232,-2.87989395087477,0.165547955348436,0.165547955348436,FALSE
250,"influential_logistic","linear",-3.68550009482837,-3.05002898722392,0.635471107604456,0.635471107604456,FALSE
251,"influential_logistic","linear",-12.1773485349559,-12.0688056591577,0.10854287579817,0.10854287579817,FALSE
252,"influential_logistic","linear",-4.5808018449758,-4.78379465145003,-0.202992806474231,0.202992806474231,FALSE
253,"influential_logistic","linear",1.35074355177766,2.72183592858521,1.37109237680755,1.37109237680755,FALSE
254,"influential_logistic","linear",-3.68964257089354,-3.72313873777603,-0.0334961668824891,0.0334961668824891,FALSE
255,"influential_logistic","linear",-6.2862776799946,-6.54257490088392,-0.256297220889319,0.256297220889319,FALSE
256,"influential_logistic","linear",1.42666512176157,2.27224829993078,0.84558317816921,0.84558317816921,FALSE
257,"influential_logistic","linear",0.378827252986239,1.48550540849144,1.1066781555052,1.1066781555052,FALSE
258,"influential_logistic","linear",-8.9533150807067,-8.34669770932943,0.60661737137726,0.60661737137726,FALSE
259,"influential_logistic","linear",2.99136301671875,3.80792738057935,0.816564363860603,0.816564363860603,FALSE
260,"influential_logistic","linear",-3.60785359312801,-3.30854559761498,0.29930799551303,0.29930799551303,FALSE
261,"influential_logistic","linear",-0.819480302593827,0.199993936779601,1.01947423937343,1.01947423937343,FALSE
262,"influential_logistic","linear",-3.6075037792559,-3.39525439623162,0.212249383024281,0.212249383024281,FALSE
263,"influential_logistic","linear",-2.7333023874664,-2.47800824310522,0.255294144361184,0.255294144361184,FALSE
264,"influential_logistic","linear",-1.23141131493179,-0.745811791818094,0.485599523113692,0.485599523113692,TRUE
265,"influential_logistic","linear",1.84717987574121,1.66422234449776,-0.182957531243452,0.182957531243452,FALSE
266,"influential_logistic","linear",-6.79126911430871,-7.325780792592,-0.534511678283283,0.534511678283283,FALSE
267,"influential_logistic","linear",-0.198438133045867,-0.192109021333223,0.00632911171264439,0.00632911171264439,FALSE
268,"influential_logistic","linear",-0.730244066094992,-0.0148873550943498,0.715356711000643,0.715356711000643,TRUE
269,"influential_logistic","linear",-8.57790506603059,-9.29465320305493,-0.716748137024346,0.716748137024346,FALSE
270,"influential_logistic","linear",-1.17744906992717,0.288143025904082,1.46559209583125,1.46559209583125,FALSE
271,"influential_logistic","linear",-8.3581557654364,-9.11280529180367,-0.75464952636727,0.75464952636727,FALSE
272,"influential_logistic","linear",-3.22672085800247,-2.7224022515631,0.504318606439372,0.504318606439372,FALSE
273,"influential_logistic","linear",-3.70274164218519,-3.04084003772376,0.661901604461426,0.661901604461426,FALSE
274,"influential_logistic","linear",-1.52776740334959,0.0190248842243443,1.54679228757394,1.54679228757394,TRUE
276,"influential_logistic","linear",-3.72468732040701,-3.30098992695558,0.423697393451432,0.423697393451432,FALSE
277,"influential_logistic","linear",-7.85993968235561,-8.62411918520122,-0.764179502845614,0.764179502845614,FALSE
278,"influential_logistic","linear",4.07909928653318,5.24969776620634,1.17059847967316,1.17059847967316,FALSE
279,"influential_logistic","linear",1.98842000643175,2.27438080328179,0.285960796850036,0.285960796850036,FALSE
280,"influential_logistic","linear",-5.5047171136083,-5.39084922946231,0.113867884145993,0.113867884145993,FALSE
281,"influential_logistic","linear",-4.86137621912507,-6.41616160447047,-1.5547853853454,1.5547853853454,TRUE
282,"influential_logistic","linear",-4.75870025284438,-4.21860055891425,0.540099693930133,0.540099693930133,FALSE
283,"influential_logistic","linear",-1.58337522624611,-2.25719545975571,-0.673820233509602,0.673820233509602,TRUE
284,"influential_logistic","linear",-7.67011832376818,-8.81759284079961,-1.14747451703143,1.14747451703143,FALSE
285,"influential_logistic","linear",-4.43820491652964,-4.3763638374285,0.0618410791011392,0.0618410791011392,FALSE
286,"influential_logistic","linear",-7.1143070323558,-6.3663532577016,0.747953774654208,0.747953774654208,FALSE
287,"influential_logistic","linear",-4.00639348912661,-4.1418088881147,-0.135415398988086,0.135415398988086,FALSE
288,"influential_logistic","linear",-3.6075037792559,-3.39525439623162,0.212249383024281,0.212249383024281,FALSE
289,"influential_logistic","linear",-1.61026115803278,-0.673693556976168,0.936567601056612,0.936567601056612,FALSE
290,"influential_logistic","linear",-3.82217421958387,-5.17558555151607,-1.3534113319322,1.3534113319322,TRUE
291,"influential_logistic","linear",-9.72563303865039,-10.7901580887397,-1.06452505008934,1.06452505008934,FALSE
292,"influential_logistic","linear",-0.880193343226548,-0.918082792336395,-0.0378894491098474,0.0378894491098474,FALSE
293,"influential_logistic","linear",-1.1126307064895,-0.206405032687397,0.906225673802106,0.906225673802106,FALSE
294,"influential_logistic","linear",-3.75978428082321,-3.20695171687476,0.552832563948446,0.552832563948446,TRUE
295,"influential_logistic","linear",-6.37517817040722,-6.0356790581144,0.33949911229282,0.33949911229282,FALSE
296,"influential_logistic","linear",-2.20273013060043,-1.96140780269203,0.241322327908394,0.241322327908394,FALSE
299,"influential_logistic","linear",-6.20479778606389,-6.28366550780332,-0.0788677217394325,0.0788677217394325,FALSE
300,"influential_logistic","linear",-7.32529753131296,-7.62651229236134,-0.301214761048376,0.301214761048376,FALSE
301,"influential_logistic","linear",-6.63562718825918,-7.10571388162193,-0.470086693362747,0.470086693362747,TRUE
302,"influential_logistic","linear",-6.5155979413337,-7.18202270110761,-0.666424759773912,0.666424759773912,FALSE
303,"influential_logistic","linear",-5.00001338470684,-4.89297169412717,0.107041690579666,0.107041690579666,FALSE
304,"influential_logistic","linear",0.183144648510282,1.88241203004078,1.6992673815305,1.6992673815305,TRUE
305,"influential_logistic","linear",-6.97857282960941,-6.99913235894878,-0.0205595293393692,0.0205595293393692,FALSE
306,"influential_logistic","linear",-8.28953485786764,-8.23792132376104,0.0516135341065933,0.0516135341065933,FALSE
307,"influential_logistic","linear",-0.357219159138389,-0.0115956163333586,0.345623542805031,0.345623542805031,FALSE
308,"influential_logistic","linear",0.628330151451358,-0.526720194160828,-1.15505034561219,1.15505034561219,TRUE
310,"influential_logistic","linear",-8.99681749984106,-9.34853378924699,-0.351716289405928,0.351716289405928,FALSE
311,"influential_logistic","linear",-11.1447927068795,-12.3015934671345,-1.15680076025499,1.15680076025499,FALSE
312,"influential_logistic","linear",-1.17795151238711,-1.35723149461119,-0.17927998222408,0.17927998222408,FALSE
313,"influential_logistic","linear",-5.5227998211455,-5.5670048756709,-0.0442050545254062,0.0442050545254062,FALSE
314,"influential_logistic","linear",-8.72735432697008,-8.55569583772062,0.171658489249463,0.171658489249463,FALSE
315,"influential_logistic","linear",-3.82378533357628,-3.89376300643324,-0.0699776728569592,0.0699776728569592,FALSE
316,"influential_logistic","linear",-3.8217825279841,-3.8638881134878,-0.042105585503708,0.042105585503708,FALSE
317,"influential_logistic","linear",0.220003048112771,0.650527049220533,0.430524001107762,0.430524001107762,FALSE
318,"influential_logistic","linear",-2.1981712147249,-2.52094125081605,-0.322770036091156,0.322770036091156,FALSE
320,"influential_logistic","linear",-5.31078353884738,-6.36282311358594,-1.05203957473856,1.05203957473856,TRUE
321,"influential_logistic","linear",-7.29305275455196,-7.28789381893683,0.00515893561512293,0.00515893561512293,FALSE
322,"influential_logistic","linear",1.42550378274633,1.37556380767486,-0.049939975071474,0.049939975071474,FALSE
323,"influential_logistic","linear",-4.72221650080747,-5.39799029464709,-0.67577379383962,0.67577379383962,TRUE
324,"influential_logistic","linear",1.32588934934885,1.96089396788979,0.635004618540938,0.635004618540938,FALSE
325,"influential_logistic","linear",0.458222100760602,1.71128162136126,1.25305952060066,1.25305952060066,FALSE
327,"influential_logistic","linear",-6.86530325207266,-6.84096291638479,0.0243403356878735,0.0243403356878735,FALSE
328,"influential_logistic","linear",-5.98732953249521,-6.49247556649223,-0.505146033997015,0.505146033997015,FALSE
329,"influential_logistic","linear",-5.48823003533397,-5.09683900676735,0.39139102856662,0.39139102856662,FALSE
330,"influential_logistic","linear",-4.32950822290561,-5.32797664957048,-0.998468426664867,0.998468426664867,FALSE
331,"influential_logistic","linear",-14.185870086553,-14.2171419406672,-0.031271854114145,0.031271854114145,FALSE
332,"influential_logistic","linear",-6.79126911430871,-7.325780792592,-0.534511678283283,0.534511678283283,FALSE
333,"influential_logistic","linear",-9.8176603076602,-8.79622971617872,1.02143059148148,1.02143059148148,FALSE
335,"influential_logistic","linear",2.39248695990665,2.38468524551627,-0.00780171439037947,0.00780171439037947,FALSE
336,"influential_logistic","linear",-1.56000395595953,-1.8894923550475,-0.329488399087968,0.329488399087968,FALSE
337,"influential_logistic","linear",-6.2862776799946,-6.54257490088392,-0.256297220889319,0.256297220889319,FALSE
338,"influential_logistic","linear",-3.82429197809767,-3.54323287003154,0.281059108066127,0.281059108066127,FALSE
339,"influential_logistic","linear",-2.90182997023516,-2.75216706287659,0.149662907358569,0.149662907358569,FALSE
340,"influential_logistic","linear",-2.01787824930173,-1.62128754094407,0.396590708357667,0.396590708357667,FALSE
341,"influential_logistic","linear",-12.9542680437921,-13.8946727178425,-0.94040467405036,0.94040467405036,FALSE
342,"influential_logistic","linear",-4.78710389237568,-5.83339222599396,-1.04628833361828,1.04628833361828,FALSE
345,"influential_logistic","linear",-0.986264231791676,-0.430005610720643,0.556258621071033,0.556258621071033,TRUE
346,"influential_logistic","linear",-5.7285595579747,-6.39670893718898,-0.668149379214285,0.668149379214285,TRUE
347,"influential_logistic","linear",-5.50097676573887,-6.48120677207784,-0.980230006338966,0.980230006338966,FALSE
348,"influential_logistic","linear",0.730080715109687,1.08476395079097,0.354683235681281,0.354683235681281,FALSE
349,"influential_logistic","linear",-2.1063463067433,-2.51507124717012,-0.408724940426823,0.408724940426823,FALSE
350,"influential_logistic","linear",-8.75519337166198,-9.3845664223432,-0.629373050681219,0.629373050681219,FALSE
351,"influential_logistic","linear",-3.96087056614305,-3.57967153048815,0.381199035654904,0.381199035654904,FALSE
353,"influential_logistic","linear",-4.56872872256483,-5.55451022809454,-0.985781505529705,0.985781505529705,FALSE
354,"influential_logistic","linear",-3.02369061263132,-3.17830182903513,-0.154611216403805,0.154611216403805,FALSE
355,"influential_logistic","linear",-9.13423675892229,-9.28764597498292,-0.153409216060625,0.153409216060625,FALSE
357,"influential_logistic","linear",-4.21437956476276,-3.55308015831746,0.661299406445302,0.661299406445302,FALSE
358,"influential_logistic","linear",-7.37873564978687,-8.18819531240696,-0.809459662620086,0.809459662620086,TRUE
359,"influential_logistic","linear",0.141561157921836,-0.3719652726029,-0.513526430524736,0.513526430524736,FALSE
360,"influential_logistic","linear",-8.9533150807067,-8.34669770932943,0.606617371377261,0.606617371377261,FALSE
361,"influential_logistic","linear",5.07076238823984,5.33641049120457,0.265648102964724,0.265648102964724,FALSE
362,"influential_logistic","linear",-4.23824389357909,-4.41742007780667,-0.179176184227576,0.179176184227576,FALSE
363,"influential_logistic","linear",-1.45077051337328,-0.32944050336234,1.12133001001094,1.12133001001094,FALSE
364,"influential_logistic","linear",-10.2253440485615,-11.1696863176756,-0.944342269114163,0.944342269114163,FALSE
365,"influential_logistic","linear",-1.32053853637716,-2.38235908216775,-1.06182054579059,1.06182054579059,TRUE
366,"influential_logistic","linear",-6.17027458394209,-7.43273486425895,-1.26246028031686,1.26246028031686,FALSE
367,"influential_logistic","linear",3.37046234136094,3.72106885004486,0.350606508683921,0.350606508683921,FALSE
369,"influential_logistic","linear",-7.2431557510189,-8.01053378745761,-0.767378036438712,0.767378036438712,FALSE
370,"influential_logistic","linear",-10.3200428049021,-10.508813933514,-0.188771128611881,0.188771128611881,FALSE
371,"influential_logistic","linear",-5.93608028420752,-6.10067252099706,-0.164592236789541,0.164592236789541,TRUE
372,"influential_logistic","linear",-8.42833723319639,-8.29074414896915,0.137593084227236,0.137593084227236,FALSE
373,"influential_logistic","linear",-5.87347967703206,-6.46488502201015,-0.59140534497809,0.59140534497809,FALSE
374,"influential_logistic","linear",-4.49214934201429,-3.64974949874795,0.842399843266341,0.842399843266341,FALSE
375,"influential_logistic","linear",-1.86032238348602,-1.67953102708982,0.180791356396199,0.180791356396199,FALSE
376,"influential_logistic","linear",-5.97624026810702,-5.50048503073273,0.475755237374281,0.475755237374281,FALSE
378,"influential_logistic","linear",-8.18075120804174,-9.10117634941919,-0.920425141377452,0.920425141377452,FALSE
380,"influential_logistic","linear",-5.88413105581802,-6.17771432346813,-0.293583267650111,0.293583267650111,TRUE
381,"influential_logistic","linear",-5.33984313178292,-5.27397693001718,0.0658662017657488,0.0658662017657488,FALSE
382,"influential_logistic","linear",-2.46415956978519,-4.62381619108723,-2.15965662130204,2.15965662130204,TRUE
383,"influential_logistic","linear",-0.729875634717244,0.356552629337197,1.08642826405444,1.08642826405444,FALSE
384,"influential_logistic","linear",-5.08715178284797,-5.73147197086534,-0.644320188017375,0.644320188017375,FALSE
385,"influential_logistic","linear",1.54988813345096,1.81047203477834,0.260583901327374,0.260583901327374,FALSE
386,"influential_logistic","linear",0.599585712984965,2.05095172146966,1.4513660084847,1.4513660084847,FALSE
387,"influential_logistic","linear",-3.3949412296856,-2.99071927762606,0.404221952059543,0.404221952059543,FALSE
388,"influential_logistic","linear",-5.67686323868408,-6.40775197344422,-0.730888734760139,0.730888734760139,FALSE
389,"influential_logistic","linear",-3.3967798359232,-3.7829971712496,-0.386217335326398,0.386217335326398,TRUE
391,"influential_logistic","linear",-7.01453803332827,-6.81721072743948,0.197327305888791,0.197327305888791,FALSE
392,"influential_logistic","linear",-10.385517333422,-11.9260153147939,-1.54049798137183,1.54049798137183,FALSE
393,"influential_logistic","linear",-5.1616345254013,-5.35250385743327,-0.190869332031971,0.190869332031971,FALSE
394,"influential_logistic","linear",-6.69585397367742,-8.0776526820442,-1.38179870836678,1.38179870836678,FALSE
395,"influential_logistic","linear",-4.74509726128664,-6.70562415435622,-1.96052689306958,1.96052689306958,TRUE
396,"influential_logistic","linear",-6.26397371211706,-6.6149424013924,-0.350968689275341,0.350968689275341,FALSE
397,"influential_logistic","linear",-1.23141131493179,-0.745811791818094,0.485599523113692,0.485599523113692,TRUE
398,"influential_logistic","linear",-3.20000047108414,-3.307266292644,-0.107265821559862,0.107265821559862,FALSE
399,"influential_logistic","linear",-8.06390050444183,-7.51439864728572,0.549501857156112,0.549501857156112,FALSE
400,"influential_logistic","linear",-5.4789287996197,-5.83569543420056,-0.356766634580866,0.356766634580866,FALSE
401,"influential_logistic","linear",-19.2491842369055,-20.4818973839347,-1.23271314702928,1.23271314702928,FALSE
402,"influential_logistic","linear",-2.37402086155275,-0.842555527269325,1.53146533428342,1.53146533428342,TRUE
403,"influential_logistic","linear",-3.2896383941937,-3.91997523059977,-0.630336836406062,0.630336836406062,FALSE
405,"influential_logistic","linear",-4.95405214552096,-6.34439783202671,-1.39034568650575,1.39034568650575,TRUE
406,"influential_logistic","linear",-8.92115607134429,-9.04565294214445,-0.124496870800161,0.124496870800161,FALSE
407,"influential_logistic","linear",-6.77277923690972,-7.59382309614752,-0.821043859237791,0.821043859237791,FALSE
408,"influential_logistic","linear",-1.0323259668865,0.157828864898078,1.19015483178458,1.19015483178458,FALSE
409,"influential_logistic","linear",-1.34661244082728,-2.10429451369756,-0.757682072870272,0.757682072870272,TRUE
410,"influential_logistic","linear",-13.0337825807908,-14.5015360474006,-1.4677534666098,1.4677534666098,FALSE
411,"influential_logistic","linear",-2.51385760803197,-1.99711878559865,0.516738822433315,0.516738822433315,FALSE
412,"influential_logistic","linear",-2.84694160573235,-2.0977611665605,0.749180439171848,0.749180439171848,FALSE
413,"influential_logistic","linear",-6.01157360951034,-6.32122203812402,-0.309648428613678,0.309648428613678,TRUE
414,"influential_logistic","linear",-10.0693772418685,-10.0092472204205,0.0601300214480691,0.0601300214480691,FALSE
415,"influential_logistic","linear",-0.367473980206453,1.25196626897496,1.61944024918141,1.61944024918141,FALSE
416,"influential_logistic","linear",2.99136301671875,3.80792738057935,0.816564363860603,0.816564363860603,FALSE
417,"influential_logistic","linear",-6.676736948214,-6.69049364787864,-0.0137566996646363,0.0137566996646363,FALSE
418,"influential_logistic","linear",-7.04030123004547,-7.54326028287007,-0.5029590528246,0.5029590528246,FALSE
419,"influential_logistic","linear",-2.00418962289175,-1.26215680170089,0.74203282119086,0.74203282119086,FALSE
420,"influential_logistic","linear",-6.08865036685128,-6.09094031859389,-0.00228995174260849,0.00228995174260849,FALSE
421,"influential_logistic","linear",-14.940525922537,-16.0759261022233,-1.13540017968626,1.13540017968626,FALSE
422,"influential_logistic","linear",-1.7509917870045,-1.66894471509567,0.0820470719088269,0.0820470719088269,FALSE
423,"influential_logistic","linear",-5.10395976712657,-4.64040476534673,0.463555001779837,0.463555001779837,FALSE
424,"influential_logistic","linear",-7.94544245268852,-7.54098373404755,0.404458718640964,0.404458718640964,FALSE
425,"influential_logistic","linear",-4.98352314822228,-5.49848834212983,-0.514965193907554,0.514965193907554,FALSE
426,"influential_logistic","linear",-7.02887738950277,-7.72009655656259,-0.69121916705982,0.69121916705982,FALSE
428,"influential_logistic","linear",-10.8487675166409,-11.0042711863302,-0.155503669689301,0.155503669689301,FALSE
429,"influential_logistic","linear",-6.60941180356986,-6.4041351018107,0.205276701759157,0.205276701759157,FALSE
432,"influential_logistic","linear",-6.70355553585595,-6.10592087670428,0.597634659151671,0.597634659151671,TRUE
433,"influential_logistic","linear",-0.776436250980568,-1.15161929447282,-0.375183043492248,0.375183043492248,FALSE
434,"influential_logistic","linear",0.248695309202659,-0.0937562224605795,-0.342451531663239,0.342451531663239,FALSE
435,"influential_logistic","linear",-3.73719986006131,-3.6512075392355,0.0859923208258051,0.0859923208258051,FALSE
436,"influential_logistic","linear",-3.23591755345645,-3.35911732832988,-0.123199774873425,0.123199774873425,FALSE
437,"influential_logistic","linear",-5.05934354964338,-3.83443863369543,1.22490491594795,1.22490491594795,TRUE
438,"influential_logistic","linear",-2.07022554547098,-1.78752830531234,0.282697240158642,0.282697240158642,FALSE
439,"influential_logistic","linear",-8.40750922258851,-9.05412263684254,-0.646613414254036,0.646613414254036,FALSE
440,"influential_logistic","linear",0.069722791785155,0.546498999806766,0.476776208021611,0.476776208021611,FALSE
441,"influential_logistic","linear",-6.06826809921779,-8.25713471659777,-2.18886661737998,2.18886661737998,TRUE
442,"influential_logistic","linear",-3.90750458428667,-3.83413844381802,0.0733661404686572,0.0733661404686572,FALSE
443,"influential_logistic","linear",-4.69074070638882,-5.35578020169809,-0.665039495309263,0.665039495309263,FALSE
444,"influential_logistic","linear",-4.28432196863039,-4.74165090421536,-0.457328935584971,0.457328935584971,FALSE
445,"influential_logistic","linear",-12.1773485349559,-12.0688056591577,0.10854287579817,0.10854287579817,FALSE
446,"influential_logistic","linear",-2.7333023874664,-2.47800824310522,0.255294144361184,0.255294144361184,FALSE
448,"influential_logistic","linear",-8.07524415525459,-9.06413658784337,-0.988892432588784,0.988892432588784,TRUE
449,"influential_logistic","linear",-3.19432203151502,-2.32521099187307,0.86911103964195,0.86911103964195,FALSE
451,"influential_logistic","linear",-0.952102214999664,-1.24156844236868,-0.28946622736902,0.28946622736902,FALSE
452,"influential_logistic","linear",-3.63597687159081,-3.43838966826148,0.197587203329334,0.197587203329334,FALSE
453,"influential_logistic","linear",-7.91864572539018,-8.2268483219625,-0.308202596572321,0.308202596572321,FALSE
454,"influential_logistic","linear",-1.32522162655129,-0.214546664583101,1.11067496196819,1.11067496196819,FALSE
455,"influential_logistic","linear",-6.70826505387518,-6.77724118351288,-0.0689761296376954,0.0689761296376954,FALSE
456,"influential_logistic","linear",-4.43521102988461,-3.89758413564752,0.537626894237092,0.537626894237092,FALSE
457,"influential_logistic","linear",-6.33595628102046,-6.81873443924743,-0.482778158226965,0.482778158226965,FALSE
458,"influential_logistic","linear",-9.40798067325145,-9.74810813819509,-0.340127464943645,0.340127464943645,TRUE
459,"influential_logistic","linear",-2.31480189979337,-2.87270505401591,-0.557903154222538,0.557903154222538,FALSE
460,"influential_logistic","linear",-0.730244066094992,-0.0148873550943498,0.715356711000643,0.715356711000643,TRUE
461,"influential_logistic","linear",-1.86061605738823,-2.95935427271255,-1.09873821532432,1.09873821532432,FALSE
462,"influential_logistic","linear",-3.05017808176334,-3.86039961632716,-0.810221534563819,0.810221534563819,TRUE
463,"influential_logistic","linear",-5.91232059089766,-7.36754538108954,-1.45522479019189,1.45522479019189,TRUE
464,"influential_logistic","linear",0.982667714337541,2.0645170320773,1.08184931773976,1.08184931773976,FALSE
465,"influential_logistic","linear",-7.0449703509407,-8.16533287496036,-1.12036252401966,1.12036252401966,FALSE
466,"influential_logistic","linear",-7.73391685646086,-8.20214606545388,-0.46822920899302,0.46822920899302,FALSE
467,"influential_logistic","linear",-2.37635809297407,-3.12747092920322,-0.751112836229145,0.751112836229145,FALSE
468,"influential_logistic","linear",-5.25981118167047,-5.51834280307142,-0.258531621400948,0.258531621400948,FALSE
469,"influential_logistic","linear",3.19100384987019,3.88288228489507,0.691878435024875,0.691878435024875,FALSE
470,"influential_logistic","linear",-7.61091289960856,-9.1276171114243,-1.51670421181575,1.51670421181575,FALSE
471,"influential_logistic","linear",-4.3780902950119,-4.73305225832194,-0.354961963310038,0.354961963310038,FALSE
472,"influential_logistic","linear",-5.68259423019606,-6.11136828085715,-0.42877405066109,0.42877405066109,FALSE
473,"influential_logistic","linear",-4.02415053875275,-4.42735693286265,-0.403206394109898,0.403206394109898,FALSE
474,"influential_logistic","linear",-0.66093005140128,0.632599921280035,1.29352997268131,1.29352997268131,FALSE
475,"influential_logistic","linear",-4.67407776912129,-4.14327037145772,0.53080739766357,0.53080739766357,FALSE
476,"influential_logistic","linear",-4.94918225771823,-4.71416129016965,0.235020967548578,0.235020967548578,FALSE
477,"influential_logistic","linear",-4.1703748863325,-4.59125450717869,-0.420879620846186,0.420879620846186,FALSE
479,"influential_logistic","linear",-1.02777795152041,-1.09494175037736,-0.0671637988569533,0.0671637988569533,FALSE
480,"influential_logistic","linear",-0.198438133045867,-0.192109021333223,0.00632911171264439,0.00632911171264439,FALSE
482,"influential_logistic","linear",-2.72595217804416,-1.76517209807119,0.960780079972975,0.960780079972975,FALSE
483,"influential_logistic","linear",-3.0454419062232,-2.87989395087477,0.165547955348436,0.165547955348436,FALSE
484,"influential_logistic","linear",-5.59051516582241,-5.2545900458045,0.335925120017915,0.335925120017915,FALSE
485,"influential_logistic","linear",-3.88075056492992,-3.77415076535153,0.10659979957839,0.10659979957839,TRUE
486,"influential_logistic","linear",-2.71332586637041,-2.66779188225867,0.045533984111735,0.045533984111735,FALSE
488,"influential_logistic","linear",-7.62765760255775,-9.39556812078453,-1.76791051822678,1.76791051822678,FALSE
489,"influential_logistic","linear",-8.33874944106459,-8.99835320412618,-0.659603763061593,0.659603763061593,FALSE
490,"influential_logistic","linear",-3.07639068047726,-2.60150266536122,0.474888015116046,0.474888015116046,FALSE
491,"influential_logistic","linear",1.79316924017767,2.09582195577308,0.302652715595418,0.302652715595418,FALSE
492,"influential_logistic","linear",-0.433992568737283,0.802808908677288,1.23680147741457,1.23680147741457,FALSE
493,"influential_logistic","linear",-5.92147876189373,-6.9344575051983,-1.01297874330457,1.01297874330457,FALSE
494,"influential_logistic","linear",0.337508998402015,0.960320403104026,0.622811404702011,0.622811404702011,FALSE
495,"influential_logistic","linear",-0.819480302593827,0.199993936779601,1.01947423937343,1.01947423937343,FALSE
496,"influential_logistic","linear",-6.23018880135898,-6.20444137006764,0.0257474312913422,0.0257474312913422,FALSE
498,"influential_logistic","linear",-0.386695291020534,0.372904044549136,0.759599335569671,0.759599335569671,TRUE
499,"influential_logistic","linear",-10.1712185496022,-11.3550813836722,-1.18386283407003,1.18386283407003,FALSE
500,"influential_logistic","linear",-4.21963617432931,-4.95444511132364,-0.73480893699433,0.73480893699433,FALSE
501,"influential_logistic","linear",-12.2156108637869,-12.785043376744,-0.569432512957121,0.569432512957121,FALSE
502,"influential_logistic","linear",-5.03081560538613,-5.16340634787254,-0.13259074248641,0.13259074248641,FALSE
503,"influential_logistic","linear",-5.4495518431116,-5.31949831548361,0.130053527627996,0.130053527627996,FALSE
505,"influential_logistic","linear",1.78945043192831,2.82063565510066,1.03118522317235,1.03118522317235,FALSE
506,"influential_logistic","linear",-4.61796261572529,-4.69963998660878,-0.0816773708834901,0.0816773708834901,FALSE
509,"influential_logistic","linear",-2.92180596111635,-2.25199946404751,0.669806497068849,0.669806497068849,TRUE
510,"influential_logistic","linear",1.35074355177766,2.72183592858521,1.37109237680755,1.37109237680755,FALSE
512,"influential_logistic","linear",-7.7358366803508,-9.5097655056317,-1.7739288252809,1.7739288252809,FALSE
513,"influential_logistic","linear",-3.68550009482837,-3.05002898722392,0.635471107604456,0.635471107604456,FALSE
514,"influential_logistic","linear",-5.9842575627794,-5.9693109851496,0.0149465776297983,0.0149465776297983,TRUE
515,"influential_logistic","linear",-7.56855491101821,-8.49703154029408,-0.928476629275874,0.928476629275874,FALSE
516,"influential_logistic","linear",-4.87483780073545,-5.96806209271756,-1.09322429198211,1.09322429198211,FALSE
517,"influential_logistic","linear",-6.40383963251345,-6.08928127126903,0.314558361244416,0.314558361244416,FALSE
518,"influential_logistic","linear",-6.60056385287624,-7.00572350932116,-0.405159656444916,0.405159656444916,FALSE
519,"influential_logistic","linear",0.378827252986239,1.48550540849144,1.1066781555052,1.1066781555052,FALSE
520,"influential_logistic","linear",1.29742514382991,2.11445016769625,0.817025023866337,0.817025023866337,FALSE
521,"influential_logistic","linear",-0.45306820079566,-1.06060027240586,-0.607532071610204,0.607532071610204,FALSE
523,"influential_logistic","linear",-2.01451646457335,-1.04062330683338,0.973893157739972,0.973893157739972,FALSE
524,"influential_logistic","linear",-4.53554669325695,-3.75784617047067,0.777700522786279,0.777700522786279,FALSE
525,"influential_logistic","linear",-6.0510169245003,-5.5253878472887,0.525629077211595,0.525629077211595,TRUE
526,"influential_logistic","linear",-4.51779774707411,-4.49368617896446,0.0241115681096504,0.0241115681096504,FALSE
527,"influential_logistic","linear",-1.15339575554728,-2.47306754904532,-1.31967179349804,1.31967179349804,FALSE
528,"influential_logistic","linear",-3.22827760384539,-1.93269181551529,1.2955857883301,1.2955857883301,FALSE
530,"influential_logistic","linear",-6.48476751692987,-5.26135969157621,1.22340782535366,1.22340782535366,FALSE
531,"influential_logistic","linear",1.42666512176157,2.27224829993078,0.84558317816921,0.84558317816921,FALSE
532,"influential_logistic","linear",-5.83886271537314,-5.9600641301802,-0.121201414807057,0.121201414807057,FALSE
534,"influential_logistic","linear",-8.40687099484628,-8.4826062528063,-0.0757352579600141,0.0757352579600141,FALSE
536,"influential_logistic","linear",-3.41219679980006,-2.86042849278657,0.551768307013489,0.551768307013489,FALSE
537,"influential_logistic","linear",-0.571586620306149,-0.147217877387781,0.424368742918368,0.424368742918368,FALSE
538,"influential_logistic","linear",-3.48381379868955,-4.77627887433826,-1.2924650756487,1.2924650756487,TRUE
539,"influential_logistic","linear",-8.31366988214917,-8.34847211391765,-0.0348022317684862,0.0348022317684862,TRUE
541,"influential_logistic","linear",-6.46318367241014,-7.12302847793012,-0.659844805519986,0.659844805519986,FALSE
542,"influential_logistic","linear",-2.19102689963101,-2.19993681277903,-0.00890991314801504,0.00890991314801504,TRUE
543,"influential_logistic","linear",-2.22303825443285,-2.79568040085029,-0.572642146417438,0.572642146417438,FALSE
544,"influential_logistic","linear",-5.7438278006474,-4.35104254195746,1.39278525868993,1.39278525868993,FALSE
546,"influential_logistic","linear",-8.12804928501613,-8.71197806280636,-0.583928777790231,0.583928777790231,FALSE
547,"influential_logistic","linear",-5.94783038823327,-6.93382533182132,-0.985994943588048,0.985994943588048,FALSE
548,"influential_logistic","linear",-1.97740494959379,-1.26864855782404,0.708756391769751,0.708756391769751,FALSE
550,"influential_logistic","linear",-5.95892150316011,-6.73228540416903,-0.773363901008921,0.773363901008921,TRUE
551,"influential_logistic","linear",-4.24315153349782,-4.5032386706292,-0.260087137131376,0.260087137131376,FALSE
552,"influential_logistic","linear",-7.00154149361981,-6.56505358468184,0.436487908937962,0.436487908937962,TRUE
555,"influential_logistic","linear",-2.56449549468185,-1.78256460691541,0.781930887766433,0.781930887766433,FALSE
556,"influential_logistic","linear",-3.11104058586917,-3.01034733128129,0.100693254587874,0.100693254587874,FALSE
557,"influential_logistic","linear",-4.4371937335146,-5.84184119895273,-1.40464746543813,1.40464746543813,FALSE
559,"influential_logistic","linear",1.75086265709468,1.01011953494171,-0.740743122152976,0.740743122152976,FALSE
560,"influential_logistic","linear",0.620127160583292,-0.0142538451539851,-0.634381005737277,0.634381005737277,FALSE
561,"influential_logistic","linear",-2.88758041004574,-2.66056231454491,0.227018095500823,0.227018095500823,TRUE
562,"influential_logistic","linear",-3.39619335411391,-2.87401344100517,0.522179913108741,0.522179913108741,FALSE
563,"influential_logistic","linear",-8.44015758420347,-8.39977213297462,0.040385451228854,0.040385451228854,FALSE
564,"influential_logistic","linear",-2.04652471393369,-0.825062744147917,1.22146196978577,1.22146196978577,FALSE
565,"influential_logistic","linear",-7.9164500029655,-7.61119888709724,0.305251115868264,0.305251115868264,FALSE
566,"influential_logistic","linear",-7.03847401387474,-7.26787010834069,-0.229396094465942,0.229396094465942,FALSE
567,"influential_logistic","linear",-5.40061624930166,-5.03250740426187,0.368108845039784,0.368108845039784,FALSE
568,"influential_logistic","linear",-5.65620990170623,-5.54311534274322,0.113094558963014,0.113094558963014,FALSE
569,"influential_logistic","linear",-0.81129874235984,0.0450269310334099,0.85632567339325,0.85632567339325,FALSE
571,"influential_logistic","linear",-5.2634777757812,-5.57565868935994,-0.312180913578745,0.312180913578745,FALSE
573,"influential_logistic","linear",-6.23509800305799,-6.55244889113458,-0.317350888076591,0.317350888076591,FALSE
574,"influential_logistic","linear",-2.64497834549896,-2.03600994463542,0.60896840086354,0.60896840086354,FALSE
575,"influential_logistic","linear",-2.78535534659675,-2.80146790631327,-0.0161125597165239,0.0161125597165239,FALSE
576,"influential_logistic","linear",-7.00918489792412,-6.71114118922696,0.298043708697156,0.298043708697156,TRUE
578,"influential_logistic","linear",-8.81741748604552,-9.8829255338361,-1.06550804779057,1.06550804779057,FALSE
579,"influential_logistic","linear",-4.317650183809,-3.10223028150274,1.21541990230626,1.21541990230626,FALSE
580,"influential_logistic","linear",-10.6908378098339,-11.8191067421337,-1.12826893229987,1.12826893229987,FALSE
581,"influential_logistic","linear",-7.75074118476662,-9.48478498032906,-1.73404379556244,1.73404379556244,FALSE
584,"influential_logistic","linear",-8.17409443175518,-8.87431539061532,-0.700220958860141,0.700220958860141,FALSE
585,"influential_logistic","linear",-6.09705435158707,-7.33704579724871,-1.23999144566164,1.23999144566164,FALSE
587,"influential_logistic","linear",-2.70322735077781,-1.66707119667897,1.03615615409884,1.03615615409884,FALSE
589,"influential_logistic","linear",-5.68763766012333,-5.31044301566109,0.377194644462248,0.377194644462248,FALSE
590,"influential_logistic","linear",-4.37600595516675,-4.75294290555826,-0.37693695039151,0.37693695039151,FALSE
591,"influential_logistic","linear",-4.5808018449758,-4.78379465145003,-0.202992806474231,0.202992806474231,FALSE
592,"influential_logistic","linear",-4.41785257117827,-5.36013005113179,-0.942277479953515,0.942277479953515,TRUE
593,"influential_logistic","linear",-4.17468504926585,-2.68014348002012,1.49454156924573,1.49454156924573,FALSE
594,"influential_logistic","linear",-7.29974691796911,-8.27012151091847,-0.970374592949358,0.970374592949358,FALSE
595,"influential_logistic","linear",-0.113991251933389,1.09019299724116,1.20418424917455,1.20418424917455,FALSE
596,"influential_logistic","linear",-4.13649421177247,-5.2466451098788,-1.11015089810633,1.11015089810633,FALSE
597,"influential_logistic","linear",-5.37866363185232,-5.72928206029716,-0.350618428444835,0.350618428444835,FALSE
598,"influential_logistic","linear",-2.12366460179867,-0.710569619897753,1.41309498190092,1.41309498190092,FALSE
599,"influential_logistic","linear",-1.75635284462273,-1.35220826426513,0.4041445803576,0.4041445803576,TRUE
600,"influential_logistic","linear",-2.51602302943355,-2.95424364626594,-0.438220616832385,0.438220616832385,FALSE
601,"influential_logistic","linear",-3.15954669253935,-3.37705930314797,-0.217512610608624,0.217512610608624,FALSE
602,"influential_logistic","linear",-8.12092890654223,-9.23032275132886,-1.10939384478662,1.10939384478662,FALSE
603,"influential_logistic","linear",-3.28789022037697,-1.4127178089568,1.87517241142017,1.87517241142017,TRUE
604,"influential_logistic","linear",-1.85044712035896,-1.16919399177542,0.681253128583543,0.681253128583543,TRUE
605,"influential_logistic","linear",-6.92220382396761,-6.97031289982248,-0.0481090758548754,0.0481090758548754,FALSE
606,"influential_logistic","linear",-8.60144526485286,-9.29301680272081,-0.691571537867953,0.691571537867953,FALSE
607,"influential_logistic","linear",-5.50684723218216,-5.79182025636517,-0.284973024183004,0.284973024183004,FALSE
608,"influential_logistic","linear",-6.02094310429272,-5.87602266561461,0.144920438678112,0.144920438678112,FALSE
609,"influential_logistic","linear",-4.61743336539154,-4.20145857811804,0.415974787273501,0.415974787273501,FALSE
610,"influential_logistic","linear",1.17037751197952,1.55436315885411,0.383985646874596,0.383985646874596,FALSE
611,"influential_logistic","linear",-0.715851414925761,-1.34968440109907,-0.633832986173309,0.633832986173309,FALSE
612,"influential_logistic","linear",-7.62133190526847,-8.04351087629533,-0.422178971026863,0.422178971026863,FALSE
613,"influential_logistic","linear",-6.88719010021047,-7.13554509965896,-0.248354999448487,0.248354999448487,FALSE
614,"influential_logistic","linear",-8.33622618490826,-9.330888900617,-0.99466271570874,0.99466271570874,FALSE
615,"influential_logistic","linear",-11.2060349563298,-12.3143556997073,-1.10832074337748,1.10832074337748,FALSE
616,"influential_logistic","linear",-3.44773858236279,-2.71261631735645,0.735122265006336,0.735122265006336,TRUE
618,"influential_logistic","linear",-0.0274890538051897,0.584457107190168,0.611946160995358,0.611946160995358,FALSE
619,"influential_logistic","linear",-6.658453881292,-6.84740811085973,-0.188954229567729,0.188954229567729,FALSE
620,"influential_logistic","linear",-6.29163432998638,-7.71027424649145,-1.41863991650507,1.41863991650507,FALSE
621,"influential_logistic","linear",-3.94503981111475,-3.54377798563103,0.401261825483716,0.401261825483716,FALSE
622,"influential_logistic","linear",1.84717987574121,1.66422234449776,-0.182957531243452,0.182957531243452,FALSE
623,"influential_logistic","linear",-5.99281205862992,-8.27768313636209,-2.28487107773217,2.28487107773217,TRUE
624,"influential_logistic","linear",-7.57491629345407,-8.11879917514542,-0.543882881691359,0.543882881691359,FALSE
625,"influential_logistic","linear",-5.02250449940857,-4.79775519558534,0.224749303823236,0.224749303823236,FALSE
626,"influential_logistic","linear",-3.89124527831382,-3.369746723922,0.521498554391814,0.521498554391814,FALSE
627,"influential_logistic","linear",-7.13205956776905,-7.8384426495994,-0.706383081830354,0.706383081830354,FALSE
629,"influential_logistic","linear",-2.12136755487085,-1.81260560098535,0.3087619538855,0.3087619538855,FALSE
630,"influential_logistic","linear",-4.35952297004217,-4.43092264124007,-0.0713996711978959,0.0713996711978959,FALSE
631,"influential_logistic","linear",-1.27061638283147,-0.951434197160272,0.3191821856712,0.3191821856712,TRUE
632,"influential_logistic","linear",-9.84198447522108,-10.2509291401226,-0.408944664901501,0.408944664901501,FALSE
633,"influential_logistic","linear",-0.442056347896399,0.336792443299646,0.778848791196045,0.778848791196045,FALSE
634,"influential_logistic","linear",-0.341874967449256,0.562787998170688,0.904662965619945,0.904662965619945,FALSE
635,"influential_logistic","linear",0.379695198540214,0.571045992520816,0.191350793980601,0.191350793980601,FALSE
636,"influential_logistic","linear",-9.53589377398164,-9.68256312477136,-0.146669350789727,0.146669350789727,FALSE
637,"influential_logistic","linear",-1.66748518224767,-1.14286550187524,0.524619680372435,0.524619680372435,FALSE
638,"influential_logistic","linear",-4.21689346649209,-4.088283588929,0.128609877563092,0.128609877563092,FALSE
639,"influential_logistic","linear",-1.96365939662856,-1.70755591364093,0.25610348298763,0.25610348298763,FALSE
640,"influential_logistic","linear",-4.73607923536505,-4.63013786875389,0.105941366611158,0.105941366611158,FALSE
641,"influential_logistic","linear",-1.31068132763856,-1.38498703017323,-0.0743057025346714,0.0743057025346714,FALSE
642,"influential_logistic","linear",-11.3888877775805,-11.5467749740051,-0.157887196424573,0.157887196424573,FALSE
643,"influential_logistic","linear",-3.39132940485535,-3.12472063017063,0.266608774684723,0.266608774684723,FALSE
645,"influential_logistic","linear",-4.68664091922955,-4.86134013051146,-0.174699211281915,0.174699211281915,FALSE
646,"influential_logistic","linear",-6.18921586723405,-6.75002223115705,-0.560806363922991,0.560806363922991,FALSE
647,"influential_logistic","linear",-2.62127876060587,-2.72304083350319,-0.101762072897318,0.101762072897318,FALSE
648,"influential_logistic","linear",-4.98447042751811,-5.50755311174443,-0.52308268422632,0.52308268422632,FALSE
649,"influential_logistic","linear",-6.90872372103928,-6.41898923292334,0.489734488115946,0.489734488115946,FALSE
650,"influential_logistic","linear",-0.999351447102465,-0.958218555966634,0.0411328911358311,0.0411328911358311,FALSE
651,"influential_logistic","linear",-5.67942002448373,-6.69517606629705,-1.01575604181332,1.01575604181332,FALSE
652,"influential_logistic","linear",-2.7910074275548,-2.20293619804809,0.588071229506709,0.588071229506709,TRUE
653,"influential_logistic","linear",-3.60785359312801,-3.30854559761498,0.29930799551303,0.29930799551303,FALSE
654,"influential_logistic","linear",-1.25585703127856,-0.710221653961812,0.545635377316746,0.545635377316746,FALSE
656,"influential_logistic","linear",-5.16537047464926,-4.34915242274488,0.816218051904381,0.816218051904381,FALSE
657,"influential_logistic","linear",-4.18970328423762,-4.3758074376967,-0.186104153459075,0.186104153459075,FALSE
659,"influential_logistic","linear",-0.390216242002089,1.16435390678194,1.55457014878402,1.55457014878402,FALSE
661,"influential_logistic","linear",-0.726156181802616,0.168374499304599,0.894530681107215,0.894530681107215,FALSE
662,"influential_logistic","linear",-2.69707821653679,-3.41892059578343,-0.72184237924664,0.72184237924664,FALSE
664,"influential_logistic","linear",-4.42678972591197,-5.27214899653116,-0.845359270619193,0.845359270619193,FALSE
665,"influential_logistic","linear",-11.4156923615671,-11.8152888734344,-0.399596511867315,0.399596511867315,FALSE
668,"influential_logistic","linear",-0.469141893269568,0.616515726699894,1.08565761996946,1.08565761996946,FALSE
669,"influential_logistic","linear",-5.84823390449242,-6.01942912275749,-0.171195218265071,0.171195218265071,FALSE
670,"influential_logistic","linear",0.242890363645935,1.55558445295778,1.31269408931184,1.31269408931184,FALSE
671,"influential_logistic","linear",-7.10864383072283,-7.1553238537527,-0.0466800230298761,0.0466800230298761,TRUE
672,"influential_logistic","linear",-1.73058039189809,-1.33053620259891,0.400044189299174,0.400044189299174,FALSE
673,"influential_logistic","linear",-6.42067710390151,-5.80395787888128,0.616719225020232,0.616719225020232,FALSE
1,"influential_logistic","logistic",0.887755022958092,0.992349133279803,0.104594110321711,0.104594110321711,FALSE
2,"influential_logistic","logistic",0.997514308656724,0.999995287778305,0.00248097912158074,0.00248097912158074,FALSE
3,"influential_logistic","logistic",0.976219621133807,0.998767217983839,0.0225475968500316,0.0225475968500316,FALSE
4,"influential_logistic","logistic",0.827637316127184,0.990463897750929,0.162826581623745,0.162826581623745,FALSE
5,"influential_logistic","logistic",0.865995630946737,0.991769453890041,0.125773822943304,0.125773822943304,FALSE
6,"influential_logistic","logistic",0.606302835474451,0.752850160517112,0.146547325042661,0.146547325042661,FALSE
7,"influential_logistic","logistic",0.969146257803864,0.998156148461142,0.0290098906572779,0.0290098906572779,FALSE
8,"influential_logistic","logistic",0.865232014321952,0.99705910241181,0.131827088089858,0.131827088089858,FALSE
9,"influential_logistic","logistic",0.128853662760863,0.00556937959395095,-0.123284283166912,0.123284283166912,TRUE
10,"influential_logistic","logistic",0.834141203593993,0.986036479495946,0.151895275901953,0.151895275901953,FALSE
11,"influential_logistic","logistic",0.904645643474298,0.998836679684926,0.0941910362106282,0.0941910362106282,FALSE
12,"influential_logistic","logistic",0.251887045935259,0.139135005879111,-0.112752040056148,0.112752040056148,FALSE
13,"influential_logistic","logistic",0.995008585317866,0.999998533570574,0.00498994825270849,0.00498994825270849,FALSE
14,"influential_logistic","logistic",0.199949054643874,0.0107289236752528,-0.189220130968621,0.189220130968621,FALSE
15,"influential_logistic","logistic",0.179718997453656,0.0113087645474437,-0.168410232906213,0.168410232906213,FALSE
16,"influential_logistic","logistic",0.670059526794127,0.777593803388992,0.107534276594865,0.107534276594865,FALSE
17,"influential_logistic","logistic",0.50841011471862,0.897895992343026,0.389485877624406,0.389485877624406,FALSE
18,"influential_logistic","logistic",0.966743596828773,0.999667073831719,0.0329234770029464,0.0329234770029464,FALSE
19,"influential_logistic","logistic",0.382940196081997,0.177168298754361,-0.205771897327637,0.205771897327637,FALSE
20,"influential_logistic","logistic",0.960071557951243,0.999731942449426,0.0396603844981829,0.0396603844981829,FALSE
21,"influential_logistic","logistic",0.523713955886935,0.52796819004525,0.00425423415831505,0.00425423415831505,FALSE
22,"influential_logistic","logistic",0.721041649707712,0.934649045944602,0.213607396236891,0.213607396236891,FALSE
23,"influential_logistic","logistic",0.237890666078418,0.0220968514688536,-0.215793814609565,0.215793814609565,FALSE
24,"influential_logistic","logistic",0.0604465606875962,0.000294707629716696,-0.0601518530578795,0.0601518530578795,FALSE
25,"influential_logistic","logistic",0.91917474821294,0.996384362013029,0.0772096138000883,0.0772096138000883,FALSE
26,"influential_logistic","logistic",0.893322748895839,0.995165597722581,0.101842848826742,0.101842848826742,FALSE
27,"influential_logistic","logistic",0.254643895179231,0.0304185267142009,-0.22422536846503,0.22422536846503,FALSE
28,"influential_logistic","logistic",0.381830942127097,0.426412087180839,0.0445811450537421,0.0445811450537421,FALSE
29,"influential_logistic","logistic",0.261219006110338,0.00363926076766508,-0.257579745342673,0.257579745342673,FALSE
30,"influential_logistic","logistic",0.652238615447394,0.777336417358859,0.125097801911466,0.125097801911466,FALSE
31,"influential_logistic","logistic",0.261866844269589,0.0797104342455465,-0.182156410024042,0.182156410024042,FALSE
32,"influential_logistic","logistic",0.98841467251559,0.999983449811767,0.0115687772961766,0.0115687772961766,FALSE
33,"influential_logistic","logistic",0.948188991617556,0.999609170950832,0.0514201793332766,0.0514201793332766,FALSE
34,"influential_logistic","logistic",0.702902261460136,0.856936634422979,0.154034372962843,0.154034372962843,FALSE
35,"influential_logistic","logistic",0.324366741287773,0.0743771982104833,-0.24998954307729,0.24998954307729,FALSE
36,"influential_logistic","logistic",0.105002752800456,0.00211866109706218,-0.102884091703394,0.102884091703394,FALSE
37,"influential_logistic","logistic",0.338691684658588,0.159728679728662,-0.178963004929926,0.178963004929926,FALSE
38,"influential_logistic","logistic",0.989787940301795,0.999971256107551,0.0101833158057565,0.0101833158057565,FALSE
39,"influential_logistic","logistic",0.327773687647693,0.098117509250025,-0.229656178397668,0.229656178397668,FALSE
40,"influential_logistic","logistic",0.449905704071164,0.491001225266227,0.0410955211950637,0.0410955211950637,FALSE
41,"influential_logistic","logistic",0.999182159151604,0.999999941683838,0.000817782532233968,0.000817782532233968,FALSE
42,"influential_logistic","logistic",0.606380907309423,0.761213891499037,0.154832984189614,0.154832984189614,FALSE
43,"influential_logistic","logistic",0.331686502859882,0.00827314515822273,-0.32341335770166,0.32341335770166,TRUE
44,"influential_logistic","logistic",0.430912574427244,0.134364704350129,-0.296547870077115,0.296547870077115,TRUE
45,"influential_logistic","logistic",0.88049112573947,0.99642283702102,0.115931711281549,0.115931711281549,FALSE
47,"influential_logistic","logistic",0.647379862107148,0.825152356229192,0.177772494122045,0.177772494122045,FALSE
48,"influential_logistic","logistic",0.982108649156822,0.999991410193467,0.0178827610366457,0.0178827610366457,FALSE
49,"influential_logistic","logistic",0.906441740350862,0.996613113688412,0.0901713733375491,0.0901713733375491,FALSE
50,"influential_logistic","logistic",0.825032453061934,0.967896868815385,0.142864415753451,0.142864415753451,FALSE
51,"influential_logistic","logistic",0.716118580914654,0.624222723481745,-0.091895857432909,0.091895857432909,FALSE
52,"influential_logistic","logistic",0.741468513283805,0.977215482125253,0.235746968841448,0.235746968841448,TRUE
53,"influential_logistic","logistic",0.527343988613133,0.248346280919813,-0.27899770769332,0.27899770769332,TRUE
54,"influential_logistic","logistic",0.645614033546203,0.824439762995058,0.178825729448855,0.178825729448855,FALSE
55,"influential_logistic","logistic",0.57616458788843,0.56061976010689,-0.0155448277815401,0.0155448277815401,TRUE
56,"influential_logistic","logistic",0.904140864187078,0.991738098556269,0.0875972343691918,0.0875972343691918,FALSE
57,"influential_logistic","logistic",0.133364242833329,0.00557283254436472,-0.127791410288964,0.127791410288964,FALSE
58,"influential_logistic","logistic",0.072372603616745,0.000491634465647458,-0.0718809691510975,0.0718809691510975,FALSE
59,"influential_logistic","logistic",0.100240911245207,0.00421348244678636,-0.0960274287984206,0.0960274287984206,FALSE
60,"influential_logistic","logistic",0.0820954005112268,0.00536173161194281,-0.076733668899284,0.076733668899284,FALSE
61,"influential_logistic","logistic",0.738456834820745,0.876299097097488,0.137842262276743,0.137842262276743,FALSE
62,"influential_logistic","logistic",0.576842472224177,0.655358237775213,0.0785157655510359,0.0785157655510359,FALSE
63,"influential_logistic","logistic",0.99507326213188,0.999999767843765,0.00492650571188424,0.00492650571188424,FALSE
64,"influential_logistic","logistic",0.0884301215496242,0.00198636877243867,-0.0864437527771856,0.0864437527771856,FALSE
65,"influential_logistic","logistic",0.862755588569277,0.972553165998969,0.109797577429692,0.109797577429692,FALSE
66,"influential_logistic","logistic",0.122065785772725,0.0026054166949402,-0.119460369077785,0.119460369077785,FALSE
67,"influential_logistic","logistic",0.96020092256731,0.999155672399768,0.0389547498324585,0.0389547498324585,FALSE
68,"influential_logistic","logistic",0.882009796340546,0.993909271046845,0.111899474706299,0.111899474706299,FALSE
69,"influential_logistic","logistic",0.419957155795665,0.388522750995103,-0.031434404800562,0.031434404800562,FALSE
70,"influential_logistic","logistic",0.828636760251981,0.98544923645584,0.156812476203859,0.156812476203859,FALSE
71,"influential_logistic","logistic",0.222440196665516,0.0339107644301699,-0.188529432235347,0.188529432235347,FALSE
72,"influential_logistic","logistic",0.869368081890195,0.943076221180647,0.073708139290452,0.073708139290452,FALSE
73,"influential_logistic","logistic",0.581683213586844,0.880851239987929,0.299168026401085,0.299168026401085,FALSE
74,"influential_logistic","logistic",0.332505887371959,0.193922816822528,-0.13858307054943,0.13858307054943,FALSE
75,"influential_logistic","logistic",0.207530908531389,0.0566606674985248,-0.150870241032864,0.150870241032864,FALSE
76,"influential_logistic","logistic",0.983494221516146,0.999827448861797,0.0163332273456507,0.0163332273456507,FALSE
77,"influential_logistic","logistic",0.608916675034158,0.407321409174181,-0.201595265859977,0.201595265859977,TRUE
78,"influential_logistic","logistic",0.941180793043859,0.997673085237333,0.0564922921934736,0.0564922921934736,FALSE
79,"influential_logistic","logistic",0.488702217721529,0.758420865260954,0.269718647539425,0.269718647539425,TRUE
80,"influential_logistic","logistic",0.68851188779249,0.90849329426093,0.21998140646844,0.21998140646844,FALSE
81,"influential_logistic","logistic",0.999890457628496,0.999999999868438,0.000109542239942084,0.000109542239942084,FALSE
82,"influential_logistic","logistic",0.404762223531917,0.614577065518388,0.20981484198647,0.20981484198647,FALSE
83,"influential_logistic","logistic",0.636525771283638,0.672757879444373,0.0362321081607354,0.0362321081607354,FALSE
84,"influential_logistic","logistic",0.75149385460711,0.317753679656587,-0.433740174950523,0.433740174950523,TRUE
85,"influential_logistic","logistic",0.132560660885142,0.00399623084639385,-0.128564430038748,0.128564430038748,TRUE
86,"influential_logistic","logistic",0.889620310135677,0.995511851131246,0.105891540995569,0.105891540995569,TRUE
87,"influential_logistic","logistic",0.969534396168776,0.999732967722643,0.0301985715538668,0.0301985715538668,FALSE
88,"influential_logistic","logistic",0.245269413009644,0.242755469274831,-0.00251394373481337,0.00251394373481337,FALSE
89,"influential_logistic","logistic",0.232597873894197,0.0353524911308305,-0.197245382763367,0.197245382763367,FALSE
90,"influential_logistic","logistic",0.383334418070604,0.620782721185731,0.237448303115127,0.237448303115127,TRUE
91,"influential_logistic","logistic",0.830607871878345,0.960579999482322,0.129972127603977,0.129972127603977,FALSE
92,"influential_logistic","logistic",0.8256838718743,0.987052831186842,0.161368959312541,0.161368959312541,TRUE
93,"influential_logistic","logistic",0.205778980678716,0.0175609521622116,-0.188218028516504,0.188218028516504,FALSE
94,"influential_logistic","logistic",0.182547192845227,0.12948357947472,-0.0530636133705075,0.0530636133705075,FALSE
95,"influential_logistic","logistic",0.539882948209763,0.569209207665544,0.0293262594557806,0.0293262594557806,FALSE
96,"influential_logistic","logistic",0.0546601315714762,0.000385088971217672,-0.0542750426002586,0.0542750426002586,FALSE
97,"influential_logistic","logistic",0.873280630642515,0.991313510821497,0.118032880178982,0.118032880178982,FALSE
98,"influential_logistic","logistic",0.244663283833304,0.0700533896164508,-0.174609894216853,0.174609894216853,FALSE
99,"influential_logistic","logistic",0.654075059562117,0.86222136285098,0.208146303288863,0.208146303288863,FALSE
100,"influential_logistic","logistic",0.952976669586497,0.999161245611041,0.0461845760245448,0.0461845760245448,FALSE
101,"influential_logistic","logistic",0.99008071817576,0.999988535894203,0.00990781771844229,0.00990781771844229,FALSE
102,"influential_logistic","logistic",0.38424792378687,0.1612817857419,-0.22296613804497,0.22296613804497,FALSE
103,"influential_logistic","logistic",0.919533693832027,0.980297899502383,0.0607642056703558,0.0607642056703558,FALSE
104,"influential_logistic","logistic",0.994448290363007,0.999995922264093,0.00554763190108598,0.00554763190108598,FALSE
105,"influential_logistic","logistic",0.972506793539799,0.999855609172079,0.0273488156322804,0.0273488156322804,TRUE
106,"influential_logistic","logistic",0.181687754118241,0.0131835679250317,-0.16850418619321,0.16850418619321,FALSE
107,"influential_logistic","logistic",0.992555693925993,0.999995742130239,0.00744004820424549,0.00744004820424549,FALSE
108,"influential_logistic","logistic",0.632390352503033,0.733705339087864,0.101314986584831,0.101314986584831,FALSE
109,"influential_logistic","logistic",0.0872345777910697,0.00534038206305896,-0.0818941957280107,0.0818941957280107,TRUE
110,"influential_logistic","logistic",0.784355497386909,0.984729373646224,0.200373876259315,0.200373876259315,FALSE
111,"influential_logistic","logistic",0.39148329443723,0.40505245129576,0.0135691568585299,0.0135691568585299,FALSE
112,"influential_logistic","logistic",0.0933258912106087,0.00356143808952908,-0.0897644531210796,0.0897644531210796,FALSE
113,"influential_logistic","logistic",0.378668704508524,0.111469061746014,-0.26719964276251,0.26719964276251,FALSE
114,"influential_logistic","logistic",0.235820925240169,0.0238139346731116,-0.212006990567057,0.212006990567057,FALSE
115,"influential_logistic","logistic",0.187521115152595,0.0183230938502556,-0.16919802130234,0.16919802130234,FALSE
116,"influential_logistic","logistic",0.532710098756597,0.641947612315983,0.109237513559386,0.109237513559386,FALSE
117,"influential_logistic","logistic",0.626829823855262,0.828954039507942,0.202124215652681,0.202124215652681,FALSE
118,"influential_logistic","logistic",0.0920130295291054,0.00094345722432566,-0.0910695723047798,0.0910695723047798,FALSE
119,"influential_logistic","logistic",0.344843924761151,0.152918710955401,-0.19192521380575,0.19192521380575,FALSE
120,"influential_logistic","logistic",0.0499738719868004,0.0000850551850645373,-0.0498888168017359,0.0498888168017359,TRUE
121,"influential_logistic","logistic",0.648644763564843,0.394077856674638,-0.254566906890205,0.254566906890205,TRUE
122,"influential_logistic","logistic",0.82506848881675,0.993986407641831,0.168917918825081,0.168917918825081,FALSE
123,"influential_logistic","logistic",0.382096164762965,0.676410200245747,0.294314035482783,0.294314035482783,TRUE
124,"influential_logistic","logistic",0.705523946296708,0.88912108885297,0.183597142556262,0.183597142556262,FALSE
125,"influential_logistic","logistic",0.0656342085497502,0.000764166298911537,-0.0648700422508387,0.0648700422508387,FALSE
126,"influential_logistic","logistic",0.110051448112461,0.00582528917244905,-0.104226158940012,0.104226158940012,FALSE
127,"influential_logistic","logistic",0.666462919983482,0.828433160176491,0.161970240193009,0.161970240193009,TRUE
128,"influential_logistic","logistic",0.798560710017835,0.924966316177056,0.126405606159221,0.126405606159221,TRUE
129,"influential_logistic","logistic",0.0934263869411407,0.00202766731254135,-0.0913987196285993,0.0913987196285993,FALSE
130,"influential_logistic","logistic",0.38712011148065,0.339471073468951,-0.047649038011699,0.047649038011699,FALSE
131,"influential_logistic","logistic",0.207714357519569,0.0500521621655846,-0.157662195353985,0.157662195353985,FALSE
132,"influential_logistic","logistic",0.0682449692945156,0.000311664199326006,-0.0679333050951896,0.0679333050951896,FALSE
133,"influential_logistic","logistic",0.328538341591494,0.0259890430472519,-0.302549298544242,0.302549298544242,TRUE
134,"influential_logistic","logistic",0.431971213605816,0.174353123883512,-0.257618089722304,0.257618089722304,TRUE
135,"influential_logistic","logistic",0.0568535227869497,0.000487683516524801,-0.0563658392704249,0.0563658392704249,FALSE
136,"influential_logistic","logistic",0.50429196325783,0.496836065091145,-0.00745589816668502,0.00745589816668502,TRUE
137,"influential_logistic","logistic",0.51532861529807,0.530077888378828,0.0147492730807586,0.0147492730807586,FALSE
138,"influential_logistic","logistic",0.980968581904427,0.999291706032938,0.0183231241285103,0.0183231241285103,FALSE
139,"influential_logistic","logistic",0.673518421162678,0.959678498920971,0.286160077758293,0.286160077758293,FALSE
140,"influential_logistic","logistic",0.507464474169592,0.467357069735296,-0.0401074044342954,0.0401074044342954,TRUE
141,"influential_logistic","logistic",0.322016947757468,0.112527428734176,-0.209489519023292,0.209489519023292,FALSE
142,"influential_logistic","logistic",0.312552346034577,0.112107456585011,-0.200444889449566,0.200444889449566,FALSE
143,"influential_logistic","logistic",0.354101567203658,0.161748607495558,-0.1923529597081,0.1923529597081,FALSE
144,"influential_logistic","logistic",0.907695159472706,0.999121340449942,0.0914261809772363,0.0914261809772363,FALSE
145,"influential_logistic","logistic",0.868262481497929,0.98984001680934,0.121577535311411,0.121577535311411,FALSE
146,"influential_logistic","logistic",0.701767015328519,0.942313140938669,0.24054612561015,0.24054612561015,FALSE
147,"influential_logistic","logistic",0.699100683172542,0.957153037568413,0.258052354395871,0.258052354395871,FALSE
148,"influential_logistic","logistic",0.984448939259825,0.999981041960706,0.0155321027008805,0.0155321027008805,FALSE
149,"influential_logistic","logistic",0.817516235964283,0.969962190038804,0.152445954074521,0.152445954074521,FALSE
150,"influential_logistic","logistic",0.787827515957527,0.949575077485752,0.161747561528225,0.161747561528225,FALSE
151,"influential_logistic","logistic",0.495647530997422,0.580873880786678,0.0852263497892561,0.0852263497892561,FALSE
152,"influential_logistic","logistic",0.24587336032454,0.228603183744973,-0.0172701765795668,0.0172701765795668,FALSE
153,"influential_logistic","logistic",0.657989745227712,0.851064164926981,0.193074419699269,0.193074419699269,FALSE
154,"influential_logistic","logistic",0.804718180789976,0.991479238620118,0.186761057830141,0.186761057830141,FALSE
155,"influential_logistic","logistic",0.466677192878931,0.859292838425509,0.392615645546578,0.392615645546578,TRUE
156,"influential_logistic","logistic",0.473247145089722,0.575494748710917,0.102247603621195,0.102247603621195,FALSE
157,"influential_logistic","logistic",0.698737341635646,0.928704511519826,0.22996716988418,0.22996716988418,TRUE
158,"influential_logistic","logistic",0.278698676466747,0.132668577155335,-0.146030099311413,0.146030099311413,FALSE
159,"influential_logistic","logistic",0.114534793508472,0.0145020140841809,-0.100032779424291,0.100032779424291,FALSE
160,"influential_logistic","logistic",0.505292234300649,0.533928554954589,0.0286363206539403,0.0286363206539403,FALSE
161,"influential_logistic","logistic",0.3951161996348,0.144880209616269,-0.25023599001853,0.25023599001853,FALSE
163,"influential_logistic","logistic",0.409121029198686,0.13604384123969,-0.273077187958996,0.273077187958996,TRUE
164,"influential_logistic","logistic",0.789223624240186,0.997516961193057,0.208293336952871,0.208293336952871,TRUE
165,"influential_logistic","logistic",0.83298458259032,0.999506192565549,0.166521609975229,0.166521609975229,TRUE
166,"influential_logistic","logistic",0.207161326167539,0.0307809743856257,-0.176380351781913,0.176380351781913,FALSE
167,"influential_logistic","logistic",0.476282197956005,0.125816009301973,-0.350466188654032,0.350466188654032,FALSE
168,"influential_logistic","logistic",0.683981342772176,0.676257553117877,-0.00772378965429876,0.00772378965429876,FALSE
169,"influential_logistic","logistic",0.0254302252190026,0.000210907994259041,-0.0252193172247435,0.0252193172247435,FALSE
170,"influential_logistic","logistic",0.985422893442667,0.999938669958323,0.0145157765156565,0.0145157765156565,FALSE
171,"influential_logistic","logistic",0.509253925602222,0.543727274161789,0.0344733485595674,0.0344733485595674,FALSE
172,"influential_logistic","logistic",0.235493773535853,0.0392760372052802,-0.196217736330573,0.196217736330573,FALSE
173,"influential_logistic","logistic",0.420381582535899,0.415163115796693,-0.00521846673920623,0.00521846673920623,FALSE
174,"influential_logistic","logistic",0.999986089923119,0.999999999998863,0.0000139100757443611,0.0000139100757443611,FALSE
175,"influential_logistic","logistic",0.937826346984892,0.999844360666172,0.0620180136812798,0.0620180136812798,FALSE
176,"influential_logistic","logistic",0.181923942461515,0.00285424765553925,-0.179069694805976,0.179069694805976,TRUE
177,"influential_logistic","logistic",0.0615516571278703,0.000364541727988449,-0.0611871153998818,0.0611871153998818,FALSE
178,"influential_logistic","logistic",0.769032260758856,0.826545517190768,0.0575132564319114,0.0575132564319114,FALSE
179,"influential_logistic","logistic",0.487243613266271,0.413720752926605,-0.0735228603396658,0.0735228603396658,FALSE
180,"influential_logistic","logistic",0.367706271195322,0.273327062019034,-0.0943792091762882,0.0943792091762882,FALSE
181,"influential_logistic","logistic",0.229766902105993,0.00723291897976583,-0.222533983126227,0.222533983126227,FALSE
182,"influential_logistic","logistic",0.364282695546796,0.0321091088636976,-0.332173586683098,0.332173586683098,FALSE
183,"influential_logistic","logistic",0.971975006723015,0.999913674881675,0.0279386681586604,0.0279386681586604,FALSE
184,"influential_logistic","logistic",0.469983116680134,0.366238615873525,-0.103744500806609,0.103744500806609,FALSE
185,"influential_logistic","logistic",0.333897598118556,0.132086024216931,-0.201811573901625,0.201811573901625,FALSE
186,"influential_logistic","logistic",0.829995216624383,0.991339495784472,0.161344279160089,0.161344279160089,FALSE
187,"influential_logistic","logistic",0.140119405804783,0.00412043477105418,-0.135998971033728,0.135998971033728,TRUE
188,"influential_logistic","logistic",0.85434264105812,0.99059718802072,0.1362545469626,0.1362545469626,FALSE
189,"influential_logistic","logistic",0.918786564396663,0.972286425904611,0.0534998615079476,0.0534998615079476,FALSE
190,"influential_logistic","logistic",0.903288219275536,0.994840873691412,0.0915526544158766,0.0915526544158766,FALSE
191,"influential_logistic","logistic",0.689640128317655,0.934149961152651,0.244509832834996,0.244509832834996,FALSE
192,"influential_logistic","logistic",0.2643402827602,0.101963972423452,-0.162376310336747,0.162376310336747,FALSE
193,"influential_logistic","logistic",0.457419491504213,0.422200015418157,-0.0352194760860566,0.0352194760860566,FALSE
194,"influential_logistic","logistic",0.909454870986102,0.998754416097458,0.0892995451113558,0.0892995451113558,FALSE
195,"influential_logistic","logistic",0.62675667329141,0.868930597548109,0.242173924256698,0.242173924256698,FALSE
196,"influential_logistic","logistic",0.735270198736506,0.906270342888827,0.171000144152321,0.171000144152321,FALSE
197,"influential_logistic","logistic",0.407820018506804,0.00876181811038577,-0.399058200396419,0.399058200396419,TRUE
198,"influential_logistic","logistic",0.796157664809335,0.960286035742825,0.164128370933491,0.164128370933491,FALSE
199,"influential_logistic","logistic",0.815890816934227,0.977562608464341,0.161671791530114,0.161671791530114,TRUE
200,"influential_logistic","logistic",0.713341757822145,0.840810602523844,0.127468844701699,0.127468844701699,FALSE
201,"influential_logistic","logistic",0.165280684174084,0.0141629177529985,-0.151117766421085,0.151117766421085,TRUE
202,"influential_logistic","logistic",0.766133746603892,0.987122948609516,0.220989202005624,0.220989202005624,FALSE
203,"influential_logistic","logistic",0.683190741300843,0.919758095761488,0.236567354460645,0.236567354460645,FALSE
204,"influential_logistic","logistic",0.186036855202797,0.0445155757039497,-0.141521279498847,0.141521279498847,TRUE
205,"influential_logistic","logistic",0.991527963412448,0.999981911643682,0.00845394823123335,0.00845394823123335,FALSE
206,"influential_logistic","logistic",0.33500142778445,0.367497248474938,0.0324958206904886,0.0324958206904886,TRUE
207,"influential_logistic","logistic",0.511850416105907,0.536872363501274,0.0250219473953669,0.0250219473953669,FALSE
208,"influential_logistic","logistic",0.307879518367291,0.0506169992057876,-0.257262519161504,0.257262519161504,FALSE
209,"influential_logistic","logistic",0.902100084552566,0.998046922407215,0.095946837854649,0.095946837854649,FALSE
210,"influential_logistic","logistic",0.828636760251981,0.98544923645584,0.156812476203859,0.156812476203859,FALSE
211,"influential_logistic","logistic",0.542758175052643,0.607828815454337,0.0650706404016942,0.0650706404016942,FALSE
212,"influential_logistic","logistic",0.99501201136455,0.999999242365323,0.00498723100077336,0.00498723100077336,FALSE
213,"influential_logistic","logistic",0.0767893822098327,0.000845822462362045,-0.0759435597474706,0.0759435597474706,FALSE
214,"influential_logistic","logistic",0.753763238207491,0.982943266203504,0.229180027996013,0.229180027996013,FALSE
215,"influential_logistic","logistic",0.211050477965836,0.0696407919835709,-0.141409685982265,0.141409685982265,FALSE
216,"influential_logistic","logistic",0.241973447044684,0.0282754728678494,-0.213697974176835,0.213697974176835,FALSE
217,"influential_logistic","logistic",0.977860980816997,0.999928950027038,0.0220679692100405,0.0220679692100405,FALSE
218,"influential_logistic","logistic",0.56852062322111,0.355637872190415,-0.212882751030695,0.212882751030695,TRUE
219,"influential_logistic","logistic",0.982354122566297,0.999965379370324,0.0176112568040271,0.0176112568040271,FALSE
220,"influential_logistic","logistic",0.946244925101989,0.998924003238893,0.0526790781369031,0.0526790781369031,FALSE
221,"influential_logistic","logistic",0.185944453373243,0.0158919269169883,-0.170052526456254,0.170052526456254,TRUE
222,"influential_logistic","logistic",0.868265565817201,0.995651315626855,0.127385749809654,0.127385749809654,FALSE
223,"influential_logistic","logistic",0.576213226771036,0.535802352391866,-0.0404108743791701,0.0404108743791701,FALSE
224,"influential_logistic","logistic",0.982561182504981,0.999926541940379,0.0173653594353977,0.0173653594353977,FALSE
225,"influential_logistic","logistic",0.51068803421852,0.691260124510708,0.180572090292188,0.180572090292188,FALSE
226,"influential_logistic","logistic",0.960071557951243,0.999731942449426,0.0396603844981829,0.0396603844981829,FALSE
227,"influential_logistic","logistic",0.565072708445064,0.200428145102126,-0.364644563342938,0.364644563342938,TRUE
228,"influential_logistic","logistic",0.338758829730765,0.167460962879104,-0.171297866851661,0.171297866851661,FALSE
229,"influential_logistic","logistic",0.0878531982175247,0.00351778213737861,-0.084335416080146,0.084335416080146,FALSE
230,"influential_logistic","logistic",0.914460076151617,0.997813595320425,0.0833535191688077,0.0833535191688077,TRUE
231,"influential_logistic","logistic",0.202939512054396,0.00752117040159607,-0.1954183416528,0.1954183416528,FALSE
232,"influential_logistic","logistic",0.16461879012889,0.0495741477347919,-0.115044642394098,0.115044642394098,FALSE
233,"influential_logistic","logistic",0.492546172527503,0.341148475511529,-0.151397697015974,0.151397697015974,FALSE
234,"influential_logistic","logistic",0.129754519151421,0.00388023568302805,-0.125874283468393,0.125874283468393,TRUE
235,"influential_logistic","logistic",0.737199209427225,0.953402361473564,0.216203152046339,0.216203152046339,TRUE
236,"influential_logistic","logistic",0.222313531392721,0.0791383932791187,-0.143175138113602,0.143175138113602,FALSE
237,"influential_logistic","logistic",0.343181454564115,0.0868371534974303,-0.256344301066685,0.256344301066685,TRUE
238,"influential_logistic","logistic",0.179649276007063,0.0171862213354313,-0.162463054671631,0.162463054671631,FALSE
239,"influential_logistic","logistic",0.160388088870172,0.0140342323605043,-0.146353856509668,0.146353856509668,FALSE
240,"influential_logistic","logistic",0.37772001213342,0.386842581636747,0.00912256950332702,0.00912256950332702,FALSE
241,"influential_logistic","logistic",0.659754161594692,0.854024549826897,0.194270388232205,0.194270388232205,FALSE
242,"influential_logistic","logistic",0.611321904809858,0.86550108741179,0.254179182601932,0.254179182601932,FALSE
243,"influential_logistic","logistic",0.132083934810988,0.00246849884641928,-0.129615435964569,0.129615435964569,FALSE
244,"influential_logistic","logistic",0.846473896302185,0.99409213608125,0.147618239779066,0.147618239779066,FALSE
245,"influential_logistic","logistic",0.81011001219574,0.848623399889726,0.0385133876939864,0.0385133876939864,TRUE
246,"influential_logistic","logistic",0.0481642145482754,0.00253303315510112,-0.0456311813931743,0.0456311813931743,FALSE
247,"influential_logistic","logistic",0.0747117411589927,0.00163189882547962,-0.0730798423335131,0.0730798423335131,FALSE
249,"influential_logistic","logistic",0.18017241180472,0.0345228089742175,-0.145649602830503,0.145649602830503,FALSE
250,"influential_logistic","logistic",0.358590379404879,0.121151808636205,-0.237438570768673,0.237438570768673,FALSE
251,"influential_logistic","logistic",0.991747632942332,0.999989326852208,0.0082416939098755,0.0082416939098755,FALSE
252,"influential_logistic","logistic",0.383969431782195,0.368516187313015,-0.0154532444691804,0.0154532444691804,FALSE
253,"influential_logistic","logistic",0.0420390434197188,0.0002577956757994,-0.0417812477439194,0.0417812477439194,FALSE
254,"influential_logistic","logistic",0.322018390804897,0.185891605144564,-0.136126785660333,0.136126785660333,FALSE
255,"influential_logistic","logistic",0.57901143112146,0.247524247899336,-0.331487183222124,0.331487183222124,FALSE
256,"influential_logistic","logistic",0.081301860031987,0.00177871701878738,-0.0795231430131996,0.0795231430131996,FALSE
257,"influential_logistic","logistic",0.0645614808151256,0.00061284052245528,-0.0639486402926703,0.0639486402926703,FALSE
258,"influential_logistic","logistic",0.911621070344439,0.943537411063898,0.0319163407194596,0.0319163407194596,FALSE
259,"influential_logistic","logistic",0.0209618208087101,0.0000175428882950924,-0.020944277920415,0.020944277920415,FALSE
260,"influential_logistic","logistic",0.255318117491468,0.147356892312104,-0.107961225179364,0.107961225179364,FALSE
261,"influential_logistic","logistic",0.0855900499612506,0.000579869315692462,-0.0850101806455581,0.0850101806455581,FALSE
262,"influential_logistic","logistic",0.590649749840717,0.651656898703052,0.0610071488623348,0.0610071488623348,FALSE
263,"influential_logistic","logistic",0.119171033312327,0.00430426232972596,-0.114866770982601,0.114866770982601,FALSE
264,"influential_logistic","logistic",0.296699773618434,0.135887718403559,-0.160812055214875,0.160812055214875,TRUE
265,"influential_logistic","logistic",0.0462947561530785,0.000387744089740484,-0.045907012063338,0.045907012063338,FALSE
266,"influential_logistic","logistic",0.838956376038812,0.996180154117621,0.157223778078809,0.157223778078809,FALSE
267,"influential_logistic","logistic",0.154239670604966,0.0352793145922493,-0.118960356012717,0.118960356012717,FALSE
268,"influential_logistic","logistic",0.142552504263498,0.00613068943560866,-0.136421814827889,0.136421814827889,TRUE
269,"influential_logistic","logistic",0.882009796340546,0.993909271046845,0.111899474706299,0.111899474706299,FALSE
270,"influential_logistic","logistic",0.237890666078418,0.0220968514688536,-0.215793814609565,0.215793814609565,FALSE
271,"influential_logistic","logistic",0.865995630946737,0.991769453890041,0.125773822943304,0.125773822943304,FALSE
272,"influential_logistic","logistic",0.207714357519569,0.0500521621655846,-0.157662195353985,0.157662195353985,FALSE
273,"influential_logistic","logistic",0.261219006110338,0.00363926076766508,-0.257579745342673,0.257579745342673,FALSE
274,"influential_logistic","logistic",0.191319327668107,0.00818618624865244,-0.183133141419455,0.183133141419455,TRUE
276,"influential_logistic","logistic",0.161829433087834,0.0013109776407758,-0.160518455447058,0.160518455447058,FALSE
277,"influential_logistic","logistic",0.829995216624383,0.991339495784472,0.161344279160089,0.161344279160089,FALSE
278,"influential_logistic","logistic",0.00655661182701175,0.000000453011309747755,-0.00655615881570201,0.00655615881570201,FALSE
279,"influential_logistic","logistic",0.072372603616745,0.000491634465647458,-0.0718809691510975,0.0718809691510975,FALSE
280,"influential_logistic","logistic",0.327773687647693,0.098117509250025,-0.229656178397668,0.229656178397668,FALSE
281,"influential_logistic","logistic",0.466677192878931,0.859292838425509,0.392615645546578,0.392615645546578,TRUE
282,"influential_logistic","logistic",0.549466831342582,0.539440027423095,-0.0100268039194878,0.0100268039194878,FALSE
283,"influential_logistic","logistic",0.165280684174084,0.0141629177529985,-0.151117766421085,0.151117766421085,TRUE
284,"influential_logistic","logistic",0.906441740350862,0.996613113688412,0.0901713733375491,0.0901713733375491,FALSE
285,"influential_logistic","logistic",0.332505887371959,0.193922816822528,-0.13858307054943,0.13858307054943,FALSE
286,"influential_logistic","logistic",0.821355702488541,0.746881840662299,-0.0744738618262414,0.0744738618262414,FALSE
287,"influential_logistic","logistic",0.394293537609553,0.464169724851375,0.0698761872418224,0.0698761872418224,FALSE
288,"influential_logistic","logistic",0.590649749840717,0.651656898703052,0.0610071488623348,0.0610071488623348,FALSE
289,"influential_logistic","logistic",0.199949054643874,0.0107289236752528,-0.189220130968621,0.189220130968621,FALSE
290,"influential_logistic","logistic",0.57616458788843,0.56061976010689,-0.0155448277815401,0.0155448277815401,TRUE
291,"influential_logistic","logistic",0.987823769061665,0.999993883800252,0.0121701147385873,0.0121701147385873,FALSE
292,"influential_logistic","logistic",0.0723413944667479,0.00364115862644008,-0.0687002358403078,0.0687002358403078,FALSE
293,"influential_logistic","logistic",0.128853662760863,0.00556937959395095,-0.123284283166912,0.123284283166912,FALSE
294,"influential_logistic","logistic",0.608916675034158,0.407321409174181,-0.201595265859977,0.201595265859977,TRUE
295,"influential_logistic","logistic",0.713341757822145,0.840810602523844,0.127468844701699,0.127468844701699,FALSE
296,"influential_logistic","logistic",0.154091845349096,0.0211170641162875,-0.132974781232809,0.132974781232809,FALSE
299,"influential_logistic","logistic",0.585592812710459,0.769800132891642,0.184207320181184,0.184207320181184,FALSE
300,"influential_logistic","logistic",0.936369188144351,0.998508396220141,0.0621392080757902,0.0621392080757902,FALSE
301,"influential_logistic","logistic",0.815890816934227,0.977562608464341,0.161671791530114,0.161671791530114,TRUE
302,"influential_logistic","logistic",0.689640128317655,0.934149961152651,0.244509832834996,0.244509832834996,FALSE
303,"influential_logistic","logistic",0.633808697535113,0.765965947554657,0.132157250019544,0.132157250019544,FALSE
304,"influential_logistic","logistic",0.0499738719868004,0.0000850551850645373,-0.0498888168017359,0.0498888168017359,TRUE
305,"influential_logistic","logistic",0.818639000273182,0.932497407023,0.113858406749819,0.113858406749819,FALSE
306,"influential_logistic","logistic",0.98841467251559,0.999983449811767,0.0115687772961766,0.0115687772961766,FALSE
307,"influential_logistic","logistic",0.179718997453656,0.0113087645474437,-0.168410232906213,0.168410232906213,FALSE
308,"influential_logistic","logistic",0.112491672812971,0.00189745803730135,-0.11059421477567,0.11059421477567,TRUE
310,"influential_logistic","logistic",0.985422893442667,0.999938669958323,0.0145157765156565,0.0145157765156565,FALSE
311,"influential_logistic","logistic",0.99363267370369,0.99999909815299,0.00636642444930091,0.00636642444930091,FALSE
312,"influential_logistic","logistic",0.363099192593266,0.0875178325938713,-0.275581359999395,0.275581359999395,FALSE
313,"influential_logistic","logistic",0.670059526794127,0.777593803388992,0.107534276594865,0.107534276594865,FALSE
314,"influential_logistic","logistic",0.918786564396663,0.972286425904611,0.0534998615079476,0.0534998615079476,FALSE
315,"influential_logistic","logistic",0.359767124280117,0.304198446823852,-0.055568677456265,0.055568677456265,FALSE
316,"influential_logistic","logistic",0.222313531392721,0.0791383932791187,-0.143175138113602,0.143175138113602,FALSE
317,"influential_logistic","logistic",0.0158613381030968,0.0000120606552893346,-0.0158492774478075,0.0158492774478075,FALSE
318,"influential_logistic","logistic",0.181687754118241,0.0131835679250317,-0.16850418619321,0.16850418619321,FALSE
320,"influential_logistic","logistic",0.741468513283805,0.977215482125253,0.235746968841448,0.235746968841448,TRUE
321,"influential_logistic","logistic",0.952976669586497,0.999161245611041,0.0461845760245448,0.0461845760245448,FALSE
322,"influential_logistic","logistic",0.0207374595918313,0.000162572317064784,-0.0205748872747666,0.0205748872747666,FALSE
323,"influential_logistic","logistic",0.382096164762965,0.676410200245747,0.294314035482783,0.294314035482783,TRUE
324,"influential_logistic","logistic",0.0134058638910219,0.0000150237867664952,-0.0133908401042554,0.0133908401042554,FALSE
325,"influential_logistic","logistic",0.0260521898597034,0.000092409403296039,-0.0259597804564073,0.0259597804564073,FALSE
327,"influential_logistic","logistic",0.683190741300843,0.919758095761488,0.236567354460645,0.236567354460645,FALSE
328,"influential_logistic","logistic",0.701767015328519,0.942313140938669,0.24054612561015,0.24054612561015,FALSE
329,"influential_logistic","logistic",0.652238615447394,0.777336417358859,0.125097801911466,0.125097801911466,FALSE
330,"influential_logistic","logistic",0.64051805984773,0.610963626054938,-0.0295544337927918,0.0295544337927918,FALSE
331,"influential_logistic","logistic",0.997514308656724,0.999995287778305,0.00248097912158074,0.00248097912158074,FALSE
332,"influential_logistic","logistic",0.838956376038812,0.996180154117621,0.157223778078809,0.157223778078809,FALSE
333,"influential_logistic","logistic",0.991527963412448,0.999981911643682,0.00845394823123335,0.00845394823123335,FALSE
335,"influential_logistic","logistic",0.105002752800456,0.00211866109706218,-0.102884091703394,0.102884091703394,FALSE
336,"influential_logistic","logistic",0.182547192845227,0.12948357947472,-0.0530636133705075,0.0530636133705075,FALSE
337,"influential_logistic","logistic",0.57901143112146,0.247524247899336,-0.331487183222124,0.331487183222124,FALSE
338,"influential_logistic","logistic",0.185100562936232,0.0362718127810715,-0.14882875015516,0.14882875015516,FALSE
339,"influential_logistic","logistic",0.422118691325087,0.379054308080963,-0.0430643832441245,0.0430643832441245,FALSE
340,"influential_logistic","logistic",0.344843924761151,0.152918710955401,-0.19192521380575,0.19192521380575,FALSE
341,"influential_logistic","logistic",0.99501201136455,0.999999242365323,0.00498723100077336,0.00498723100077336,FALSE
342,"influential_logistic","logistic",0.50841011471862,0.897895992343026,0.389485877624406,0.389485877624406,FALSE
345,"influential_logistic","logistic",0.0872345777910697,0.00534038206305896,-0.0818941957280107,0.0818941957280107,TRUE
346,"influential_logistic","logistic",0.488702217721529,0.758420865260954,0.269718647539425,0.269718647539425,TRUE
347,"influential_logistic","logistic",0.699100683172542,0.957153037568413,0.258052354395871,0.258052354395871,FALSE
348,"influential_logistic","logistic",0.0763783342009116,0.0143672906653517,-0.0620110435355599,0.0620110435355599,FALSE
349,"influential_logistic","logistic",0.133748728001538,0.0242844342781294,-0.109464293723409,0.109464293723409,FALSE
350,"influential_logistic","logistic",0.971975006723015,0.999913674881675,0.0279386681586604,0.0279386681586604,FALSE
351,"influential_logistic","logistic",0.3951161996348,0.144880209616269,-0.25023599001853,0.25023599001853,FALSE
353,"influential_logistic","logistic",0.404762223531917,0.614577065518388,0.20981484198647,0.20981484198647,FALSE
354,"influential_logistic","logistic",0.167406560528404,0.0226105019429027,-0.144796058585502,0.144796058585502,FALSE
355,"influential_logistic","logistic",0.887264060620395,0.972287340899314,0.0850232802789185,0.0850232802789185,FALSE
357,"influential_logistic","logistic",0.38424792378687,0.1612817857419,-0.22296613804497,0.22296613804497,FALSE
358,"influential_logistic","logistic",0.737199209427225,0.953402361473564,0.216203152046339,0.216203152046339,TRUE
359,"influential_logistic","logistic",0.0336352503874717,0.000427447132782528,-0.0332078032546891,0.0332078032546891,FALSE
360,"influential_logistic","logistic",0.911621070344439,0.943537411063898,0.0319163407194596,0.0319163407194596,FALSE
361,"influential_logistic","logistic",0.00768381140098902,0.00000247419571705793,-0.00768133720527197,0.00768133720527197,FALSE
362,"influential_logistic","logistic",0.278386243471057,0.0482405057670832,-0.230145737703974,0.230145737703974,FALSE
363,"influential_logistic","logistic",0.133364242833329,0.00557283254436472,-0.127791410288964,0.127791410288964,FALSE
364,"influential_logistic","logistic",0.984448939259825,0.999981041960706,0.0155321027008805,0.0155321027008805,FALSE
365,"influential_logistic","logistic",0.431971213605816,0.174353123883512,-0.257618089722304,0.257618089722304,TRUE
366,"influential_logistic","logistic",0.581683213586844,0.880851239987929,0.299168026401085,0.299168026401085,FALSE
367,"influential_logistic","logistic",0.00854632557440094,0.00000990709181259961,-0.00853641848258834,0.00853641848258834,FALSE
369,"influential_logistic","logistic",0.909454870986102,0.998754416097458,0.0892995451113558,0.0892995451113558,FALSE
370,"influential_logistic","logistic",0.99008071817576,0.999988535894203,0.00990781771844229,0.00990781771844229,FALSE
371,"influential_logistic","logistic",0.507464474169592,0.467357069735296,-0.0401074044342954,0.0401074044342954,TRUE
372,"influential_logistic","logistic",0.982561182504981,0.999926541940379,0.0173653594353977,0.0173653594353977,FALSE
373,"influential_logistic","logistic",0.754737447032197,0.973389100296576,0.21865165326438,0.21865165326438,FALSE
374,"influential_logistic","logistic",0.254643895179231,0.0304185267142009,-0.22422536846503,0.22422536846503,FALSE
375,"influential_logistic","logistic",0.312552346034577,0.112107456585011,-0.200444889449566,0.200444889449566,FALSE
376,"influential_logistic","logistic",0.904140864187078,0.991738098556269,0.0875972343691918,0.0875972343691918,FALSE
378,"influential_logistic","logistic",0.827637316127184,0.990463897750929,0.162826581623745,0.162826581623745,FALSE
380,"influential_logistic","logistic",0.790193327742954,0.921626287941817,0.131432960198864,0.131432960198864,TRUE
381,"influential_logistic","logistic",0.65144240807965,0.691196261241476,0.0397538531618258,0.0397538531618258,FALSE
382,"influential_logistic","logistic",0.33500142778445,0.367497248474938,0.0324958206904886,0.0324958206904886,TRUE
383,"influential_logistic","logistic",0.0511145674254441,0.000213827509261916,-0.0509007399161822,0.0509007399161822,FALSE
384,"influential_logistic","logistic",0.499316211641494,0.705554603871625,0.206238392230131,0.206238392230131,FALSE
385,"influential_logistic","logistic",0.0615516571278703,0.000364541727988449,-0.0611871153998818,0.0611871153998818,FALSE
386,"influential_logistic","logistic",0.0348169213654253,0.000133253912794009,-0.0346836674526313,0.0346836674526313,FALSE
387,"influential_logistic","logistic",0.322016947757468,0.112527428734176,-0.209489519023292,0.209489519023292,FALSE
388,"influential_logistic","logistic",0.663787422067071,0.905969274602778,0.242181852535707,0.242181852535707,FALSE
389,"influential_logistic","logistic",0.328538341591494,0.0259890430472519,-0.302549298544242,0.302549298544242,TRUE
391,"influential_logistic","logistic",0.869368081890195,0.943076221180647,0.073708139290452,0.073708139290452,FALSE
392,"influential_logistic","logistic",0.99507326213188,0.999999767843765,0.00492650571188424,0.00492650571188424,FALSE
393,"influential_logistic","logistic",0.532710098756597,0.641947612315983,0.109237513559386,0.109237513559386,FALSE
394,"influential_logistic","logistic",0.868262481497929,0.98984001680934,0.121577535311411,0.121577535311411,FALSE
395,"influential_logistic","logistic",0.503239637581711,0.636947863640924,0.133708226059212,0.133708226059212,TRUE
396,"influential_logistic","logistic",0.784355497386909,0.984729373646224,0.200373876259315,0.200373876259315,FALSE
397,"influential_logistic","logistic",0.296699773618434,0.135887718403559,-0.160812055214875,0.160812055214875,TRUE
398,"influential_logistic","logistic",0.338758829730765,0.167460962879104,-0.171297866851661,0.171297866851661,FALSE
399,"influential_logistic","logistic",0.862755588569277,0.972553165998969,0.109797577429692,0.109797577429692,FALSE
400,"influential_logistic","logistic",0.773543245380817,0.97206584667568,0.198522601294863,0.198522601294863,FALSE
401,"influential_logistic","logistic",0.999986089923119,0.999999999998863,0.0000139100757443611,0.0000139100757443611,FALSE
402,"influential_logistic","logistic",0.331686502859882,0.00827314515822273,-0.32341335770166,0.32341335770166,TRUE
403,"influential_logistic","logistic",0.24587336032454,0.228603183744973,-0.0172701765795668,0.0172701765795668,FALSE
405,"influential_logistic","logistic",0.648644763564843,0.394077856674638,-0.254566906890205,0.254566906890205,TRUE
406,"influential_logistic","logistic",0.963476663690557,0.999714110313428,0.0362374466228715,0.0362374466228715,FALSE
407,"influential_logistic","logistic",0.753763238207491,0.982943266203504,0.229180027996013,0.229180027996013,FALSE
408,"influential_logistic","logistic",0.235820925240169,0.0238139346731116,-0.212006990567057,0.212006990567057,FALSE
409,"influential_logistic","logistic",0.273002324188107,0.122662162602815,-0.150340161585291,0.150340161585291,TRUE
410,"influential_logistic","logistic",0.995653939861625,0.999999422482186,0.00434548262056078,0.00434548262056078,FALSE
411,"influential_logistic","logistic",0.420958532326003,0.455407803985775,0.0344492716597724,0.0344492716597724,FALSE
412,"influential_logistic","logistic",0.110051448112461,0.00582528917244905,-0.104226158940012,0.104226158940012,FALSE
413,"influential_logistic","logistic",0.8256838718743,0.987052831186842,0.161368959312541,0.161368959312541,TRUE
414,"influential_logistic","logistic",0.946130916341737,0.998922554145112,0.0527916378033747,0.0527916378033747,FALSE
415,"influential_logistic","logistic",0.0546601315714762,0.000385088971217672,-0.0542750426002586,0.0542750426002586,FALSE
416,"influential_logistic","logistic",0.0209618208087101,0.0000175428882950924,-0.020944277920415,0.020944277920415,FALSE
417,"influential_logistic","logistic",0.835444791257916,0.960394042814215,0.124949251556299,0.124949251556299,FALSE
418,"influential_logistic","logistic",0.745353295024673,0.898369519212842,0.153016224188169,0.153016224188169,FALSE
419,"influential_logistic","logistic",0.0933258912106087,0.00356143808952908,-0.0897644531210796,0.0897644531210796,FALSE
420,"influential_logistic","logistic",0.721041649707712,0.934649045944602,0.213607396236891,0.213607396236891,FALSE
421,"influential_logistic","logistic",0.999182159151604,0.999999941683838,0.000817782532233968,0.000817782532233968,FALSE
422,"influential_logistic","logistic",0.261264867818762,0.101092681387431,-0.160172186431332,0.160172186431332,FALSE
423,"influential_logistic","logistic",0.675780044111993,0.859990501222011,0.184210457110018,0.184210457110018,FALSE
424,"influential_logistic","logistic",0.817516235964283,0.969962190038804,0.152445954074521,0.152445954074521,FALSE
425,"influential_logistic","logistic",0.62675667329141,0.868930597548109,0.242173924256698,0.242173924256698,FALSE
426,"influential_logistic","logistic",0.907695159472706,0.999121340449942,0.0914261809772363,0.0914261809772363,FALSE
428,"influential_logistic","logistic",0.976219621133807,0.998767217983839,0.0225475968500316,0.0225475968500316,FALSE
429,"influential_logistic","logistic",0.738456834820745,0.876299097097488,0.137842262276743,0.137842262276743,FALSE
432,"influential_logistic","logistic",0.92636699728271,0.994276664277862,0.0679096669951522,0.0679096669951522,TRUE
433,"influential_logistic","logistic",0.0220263226504023,0.000128730969547901,-0.0218975916808544,0.0218975916808544,FALSE
434,"influential_logistic","logistic",0.138969519445954,0.0220166742454846,-0.116952845200469,0.116952845200469,FALSE
435,"influential_logistic","logistic",0.211050477965836,0.0696407919835709,-0.141409685982265,0.141409685982265,FALSE
436,"influential_logistic","logistic",0.382940196081997,0.177168298754361,-0.205771897327637,0.205771897327637,FALSE
437,"influential_logistic","logistic",0.652352541165651,0.611646359004888,-0.0407061821607632,0.0407061821607632,TRUE
438,"influential_logistic","logistic",0.207530908531389,0.0566606674985248,-0.150870241032864,0.150870241032864,FALSE
439,"influential_logistic","logistic",0.951955303231447,0.999843027863129,0.0478877246316812,0.0478877246316812,FALSE
440,"influential_logistic","logistic",0.103530764600245,0.00558483254882928,-0.0979459320514154,0.0979459320514154,FALSE
441,"influential_logistic","logistic",0.83298458259032,0.999506192565549,0.166521609975229,0.166521609975229,TRUE
442,"influential_logistic","logistic",0.735270198736506,0.906270342888827,0.171000144152321,0.171000144152321,FALSE
443,"influential_logistic","logistic",0.656557926397159,0.927455586162976,0.270897659765817,0.270897659765817,FALSE
444,"influential_logistic","logistic",0.37772001213342,0.386842581636747,0.00912256950332702,0.00912256950332702,FALSE
445,"influential_logistic","logistic",0.991747632942332,0.999989326852208,0.0082416939098755,0.0082416939098755,FALSE
446,"influential_logistic","logistic",0.119171033312327,0.00430426232972596,-0.114866770982601,0.114866770982601,FALSE
448,"influential_logistic","logistic",0.889620310135677,0.995511851131246,0.105891540995569,0.105891540995569,TRUE
449,"influential_logistic","logistic",0.331028372206056,0.156106185785162,-0.174922186420894,0.174922186420894,FALSE
451,"influential_logistic","logistic",0.0774660938721546,0.0119506122510454,-0.0655154816211092,0.0655154816211092,FALSE
452,"influential_logistic","logistic",0.419957155795665,0.388522750995103,-0.031434404800562,0.031434404800562,FALSE
453,"influential_logistic","logistic",0.966743596828773,0.999667073831719,0.0329234770029464,0.0329234770029464,FALSE
454,"influential_logistic","logistic",0.244663283833304,0.0700533896164508,-0.174609894216853,0.174609894216853,FALSE
455,"influential_logistic","logistic",0.747538891243509,0.95936113868993,0.211822247446422,0.211822247446422,FALSE
456,"influential_logistic","logistic",0.475493630763509,0.494200963356718,0.0187073325932094,0.0187073325932094,FALSE
457,"influential_logistic","logistic",0.737956476486958,0.938320948229658,0.200364471742699,0.200364471742699,FALSE
458,"influential_logistic","logistic",0.972506793539799,0.999855609172079,0.0273488156322804,0.0273488156322804,TRUE
459,"influential_logistic","logistic",0.215890440056359,0.263058711367489,0.0471682713111294,0.0471682713111294,FALSE
460,"influential_logistic","logistic",0.142552504263498,0.00613068943560866,-0.136421814827889,0.136421814827889,TRUE
461,"influential_logistic","logistic",0.222440196665516,0.0339107644301699,-0.188529432235347,0.188529432235347,FALSE
462,"influential_logistic","logistic",0.467047716773449,0.222151586357976,-0.244896130415473,0.244896130415473,TRUE
463,"influential_logistic","logistic",0.698737341635646,0.928704511519826,0.22996716988418,0.22996716988418,TRUE
464,"influential_logistic","logistic",0.0568535227869497,0.000487683516524801,-0.0563658392704249,0.0563658392704249,FALSE
465,"influential_logistic","logistic",0.859395833939244,0.996225030823144,0.1368291968839,0.1368291968839,FALSE
466,"influential_logistic","logistic",0.893322748895839,0.995165597722581,0.101842848826742,0.101842848826742,FALSE
467,"influential_logistic","logistic",0.124985337995657,0.0205043110971672,-0.10448102689849,0.10448102689849,FALSE
468,"influential_logistic","logistic",0.367706271195322,0.273327062019034,-0.0943792091762882,0.0943792091762882,FALSE
469,"influential_logistic","logistic",0.0106377837517508,0.00000157402034648682,-0.0106362097314044,0.0106362097314044,FALSE
470,"influential_logistic","logistic",0.89650620032124,0.999780768591433,0.103274568270193,0.103274568270193,FALSE
471,"influential_logistic","logistic",0.656400314229526,0.713014121832057,0.0566138076025311,0.0566138076025311,FALSE
472,"influential_logistic","logistic",0.839380311343345,0.966508606258478,0.127128294915132,0.127128294915132,FALSE
473,"influential_logistic","logistic",0.245269413009644,0.242755469274831,-0.00251394373481337,0.00251394373481337,FALSE
474,"influential_logistic","logistic",0.0914008512183377,0.00571696684497022,-0.0856838843733675,0.0856838843733675,FALSE
475,"influential_logistic","logistic",0.542758175052643,0.607828815454337,0.0650706404016942,0.0650706404016942,FALSE
476,"influential_logistic","logistic",0.82506848881675,0.993986407641831,0.168917918825081,0.168917918825081,FALSE
477,"influential_logistic","logistic",0.537756645171324,0.718093001814507,0.180336356643183,0.180336356643183,FALSE
479,"influential_logistic","logistic",0.130427996308924,0.0126705009815629,-0.117757495327361,0.117757495327361,FALSE
480,"influential_logistic","logistic",0.154239670604966,0.0352793145922493,-0.118960356012717,0.118960356012717,FALSE
482,"influential_logistic","logistic",0.364282695546796,0.0321091088636976,-0.332173586683098,0.332173586683098,FALSE
483,"influential_logistic","logistic",0.18017241180472,0.0345228089742175,-0.145649602830503,0.145649602830503,FALSE
484,"influential_logistic","logistic",0.505292234300649,0.533928554954589,0.0286363206539403,0.0286363206539403,FALSE
485,"influential_logistic","logistic",0.407820018506804,0.00876181811038577,-0.399058200396419,0.399058200396419,TRUE
486,"influential_logistic","logistic",0.251887045935259,0.139135005879111,-0.112752040056148,0.112752040056148,FALSE
488,"influential_logistic","logistic",0.922791238968469,0.999756493862939,0.0769652548944694,0.0769652548944694,FALSE
489,"influential_logistic","logistic",0.841796911011149,0.917148963112724,0.0753520521015741,0.0753520521015741,FALSE
490,"influential_logistic","logistic",0.451854384248149,0.567203519336423,0.115349135088275,0.115349135088275,FALSE
491,"influential_logistic","logistic",0.026439771352808,0.000276392115032616,-0.0261633792377754,0.0261633792377754,FALSE
492,"influential_logistic","logistic",0.121491724981868,0.0055812775750356,-0.115910447406833,0.115910447406833,FALSE
493,"influential_logistic","logistic",0.722242425314806,0.974186772501115,0.251944347186309,0.251944347186309,FALSE
494,"influential_logistic","logistic",0.0767893822098327,0.000845822462362045,-0.0759435597474706,0.0759435597474706,FALSE
495,"influential_logistic","logistic",0.0855900499612506,0.000579869315692462,-0.0850101806455581,0.0850101806455581,FALSE
496,"influential_logistic","logistic",0.659754161594692,0.854024549826897,0.194270388232205,0.194270388232205,FALSE
498,"influential_logistic","logistic",0.129754519151421,0.00388023568302805,-0.125874283468393,0.125874283468393,TRUE
499,"influential_logistic","logistic",0.948188991617556,0.999609170950832,0.0514201793332766,0.0514201793332766,FALSE
500,"influential_logistic","logistic",0.547865208276583,0.735640601460538,0.187775393183954,0.187775393183954,FALSE
501,"influential_logistic","logistic",0.994448290363007,0.999995922264093,0.00554763190108598,0.00554763190108598,FALSE
502,"influential_logistic","logistic",0.457419491504213,0.422200015418157,-0.0352194760860566,0.0352194760860566,FALSE
503,"influential_logistic","logistic",0.511850416105907,0.536872363501274,0.0250219473953669,0.0250219473953669,FALSE
505,"influential_logistic","logistic",0.0173465357132964,0.00002362470839111,-0.0173229110049053,0.0173229110049053,FALSE
506,"influential_logistic","logistic",0.449905704071164,0.491001225266227,0.0410955211950637,0.0410955211950637,FALSE
509,"influential_logistic","logistic",0.50429196325783,0.496836065091145,-0.00745589816668502,0.00745589816668502,TRUE
510,"influential_logistic","logistic",0.0420390434197188,0.0002577956757994,-0.0417812477439194,0.0417812477439194,FALSE
512,"influential_logistic","logistic",0.934882448241652,0.997140296348389,0.0622578481067372,0.0622578481067372,FALSE
513,"influential_logistic","logistic",0.358590379404879,0.121151808636205,-0.237438570768673,0.237438570768673,FALSE
514,"influential_logistic","logistic",0.690895524458889,0.461934642167893,-0.228960882290996,0.228960882290996,TRUE
515,"influential_logistic","logistic",0.947516357877166,0.999186020428966,0.0516696625518002,0.0516696625518002,FALSE
516,"influential_logistic","logistic",0.606302835474451,0.752850160517112,0.146547325042661,0.146547325042661,FALSE
517,"influential_logistic","logistic",0.647379862107148,0.825152356229192,0.177772494122045,0.177772494122045,FALSE
518,"influential_logistic","logistic",0.845460988660931,0.967443315476827,0.121982326815896,0.121982326815896,FALSE
519,"influential_logistic","logistic",0.0645614808151256,0.00061284052245528,-0.0639486402926703,0.0639486402926703,FALSE
520,"influential_logistic","logistic",0.0302590899848765,0.000254769801420881,-0.0300043201834556,0.0300043201834556,FALSE
521,"influential_logistic","logistic",0.0628329060498054,0.000590342380972292,-0.0622425636688331,0.0622425636688331,FALSE
523,"influential_logistic","logistic",0.323296624264078,0.122628079644785,-0.200668544619293,0.200668544619293,FALSE
524,"influential_logistic","logistic",0.645614033546203,0.824439762995058,0.178825729448855,0.178825729448855,FALSE
525,"influential_logistic","logistic",0.862445726300247,0.991581132337074,0.129135406036826,0.129135406036826,TRUE
526,"influential_logistic","logistic",0.232597873894197,0.0353524911308305,-0.197245382763367,0.197245382763367,FALSE
527,"influential_logistic","logistic",0.0900146923775637,0.00766461897247948,-0.0823500734050842,0.0823500734050842,FALSE
528,"influential_logistic","logistic",0.324366741287773,0.0743771982104833,-0.24998954307729,0.24998954307729,FALSE
530,"influential_logistic","logistic",0.93555714605067,0.997167005257189,0.0616098592065186,0.0616098592065186,FALSE
531,"influential_logistic","logistic",0.081301860031987,0.00177871701878738,-0.0795231430131996,0.0795231430131996,FALSE
532,"influential_logistic","logistic",0.554347617750433,0.743722620730277,0.189375002979844,0.189375002979844,FALSE
534,"influential_logistic","logistic",0.989787940301795,0.999971256107551,0.0101833158057565,0.0101833158057565,FALSE
536,"influential_logistic","logistic",0.261866844269589,0.0797104342455465,-0.182156410024042,0.182156410024042,FALSE
537,"influential_logistic","logistic",0.160388088870172,0.0140342323605043,-0.146353856509668,0.146353856509668,FALSE
538,"influential_logistic","logistic",0.382201742164704,0.799227641163396,0.417025898998692,0.417025898998692,TRUE
539,"influential_logistic","logistic",0.686030679158416,0.409347356606401,-0.276683322552015,0.276683322552015,TRUE
541,"influential_logistic","logistic",0.8146440688724,0.995421907437509,0.180777838565109,0.180777838565109,FALSE
542,"influential_logistic","logistic",0.430912574427244,0.134364704350129,-0.296547870077115,0.296547870077115,TRUE
543,"influential_logistic","logistic",0.114178612300582,0.0140433347396726,-0.10013527756091,0.10013527756091,FALSE
544,"influential_logistic","logistic",0.640829560397075,0.613840797263917,-0.0269887631331571,0.0269887631331571,FALSE
546,"influential_logistic","logistic",0.868265565817201,0.995651315626855,0.127385749809654,0.127385749809654,FALSE
547,"influential_logistic","logistic",0.766133746603892,0.987122948609516,0.220989202005624,0.220989202005624,FALSE
548,"influential_logistic","logistic",0.0747117411589927,0.00163189882547962,-0.0730798423335131,0.0730798423335131,FALSE
550,"influential_logistic","logistic",0.749802204225266,0.966143374862029,0.216341170636763,0.216341170636763,TRUE
551,"influential_logistic","logistic",0.626829823855262,0.828954039507942,0.202124215652681,0.202124215652681,FALSE
552,"influential_logistic","logistic",0.75149385460711,0.317753679656587,-0.433740174950523,0.433740174950523,TRUE
555,"influential_logistic","logistic",0.241973447044684,0.0282754728678494,-0.213697974176835,0.213697974176835,FALSE
556,"influential_logistic","logistic",0.509253925602222,0.543727274161789,0.0344733485595674,0.0344733485595674,FALSE
557,"influential_logistic","logistic",0.796157664809335,0.960286035742825,0.164128370933491,0.164128370933491,FALSE
559,"influential_logistic","logistic",0.00759390416767012,0.0000034331371064025,-0.00759047103056372,0.00759047103056372,FALSE
560,"influential_logistic","logistic",0.0284749934459167,0.000087013166376841,-0.0283879802795399,0.0283879802795399,FALSE
561,"influential_logistic","logistic",0.663505043664355,0.72419968342377,0.0606946397594159,0.0606946397594159,TRUE
562,"influential_logistic","logistic",0.576213226771036,0.535802352391866,-0.0404108743791701,0.0404108743791701,FALSE
563,"influential_logistic","logistic",0.982354122566297,0.999965379370324,0.0176112568040271,0.0176112568040271,FALSE
564,"influential_logistic","logistic",0.229766902105993,0.00723291897976583,-0.222533983126227,0.222533983126227,FALSE
565,"influential_logistic","logistic",0.887755022958092,0.992349133279803,0.104594110321711,0.104594110321711,FALSE
566,"influential_logistic","logistic",0.822458542599243,0.992382703006387,0.169924160407144,0.169924160407144,FALSE
567,"influential_logistic","logistic",0.492546172527503,0.341148475511529,-0.151397697015974,0.151397697015974,FALSE
568,"influential_logistic","logistic",0.479014025541266,0.124186968930283,-0.354827056610984,0.354827056610984,FALSE
569,"influential_logistic","logistic",0.114534793508472,0.0145020140841809,-0.100032779424291,0.100032779424291,FALSE
571,"influential_logistic","logistic",0.673518421162678,0.959678498920971,0.286160077758293,0.286160077758293,FALSE
573,"influential_logistic","logistic",0.487243613266271,0.413720752926605,-0.0735228603396658,0.0735228603396658,FALSE
574,"influential_logistic","logistic",0.0965075579259199,0.00405395359002691,-0.092453604335893,0.092453604335893,FALSE
575,"influential_logistic","logistic",0.39148329443723,0.40505245129576,0.0135691568585299,0.0135691568585299,FALSE
576,"influential_logistic","logistic",0.56852062322111,0.355637872190415,-0.212882751030695,0.212882751030695,TRUE
578,"influential_logistic","logistic",0.91917474821294,0.996384362013029,0.0772096138000883,0.0772096138000883,FALSE
579,"influential_logistic","logistic",0.378668704508524,0.111469061746014,-0.26719964276251,0.26719964276251,FALSE
580,"influential_logistic","logistic",0.98736386900296,0.999986836337132,0.0126229673341719,0.0126229673341719,FALSE
581,"influential_logistic","logistic",0.939281366327372,0.999657376210168,0.0603760098827959,0.0603760098827959,FALSE
584,"influential_logistic","logistic",0.937826346984892,0.999844360666172,0.0620180136812798,0.0620180136812798,FALSE
585,"influential_logistic","logistic",0.804718180789976,0.991479238620118,0.186761057830141,0.186761057830141,FALSE
587,"influential_logistic","logistic",0.420381582535899,0.415163115796693,-0.00521846673920623,0.00521846673920623,FALSE
589,"influential_logistic","logistic",0.702902261460136,0.856936634422979,0.154034372962843,0.154034372962843,FALSE
590,"influential_logistic","logistic",0.453246458749986,0.467357792118075,0.0141113333680887,0.0141113333680887,FALSE
591,"influential_logistic","logistic",0.383969431782195,0.368516187313015,-0.0154532444691804,0.0154532444691804,FALSE
592,"influential_logistic","logistic",0.383334418070604,0.620782721185731,0.237448303115127,0.237448303115127,TRUE
593,"influential_logistic","logistic",0.441140937020027,0.071563266194643,-0.369577670825384,0.369577670825384,FALSE
594,"influential_logistic","logistic",0.904645643474298,0.998836679684926,0.0941910362106282,0.0941910362106282,FALSE
595,"influential_logistic","logistic",0.0920130295291054,0.00094345722432566,-0.0910695723047798,0.0910695723047798,FALSE
596,"influential_logistic","logistic",0.495647530997422,0.580873880786678,0.0852263497892561,0.0852263497892561,FALSE
597,"influential_logistic","logistic",0.611321904809858,0.86550108741179,0.254179182601932,0.254179182601932,FALSE
598,"influential_logistic","logistic",0.202939512054396,0.00752117040159607,-0.1954183416528,0.1954183416528,FALSE
599,"influential_logistic","logistic",0.140119405804783,0.00412043477105418,-0.135998971033728,0.135998971033728,TRUE
600,"influential_logistic","logistic",0.166130055153585,0.048877077652012,-0.117252977501573,0.117252977501573,FALSE
601,"influential_logistic","logistic",0.224795924442047,0.169555263789992,-0.0552406606520547,0.0552406606520547,FALSE
602,"influential_logistic","logistic",0.922166298101046,0.995413323775863,0.0732470256748174,0.0732470256748174,FALSE
603,"influential_logistic","logistic",0.565072708445064,0.200428145102126,-0.364644563342938,0.364644563342938,TRUE
604,"influential_logistic","logistic",0.400437239307885,0.0638062757646577,-0.336630963543228,0.336630963543228,TRUE
605,"influential_logistic","logistic",0.873280630642515,0.991313510821497,0.118032880178982,0.118032880178982,FALSE
606,"influential_logistic","logistic",0.995008585317866,0.999998533570574,0.00498994825270849,0.00498994825270849,FALSE
607,"influential_logistic","logistic",0.381830942127097,0.426412087180839,0.0445811450537421,0.0445811450537421,FALSE
608,"influential_logistic","logistic",0.606380907309423,0.761213891499037,0.154832984189614,0.154832984189614,FALSE
609,"influential_logistic","logistic",0.278698676466747,0.132668577155335,-0.146030099311413,0.146030099311413,FALSE
610,"influential_logistic","logistic",0.0349801708353811,0.000312321307196298,-0.0346678495281848,0.0346678495281848,FALSE
611,"influential_logistic","logistic",0.0631235693212444,0.02171316940806,-0.0414103999131844,0.0414103999131844,FALSE
612,"influential_logistic","logistic",0.705523946296708,0.88912108885297,0.183597142556262,0.183597142556262,FALSE
613,"influential_logistic","logistic",0.828636760251981,0.98544923645584,0.156812476203859,0.156812476203859,FALSE
614,"influential_logistic","logistic",0.865232014321952,0.99705910241181,0.131827088089858,0.131827088089858,FALSE
615,"influential_logistic","logistic",0.996189493934309,0.99999958964565,0.00381009571134161,0.00381009571134161,FALSE
616,"influential_logistic","logistic",0.181923942461515,0.00285424765553925,-0.179069694805976,0.179069694805976,TRUE
618,"influential_logistic","logistic",0.0934263869411407,0.00202766731254135,-0.0913987196285993,0.0913987196285993,FALSE
619,"influential_logistic","logistic",0.850850140026042,0.980969957610908,0.130119817584866,0.130119817584866,FALSE
620,"influential_logistic","logistic",0.79918117809471,0.981905018106563,0.182723840011854,0.182723840011854,FALSE
621,"influential_logistic","logistic",0.333897598118556,0.132086024216931,-0.201811573901625,0.201811573901625,FALSE
622,"influential_logistic","logistic",0.0462947561530785,0.000387744089740484,-0.045907012063338,0.045907012063338,FALSE
623,"influential_logistic","logistic",0.789223624240186,0.997516961193057,0.208293336952871,0.208293336952871,TRUE
624,"influential_logistic","logistic",0.857956151985464,0.99198248589955,0.134026333914086,0.134026333914086,FALSE
625,"influential_logistic","logistic",0.654075059562117,0.86222136285098,0.208146303288863,0.208146303288863,FALSE
626,"influential_logistic","logistic",0.179649276007063,0.0171862213354313,-0.162463054671631,0.162463054671631,FALSE
627,"influential_logistic","logistic",0.834141203593993,0.986036479495946,0.151895275901953,0.151895275901953,FALSE
629,"influential_logistic","logistic",0.354101567203658,0.161748607495558,-0.1923529597081,0.1923529597081,FALSE
630,"influential_logistic","logistic",0.44330809163328,0.445807859178486,0.00249976754520564,0.00249976754520564,FALSE
631,"influential_logistic","logistic",0.186036855202797,0.0445155757039497,-0.141521279498847,0.141521279498847,TRUE
632,"influential_logistic","logistic",0.96020092256731,0.999155672399768,0.0389547498324585,0.0389547498324585,FALSE
633,"influential_logistic","logistic",0.132083934810988,0.00246849884641928,-0.129615435964569,0.129615435964569,FALSE
634,"influential_logistic","logistic",0.122065785772725,0.0026054166949402,-0.119460369077785,0.119460369077785,FALSE
635,"influential_logistic","logistic",0.0254302252190026,0.000210907994259041,-0.0252193172247435,0.0252193172247435,FALSE
636,"influential_logistic","logistic",0.960071557951243,0.999731942449426,0.0396603844981829,0.0396603844981829,FALSE
637,"influential_logistic","logistic",0.235493773535853,0.0392760372052802,-0.196217736330573,0.196217736330573,FALSE
638,"influential_logistic","logistic",0.338691684658588,0.159728679728662,-0.178963004929926,0.178963004929926,FALSE
639,"influential_logistic","logistic",0.0826148495302856,0.00274261524840768,-0.0798722342818779,0.0798722342818779,FALSE
640,"influential_logistic","logistic",0.716118580914654,0.624222723481745,-0.091895857432909,0.091895857432909,FALSE
641,"influential_logistic","logistic",0.212963374615645,0.052759829032704,-0.160203545582941,0.160203545582941,FALSE
642,"influential_logistic","logistic",0.969146257803864,0.998156148461142,0.0290098906572779,0.0290098906572779,FALSE
643,"influential_logistic","logistic",0.51532861529807,0.530077888378828,0.0147492730807586,0.0147492730807586,FALSE
645,"influential_logistic","logistic",0.523713955886935,0.52796819004525,0.00425423415831505,0.00425423415831505,FALSE
646,"influential_logistic","logistic",0.855544207051777,0.992352346457497,0.136808139405721,0.136808139405721,FALSE
647,"influential_logistic","logistic",0.187521115152595,0.0183230938502556,-0.16919802130234,0.16919802130234,FALSE
648,"influential_logistic","logistic",0.616837012660837,0.876145176601698,0.259308163940861,0.259308163940861,FALSE
649,"influential_logistic","logistic",0.787827515957527,0.949575077485752,0.161747561528225,0.161747561528225,FALSE
650,"influential_logistic","logistic",0.0884301215496242,0.00198636877243867,-0.0864437527771856,0.0864437527771856,FALSE
651,"influential_logistic","logistic",0.576842472224177,0.655358237775213,0.0785157655510359,0.0785157655510359,FALSE
652,"influential_logistic","logistic",0.527343988613133,0.248346280919813,-0.27899770769332,0.27899770769332,TRUE
653,"influential_logistic","logistic",0.255318117491468,0.147356892312104,-0.107961225179364,0.107961225179364,FALSE
654,"influential_logistic","logistic",0.0878531982175247,0.00351778213737861,-0.084335416080146,0.084335416080146,FALSE
656,"influential_logistic","logistic",0.307879518367291,0.0506169992057876,-0.257262519161504,0.257262519161504,FALSE
657,"influential_logistic","logistic",0.469983116680134,0.366238615873525,-0.103744500806609,0.103744500806609,FALSE
659,"influential_logistic","logistic",0.0682449692945156,0.000311664199326006,-0.0679333050951896,0.0679333050951896,FALSE
661,"influential_logistic","logistic",0.0417671975721238,0.000142540084652904,-0.0416246574874709,0.0416246574874709,FALSE
662,"influential_logistic","logistic",0.186322299576576,0.0782346768576573,-0.108087622718919,0.108087622718919,FALSE
664,"influential_logistic","logistic",0.68851188779249,0.90849329426093,0.21998140646844,0.21998140646844,FALSE
665,"influential_logistic","logistic",0.992555693925993,0.999995742130239,0.00744004820424549,0.00744004820424549,FALSE
668,"influential_logistic","logistic",0.0656342085497502,0.000764166298911537,-0.0648700422508387,0.0648700422508387,FALSE
669,"influential_logistic","logistic",0.636525771283638,0.672757879444373,0.0362321081607354,0.0362321081607354,FALSE
670,"influential_logistic","logistic",0.0604465606875962,0.000294707629716696,-0.0601518530578795,0.0601518530578795,FALSE
671,"influential_logistic","logistic",0.769032260758856,0.826545517190768,0.0575132564319114,0.0575132564319114,TRUE
672,"influential_logistic","logistic",0.100240911245207,0.00421348244678636,-0.0960274287984206,0.0960274287984206,FALSE
673,"influential_logistic","logistic",0.919533693832027,0.980297899502383,0.0607642056703558,0.0607642056703558,FALSE
1,"influential_union","linear",-7.91645000296561,-7.22529145734798,0.691158545617633,0.691158545617633,FALSE
2,"influential_union","linear",-14.185870086553,-15.4822461483576,-1.29637606180461,1.29637606180461,FALSE
3,"influential_union","linear",-10.8487675166409,-12.6776040854509,-1.82883656880999,1.82883656880999,FALSE
4,"influential_union","linear",-8.18075120804173,-8.62617216645915,-0.445420958417412,0.445420958417412,TRUE
5,"influential_union","linear",-8.35815576543642,-8.64363320894839,-0.285477443511967,0.285477443511967,FALSE
6,"influential_union","linear",-4.87483780073546,-4.44853476604892,0.426303034686535,0.426303034686535,TRUE
7,"influential_union","linear",-11.3888877775805,-12.831019153722,-1.44213137614149,1.44213137614149,FALSE
8,"influential_union","linear",-8.33622618490828,-9.20052479235962,-0.864298607451335,0.864298607451335,FALSE
9,"influential_union","linear",-1.11263070648954,-0.419140888849204,0.693489817640338,0.693489817640338,TRUE
10,"influential_union","linear",-7.13205956776902,-6.24271608520945,0.889343482559569,0.889343482559569,FALSE
11,"influential_union","linear",-7.29974691796911,-8.74214182413561,-1.44239490616651,1.44239490616651,FALSE
12,"influential_union","linear",-2.71332586637043,-2.60143571916082,0.111890147209609,0.111890147209609,FALSE
13,"influential_union","linear",-8.60144526485285,-9.10928380074511,-0.507838535892265,0.507838535892265,FALSE
14,"influential_union","linear",-1.61026115803277,-0.537764691006687,1.07249646702608,1.07249646702608,FALSE
15,"influential_union","linear",-0.357219159138391,-0.66996208720446,-0.312742928066069,0.312742928066069,FALSE
16,"influential_union","linear",-5.5227998211455,-5.20771735016631,0.315082470979182,0.315082470979182,FALSE
17,"influential_union","linear",-4.78710389237567,-6.24449157836805,-1.45738768599238,1.45738768599238,FALSE
18,"influential_union","linear",-7.91864572539018,-8.887863194648,-0.969217469257823,0.969217469257823,FALSE
19,"influential_union","linear",-3.23591755345648,-1.89741196719628,1.3385055862602,1.3385055862602,TRUE
20,"influential_union","linear",-9.53589377398164,-9.37130652261179,0.164587251369854,0.164587251369854,FALSE
21,"influential_union","linear",-4.68664091922955,-4.91898989998128,-0.232348980751736,0.232348980751736,FALSE
22,"influential_union","linear",-6.08865036685128,-5.63192784053668,0.456722526314597,0.456722526314597,FALSE
23,"influential_union","linear",-1.17744906992717,0.335763322424177,1.51321239235135,1.51321239235135,FALSE
24,"influential_union","linear",0.242890363645935,1.67113939538543,1.42824903173949,1.42824903173949,FALSE
25,"influential_union","linear",-8.81741748604552,-9.25809180772433,-0.440674321678802,0.440674321678802,FALSE
26,"influential_union","linear",-7.73391685646086,-7.87324384641804,-0.139326989957173,0.139326989957173,FALSE
27,"influential_union","linear",-4.49214934201429,-2.94868321700139,1.5434661250129,1.5434661250129,FALSE
28,"influential_union","linear",-5.50684723218216,-5.43439961281869,0.0724476193634702,0.0724476193634702,FALSE
29,"influential_union","linear",-3.70274164218519,-4.01947347379426,-0.316731831609076,0.316731831609076,TRUE
30,"influential_union","linear",-5.48823003533397,-5.33538511590805,0.152844919425919,0.152844919425919,FALSE
31,"influential_union","linear",-3.41219679980006,-3.16771183805167,0.244484961748395,0.244484961748395,FALSE
32,"influential_union","linear",-8.28953485786764,-8.54660234164962,-0.257067483781981,0.257067483781981,FALSE
33,"influential_union","linear",-10.1712185496022,-11.0664725340508,-0.895253984448567,0.895253984448567,FALSE
34,"influential_union","linear",-5.68763766012333,-5.20211047942085,0.485527180702488,0.485527180702488,FALSE
35,"influential_union","linear",-3.22827760384539,-1.49285706452275,1.73542053932263,1.73542053932263,FALSE
36,"influential_union","linear",2.39248695990665,2.76615711593632,0.373670156029672,0.373670156029672,FALSE
37,"influential_union","linear",-4.21689346649209,-3.50015822145178,0.716735245040304,0.716735245040304,FALSE
38,"influential_union","linear",-8.40687099484628,-7.41347591140536,0.993395083440923,0.993395083440923,FALSE
39,"influential_union","linear",-5.5047171136083,-4.59220918562704,0.912507927981265,0.912507927981265,FALSE
40,"influential_union","linear",-4.61796261572529,-4.70599613329254,-0.0880335175672506,0.0880335175672506,FALSE
41,"influential_union","linear",-14.940525922537,-18.1080868319256,-3.16756090938856,3.16756090938856,TRUE
42,"influential_union","linear",-6.02094310429272,-5.39595173913119,0.624991365161534,0.624991365161534,FALSE
43,"influential_union","linear",-2.37402086155275,-0.446915899226817,1.92710496232593,1.92710496232593,TRUE
44,"influential_union","linear",-2.19102689963101,-3.15090937321497,-0.959882473583954,0.959882473583954,TRUE
45,"influential_union","linear",-8.99176706061846,-9.81742075948016,-0.825653698861702,0.825653698861702,FALSE
47,"influential_union","linear",-6.40383963251345,-5.67721165733466,0.726627975178793,0.726627975178793,FALSE
48,"influential_union","linear",-9.83696538204111,-11.7463476997805,-1.90938231773939,1.90938231773939,FALSE
49,"influential_union","linear",-7.67011832376818,-8.20387420461014,-0.533755880841954,0.533755880841954,FALSE
50,"influential_union","linear",-5.86469063496391,-4.68131084991294,1.18337978505097,1.18337978505097,FALSE
51,"influential_union","linear",-4.73607923536505,-4.05546896498758,0.68061027037747,0.68061027037747,FALSE
52,"influential_union","linear",-5.31078353884738,-6.03386959834004,-0.723086059492659,0.723086059492659,TRUE
53,"influential_union","linear",-2.7910074275548,-0.896896015304011,1.89411141225079,1.89411141225079,TRUE
54,"influential_union","linear",-4.53554669325695,-4.23429112001509,0.301255573241857,0.301255573241857,FALSE
55,"influential_union","linear",-3.82217421958387,-6.11975268462356,-2.29757846503969,2.29757846503969,TRUE
56,"influential_union","linear",-5.97624026810702,-5.90653330591164,0.0697069621953723,0.0697069621953723,TRUE
57,"influential_union","linear",-1.45077051337328,0.0655246713851836,1.51629518475846,1.51629518475846,FALSE
58,"influential_union","linear",1.98842000643175,0.982146987924505,-1.00627301850725,1.00627301850725,FALSE
59,"influential_union","linear",-1.73058039189809,-0.992467315072935,0.738113076825152,0.738113076825152,FALSE
60,"influential_union","linear",-0.635906302446492,-0.768796407088105,-0.132890104641614,0.132890104641614,FALSE
61,"influential_union","linear",-6.60941180356986,-6.6918696147629,-0.0824578111930396,0.0824578111930396,FALSE
62,"influential_union","linear",-5.67942002448373,-4.94127243381057,0.738147590673169,0.738147590673169,FALSE
63,"influential_union","linear",-10.385517333422,-11.1285118763349,-0.742994542912816,0.742994542912816,FALSE
64,"influential_union","linear",-0.999351447102465,-0.451003959001548,0.548347488100918,0.548347488100918,FALSE
65,"influential_union","linear",-8.06390050444183,-6.84358792331435,1.22031258112748,1.22031258112748,FALSE
66,"influential_union","linear",-0.341874967449256,0.621506115610645,0.963381083059902,0.963381083059902,FALSE
67,"influential_union","linear",-9.84198447522108,-11.7775529421599,-1.93556846693882,1.93556846693882,FALSE
68,"influential_union","linear",-8.57790506603059,-8.57059494339803,0.00731012263255515,0.00731012263255515,FALSE
69,"influential_union","linear",-3.63597687159081,-3.88822020721637,-0.252243335625563,0.252243335625563,FALSE
70,"influential_union","linear",-6.88719010021047,-7.17727490883174,-0.290084808621272,0.290084808621272,FALSE
71,"influential_union","linear",-1.86061605738823,-3.63866750583955,-1.77805144845131,1.77805144845131,FALSE
72,"influential_union","linear",-7.01453803332827,-4.93300290840598,2.08153512492229,2.08153512492229,TRUE
73,"influential_union","linear",-6.17027458394209,-6.99999648288135,-0.829721898939264,0.829721898939264,FALSE
74,"influential_union","linear",-4.43820491652964,-3.85160306335588,0.586601853173752,0.586601853173752,TRUE
75,"influential_union","linear",-2.07022554547098,-1.94614392032199,0.124081625148993,0.124081625148993,FALSE
76,"influential_union","linear",-10.7632554467563,-13.3670482889381,-2.60379284218175,2.60379284218175,FALSE
77,"influential_union","linear",-3.75978428082321,-2.89113750577631,0.8686467750469,0.8686467750469,TRUE
78,"influential_union","linear",-8.45128297661287,-7.88687787909002,0.564405097522848,0.564405097522848,FALSE
79,"influential_union","linear",-5.7285595579747,-5.9383315621318,-0.209772004157106,0.209772004157106,TRUE
80,"influential_union","linear",-4.42678972591197,-3.97693201558195,0.449857710330019,0.449857710330019,FALSE
81,"influential_union","linear",-13.5585602185526,-14.358921693868,-0.80036147531532,0.80036147531532,TRUE
82,"influential_union","linear",-4.56872872256483,-5.27098377455733,-0.702255051992497,0.702255051992497,FALSE
83,"influential_union","linear",-5.84823390449242,-4.03821172982561,1.81002217466681,1.81002217466681,FALSE
84,"influential_union","linear",-7.00154149361981,-8.57443883153813,-1.57289733791833,1.57289733791833,TRUE
85,"influential_union","linear",-0.638780345708681,-0.997385022610639,-0.358604676901958,0.358604676901958,TRUE
86,"influential_union","linear",-8.07524415525459,-8.559832745914,-0.484588590659408,0.484588590659408,TRUE
87,"influential_union","linear",-8.03600166652891,-9.01214439476928,-0.97614272824037,0.97614272824037,FALSE
88,"influential_union","linear",-4.02415053875275,-4.5734504921828,-0.549299953430041,0.549299953430041,FALSE
89,"influential_union","linear",-4.51779774707411,-3.92692924816389,0.590868498910214,0.590868498910214,FALSE
90,"influential_union","linear",-4.41785257117827,-5.17272408282839,-0.754871511650122,0.754871511650122,TRUE
91,"influential_union","linear",-7.7765199111795,-9.59020382002537,-1.81368390884587,1.81368390884587,FALSE
92,"influential_union","linear",-6.01157360951034,-5.90360141966776,0.107972189842577,0.107972189842577,TRUE
93,"influential_union","linear",-2.42874293389381,-0.64614127530939,1.78260165858442,1.78260165858442,FALSE
94,"influential_union","linear",-1.56000395595953,-2.19864832355019,-0.638644367590652,0.638644367590652,FALSE
95,"influential_union","linear",-6.84386331136548,-6.25553386767561,0.588329443689873,0.588329443689873,FALSE
96,"influential_union","linear",-0.367473980206453,1.36240274802742,1.72987672823387,1.72987672823387,FALSE
97,"influential_union","linear",-6.92220382396761,-6.43969194776631,0.482511876201299,0.482511876201299,FALSE
98,"influential_union","linear",-1.32522162655129,-0.0515715862209767,1.27365004033031,1.27365004033031,FALSE
99,"influential_union","linear",-5.02250449940857,-4.3348389516673,0.68766554774127,0.68766554774127,TRUE
100,"influential_union","linear",-7.29305275455196,-7.92270445598913,-0.62965170143717,0.62965170143717,FALSE
101,"influential_union","linear",-10.3200428049021,-10.0661489960163,0.253893808885792,0.253893808885792,FALSE
102,"influential_union","linear",-4.21437956476276,-3.04863330447962,1.16574626028315,1.16574626028315,FALSE
103,"influential_union","linear",-6.42067710390151,-4.26256156871082,2.15811553519069,2.15811553519069,FALSE
104,"influential_union","linear",-12.2156108637869,-11.9633402050581,0.252270658728786,0.252270658728786,TRUE
105,"influential_union","linear",-9.40798067325145,-9.63653863877351,-0.228557965522064,0.228557965522064,TRUE
106,"influential_union","linear",-2.1981712147249,-1.99633829442209,0.201832920302806,0.201832920302806,FALSE
107,"influential_union","linear",-11.4156923615671,-11.5026885357815,-0.0869961742143701,0.0869961742143701,FALSE
108,"influential_union","linear",-5.27454474731501,-4.76464065499393,0.509904092321077,0.509904092321077,FALSE
109,"influential_union","linear",-0.986264231791676,-0.187395988979985,0.798868242811691,0.798868242811691,TRUE
110,"influential_union","linear",-6.26397371211706,-6.31396424016414,-0.0499905280470889,0.0499905280470889,FALSE
111,"influential_union","linear",-2.78535534659675,-2.53257614784483,0.252779198751923,0.252779198751923,FALSE
112,"influential_union","linear",-2.00418962289175,-0.738560343830354,1.26562927906139,1.26562927906139,FALSE
113,"influential_union","linear",-4.317650183809,-2.93018302065555,1.38746716315345,1.38746716315345,FALSE
114,"influential_union","linear",-1.0323259668865,0.0808292606008396,1.11315522748734,1.11315522748734,FALSE
115,"influential_union","linear",-2.62127876060587,-2.21853888899447,0.402739871611403,0.402739871611403,FALSE
116,"influential_union","linear",-5.1616345254013,-5.28585393702119,-0.124219411619895,0.124219411619895,FALSE
117,"influential_union","linear",-4.24315153349782,-5.17173803067853,-0.928586497180701,0.928586497180701,TRUE
118,"influential_union","linear",-0.113991251933389,1.25723342396252,1.37122467589591,1.37122467589591,FALSE
119,"influential_union","linear",-2.01787824930173,-1.70153489835693,0.316343350944804,0.316343350944804,FALSE
120,"influential_union","linear",0.183144648510282,2.17914408744805,1.99599943893777,1.99599943893777,TRUE
121,"influential_union","linear",-4.95405214552096,-4.54567251357531,0.408379631945658,0.408379631945658,TRUE
122,"influential_union","linear",-4.94918225771823,-5.3236114229523,-0.374429165234064,0.374429165234064,FALSE
123,"influential_union","linear",-4.72221650080747,-4.97315714547172,-0.250940644664245,0.250940644664245,TRUE
124,"influential_union","linear",-7.62133190526847,-7.54113294348498,0.0801989617834957,0.0801989617834957,FALSE
125,"influential_union","linear",-0.469141893269568,0.398082629034183,0.867224522303752,0.867224522303752,FALSE
126,"influential_union","linear",-2.84694160573235,-1.8816525753163,0.965289030416057,0.965289030416057,FALSE
127,"influential_union","linear",-6.17513151985371,-5.46623622312285,0.708895296730861,0.708895296730861,TRUE
128,"influential_union","linear",-7.66978713284749,-6.31383571259297,1.35595142025452,1.35595142025452,TRUE
129,"influential_union","linear",-0.0274890538051897,0.301716394282667,0.329205448087856,0.329205448087856,FALSE
130,"influential_union","linear",-4.28302241615098,-4.3512908702437,-0.0682684540927188,0.0682684540927188,FALSE
131,"influential_union","linear",-3.22672085800247,-2.37560458272863,0.851116275273843,0.851116275273843,FALSE
132,"influential_union","linear",-0.390216242002089,1.08019810255192,1.47041434455401,1.47041434455401,FALSE
133,"influential_union","linear",-3.3967798359232,-3.97482894738156,-0.57804911145836,0.57804911145836,TRUE
134,"influential_union","linear",-1.32053853637716,-1.52623205733543,-0.205693520958274,0.205693520958274,TRUE
135,"influential_union","linear",0.982667714337541,1.86648127269538,0.883813558357838,0.883813558357838,FALSE
136,"influential_union","linear",-2.92180596111635,-2.73198121491915,0.189824746197201,0.189824746197201,TRUE
137,"influential_union","linear",-3.39132940485535,-3.74205587476492,-0.350726469909565,0.350726469909565,FALSE
138,"influential_union","linear",-11.1438338829325,-12.9900825314701,-1.84624864853757,1.84624864853757,FALSE
139,"influential_union","linear",-5.2634777757812,-5.65087261405776,-0.387394838276559,0.387394838276559,FALSE
140,"influential_union","linear",-5.93608028420752,-5.74602275674895,0.190057527458574,0.190057527458574,TRUE
141,"influential_union","linear",-3.3949412296856,-3.08200875239036,0.312932477295242,0.312932477295242,FALSE
142,"influential_union","linear",-1.86032238348602,-2.54029786559398,-0.679975482107966,0.679975482107966,FALSE
143,"influential_union","linear",-2.12136755487085,-2.12174499595574,-0.000377441084885799,0.000377441084885799,FALSE
144,"influential_union","linear",-7.02887738950277,-7.42573989624289,-0.396862506740118,0.396862506740118,FALSE
145,"influential_union","linear",-6.69585397367742,-8.46053785047917,-1.76468387680175,1.76468387680175,FALSE
146,"influential_union","linear",-5.98732953249521,-6.36746522536008,-0.38013569286487,0.38013569286487,FALSE
147,"influential_union","linear",-5.50097676573887,-6.13976518178403,-0.638788416045163,0.638788416045163,FALSE
148,"influential_union","linear",-10.2253440485615,-9.96770754281144,0.257636505750027,0.257636505750027,FALSE
149,"influential_union","linear",-7.94544245268852,-7.1276799698686,0.817762482819914,0.817762482819914,FALSE
150,"influential_union","linear",-6.90872372103928,-6.14386535273585,0.764858368303436,0.764858368303436,FALSE
151,"influential_union","linear",-4.13649421177247,-5.84511578005415,-1.70862156828167,1.70862156828167,FALSE
152,"influential_union","linear",-3.2896383941937,-3.80557786459182,-0.515939470398119,0.515939470398119,FALSE
153,"influential_union","linear",-5.82733418196094,-5.85415234906309,-0.0268181671021477,0.0268181671021477,FALSE
154,"influential_union","linear",-6.09705435158707,-7.04680796694071,-0.949753615353642,0.949753615353642,FALSE
155,"influential_union","linear",-4.86137621912507,-6.26940615938669,-1.40802994026162,1.40802994026162,TRUE
156,"influential_union","linear",-5.3424061039045,-5.80601057038227,-0.463604466477773,0.463604466477773,FALSE
157,"influential_union","linear",-5.91232059089766,-7.15037347528956,-1.2380528843919,1.2380528843919,TRUE
158,"influential_union","linear",-4.61743336539154,-3.76992071161533,0.847512653776209,0.847512653776209,FALSE
159,"influential_union","linear",-0.81129874235984,-0.230704089385727,0.580594652974113,0.580594652974113,FALSE
160,"influential_union","linear",-5.59051516582241,-4.95006061483162,0.640454550990788,0.640454550990788,FALSE
161,"influential_union","linear",-3.96087056614305,-3.29449099128672,0.666379574856328,0.666379574856328,FALSE
163,"influential_union","linear",-2.21018135194795,-0.75791123864308,1.45227011330487,1.45227011330487,TRUE
164,"influential_union","linear",-5.99281205862992,-8.01787746973798,-2.02506541110806,2.02506541110806,TRUE
165,"influential_union","linear",-6.06826809921779,-8.5909811306468,-2.52271303142902,2.52271303142902,TRUE
166,"influential_union","linear",-1.80566558289929,-1.34870776840506,0.456957814494225,0.456957814494225,FALSE
167,"influential_union","linear",-5.60954543200377,-6.68084037123442,-1.07129493923065,1.07129493923065,FALSE
168,"influential_union","linear",-4.40863250286331,-3.50126995325347,0.907362549609845,0.907362549609845,FALSE
169,"influential_union","linear",0.379695198540214,1.07400143442219,0.69430623588198,0.69430623588198,FALSE
170,"influential_union","linear",-8.99681749984106,-7.63137379885429,1.36544370098678,1.36544370098678,FALSE
171,"influential_union","linear",-3.11104058586917,-2.9205753986389,0.190465187230271,0.190465187230271,FALSE
172,"influential_union","linear",-1.66748518224767,-0.974860847039501,0.69262433520817,0.69262433520817,FALSE
173,"influential_union","linear",-2.70322735077781,-1.52358359460333,1.17964375617448,1.17964375617448,FALSE
174,"influential_union","linear",-19.2491842369055,-20.5049689570306,-1.25578472012515,1.25578472012515,FALSE
175,"influential_union","linear",-8.17409443175518,-9.05450345942216,-0.88040902766698,0.88040902766698,FALSE
176,"influential_union","linear",-3.44773858236279,-3.91823344816581,-0.470494865803024,0.470494865803024,TRUE
177,"influential_union","linear",1.54988813345096,1.21820365539286,-0.331684478058105,0.331684478058105,FALSE
178,"influential_union","linear",-7.10864383072283,-8.36680230368138,-1.25815847295855,1.25815847295855,FALSE
179,"influential_union","linear",-6.23509800305799,-5.97082049760828,0.264277505449713,0.264277505449713,TRUE
180,"influential_union","linear",-5.25981118167047,-4.84400979711201,0.415801384558459,0.415801384558459,FALSE
181,"influential_union","linear",-2.04652471393369,-0.543013950779393,1.50351076315429,1.50351076315429,FALSE
182,"influential_union","linear",-2.72595217804416,-1.31162135171155,1.41433082633261,1.41433082633261,FALSE
183,"influential_union","linear",-8.75519337166198,-9.56361750890598,-0.808424137244003,0.808424137244003,FALSE
184,"influential_union","linear",-4.18970328423762,-3.71294764040189,0.476755643835733,0.476755643835733,FALSE
185,"influential_union","linear",-3.94503981111475,-3.08148742318712,0.863552387927624,0.863552387927624,FALSE
186,"influential_union","linear",-7.85993968235561,-8.26573555951275,-0.405795877157137,0.405795877157137,FALSE
187,"influential_union","linear",-1.75635284462273,-0.833106683706195,0.923246160916535,0.923246160916535,TRUE
188,"influential_union","linear",-7.15088928550124,-6.75685024620587,0.39403903929537,0.39403903929537,FALSE
189,"influential_union","linear",-8.72735432697008,-10.3328124346002,-1.60545810763008,1.60545810763008,FALSE
190,"influential_union","linear",-8.25575392762887,-7.71477780751973,0.540976120109141,0.540976120109141,FALSE
191,"influential_union","linear",-6.5155979413337,-6.6951469204881,-0.1795489791544,0.1795489791544,FALSE
192,"influential_union","linear",-1.74926226381285,-1.77116970312488,-0.0219074393120278,0.0219074393120278,FALSE
193,"influential_union","linear",-5.03081560538613,-4.64937971809231,0.381435887293818,0.381435887293818,FALSE
194,"influential_union","linear",-7.2431557510189,-7.77676880384332,-0.533613052824417,0.533613052824417,FALSE
195,"influential_union","linear",-4.98352314822228,-5.08522309825774,-0.101699950035464,0.101699950035464,FALSE
196,"influential_union","linear",-3.90750458428667,-4.08812189835115,-0.180617314064472,0.180617314064472,FALSE
197,"influential_union","linear",-3.88075056492992,-3.73796141452877,0.142789150401146,0.142789150401146,TRUE
198,"influential_union","linear",-4.4371937335146,-6.86183027371107,-2.42463654019646,2.42463654019646,FALSE
199,"influential_union","linear",-6.63562718825918,-6.89347869766392,-0.257851509404738,0.257851509404738,TRUE
200,"influential_union","linear",-6.37517817040722,-5.19424979020419,1.18092838020303,1.18092838020303,FALSE
201,"influential_union","linear",-1.58337522624611,-1.93780453871051,-0.354429312464397,0.354429312464397,TRUE
202,"influential_union","linear",-5.94783038823327,-7.30825536714197,-1.3604249789087,1.3604249789087,FALSE
203,"influential_union","linear",-6.86530325207266,-6.56405721876688,0.301246033305778,0.301246033305778,FALSE
204,"influential_union","linear",-1.27061638283147,-0.70628511930151,0.564331263529961,0.564331263529961,TRUE
205,"influential_union","linear",-9.8176603076602,-8.82043027597542,0.997230031684783,0.997230031684783,FALSE
206,"influential_union","linear",-2.46415956978519,-5.27781399778542,-2.81365442800022,2.81365442800022,TRUE
207,"influential_union","linear",-5.4495518431116,-4.80254200292284,0.647009840188763,0.647009840188763,FALSE
208,"influential_union","linear",-5.16537047464926,-3.75568772220323,1.40968275244603,1.40968275244603,FALSE
209,"influential_union","linear",-9.11070717977652,-9.45210240987789,-0.341395230101373,0.341395230101373,FALSE
210,"influential_union","linear",-6.88719010021047,-7.17727490883174,-0.290084808621271,0.290084808621271,FALSE
211,"influential_union","linear",-4.67407776912129,-3.84980213052579,0.8242756385955,0.8242756385955,FALSE
212,"influential_union","linear",-12.9542680437921,-13.8406127354273,-0.886344691635221,0.886344691635221,FALSE
213,"influential_union","linear",0.337508998402015,1.00120273333341,0.663693734931396,0.663693734931396,FALSE
214,"influential_union","linear",-6.77277923690972,-7.30605728143118,-0.533278044521459,0.533278044521459,FALSE
215,"influential_union","linear",-3.73719986006131,-3.59883366507291,0.138366194988395,0.138366194988395,FALSE
216,"influential_union","linear",-2.56449549468185,-1.7770287972849,0.787466697396943,0.787466697396943,FALSE
217,"influential_union","linear",-9.94860215509848,-9.22546488812017,0.723137266978309,0.723137266978309,FALSE
218,"influential_union","linear",-7.00918489792412,-8.33268229811552,-1.3234974001914,1.3234974001914,TRUE
219,"influential_union","linear",-8.44015758420347,-8.79923479632574,-0.359077212122264,0.359077212122264,FALSE
220,"influential_union","linear",-10.069133284758,-9.43406325324812,0.635070031509887,0.635070031509887,FALSE
221,"influential_union","linear",-1.6759392239554,-1.01569064943135,0.660248574524044,0.660248574524044,TRUE
222,"influential_union","linear",-8.12804928501613,-8.34588331785924,-0.217834032843109,0.217834032843109,FALSE
223,"influential_union","linear",-3.39619335411391,-3.44866432473506,-0.0524709706211475,0.0524709706211475,TRUE
224,"influential_union","linear",-8.42833723319639,-8.28764795118688,0.140689282009507,0.140689282009507,FALSE
225,"influential_union","linear",-5.06571690561153,-5.23305064976015,-0.167333744148619,0.167333744148619,FALSE
226,"influential_union","linear",-9.53589377398164,-9.37130652261179,0.16458725136985,0.16458725136985,FALSE
227,"influential_union","linear",-3.28789022037697,-0.0228220556366987,3.26506816474027,3.26506816474027,TRUE
228,"influential_union","linear",-3.20000047108414,-2.88171447148882,0.31828599959532,0.31828599959532,FALSE
229,"influential_union","linear",-1.25585703127856,-0.724992853148373,0.530864178130185,0.530864178130185,FALSE
230,"influential_union","linear",-8.0060240677692,-8.31902031015355,-0.312996242384346,0.312996242384346,TRUE
231,"influential_union","linear",-2.12366460179867,-0.807427547461866,1.3162370543368,1.3162370543368,FALSE
232,"influential_union","linear",-2.4693585597311,-2.7540219865929,-0.284663426861803,0.284663426861803,FALSE
233,"influential_union","linear",-5.40061624930166,-4.45681990594117,0.943796343360489,0.943796343360489,FALSE
234,"influential_union","linear",-0.386695291020534,0.182085866394483,0.568781157415018,0.568781157415018,TRUE
235,"influential_union","linear",-7.37873564978687,-7.73451564052595,-0.355779990739083,0.355779990739083,TRUE
236,"influential_union","linear",-3.8217825279841,-3.34998545700466,0.47179707097944,0.47179707097944,FALSE
237,"influential_union","linear",-1.48383619407015,-1.86306160836873,-0.379225414298586,0.379225414298586,TRUE
238,"influential_union","linear",-3.89124527831382,-2.85276541177013,1.03847986654369,1.03847986654369,FALSE
239,"influential_union","linear",-0.571586620306149,0.0233441983041727,0.594930818610321,0.594930818610321,FALSE
240,"influential_union","linear",-4.28432196863039,-4.450034526577,-0.165712557946607,0.165712557946607,FALSE
241,"influential_union","linear",-6.23018880135898,-5.69625182441145,0.533936976947532,0.533936976947532,FALSE
242,"influential_union","linear",-5.37866363185232,-4.4078855642101,0.970778067642216,0.970778067642216,FALSE
243,"influential_union","linear",-0.442056347896399,-0.216968488846566,0.225087859049833,0.225087859049833,FALSE
244,"influential_union","linear",-6.52930991566998,-7.26955524184997,-0.740245326179998,0.740245326179998,FALSE
245,"influential_union","linear",-6.4381293177818,-4.32257989757775,2.11554942020405,2.11554942020405,TRUE
246,"influential_union","linear",-1.30583875767013,-1.14128789779018,0.16455085987995,0.16455085987995,FALSE
247,"influential_union","linear",-1.97740494959379,-1.12046833218116,0.85693661741263,0.85693661741263,FALSE
249,"influential_union","linear",-3.0454419062232,-2.55143209480706,0.494009811416144,0.494009811416144,FALSE
250,"influential_union","linear",-3.68550009482837,-3.02052566916134,0.664974425667027,0.664974425667027,FALSE
251,"influential_union","linear",-12.1773485349559,-11.6544503807779,0.522898154177959,0.522898154177959,FALSE
252,"influential_union","linear",-4.5808018449758,-4.38469562207149,0.19610622290431,0.19610622290431,FALSE
253,"influential_union","linear",1.35074355177766,2.46458983627584,1.11384628449817,1.11384628449817,FALSE
254,"influential_union","linear",-3.68964257089354,-3.30871933573014,0.380923235163406,0.380923235163406,FALSE
255,"influential_union","linear",-6.2862776799946,-7.86341370021546,-1.57713602022087,1.57713602022087,FALSE
256,"influential_union","linear",1.42666512176157,2.19394602984261,0.767280908081045,0.767280908081045,FALSE
257,"influential_union","linear",0.378827252986239,1.63982486314838,1.26099761016214,1.26099761016214,FALSE
258,"influential_union","linear",-8.9533150807067,-9.54322427224123,-0.58990919153454,0.58990919153454,FALSE
259,"influential_union","linear",2.99136301671875,3.37598191780867,0.384618901089923,0.384618901089923,FALSE
260,"influential_union","linear",-3.60785359312801,-3.26029960890354,0.347553984224463,0.347553984224463,FALSE
261,"influential_union","linear",-0.819480302593827,0.465030359998766,1.28451066259259,1.28451066259259,FALSE
262,"influential_union","linear",-3.6075037792559,-3.47489358572893,0.132610193526975,0.132610193526975,FALSE
263,"influential_union","linear",-2.7333023874664,-2.06530210800051,0.668000279465895,0.668000279465895,FALSE
264,"influential_union","linear",-1.23141131493179,-0.601877391402749,0.629533923529038,0.629533923529038,TRUE
265,"influential_union","linear",1.84717987574121,1.11569442765234,-0.731485448088876,0.731485448088876,FALSE
266,"influential_union","linear",-6.79126911430871,-6.70959621948511,0.0816728948236065,0.0816728948236065,FALSE
267,"influential_union","linear",-0.198438133045867,-0.512677499445062,-0.314239366399194,0.314239366399194,FALSE
268,"influential_union","linear",-0.730244066094992,0.111399090306004,0.841643156400996,0.841643156400996,TRUE
269,"influential_union","linear",-8.57790506603059,-8.57059494339803,0.00731012263255515,0.00731012263255515,FALSE
270,"influential_union","linear",-1.17744906992717,0.335763322424177,1.51321239235135,1.51321239235135,FALSE
271,"influential_union","linear",-8.3581557654364,-8.64363320894839,-0.285477443511981,0.285477443511981,FALSE
272,"influential_union","linear",-3.22672085800247,-2.37560458272863,0.851116275273843,0.851116275273843,FALSE
273,"influential_union","linear",-3.70274164218519,-4.01947347379426,-0.316731831609076,0.316731831609076,TRUE
274,"influential_union","linear",-1.52776740334959,0.476888911298647,2.00465631464824,2.00465631464824,TRUE
276,"influential_union","linear",-3.72468732040701,-4.52917291784139,-0.804485597434371,0.804485597434371,FALSE
277,"influential_union","linear",-7.85993968235561,-8.26573555951275,-0.405795877157137,0.405795877157137,FALSE
278,"influential_union","linear",4.07909928653318,4.57127950757765,0.49218022104447,0.49218022104447,FALSE
279,"influential_union","linear",1.98842000643175,0.982146987924505,-1.00627301850725,1.00627301850725,FALSE
280,"influential_union","linear",-5.5047171136083,-4.59220918562704,0.912507927981265,0.912507927981265,FALSE
281,"influential_union","linear",-4.86137621912507,-6.26940615938669,-1.40802994026162,1.40802994026162,TRUE
282,"influential_union","linear",-4.75870025284438,-4.21896561385773,0.539734638986648,0.539734638986648,FALSE
283,"influential_union","linear",-1.58337522624611,-1.93780453871051,-0.354429312464397,0.354429312464397,TRUE
284,"influential_union","linear",-7.67011832376818,-8.20387420461014,-0.533755880841954,0.533755880841954,FALSE
285,"influential_union","linear",-4.43820491652964,-3.85160306335588,0.586601853173752,0.586601853173752,TRUE
286,"influential_union","linear",-7.1143070323558,-7.94003775215791,-0.825730719802106,0.825730719802106,FALSE
287,"influential_union","linear",-4.00639348912661,-3.54152201114531,0.4648714779813,0.4648714779813,FALSE
288,"influential_union","linear",-3.6075037792559,-3.47489358572893,0.132610193526975,0.132610193526975,FALSE
289,"influential_union","linear",-1.61026115803278,-0.537764691006687,1.07249646702609,1.07249646702609,FALSE
290,"influential_union","linear",-3.82217421958387,-6.11975268462356,-2.29757846503969,2.29757846503969,TRUE
291,"influential_union","linear",-9.72563303865039,-10.7121788081253,-0.986545769474887,0.986545769474887,FALSE
292,"influential_union","linear",-0.880193343226548,-0.996238123199776,-0.116044779973228,0.116044779973228,FALSE
293,"influential_union","linear",-1.1126307064895,-0.419140888849204,0.6934898176403,0.6934898176403,FALSE
294,"influential_union","linear",-3.75978428082321,-2.89113750577631,0.8686467750469,0.8686467750469,TRUE
295,"influential_union","linear",-6.37517817040722,-5.19424979020419,1.18092838020303,1.18092838020303,FALSE
296,"influential_union","linear",-2.20273013060043,-1.98065728622902,0.222072844371408,0.222072844371408,FALSE
299,"influential_union","linear",-6.20479778606389,-6.19734303624108,0.00745474982280747,0.00745474982280747,FALSE
300,"influential_union","linear",-7.32529753131296,-7.86210155058174,-0.536804019268776,0.536804019268776,FALSE
301,"influential_union","linear",-6.63562718825918,-6.89347869766392,-0.257851509404738,0.257851509404738,TRUE
302,"influential_union","linear",-6.5155979413337,-6.6951469204881,-0.1795489791544,0.1795489791544,FALSE
303,"influential_union","linear",-5.00001338470684,-4.44323847311336,0.556774911593481,0.556774911593481,FALSE
304,"influential_union","linear",0.183144648510282,2.17914408744805,1.99599943893777,1.99599943893777,TRUE
305,"influential_union","linear",-6.97857282960941,-6.86826768973044,0.110305139878972,0.110305139878972,FALSE
306,"influential_union","linear",-8.28953485786764,-8.54660234164962,-0.257067483781981,0.257067483781981,FALSE
307,"influential_union","linear",-0.357219159138389,-0.66996208720446,-0.312742928066071,0.312742928066071,FALSE
308,"influential_union","linear",0.628330151451358,0.428785217287918,-0.19954493416344,0.19954493416344,TRUE
310,"influential_union","linear",-8.99681749984106,-7.63137379885429,1.36544370098678,1.36544370098678,FALSE
311,"influential_union","linear",-11.1447927068795,-12.0791185909704,-0.93432588409094,0.93432588409094,FALSE
312,"influential_union","linear",-1.17795151238711,-0.37024565719568,0.807705855191433,0.807705855191433,FALSE
313,"influential_union","linear",-5.5227998211455,-5.20771735016631,0.315082470979181,0.315082470979181,FALSE
314,"influential_union","linear",-8.72735432697008,-10.3328124346002,-1.60545810763008,1.60545810763008,FALSE
315,"influential_union","linear",-3.82378533357628,-3.76686373474166,0.056921598834625,0.056921598834625,FALSE
316,"influential_union","linear",-3.8217825279841,-3.34998545700466,0.47179707097944,0.47179707097944,FALSE
317,"influential_union","linear",0.220003048112771,1.26488753552517,1.0448844874124,1.0448844874124,FALSE
318,"influential_union","linear",-2.1981712147249,-1.99633829442209,0.201832920302806,0.201832920302806,FALSE
320,"influential_union","linear",-5.31078353884738,-6.03386959834004,-0.723086059492659,0.723086059492659,TRUE
321,"influential_union","linear",-7.29305275455196,-7.92270445598913,-0.62965170143717,0.62965170143717,FALSE
322,"influential_union","linear",1.42550378274633,1.00637894847524,-0.419124834271094,0.419124834271094,FALSE
323,"influential_union","linear",-4.72221650080747,-4.97315714547172,-0.250940644664245,0.250940644664245,TRUE
324,"influential_union","linear",1.32588934934885,2.63992037631226,1.31403102696341,1.31403102696341,FALSE
325,"influential_union","linear",0.458222100760602,2.06457343978128,1.60635133902068,1.60635133902068,FALSE
327,"influential_union","linear",-6.86530325207266,-6.56405721876688,0.301246033305778,0.301246033305778,FALSE
328,"influential_union","linear",-5.98732953249521,-6.36746522536008,-0.38013569286487,0.38013569286487,FALSE
329,"influential_union","linear",-5.48823003533397,-5.33538511590805,0.152844919425919,0.152844919425919,FALSE
330,"influential_union","linear",-4.32950822290561,-6.04464191530148,-1.71513369239587,1.71513369239587,TRUE
331,"influential_union","linear",-14.185870086553,-15.4822461483576,-1.29637606180456,1.29637606180456,FALSE
332,"influential_union","linear",-6.79126911430871,-6.70959621948511,0.0816728948236065,0.0816728948236065,FALSE
333,"influential_union","linear",-9.8176603076602,-8.82043027597542,0.997230031684783,0.997230031684783,FALSE
335,"influential_union","linear",2.39248695990665,2.76615711593632,0.373670156029672,0.373670156029672,FALSE
336,"influential_union","linear",-1.56000395595953,-2.19864832355019,-0.638644367590652,0.638644367590652,FALSE
337,"influential_union","linear",-6.2862776799946,-7.86341370021546,-1.57713602022087,1.57713602022087,FALSE
338,"influential_union","linear",-3.82429197809767,-3.31713090239342,0.507161075704249,0.507161075704249,FALSE
339,"influential_union","linear",-2.90182997023516,-2.90130721994021,0.000522750294950747,0.000522750294950747,FALSE
340,"influential_union","linear",-2.01787824930173,-1.70153489835693,0.316343350944804,0.316343350944804,FALSE
341,"influential_union","linear",-12.9542680437921,-13.8406127354273,-0.886344691635221,0.886344691635221,FALSE
342,"influential_union","linear",-4.78710389237568,-6.24449157836805,-1.45738768599237,1.45738768599237,FALSE
345,"influential_union","linear",-0.986264231791676,-0.187395988979985,0.798868242811691,0.798868242811691,TRUE
346,"influential_union","linear",-5.7285595579747,-5.9383315621318,-0.209772004157106,0.209772004157106,TRUE
347,"influential_union","linear",-5.50097676573887,-6.13976518178403,-0.638788416045163,0.638788416045163,FALSE
348,"influential_union","linear",0.730080715109687,0.249474218088931,-0.480606497020756,0.480606497020756,FALSE
349,"influential_union","linear",-2.1063463067433,-2.33769796296097,-0.231351656217673,0.231351656217673,FALSE
350,"influential_union","linear",-8.75519337166198,-9.56361750890598,-0.808424137244003,0.808424137244003,FALSE
351,"influential_union","linear",-3.96087056614305,-3.29449099128672,0.666379574856328,0.666379574856328,FALSE
353,"influential_union","linear",-4.56872872256483,-5.27098377455733,-0.702255051992497,0.702255051992497,FALSE
354,"influential_union","linear",-3.02369061263132,-2.74095805255306,0.282732560078267,0.282732560078267,FALSE
355,"influential_union","linear",-9.13423675892229,-10.5233607916562,-1.38912403273391,1.38912403273391,FALSE
357,"influential_union","linear",-4.21437956476276,-3.04863330447962,1.16574626028315,1.16574626028315,FALSE
358,"influential_union","linear",-7.37873564978687,-7.73451564052595,-0.355779990739083,0.355779990739083,TRUE
359,"influential_union","linear",0.141561157921836,-0.134319419450241,-0.275880577372077,0.275880577372077,FALSE
360,"influential_union","linear",-8.9533150807067,-9.54322427224123,-0.589909191534538,0.589909191534538,FALSE
361,"influential_union","linear",5.07076238823984,5.66817214512604,0.5974097568862,0.5974097568862,TRUE
362,"influential_union","linear",-4.23824389357909,-2.74690710716448,1.49133678641462,1.49133678641462,FALSE
363,"influential_union","linear",-1.45077051337328,0.0655246713851836,1.51629518475846,1.51629518475846,FALSE
364,"influential_union","linear",-10.2253440485615,-9.96770754281144,0.257636505750027,0.257636505750027,FALSE
365,"influential_union","linear",-1.32053853637716,-1.52623205733543,-0.205693520958274,0.205693520958274,TRUE
366,"influential_union","linear",-6.17027458394209,-6.99999648288135,-0.829721898939264,0.829721898939264,FALSE
367,"influential_union","linear",3.37046234136094,3.55384371281952,0.183381371458584,0.183381371458584,FALSE
369,"influential_union","linear",-7.2431557510189,-7.77676880384332,-0.533613052824417,0.533613052824417,FALSE
370,"influential_union","linear",-10.3200428049021,-10.0661489960163,0.253893808885792,0.253893808885792,FALSE
371,"influential_union","linear",-5.93608028420752,-5.74602275674895,0.190057527458574,0.190057527458574,TRUE
372,"influential_union","linear",-8.42833723319639,-8.28764795118688,0.140689282009507,0.140689282009507,FALSE
373,"influential_union","linear",-5.87347967703206,-6.16356138619578,-0.290081709163727,0.290081709163727,FALSE
374,"influential_union","linear",-4.49214934201429,-2.94868321700139,1.5434661250129,1.5434661250129,FALSE
375,"influential_union","linear",-1.86032238348602,-2.54029786559398,-0.679975482107965,0.679975482107965,FALSE
376,"influential_union","linear",-5.97624026810702,-5.90653330591164,0.0697069621953723,0.0697069621953723,FALSE
378,"influential_union","linear",-8.18075120804174,-8.62617216645915,-0.445420958417408,0.445420958417408,TRUE
380,"influential_union","linear",-5.88413105581802,-5.16951726421711,0.71461379160091,0.71461379160091,TRUE
381,"influential_union","linear",-5.33984313178292,-4.67993626091995,0.659906870862979,0.659906870862979,FALSE
382,"influential_union","linear",-2.46415956978519,-5.27781399778542,-2.81365442800022,2.81365442800022,TRUE
383,"influential_union","linear",-0.729875634717244,0.377939638360833,1.10781527307808,1.10781527307808,FALSE
384,"influential_union","linear",-5.08715178284797,-5.93388281168899,-0.846731028841025,0.846731028841025,FALSE
385,"influential_union","linear",1.54988813345096,1.21820365539286,-0.331684478058105,0.331684478058105,FALSE
386,"influential_union","linear",0.599585712984965,2.28612736763683,1.68654165465187,1.68654165465187,FALSE
387,"influential_union","linear",-3.3949412296856,-3.08200875239036,0.312932477295242,0.312932477295242,FALSE
388,"influential_union","linear",-5.67686323868408,-6.03829082298345,-0.361427584299371,0.361427584299371,FALSE
389,"influential_union","linear",-3.3967798359232,-3.97482894738156,-0.57804911145836,0.57804911145836,TRUE
391,"influential_union","linear",-7.01453803332827,-4.93300290840598,2.08153512492229,2.08153512492229,TRUE
392,"influential_union","linear",-10.385517333422,-11.1285118763349,-0.742994542912816,0.742994542912816,FALSE
393,"influential_union","linear",-5.1616345254013,-5.28585393702119,-0.124219411619895,0.124219411619895,FALSE
394,"influential_union","linear",-6.69585397367742,-8.46053785047917,-1.76468387680175,1.76468387680175,FALSE
395,"influential_union","linear",-4.74509726128664,-7.29785533698393,-2.55275807569729,2.55275807569729,TRUE
396,"influential_union","linear",-6.26397371211706,-6.31396424016414,-0.0499905280470889,0.0499905280470889,FALSE
397,"influential_union","linear",-1.23141131493179,-0.601877391402749,0.629533923529038,0.629533923529038,TRUE
398,"influential_union","linear",-3.20000047108414,-2.88171447148882,0.31828599959532,0.31828599959532,FALSE
399,"influential_union","linear",-8.06390050444183,-6.84358792331435,1.22031258112748,1.22031258112748,FALSE
400,"influential_union","linear",-5.4789287996197,-5.63378575942605,-0.154856959806353,0.154856959806353,FALSE
401,"influential_union","linear",-19.2491842369055,-20.5049689570306,-1.25578472012515,1.25578472012515,FALSE
402,"influential_union","linear",-2.37402086155275,-0.446915899226817,1.92710496232593,1.92710496232593,TRUE
403,"influential_union","linear",-3.2896383941937,-3.80557786459182,-0.515939470398119,0.515939470398119,FALSE
405,"influential_union","linear",-4.95405214552096,-4.54567251357531,0.408379631945658,0.408379631945658,TRUE
406,"influential_union","linear",-8.92115607134429,-7.31730739259543,1.60384867874886,1.60384867874886,TRUE
407,"influential_union","linear",-6.77277923690972,-7.30605728143118,-0.533278044521459,0.533278044521459,FALSE
408,"influential_union","linear",-1.0323259668865,0.0808292606008396,1.11315522748734,1.11315522748734,FALSE
409,"influential_union","linear",-1.34661244082728,-2.30072047585842,-0.954108035031134,0.954108035031134,TRUE
410,"influential_union","linear",-13.0337825807908,-14.6733983479253,-1.63961576713451,1.63961576713451,FALSE
411,"influential_union","linear",-2.51385760803197,-2.25770676562786,0.256150842404104,0.256150842404104,FALSE
412,"influential_union","linear",-2.84694160573235,-1.8816525753163,0.965289030416057,0.965289030416057,FALSE
413,"influential_union","linear",-6.01157360951034,-5.90360141966776,0.107972189842577,0.107972189842577,TRUE
414,"influential_union","linear",-10.0693772418685,-9.43570124152408,0.633676000344456,0.633676000344456,FALSE
415,"influential_union","linear",-0.367473980206453,1.36240274802742,1.72987672823387,1.72987672823387,FALSE
416,"influential_union","linear",2.99136301671875,3.37598191780867,0.384618901089923,0.384618901089923,FALSE
417,"influential_union","linear",-6.676736948214,-6.20506501601236,0.471671932201648,0.471671932201648,FALSE
418,"influential_union","linear",-7.04030123004547,-7.2158535740024,-0.175552343956931,0.175552343956931,FALSE
419,"influential_union","linear",-2.00418962289175,-0.738560343830354,1.26562927906139,1.26562927906139,FALSE
420,"influential_union","linear",-6.08865036685128,-5.63192784053668,0.456722526314597,0.456722526314597,FALSE
421,"influential_union","linear",-14.940525922537,-18.1080868319256,-3.16756090938856,3.16756090938856,TRUE
422,"influential_union","linear",-1.7509917870045,-1.78278214887307,-0.0317903618685755,0.0317903618685755,FALSE
423,"influential_union","linear",-5.10395976712657,-4.42369849387867,0.680261273247893,0.680261273247893,FALSE
424,"influential_union","linear",-7.94544245268852,-7.1276799698686,0.817762482819914,0.817762482819914,FALSE
425,"influential_union","linear",-4.98352314822228,-5.08522309825774,-0.101699950035464,0.101699950035464,FALSE
426,"influential_union","linear",-7.02887738950277,-7.42573989624289,-0.396862506740118,0.396862506740118,FALSE
428,"influential_union","linear",-10.8487675166409,-12.6776040854509,-1.82883656881,1.82883656881,FALSE
429,"influential_union","linear",-6.60941180356986,-6.6918696147629,-0.0824578111930396,0.0824578111930396,FALSE
432,"influential_union","linear",-6.70355553585595,-5.95459511554257,0.74896042031338,0.74896042031338,TRUE
433,"influential_union","linear",-0.776436250980568,-1.04442829132916,-0.267992040348594,0.267992040348594,FALSE
434,"influential_union","linear",0.248695309202659,-0.448688378080806,-0.697383687283465,0.697383687283465,FALSE
435,"influential_union","linear",-3.73719986006131,-3.59883366507291,0.138366194988395,0.138366194988395,FALSE
436,"influential_union","linear",-3.23591755345645,-1.89741196719628,1.33850558626017,1.33850558626017,TRUE
437,"influential_union","linear",-5.05934354964338,-3.80561132959333,1.25373222005005,1.25373222005005,TRUE
438,"influential_union","linear",-2.07022554547098,-1.94614392032199,0.124081625148993,0.124081625148993,FALSE
439,"influential_union","linear",-8.40750922258851,-9.37025093070226,-0.96274170811375,0.96274170811375,FALSE
440,"influential_union","linear",0.069722791785155,0.303675076660812,0.233952284875657,0.233952284875657,FALSE
441,"influential_union","linear",-6.06826809921779,-8.5909811306468,-2.52271303142902,2.52271303142902,TRUE
442,"influential_union","linear",-3.90750458428667,-4.08812189835115,-0.180617314064472,0.180617314064472,FALSE
443,"influential_union","linear",-4.69074070638882,-5.01569115133063,-0.324950444941807,0.324950444941807,FALSE
444,"influential_union","linear",-4.28432196863039,-4.450034526577,-0.165712557946607,0.165712557946607,FALSE
445,"influential_union","linear",-12.1773485349559,-11.6544503807779,0.522898154177959,0.522898154177959,FALSE
446,"influential_union","linear",-2.7333023874664,-2.06530210800051,0.668000279465895,0.668000279465895,FALSE
448,"influential_union","linear",-8.07524415525459,-8.559832745914,-0.484588590659408,0.484588590659408,TRUE
449,"influential_union","linear",-3.19432203151502,-2.27600397626083,0.918318055254199,0.918318055254199,FALSE
451,"influential_union","linear",-0.952102214999664,-1.21141257148726,-0.259310356487597,0.259310356487597,FALSE
452,"influential_union","linear",-3.63597687159081,-3.88822020721637,-0.252243335625563,0.252243335625563,FALSE
453,"influential_union","linear",-7.91864572539018,-8.887863194648,-0.969217469257818,0.969217469257818,FALSE
454,"influential_union","linear",-1.32522162655129,-0.0515715862209767,1.27365004033031,1.27365004033031,FALSE
455,"influential_union","linear",-6.70826505387518,-6.45295059224474,0.255314461630444,0.255314461630444,FALSE
456,"influential_union","linear",-4.43521102988461,-3.3556799018446,1.07953112804002,1.07953112804002,FALSE
457,"influential_union","linear",-6.33595628102046,-6.35739292928424,-0.0214366482637782,0.0214366482637782,FALSE
458,"influential_union","linear",-9.40798067325145,-9.63653863877351,-0.228557965522064,0.228557965522064,TRUE
459,"influential_union","linear",-2.31480189979337,-2.95453495435143,-0.639733054558053,0.639733054558053,FALSE
460,"influential_union","linear",-0.730244066094992,0.111399090306004,0.841643156400996,0.841643156400996,TRUE
461,"influential_union","linear",-1.86061605738823,-3.63866750583955,-1.77805144845131,1.77805144845131,FALSE
462,"influential_union","linear",-3.05017808176334,-4.5811621312393,-1.53098404947596,1.53098404947596,TRUE
463,"influential_union","linear",-5.91232059089766,-7.15037347528956,-1.2380528843919,1.2380528843919,TRUE
464,"influential_union","linear",0.982667714337541,1.86648127269538,0.883813558357838,0.883813558357838,FALSE
465,"influential_union","linear",-7.0449703509407,-8.22703171826237,-1.18206136732167,1.18206136732167,FALSE
466,"influential_union","linear",-7.73391685646086,-7.87324384641804,-0.139326989957173,0.139326989957173,FALSE
467,"influential_union","linear",-2.37635809297407,-2.81295723188672,-0.43659913891265,0.43659913891265,FALSE
468,"influential_union","linear",-5.25981118167047,-4.84400979711201,0.415801384558459,0.415801384558459,FALSE
469,"influential_union","linear",3.19100384987019,4.20600652606986,1.01500267619967,1.01500267619967,TRUE
470,"influential_union","linear",-7.61091289960856,-9.01612452630217,-1.40521162669362,1.40521162669362,FALSE
471,"influential_union","linear",-4.3780902950119,-4.58091872791541,-0.202828432903506,0.202828432903506,FALSE
472,"influential_union","linear",-5.68259423019606,-5.96240238400038,-0.279808153804316,0.279808153804316,FALSE
473,"influential_union","linear",-4.02415053875275,-4.5734504921828,-0.549299953430041,0.549299953430041,FALSE
474,"influential_union","linear",-0.66093005140128,0.326326420348724,0.987256471750004,0.987256471750004,FALSE
475,"influential_union","linear",-4.67407776912129,-3.84980213052579,0.8242756385955,0.8242756385955,FALSE
476,"influential_union","linear",-4.94918225771823,-5.3236114229523,-0.374429165234064,0.374429165234064,FALSE
477,"influential_union","linear",-4.1703748863325,-4.31988952669799,-0.149514640365488,0.149514640365488,FALSE
479,"influential_union","linear",-1.02777795152041,-1.60392991021275,-0.57615195869234,0.57615195869234,FALSE
480,"influential_union","linear",-0.198438133045867,-0.512677499445062,-0.314239366399194,0.314239366399194,FALSE
482,"influential_union","linear",-2.72595217804416,-1.31162135171155,1.41433082633261,1.41433082633261,FALSE
483,"influential_union","linear",-3.0454419062232,-2.55143209480706,0.494009811416144,0.494009811416144,FALSE
484,"influential_union","linear",-5.59051516582241,-4.95006061483162,0.640454550990788,0.640454550990788,FALSE
485,"influential_union","linear",-3.88075056492992,-3.73796141452877,0.142789150401146,0.142789150401146,TRUE
486,"influential_union","linear",-2.71332586637041,-2.60143571916082,0.111890147209589,0.111890147209589,FALSE
488,"influential_union","linear",-7.62765760255775,-9.471136739666,-1.84347913710825,1.84347913710825,FALSE
489,"influential_union","linear",-8.33874944106459,-10.2833265535757,-1.94457711251116,1.94457711251116,FALSE
490,"influential_union","linear",-3.07639068047726,-2.79045282296512,0.285937857512145,0.285937857512145,TRUE
491,"influential_union","linear",1.79316924017767,2.05483766068642,0.261668420508752,0.261668420508752,FALSE
492,"influential_union","linear",-0.433992568737283,0.691803121055883,1.12579568979317,1.12579568979317,FALSE
493,"influential_union","linear",-5.92147876189373,-6.95489477249577,-1.03341601060203,1.03341601060203,FALSE
494,"influential_union","linear",0.337508998402015,1.00120273333341,0.663693734931396,0.663693734931396,FALSE
495,"influential_union","linear",-0.819480302593827,0.465030359998766,1.28451066259259,1.28451066259259,FALSE
496,"influential_union","linear",-6.23018880135898,-5.69625182441145,0.533936976947532,0.533936976947532,FALSE
498,"influential_union","linear",-0.386695291020534,0.182085866394483,0.568781157415018,0.568781157415018,TRUE
499,"influential_union","linear",-10.1712185496022,-11.0664725340508,-0.895253984448567,0.895253984448567,FALSE
500,"influential_union","linear",-4.21963617432931,-4.78482055474525,-0.565184380415939,0.565184380415939,FALSE
501,"influential_union","linear",-12.2156108637869,-11.9633402050581,0.252270658728786,0.252270658728786,TRUE
502,"influential_union","linear",-5.03081560538613,-4.64937971809231,0.381435887293818,0.381435887293818,FALSE
503,"influential_union","linear",-5.4495518431116,-4.80254200292284,0.647009840188763,0.647009840188763,FALSE
505,"influential_union","linear",1.78945043192831,2.57177078685667,0.782320354928367,0.782320354928367,FALSE
506,"influential_union","linear",-4.61796261572529,-4.70599613329254,-0.0880335175672506,0.0880335175672506,FALSE
509,"influential_union","linear",-2.92180596111635,-2.73198121491915,0.189824746197201,0.189824746197201,TRUE
510,"influential_union","linear",1.35074355177766,2.46458983627584,1.11384628449817,1.11384628449817,FALSE
512,"influential_union","linear",-7.7358366803508,-7.86399980966951,-0.128163129318709,0.128163129318709,TRUE
513,"influential_union","linear",-3.68550009482837,-3.02052566916134,0.664974425667027,0.664974425667027,FALSE
514,"influential_union","linear",-5.9842575627794,-6.02349836569466,-0.0392408029152609,0.0392408029152609,TRUE
515,"influential_union","linear",-7.56855491101821,-7.07660933778672,0.491945573231487,0.491945573231487,FALSE
516,"influential_union","linear",-4.87483780073545,-4.44853476604892,0.426303034686526,0.426303034686526,TRUE
517,"influential_union","linear",-6.40383963251345,-5.67721165733466,0.726627975178793,0.726627975178793,FALSE
518,"influential_union","linear",-6.60056385287624,-5.20489530957354,1.3956685433027,1.3956685433027,FALSE
519,"influential_union","linear",0.378827252986239,1.63982486314838,1.26099761016214,1.26099761016214,FALSE
520,"influential_union","linear",1.29742514382991,2.15645112338875,0.859025979558831,0.859025979558831,FALSE
521,"influential_union","linear",-0.45306820079566,-1.51392090899724,-1.06085270820158,1.06085270820158,FALSE
523,"influential_union","linear",-2.01451646457335,-1.0250294817363,0.98948698283705,0.98948698283705,FALSE
524,"influential_union","linear",-4.53554669325695,-4.23429112001509,0.301255573241857,0.301255573241857,FALSE
525,"influential_union","linear",-6.0510169245003,-6.03624876304374,0.0147681614565505,0.0147681614565505,TRUE
526,"influential_union","linear",-4.51779774707411,-3.92692924816389,0.590868498910214,0.590868498910214,FALSE
527,"influential_union","linear",-1.15339575554728,-2.49875511386283,-1.34535935831555,1.34535935831555,FALSE
528,"influential_union","linear",-3.22827760384539,-1.49285706452275,1.73542053932263,1.73542053932263,FALSE
530,"influential_union","linear",-6.48476751692987,-5.10241230027047,1.38235521665939,1.38235521665939,FALSE
531,"influential_union","linear",1.42666512176157,2.19394602984261,0.767280908081045,0.767280908081045,FALSE
532,"influential_union","linear",-5.83886271537314,-5.7358074506745,0.103055264698646,0.103055264698646,FALSE
534,"influential_union","linear",-8.40687099484628,-7.41347591140536,0.993395083440923,0.993395083440923,FALSE
536,"influential_union","linear",-3.41219679980006,-3.16771183805167,0.244484961748395,0.244484961748395,FALSE
537,"influential_union","linear",-0.571586620306149,0.0233441983041727,0.594930818610321,0.594930818610321,FALSE
538,"influential_union","linear",-3.48381379868955,-5.56146134483804,-2.07764754614849,2.07764754614849,TRUE
539,"influential_union","linear",-8.31366988214917,-9.59033492426333,-1.27666504211416,1.27666504211416,TRUE
541,"influential_union","linear",-6.46318367241014,-6.9271390590189,-0.463955386608761,0.463955386608761,FALSE
542,"influential_union","linear",-2.19102689963101,-3.15090937321497,-0.959882473583954,0.959882473583954,TRUE
543,"influential_union","linear",-2.22303825443285,-2.18461233358027,0.038425920852585,0.038425920852585,FALSE
544,"influential_union","linear",-5.7438278006474,-4.38218204951412,1.36164575113328,1.36164575113328,FALSE
546,"influential_union","linear",-8.12804928501613,-8.34588331785924,-0.217834032843109,0.217834032843109,FALSE
547,"influential_union","linear",-5.94783038823327,-7.30825536714197,-1.3604249789087,1.3604249789087,FALSE
548,"influential_union","linear",-1.97740494959379,-1.12046833218116,0.85693661741263,0.85693661741263,FALSE
550,"influential_union","linear",-5.95892150316011,-6.2633604480582,-0.30443894489809,0.30443894489809,TRUE
551,"influential_union","linear",-4.24315153349782,-5.17173803067853,-0.928586497180701,0.928586497180701,TRUE
552,"influential_union","linear",-7.00154149361981,-8.57443883153813,-1.57289733791833,1.57289733791833,TRUE
555,"influential_union","linear",-2.56449549468185,-1.7770287972849,0.787466697396943,0.787466697396943,FALSE
556,"influential_union","linear",-3.11104058586917,-2.9205753986389,0.190465187230271,0.190465187230271,FALSE
557,"influential_union","linear",-4.4371937335146,-6.86183027371107,-2.42463654019646,2.42463654019646,FALSE
559,"influential_union","linear",1.75086265709468,0.821913457299084,-0.9289491997956,0.9289491997956,FALSE
560,"influential_union","linear",0.620127160583292,-0.328880561850627,-0.94900772243392,0.94900772243392,FALSE
561,"influential_union","linear",-2.88758041004574,-2.99979887544575,-0.112218465400011,0.112218465400011,TRUE
562,"influential_union","linear",-3.39619335411391,-3.44866432473506,-0.0524709706211475,0.0524709706211475,TRUE
563,"influential_union","linear",-8.44015758420347,-8.79923479632574,-0.359077212122264,0.359077212122264,FALSE
564,"influential_union","linear",-2.04652471393369,-0.543013950779393,1.50351076315429,1.50351076315429,FALSE
565,"influential_union","linear",-7.9164500029655,-7.22529145734798,0.69115854561752,0.69115854561752,FALSE
566,"influential_union","linear",-7.03847401387474,-7.27135123808796,-0.232877224213215,0.232877224213215,FALSE
567,"influential_union","linear",-5.40061624930166,-4.45681990594117,0.943796343360489,0.943796343360489,FALSE
568,"influential_union","linear",-5.65620990170623,-6.71337919592486,-1.05716929421863,1.05716929421863,FALSE
569,"influential_union","linear",-0.81129874235984,-0.230704089385727,0.580594652974113,0.580594652974113,FALSE
571,"influential_union","linear",-5.2634777757812,-5.65087261405776,-0.387394838276559,0.387394838276559,FALSE
573,"influential_union","linear",-6.23509800305799,-5.97082049760828,0.264277505449713,0.264277505449713,TRUE
574,"influential_union","linear",-2.64497834549896,-1.87912907702548,0.765849268473483,0.765849268473483,FALSE
575,"influential_union","linear",-2.78535534659675,-2.53257614784483,0.252779198751923,0.252779198751923,FALSE
576,"influential_union","linear",-7.00918489792412,-8.33268229811552,-1.3234974001914,1.3234974001914,TRUE
578,"influential_union","linear",-8.81741748604552,-9.25809180772433,-0.440674321678802,0.440674321678802,FALSE
579,"influential_union","linear",-4.317650183809,-2.93018302065555,1.38746716315345,1.38746716315345,FALSE
580,"influential_union","linear",-10.6908378098339,-10.1230968731344,0.567740936699419,0.567740936699419,TRUE
581,"influential_union","linear",-7.75074118476662,-9.15763279227687,-1.40689160751025,1.40689160751025,FALSE
584,"influential_union","linear",-8.17409443175518,-9.05450345942216,-0.88040902766698,0.88040902766698,FALSE
585,"influential_union","linear",-6.09705435158707,-7.04680796694071,-0.949753615353642,0.949753615353642,FALSE
587,"influential_union","linear",-2.70322735077781,-1.52358359460333,1.17964375617448,1.17964375617448,FALSE
589,"influential_union","linear",-5.68763766012333,-5.20211047942085,0.485527180702488,0.485527180702488,FALSE
590,"influential_union","linear",-4.37600595516675,-4.27282733977875,0.103178615388002,0.103178615388002,FALSE
591,"influential_union","linear",-4.5808018449758,-4.38469562207149,0.19610622290431,0.19610622290431,FALSE
592,"influential_union","linear",-4.41785257117827,-5.17272408282839,-0.754871511650122,0.754871511650122,TRUE
593,"influential_union","linear",-4.17468504926585,-2.22654128206463,1.94814376720122,1.94814376720122,FALSE
594,"influential_union","linear",-7.29974691796911,-8.74214182413561,-1.4423949061665,1.4423949061665,FALSE
595,"influential_union","linear",-0.113991251933389,1.25723342396252,1.37122467589591,1.37122467589591,FALSE
596,"influential_union","linear",-4.13649421177247,-5.84511578005415,-1.70862156828167,1.70862156828167,FALSE
597,"influential_union","linear",-5.37866363185232,-4.4078855642101,0.970778067642216,0.970778067642216,FALSE
598,"influential_union","linear",-2.12366460179867,-0.807427547461866,1.3162370543368,1.3162370543368,FALSE
599,"influential_union","linear",-1.75635284462273,-0.833106683706195,0.923246160916535,0.923246160916535,TRUE
600,"influential_union","linear",-2.51602302943355,-2.78656081128334,-0.270537781849788,0.270537781849788,FALSE
601,"influential_union","linear",-3.15954669253935,-3.46429272817511,-0.304746035635763,0.304746035635763,FALSE
602,"influential_union","linear",-8.12092890654223,-7.95157627129813,0.169352635244105,0.169352635244105,FALSE
603,"influential_union","linear",-3.28789022037697,-0.0228220556366987,3.26506816474028,3.26506816474028,TRUE
604,"influential_union","linear",-1.85044712035896,0.352224652634482,2.20267177299345,2.20267177299345,TRUE
605,"influential_union","linear",-6.92220382396761,-6.43969194776631,0.482511876201299,0.482511876201299,FALSE
606,"influential_union","linear",-8.60144526485286,-9.10928380074511,-0.507838535892251,0.507838535892251,FALSE
607,"influential_union","linear",-5.50684723218216,-5.43439961281869,0.0724476193634702,0.0724476193634702,FALSE
608,"influential_union","linear",-6.02094310429272,-5.39595173913119,0.624991365161534,0.624991365161534,FALSE
609,"influential_union","linear",-4.61743336539154,-3.76992071161533,0.847512653776209,0.847512653776209,FALSE
610,"influential_union","linear",1.17037751197952,1.19775772328096,0.027380211301439,0.027380211301439,FALSE
611,"influential_union","linear",-0.715851414925761,-1.33424836829864,-0.61839695337288,0.61839695337288,FALSE
612,"influential_union","linear",-7.62133190526847,-7.54113294348498,0.0801989617834957,0.0801989617834957,FALSE
613,"influential_union","linear",-6.88719010021047,-7.17727490883174,-0.290084808621272,0.290084808621272,FALSE
614,"influential_union","linear",-8.33622618490826,-9.20052479235962,-0.864298607451351,0.864298607451351,FALSE
615,"influential_union","linear",-11.2060349563298,-12.0221465664778,-0.816111610147976,0.816111610147976,FALSE
616,"influential_union","linear",-3.44773858236279,-3.91823344816581,-0.470494865803024,0.470494865803024,TRUE
618,"influential_union","linear",-0.0274890538051897,0.301716394282667,0.329205448087856,0.329205448087856,FALSE
619,"influential_union","linear",-6.658453881292,-6.63585874530433,0.0225951359876699,0.0225951359876699,FALSE
620,"influential_union","linear",-6.29163432998638,-7.42234285550252,-1.13070852551614,1.13070852551614,FALSE
621,"influential_union","linear",-3.94503981111475,-3.08148742318712,0.863552387927624,0.863552387927624,FALSE
622,"influential_union","linear",1.84717987574121,1.11569442765234,-0.731485448088876,0.731485448088876,FALSE
623,"influential_union","linear",-5.99281205862992,-8.01787746973798,-2.02506541110806,2.02506541110806,TRUE
624,"influential_union","linear",-7.57491629345407,-7.6335831186211,-0.0586668251670392,0.0586668251670392,FALSE
625,"influential_union","linear",-5.02250449940857,-4.3348389516673,0.68766554774127,0.68766554774127,TRUE
626,"influential_union","linear",-3.89124527831382,-2.85276541177013,1.03847986654369,1.03847986654369,FALSE
627,"influential_union","linear",-7.13205956776905,-6.24271608520945,0.889343482559602,0.889343482559602,FALSE
629,"influential_union","linear",-2.12136755487085,-2.12174499595574,-0.000377441084885799,0.000377441084885799,FALSE
630,"influential_union","linear",-4.35952297004217,-4.01812986182783,0.34139310821434,0.34139310821434,FALSE
631,"influential_union","linear",-1.27061638283147,-0.70628511930151,0.564331263529961,0.564331263529961,TRUE
632,"influential_union","linear",-9.84198447522108,-11.7775529421599,-1.93556846693882,1.93556846693882,FALSE
633,"influential_union","linear",-0.442056347896399,-0.216968488846566,0.225087859049833,0.225087859049833,FALSE
634,"influential_union","linear",-0.341874967449256,0.621506115610645,0.963381083059902,0.963381083059902,FALSE
635,"influential_union","linear",0.379695198540214,1.07400143442219,0.69430623588198,0.69430623588198,FALSE
636,"influential_union","linear",-9.53589377398164,-9.37130652261179,0.16458725136985,0.16458725136985,FALSE
637,"influential_union","linear",-1.66748518224767,-0.974860847039501,0.69262433520817,0.69262433520817,FALSE
638,"influential_union","linear",-4.21689346649209,-3.50015822145178,0.716735245040304,0.716735245040304,FALSE
639,"influential_union","linear",-1.96365939662856,-1.11395917912323,0.849700217505332,0.849700217505332,FALSE
640,"influential_union","linear",-4.73607923536505,-4.05546896498758,0.68061027037747,0.68061027037747,FALSE
641,"influential_union","linear",-1.31068132763856,-0.148562276731598,1.16211905090696,1.16211905090696,FALSE
642,"influential_union","linear",-11.3888877775805,-12.831019153722,-1.44213137614149,1.44213137614149,FALSE
643,"influential_union","linear",-3.39132940485535,-3.74205587476492,-0.350726469909565,0.350726469909565,FALSE
645,"influential_union","linear",-4.68664091922955,-4.91898989998128,-0.232348980751736,0.232348980751736,FALSE
646,"influential_union","linear",-6.18921586723405,-6.48862900281909,-0.299413135585037,0.299413135585037,FALSE
647,"influential_union","linear",-2.62127876060587,-2.21853888899447,0.402739871611403,0.402739871611403,FALSE
648,"influential_union","linear",-4.98447042751811,-5.20054375597722,-0.216073328459111,0.216073328459111,FALSE
649,"influential_union","linear",-6.90872372103928,-6.14386535273585,0.764858368303436,0.764858368303436,FALSE
650,"influential_union","linear",-0.999351447102465,-0.451003959001548,0.548347488100918,0.548347488100918,FALSE
651,"influential_union","linear",-5.67942002448373,-4.94127243381057,0.738147590673169,0.738147590673169,FALSE
652,"influential_union","linear",-2.7910074275548,-0.896896015304011,1.89411141225079,1.89411141225079,TRUE
653,"influential_union","linear",-3.60785359312801,-3.26029960890354,0.347553984224463,0.347553984224463,FALSE
654,"influential_union","linear",-1.25585703127856,-0.724992853148373,0.530864178130185,0.530864178130185,FALSE
656,"influential_union","linear",-5.16537047464926,-3.75568772220323,1.40968275244603,1.40968275244603,FALSE
657,"influential_union","linear",-4.18970328423762,-3.71294764040189,0.476755643835733,0.476755643835733,FALSE
659,"influential_union","linear",-0.390216242002089,1.08019810255192,1.47041434455401,1.47041434455401,FALSE
661,"influential_union","linear",-0.726156181802616,0.15955080997494,0.885706991777556,0.885706991777556,FALSE
662,"influential_union","linear",-2.69707821653679,-3.80482045347906,-1.10774223694228,1.10774223694228,TRUE
664,"influential_union","linear",-4.42678972591197,-3.97693201558195,0.449857710330019,0.449857710330019,FALSE
665,"influential_union","linear",-11.4156923615671,-11.5026885357815,-0.0869961742143701,0.0869961742143701,FALSE
668,"influential_union","linear",-0.469141893269568,0.398082629034183,0.867224522303752,0.867224522303752,FALSE
669,"influential_union","linear",-5.84823390449242,-4.03821172982561,1.81002217466681,1.81002217466681,FALSE
670,"influential_union","linear",0.242890363645935,1.67113939538543,1.42824903173949,1.42824903173949,FALSE
671,"influential_union","linear",-7.10864383072283,-8.36680230368138,-1.25815847295855,1.25815847295855,TRUE
672,"influential_union","linear",-1.73058039189809,-0.992467315072935,0.738113076825152,0.738113076825152,FALSE
673,"influential_union","linear",-6.42067710390151,-4.26256156871082,2.15811553519069,2.15811553519069,FALSE
1,"influential_union","logistic",0.887755022958092,0.994230690625342,0.10647566766725,0.10647566766725,FALSE
2,"influential_union","logistic",0.997514308656724,0.999998425434056,0.00248411677733196,0.00248411677733196,FALSE
3,"influential_union","logistic",0.976219621133807,0.999630154152707,0.0234105330188995,0.0234105330188995,FALSE
4,"influential_union","logistic",0.827637316127184,0.997215658050149,0.169578341922966,0.169578341922966,TRUE
5,"influential_union","logistic",0.865995630946737,0.997536372029487,0.13154074108275,0.13154074108275,FALSE
6,"influential_union","logistic",0.606302835474451,0.613664801596694,0.00736196612224282,0.00736196612224282,TRUE
7,"influential_union","logistic",0.969146257803864,0.998989113232039,0.0298428554281747,0.0298428554281747,FALSE
8,"influential_union","logistic",0.865232014321952,0.998711732205519,0.133479717883567,0.133479717883567,FALSE
9,"influential_union","logistic",0.128853662760863,0.00352850534281875,-0.125325157418044,0.125325157418044,TRUE
10,"influential_union","logistic",0.834141203593993,0.947591794141375,0.113450590547382,0.113450590547382,FALSE
11,"influential_union","logistic",0.904645643474298,0.999669509903708,0.0950238664294104,0.0950238664294104,FALSE
12,"influential_union","logistic",0.251887045935259,0.084330820384389,-0.16755622555087,0.16755622555087,FALSE
13,"influential_union","logistic",0.995008585317866,0.99999920426986,0.00499061895199437,0.00499061895199437,FALSE
14,"influential_union","logistic",0.199949054643874,0.00907824696194582,-0.190870807681928,0.190870807681928,FALSE
15,"influential_union","logistic",0.179718997453656,0.0156297729666534,-0.164089224487003,0.164089224487003,FALSE
16,"influential_union","logistic",0.670059526794127,0.768960200198994,0.0989006734048672,0.0989006734048672,FALSE
17,"influential_union","logistic",0.50841011471862,0.882903154155664,0.374493039437044,0.374493039437044,FALSE
18,"influential_union","logistic",0.966743596828773,0.999916161491666,0.033172564662893,0.033172564662893,FALSE
19,"influential_union","logistic",0.382940196081997,0.0228237605198825,-0.360116435562115,0.360116435562115,TRUE
20,"influential_union","logistic",0.960071557951243,0.99980318398074,0.0397316260294969,0.0397316260294969,FALSE
21,"influential_union","logistic",0.523713955886935,0.549892472071691,0.0261785161847566,0.0261785161847566,FALSE
22,"influential_union","logistic",0.721041649707712,0.942182155800997,0.221140506093285,0.221140506093285,FALSE
23,"influential_union","logistic",0.237890666078418,0.0231780981626451,-0.214712567915773,0.214712567915773,FALSE
24,"influential_union","logistic",0.0604465606875962,0.000141868404659982,-0.0603046922829362,0.0603046922829362,FALSE
25,"influential_union","logistic",0.91917474821294,0.997399116606334,0.0782243683933938,0.0782243683933938,FALSE
26,"influential_union","logistic",0.893322748895839,0.99668028818272,0.103357539286881,0.103357539286881,FALSE
27,"influential_union","logistic",0.254643895179231,0.0229517877027453,-0.231692107476486,0.231692107476486,FALSE
28,"influential_union","logistic",0.381830942127097,0.553583301993761,0.171752359866664,0.171752359866664,FALSE
29,"influential_union","logistic",0.261219006110338,0.00188106294316113,-0.259337943167177,0.259337943167177,TRUE
30,"influential_union","logistic",0.652238615447394,0.816575862687848,0.164337247240454,0.164337247240454,FALSE
31,"influential_union","logistic",0.261866844269589,0.0669218408002706,-0.194945003469318,0.194945003469318,FALSE
32,"influential_union","logistic",0.98841467251559,0.999993028523915,0.011578356008325,0.011578356008325,FALSE
33,"influential_union","logistic",0.948188991617556,0.999819735404898,0.0516307437873419,0.0516307437873419,FALSE
34,"influential_union","logistic",0.702902261460136,0.888524140552687,0.185621879092551,0.185621879092551,FALSE
35,"influential_union","logistic",0.324366741287773,0.0923274230584517,-0.232039318229321,0.232039318229321,FALSE
36,"influential_union","logistic",0.105002752800456,0.000858795661363961,-0.104143957139092,0.104143957139092,FALSE
37,"influential_union","logistic",0.338691684658588,0.137503542262612,-0.201188142395976,0.201188142395976,FALSE
38,"influential_union","logistic",0.989787940301795,0.999975069318539,0.0101871290167448,0.0101871290167448,FALSE
39,"influential_union","logistic",0.327773687647693,0.0628967362565926,-0.264876951391101,0.264876951391101,FALSE
40,"influential_union","logistic",0.449905704071164,0.583847471793029,0.133941767721866,0.133941767721866,FALSE
41,"influential_union","logistic",0.999182159151604,0.999999987510763,0.000817828359159001,0.000817828359159001,TRUE
42,"influential_union","logistic",0.606380907309423,0.729555120017741,0.123174212708318,0.123174212708318,FALSE
43,"influential_union","logistic",0.331686502859882,0.0194786763538575,-0.312207826506025,0.312207826506025,TRUE
44,"influential_union","logistic",0.430912574427244,0.407669730561215,-0.0232428438660288,0.0232428438660288,TRUE
45,"influential_union","logistic",0.88049112573947,0.997997086800609,0.117505961061138,0.117505961061138,FALSE
47,"influential_union","logistic",0.647379862107148,0.802049561288475,0.154669699181327,0.154669699181327,FALSE
48,"influential_union","logistic",0.982108649156822,0.999998575685532,0.0178899265287106,0.0178899265287106,FALSE
49,"influential_union","logistic",0.906441740350862,0.999194665782438,0.0927529254315751,0.0927529254315751,FALSE
50,"influential_union","logistic",0.825032453061934,0.833969451315246,0.00893699825331196,0.00893699825331196,FALSE
51,"influential_union","logistic",0.716118580914654,0.636414853535246,-0.0797037273794075,0.0797037273794075,FALSE
52,"influential_union","logistic",0.741468513283805,0.985464879977719,0.243996366693914,0.243996366693914,TRUE
53,"influential_union","logistic",0.527343988613133,0.103677464757875,-0.423666523855258,0.423666523855258,TRUE
54,"influential_union","logistic",0.645614033546203,0.914301069743502,0.268687036197298,0.268687036197298,FALSE
55,"influential_union","logistic",0.57616458788843,0.796464488654097,0.220299900765667,0.220299900765667,TRUE
56,"influential_union","logistic",0.904140864187078,0.997245713640104,0.0931048494530269,0.0931048494530269,TRUE
57,"influential_union","logistic",0.133364242833329,0.00231136474452618,-0.131052878088803,0.131052878088803,FALSE
58,"influential_union","logistic",0.072372603616745,0.00116765046876666,-0.0712049531479783,0.0712049531479783,FALSE
59,"influential_union","logistic",0.100240911245207,0.00111263203456736,-0.0991282792106396,0.0991282792106396,FALSE
60,"influential_union","logistic",0.0820954005112268,0.00151050587370867,-0.0805848946375181,0.0805848946375181,FALSE
61,"influential_union","logistic",0.738456834820745,0.894147656417782,0.155690821597037,0.155690821597037,FALSE
62,"influential_union","logistic",0.576842472224177,0.405436191996752,-0.171406280227425,0.171406280227425,FALSE
63,"influential_union","logistic",0.99507326213188,0.999999920977085,0.00492665884520505,0.00492665884520505,FALSE
64,"influential_union","logistic",0.0884301215496242,0.000751716150260529,-0.0876784053993637,0.0876784053993637,FALSE
65,"influential_union","logistic",0.862755588569277,0.972684674785938,0.109929086216661,0.109929086216661,FALSE
66,"influential_union","logistic",0.122065785772725,0.00209877991803644,-0.119967005854689,0.119967005854689,FALSE
67,"influential_union","logistic",0.96020092256731,0.999356223530151,0.0391553009628414,0.0391553009628414,FALSE
68,"influential_union","logistic",0.882009796340546,0.997670436500724,0.115660640160178,0.115660640160178,FALSE
69,"influential_union","logistic",0.419957155795665,0.386293012871772,-0.033664142923893,0.033664142923893,FALSE
70,"influential_union","logistic",0.828636760251981,0.992344280779273,0.163707520527292,0.163707520527292,FALSE
71,"influential_union","logistic",0.222440196665516,0.077681080822986,-0.14475911584253,0.14475911584253,FALSE
72,"influential_union","logistic",0.869368081890195,0.894338602740801,0.0249705208506062,0.0249705208506062,TRUE
73,"influential_union","logistic",0.581683213586844,0.911721590979119,0.330038377392275,0.330038377392275,FALSE
74,"influential_union","logistic",0.332505887371959,0.137329427135862,-0.195176460236097,0.195176460236097,TRUE
75,"influential_union","logistic",0.207530908531389,0.0454066762421512,-0.162124232289237,0.162124232289237,FALSE
76,"influential_union","logistic",0.983494221516146,0.999917313037174,0.0164230915210275,0.0164230915210275,FALSE
77,"influential_union","logistic",0.608916675034158,0.547317751640721,-0.0615989233934372,0.0615989233934372,TRUE
78,"influential_union","logistic",0.941180793043859,0.995193485322154,0.0540126922782942,0.0540126922782942,FALSE
79,"influential_union","logistic",0.488702217721529,0.890310120547519,0.40160790282599,0.40160790282599,TRUE
80,"influential_union","logistic",0.68851188779249,0.774144038265858,0.0856321504733683,0.0856321504733683,FALSE
81,"influential_union","logistic",0.999890457628496,0.999999999968213,0.000109542339716939,0.000109542339716939,TRUE
82,"influential_union","logistic",0.404762223531917,0.733363228756902,0.328601005224984,0.328601005224984,FALSE
83,"influential_union","logistic",0.636525771283638,0.389249575223246,-0.247276196060392,0.247276196060392,FALSE
84,"influential_union","logistic",0.75149385460711,0.478030847059213,-0.273463007547897,0.273463007547897,TRUE
85,"influential_union","logistic",0.132560660885142,0.00126833153506827,-0.131292329350074,0.131292329350074,TRUE
86,"influential_union","logistic",0.889620310135677,0.99646487048682,0.106844560351143,0.106844560351143,TRUE
87,"influential_union","logistic",0.969534396168776,0.999934034067596,0.0303996378988204,0.0303996378988204,FALSE
88,"influential_union","logistic",0.245269413009644,0.221052044208844,-0.0242173688007999,0.0242173688007999,FALSE
89,"influential_union","logistic",0.232597873894197,0.0137376452112238,-0.218860228682973,0.218860228682973,FALSE
90,"influential_union","logistic",0.383334418070604,0.725703698284144,0.342369280213539,0.342369280213539,TRUE
91,"influential_union","logistic",0.830607871878345,0.958014158487947,0.127406286609602,0.127406286609602,FALSE
92,"influential_union","logistic",0.8256838718743,0.992957807723098,0.167273935848798,0.167273935848798,TRUE
93,"influential_union","logistic",0.205778980678716,0.0194725463067826,-0.186306434371933,0.186306434371933,FALSE
94,"influential_union","logistic",0.182547192845227,0.0675925075375916,-0.114954685307635,0.114954685307635,FALSE
95,"influential_union","logistic",0.539882948209763,0.516562522136799,-0.0233204260729644,0.0233204260729644,FALSE
96,"influential_union","logistic",0.0546601315714762,0.000252210413389891,-0.0544079211580863,0.0544079211580863,FALSE
97,"influential_union","logistic",0.873280630642515,0.990959163081776,0.11767853243926,0.11767853243926,FALSE
98,"influential_union","logistic",0.244663283833304,0.0537402645312212,-0.190923019302083,0.190923019302083,FALSE
99,"influential_union","logistic",0.654075059562117,0.839282599384149,0.185207539822032,0.185207539822032,TRUE
100,"influential_union","logistic",0.952976669586497,0.999794809367751,0.0468181397812543,0.0468181397812543,FALSE
101,"influential_union","logistic",0.99008071817576,0.999993766234941,0.00991304805918092,0.00991304805918092,FALSE
102,"influential_union","logistic",0.38424792378687,0.104848756776785,-0.279399167010085,0.279399167010085,FALSE
103,"influential_union","logistic",0.919533693832027,0.977229472801316,0.0576957789692889,0.0576957789692889,FALSE
104,"influential_union","logistic",0.994448290363007,0.99999916006084,0.00555086969783325,0.00555086969783325,TRUE
105,"influential_union","logistic",0.972506793539799,0.99995975775461,0.027452964214811,0.027452964214811,TRUE
106,"influential_union","logistic",0.181687754118241,0.0079589329765916,-0.17372882114165,0.17372882114165,FALSE
107,"influential_union","logistic",0.992555693925993,0.999998390768617,0.00744269684262344,0.00744269684262344,FALSE
108,"influential_union","logistic",0.632390352503033,0.774125903329668,0.141735550826635,0.141735550826635,FALSE
109,"influential_union","logistic",0.0872345777910697,0.00144002091313395,-0.0857945568779357,0.0857945568779357,TRUE
110,"influential_union","logistic",0.784355497386909,0.975641011885382,0.191285514498473,0.191285514498473,FALSE
111,"influential_union","logistic",0.39148329443723,0.315619814200162,-0.0758634802370682,0.0758634802370682,FALSE
112,"influential_union","logistic",0.0933258912106087,0.00137086447431927,-0.0919550267362894,0.0919550267362894,FALSE
113,"influential_union","logistic",0.378668704508524,0.10270706642193,-0.275961638086594,0.275961638086594,FALSE
114,"influential_union","logistic",0.235820925240169,0.0167770976690233,-0.219043827571146,0.219043827571146,FALSE
115,"influential_union","logistic",0.187521115152595,0.0103301820123276,-0.177190933140268,0.177190933140268,FALSE
116,"influential_union","logistic",0.532710098756597,0.737704529598658,0.204994430842061,0.204994430842061,FALSE
117,"influential_union","logistic",0.626829823855262,0.905087923840094,0.278258099984832,0.278258099984832,TRUE
118,"influential_union","logistic",0.0920130295291054,0.000433639183919788,-0.0915793903451857,0.0915793903451857,FALSE
119,"influential_union","logistic",0.344843924761151,0.0894378455852331,-0.255406079175918,0.255406079175918,FALSE
120,"influential_union","logistic",0.0499738719868004,0.0000453361037463066,-0.0499285358830541,0.0499285358830541,TRUE
121,"influential_union","logistic",0.648644763564843,0.231367779601835,-0.417276983963008,0.417276983963008,TRUE
122,"influential_union","logistic",0.82506848881675,0.997639968248946,0.172571479432196,0.172571479432196,FALSE
123,"influential_union","logistic",0.382096164762965,0.66274927201309,0.280653107250125,0.280653107250125,TRUE
124,"influential_union","logistic",0.705523946296708,0.875475884838637,0.169951938541929,0.169951938541929,FALSE
125,"influential_union","logistic",0.0656342085497502,0.000479886899209403,-0.0651543216505408,0.0651543216505408,FALSE
126,"influential_union","logistic",0.110051448112461,0.00257129912130659,-0.107480148991155,0.107480148991155,FALSE
127,"influential_union","logistic",0.666462919983482,0.652474007066517,-0.0139889129169648,0.0139889129169648,TRUE
128,"influential_union","logistic",0.798560710017835,0.939411260193679,0.140850550175844,0.140850550175844,TRUE
129,"influential_union","logistic",0.0934263869411407,0.00162476516890904,-0.0918016217722316,0.0918016217722316,FALSE
130,"influential_union","logistic",0.38712011148065,0.414417307159,0.0272971956783505,0.0272971956783505,FALSE
131,"influential_union","logistic",0.207714357519569,0.0457131620536828,-0.162001195465886,0.162001195465886,FALSE
132,"influential_union","logistic",0.0682449692945156,0.000281453726690973,-0.0679635155678246,0.0679635155678246,FALSE
133,"influential_union","logistic",0.328538341591494,0.00557989858309566,-0.322958443008398,0.322958443008398,TRUE
134,"influential_union","logistic",0.431971213605816,0.0633297400641219,-0.368641473541694,0.368641473541694,TRUE
135,"influential_union","logistic",0.0568535227869497,0.000214097490586006,-0.0566394252963637,0.0566394252963637,FALSE
136,"influential_union","logistic",0.50429196325783,0.689605912805391,0.185313949547561,0.185313949547561,TRUE
137,"influential_union","logistic",0.51532861529807,0.713262641107031,0.197934025808961,0.197934025808961,FALSE
138,"influential_union","logistic",0.980968581904427,0.999797569064995,0.0188289871605679,0.0188289871605679,FALSE
139,"influential_union","logistic",0.673518421162678,0.958602113602747,0.285083692440069,0.285083692440069,FALSE
140,"influential_union","logistic",0.507464474169592,0.688931996907579,0.181467522737987,0.181467522737987,TRUE
141,"influential_union","logistic",0.322016947757468,0.121131365242649,-0.200885582514819,0.200885582514819,FALSE
142,"influential_union","logistic",0.312552346034577,0.2197188065759,-0.0928335394586765,0.0928335394586765,FALSE
143,"influential_union","logistic",0.354101567203658,0.169105414753796,-0.184996152449861,0.184996152449861,FALSE
144,"influential_union","logistic",0.907695159472706,0.999351667732581,0.091656508259875,0.091656508259875,FALSE
145,"influential_union","logistic",0.868262481497929,0.995037655393437,0.126775173895508,0.126775173895508,FALSE
146,"influential_union","logistic",0.701767015328519,0.94156559386087,0.239798578532351,0.239798578532351,FALSE
147,"influential_union","logistic",0.699100683172542,0.9589344730932,0.259833789920658,0.259833789920658,FALSE
148,"influential_union","logistic",0.984448939259825,0.999960962756414,0.0155120234965884,0.0155120234965884,FALSE
149,"influential_union","logistic",0.817516235964283,0.976764998821802,0.159248762857519,0.159248762857519,FALSE
150,"influential_union","logistic",0.787827515957527,0.950910824707077,0.16308330874955,0.16308330874955,FALSE
151,"influential_union","logistic",0.495647530997422,0.695927018436629,0.200279487439207,0.200279487439207,FALSE
152,"influential_union","logistic",0.24587336032454,0.146340526003583,-0.0995328343209561,0.0995328343209561,FALSE
153,"influential_union","logistic",0.657989745227712,0.859262908550628,0.201273163322916,0.201273163322916,FALSE
154,"influential_union","logistic",0.804718180789976,0.997120062080573,0.192401881290597,0.192401881290597,FALSE
155,"influential_union","logistic",0.466677192878931,0.925337060886603,0.458659868007672,0.458659868007672,TRUE
156,"influential_union","logistic",0.473247145089722,0.593879185461978,0.120632040372256,0.120632040372256,FALSE
157,"influential_union","logistic",0.698737341635646,0.974859113533367,0.276121771897721,0.276121771897721,TRUE
158,"influential_union","logistic",0.278698676466747,0.100301535477224,-0.178397140989524,0.178397140989524,FALSE
159,"influential_union","logistic",0.114534793508472,0.0111692406306019,-0.10336555287787,0.10336555287787,FALSE
160,"influential_union","logistic",0.505292234300649,0.521445022387875,0.0161527880872264,0.0161527880872264,FALSE
161,"influential_union","logistic",0.3951161996348,0.123393009119877,-0.271723190514923,0.271723190514923,FALSE
163,"influential_union","logistic",0.409121029198686,0.163679165997159,-0.245441863201527,0.245441863201527,TRUE
164,"influential_union","logistic",0.789223624240186,0.999125616629032,0.209901992388846,0.209901992388846,TRUE
165,"influential_union","logistic",0.83298458259032,0.999795056455883,0.166810473865563,0.166810473865563,TRUE
166,"influential_union","logistic",0.207161326167539,0.0208458299482615,-0.186315496219277,0.186315496219277,FALSE
167,"influential_union","logistic",0.476282197956005,0.0741893992023631,-0.402092798753642,0.402092798753642,FALSE
168,"influential_union","logistic",0.683981342772176,0.735876291156774,0.0518949483845981,0.0518949483845981,FALSE
169,"influential_union","logistic",0.0254302252190026,0.0000448213959900499,-0.0253854038230125,0.0253854038230125,FALSE
170,"influential_union","logistic",0.985422893442667,0.9998930436197,0.014470150177034,0.014470150177034,FALSE
171,"influential_union","logistic",0.509253925602222,0.519578246200108,0.0103243205978865,0.0103243205978865,FALSE
172,"influential_union","logistic",0.235493773535853,0.030909057539215,-0.204584715996638,0.204584715996638,FALSE
173,"influential_union","logistic",0.420381582535899,0.377609308294087,-0.0427722742418121,0.0427722742418121,FALSE
174,"influential_union","logistic",0.999986089923119,1,0.0000139100768812295,0.0000139100768812295,FALSE
175,"influential_union","logistic",0.937826346984892,0.999974941689317,0.0621485947044246,0.0621485947044246,FALSE
176,"influential_union","logistic",0.181923942461515,0.00103530725780846,-0.180888635203706,0.180888635203706,TRUE
177,"influential_union","logistic",0.0615516571278703,0.0004057115335657,-0.0611459455943046,0.0611459455943046,FALSE
178,"influential_union","logistic",0.769032260758856,0.774757739801601,0.00572547904274523,0.00572547904274523,FALSE
179,"influential_union","logistic",0.487243613266271,0.539894234646153,0.0526506213798822,0.0526506213798822,TRUE
180,"influential_union","logistic",0.367706271195322,0.396804356477704,0.0290980852823817,0.0290980852823817,FALSE
181,"influential_union","logistic",0.229766902105993,0.0050985925072934,-0.2246683095987,0.2246683095987,FALSE
182,"influential_union","logistic",0.364282695546796,0.0279430036205092,-0.336339691926287,0.336339691926287,FALSE
183,"influential_union","logistic",0.971975006723015,0.999962837235994,0.0279878305129799,0.0279878305129799,FALSE
184,"influential_union","logistic",0.469983116680134,0.225180110788576,-0.244803005891557,0.244803005891557,FALSE
185,"influential_union","logistic",0.333897598118556,0.0529380091427692,-0.280959588975787,0.280959588975787,FALSE
186,"influential_union","logistic",0.829995216624383,0.995712824965669,0.165717608341285,0.165717608341285,FALSE
187,"influential_union","logistic",0.140119405804783,0.00271046610130562,-0.137408939703477,0.137408939703477,TRUE
188,"influential_union","logistic",0.85434264105812,0.99304406043488,0.13870141937676,0.13870141937676,FALSE
189,"influential_union","logistic",0.918786564396663,0.990053735136853,0.0712671707401901,0.0712671707401901,FALSE
190,"influential_union","logistic",0.903288219275536,0.996070100310553,0.092781881035017,0.092781881035017,FALSE
191,"influential_union","logistic",0.689640128317655,0.929890946855654,0.240250818537999,0.240250818537999,FALSE
192,"influential_union","logistic",0.2643402827602,0.126731304612375,-0.137608978147825,0.137608978147825,FALSE
193,"influential_union","logistic",0.457419491504213,0.438298723226961,-0.0191207682772524,0.0191207682772524,FALSE
194,"influential_union","logistic",0.909454870986102,0.999253898232531,0.0897990272464291,0.0897990272464291,FALSE
195,"influential_union","logistic",0.62675667329141,0.895400870072179,0.268644196780768,0.268644196780768,FALSE
196,"influential_union","logistic",0.735270198736506,0.956860430684383,0.221590231947877,0.221590231947877,FALSE
197,"influential_union","logistic",0.407820018506804,0.00293758346919433,-0.40488243503761,0.40488243503761,TRUE
198,"influential_union","logistic",0.796157664809335,0.98647015647633,0.190312491666995,0.190312491666995,FALSE
199,"influential_union","logistic",0.815890816934227,0.98280440670964,0.166913589775412,0.166913589775412,TRUE
200,"influential_union","logistic",0.713341757822145,0.812066984622484,0.0987252268003387,0.0987252268003387,FALSE
201,"influential_union","logistic",0.165280684174084,0.00546402215237782,-0.159816662021706,0.159816662021706,TRUE
202,"influential_union","logistic",0.766133746603892,0.991187269646056,0.225053523042164,0.225053523042164,FALSE
203,"influential_union","logistic",0.683190741300843,0.913994984299726,0.230804242998883,0.230804242998883,FALSE
204,"influential_union","logistic",0.186036855202797,0.047639470398711,-0.138397384804086,0.138397384804086,TRUE
205,"influential_union","logistic",0.991527963412448,0.999993520386335,0.00846555697388673,0.00846555697388673,FALSE
206,"influential_union","logistic",0.33500142778445,0.661476926328701,0.326475498544251,0.326475498544251,TRUE
207,"influential_union","logistic",0.511850416105907,0.571871670839927,0.0600212547340196,0.0600212547340196,FALSE
208,"influential_union","logistic",0.307879518367291,0.0333810209772648,-0.274498497390026,0.274498497390026,FALSE
209,"influential_union","logistic",0.902100084552566,0.999396222589084,0.0972961380365187,0.0972961380365187,FALSE
210,"influential_union","logistic",0.828636760251981,0.992344280779273,0.163707520527292,0.163707520527292,FALSE
211,"influential_union","logistic",0.542758175052643,0.615277765333748,0.0725195902811051,0.0725195902811051,FALSE
212,"influential_union","logistic",0.99501201136455,0.999999841071144,0.00498782970659373,0.00498782970659373,FALSE
213,"influential_union","logistic",0.0767893822098327,0.000361117528751353,-0.0764282646810813,0.0764282646810813,FALSE
214,"influential_union","logistic",0.753763238207491,0.994922299462731,0.24115906125524,0.24115906125524,FALSE
215,"influential_union","logistic",0.211050477965836,0.0423935082922788,-0.168656969673557,0.168656969673557,FALSE
216,"influential_union","logistic",0.241973447044684,0.0353472700034182,-0.206626177041266,0.206626177041266,FALSE
217,"influential_union","logistic",0.977860980816997,0.99982479620508,0.021963815388083,0.021963815388083,FALSE
218,"influential_union","logistic",0.56852062322111,0.314732233099343,-0.253788390121766,0.253788390121766,TRUE
219,"influential_union","logistic",0.982354122566297,0.999984630533036,0.0176305079667387,0.0176305079667387,FALSE
220,"influential_union","logistic",0.946244925101989,0.999335452676769,0.0530905275747795,0.0530905275747795,FALSE
221,"influential_union","logistic",0.185944453373243,0.0110693826798259,-0.174875070693417,0.174875070693417,TRUE
222,"influential_union","logistic",0.868265565817201,0.998306630022944,0.130041064205743,0.130041064205743,FALSE
223,"influential_union","logistic",0.576213226771036,0.767127057064558,0.190913830293522,0.190913830293522,TRUE
224,"influential_union","logistic",0.982561182504981,0.999964279337891,0.0174030968329094,0.0174030968329094,FALSE
225,"influential_union","logistic",0.51068803421852,0.734035879648105,0.223347845429585,0.223347845429585,FALSE
226,"influential_union","logistic",0.960071557951243,0.99980318398074,0.0397316260294969,0.0397316260294969,FALSE
227,"influential_union","logistic",0.565072708445064,0.128713405688649,-0.436359302756414,0.436359302756414,TRUE
228,"influential_union","logistic",0.338758829730765,0.180749227242265,-0.1580096024885,0.1580096024885,FALSE
229,"influential_union","logistic",0.0878531982175247,0.00276576593880835,-0.0850874322787163,0.0850874322787163,FALSE
230,"influential_union","logistic",0.914460076151617,0.998994081169592,0.0845340050179746,0.0845340050179746,TRUE
231,"influential_union","logistic",0.202939512054396,0.00833731860309982,-0.194602193451296,0.194602193451296,FALSE
232,"influential_union","logistic",0.16461879012889,0.0333290965769584,-0.131289693551931,0.131289693551931,FALSE
233,"influential_union","logistic",0.492546172527503,0.370307057120074,-0.122239115407429,0.122239115407429,FALSE
234,"influential_union","logistic",0.129754519151421,0.00380041550168833,-0.125954103649732,0.125954103649732,TRUE
235,"influential_union","logistic",0.737199209427225,0.966371171898668,0.229171962471442,0.229171962471442,TRUE
236,"influential_union","logistic",0.222313531392721,0.0619687452289127,-0.160344786163808,0.160344786163808,FALSE
237,"influential_union","logistic",0.343181454564115,0.136931352714222,-0.206250101849893,0.206250101849893,TRUE
238,"influential_union","logistic",0.179649276007063,0.00892835103508589,-0.170720924971977,0.170720924971977,FALSE
239,"influential_union","logistic",0.160388088870172,0.00994911268126417,-0.150438976188908,0.150438976188908,FALSE
240,"influential_union","logistic",0.37772001213342,0.325274036734067,-0.0524459753993536,0.0524459753993536,FALSE
241,"influential_union","logistic",0.659754161594692,0.869284701793042,0.20953054019835,0.20953054019835,FALSE
242,"influential_union","logistic",0.611321904809858,0.615863930051993,0.00454202524213498,0.00454202524213498,FALSE
243,"influential_union","logistic",0.132083934810988,0.00617220246169603,-0.125911732349292,0.125911732349292,FALSE
244,"influential_union","logistic",0.846473896302185,0.996704437416087,0.150230541113902,0.150230541113902,FALSE
245,"influential_union","logistic",0.81011001219574,0.722756187367273,-0.0873538248284669,0.0873538248284669,TRUE
246,"influential_union","logistic",0.0481642145482754,0.000700619849540302,-0.0474635946987351,0.0474635946987351,FALSE
247,"influential_union","logistic",0.0747117411589927,0.000698969565754906,-0.0740127715932378,0.0740127715932378,FALSE
249,"influential_union","logistic",0.18017241180472,0.0247652139768776,-0.155407197827843,0.155407197827843,FALSE
250,"influential_union","logistic",0.358590379404879,0.156619097507146,-0.201971281897733,0.201971281897733,FALSE
251,"influential_union","logistic",0.991747632942332,0.999995937319524,0.0082483043771916,0.0082483043771916,FALSE
252,"influential_union","logistic",0.383969431782195,0.345293333573281,-0.0386760982089146,0.0386760982089146,FALSE
253,"influential_union","logistic",0.0420390434197188,0.000186685401067768,-0.041852358018651,0.041852358018651,FALSE
254,"influential_union","logistic",0.322018390804897,0.187831713987362,-0.134186676817536,0.134186676817536,FALSE
255,"influential_union","logistic",0.57901143112146,0.25950940925942,-0.31950202186204,0.31950202186204,FALSE
256,"influential_union","logistic",0.081301860031987,0.00135151447217864,-0.0799503455598083,0.0799503455598083,FALSE
257,"influential_union","logistic",0.0645614808151256,0.000383757909486733,-0.0641777229056388,0.0641777229056388,FALSE
258,"influential_union","logistic",0.911621070344439,0.954653031026563,0.0430319606821247,0.0430319606821247,FALSE
259,"influential_union","logistic",0.0209618208087101,0.0000129193446824178,-0.0209489014640277,0.0209489014640277,FALSE
260,"influential_union","logistic",0.255318117491468,0.10857330180972,-0.146744815681748,0.146744815681748,FALSE
261,"influential_union","logistic",0.0855900499612506,0.000395684656831219,-0.0851943653044194,0.0851943653044194,FALSE
262,"influential_union","logistic",0.590649749840717,0.781418978763468,0.190769228922751,0.190769228922751,FALSE
263,"influential_union","logistic",0.119171033312327,0.00377308576613282,-0.115397947546194,0.115397947546194,FALSE
264,"influential_union","logistic",0.296699773618434,0.108577854634019,-0.188121918984414,0.188121918984414,TRUE
265,"influential_union","logistic",0.0462947561530785,0.000670108759755381,-0.0456246473933231,0.0456246473933231,FALSE
266,"influential_union","logistic",0.838956376038812,0.99760340896221,0.158647032923398,0.158647032923398,FALSE
267,"influential_union","logistic",0.154239670604966,0.0199223590018154,-0.134317311603151,0.134317311603151,FALSE
268,"influential_union","logistic",0.142552504263498,0.00322293165003889,-0.139329572613459,0.139329572613459,TRUE
269,"influential_union","logistic",0.882009796340546,0.997670436500724,0.115660640160178,0.115660640160178,FALSE
270,"influential_union","logistic",0.237890666078418,0.0231780981626451,-0.214712567915773,0.214712567915773,FALSE
271,"influential_union","logistic",0.865995630946737,0.997536372029487,0.13154074108275,0.13154074108275,FALSE
272,"influential_union","logistic",0.207714357519569,0.0457131620536828,-0.162001195465886,0.162001195465886,FALSE
273,"influential_union","logistic",0.261219006110338,0.00188106294316113,-0.259337943167177,0.259337943167177,TRUE
274,"influential_union","logistic",0.191319327668107,0.00761908482921144,-0.183700242838896,0.183700242838896,TRUE
276,"influential_union","logistic",0.161829433087834,0.000805614706107878,-0.161023818381726,0.161023818381726,FALSE
277,"influential_union","logistic",0.829995216624383,0.995712824965669,0.165717608341285,0.165717608341285,FALSE
278,"influential_union","logistic",0.00655661182701175,0.00000024612731989131,-0.00655636569969186,0.00655636569969186,FALSE
279,"influential_union","logistic",0.072372603616745,0.00116765046876666,-0.0712049531479783,0.0712049531479783,FALSE
280,"influential_union","logistic",0.327773687647693,0.0628967362565926,-0.264876951391101,0.264876951391101,FALSE
281,"influential_union","logistic",0.466677192878931,0.925337060886603,0.458659868007672,0.458659868007672,TRUE
282,"influential_union","logistic",0.549466831342582,0.619892621596647,0.0704257902540647,0.0704257902540647,FALSE
283,"influential_union","logistic",0.165280684174084,0.00546402215237782,-0.159816662021706,0.159816662021706,TRUE
284,"influential_union","logistic",0.906441740350862,0.999194665782438,0.0927529254315751,0.0927529254315751,FALSE
285,"influential_union","logistic",0.332505887371959,0.137329427135862,-0.195176460236097,0.195176460236097,TRUE
286,"influential_union","logistic",0.821355702488541,0.808269304239023,-0.0130863982495176,0.0130863982495176,FALSE
287,"influential_union","logistic",0.394293537609553,0.323015484760311,-0.0712780528492417,0.0712780528492417,FALSE
288,"influential_union","logistic",0.590649749840717,0.781418978763468,0.190769228922751,0.190769228922751,FALSE
289,"influential_union","logistic",0.199949054643874,0.00907824696194582,-0.190870807681928,0.190870807681928,FALSE
290,"influential_union","logistic",0.57616458788843,0.796464488654097,0.220299900765667,0.220299900765667,TRUE
291,"influential_union","logistic",0.987823769061665,0.999995630923288,0.0121718618616229,0.0121718618616229,FALSE
292,"influential_union","logistic",0.0723413944667479,0.00140869200658766,-0.0709327024601602,0.0709327024601602,FALSE
293,"influential_union","logistic",0.128853662760863,0.00352850534281875,-0.125325157418044,0.125325157418044,FALSE
294,"influential_union","logistic",0.608916675034158,0.547317751640721,-0.0615989233934372,0.0615989233934372,TRUE
295,"influential_union","logistic",0.713341757822145,0.812066984622484,0.0987252268003387,0.0987252268003387,FALSE
296,"influential_union","logistic",0.154091845349096,0.0105453265349916,-0.143546518814105,0.143546518814105,FALSE
299,"influential_union","logistic",0.585592812710459,0.730266075368106,0.144673262657647,0.144673262657647,FALSE
300,"influential_union","logistic",0.936369188144351,0.999552482416104,0.0631832942717525,0.0631832942717525,FALSE
301,"influential_union","logistic",0.815890816934227,0.98280440670964,0.166913589775412,0.166913589775412,TRUE
302,"influential_union","logistic",0.689640128317655,0.929890946855654,0.240250818537999,0.240250818537999,FALSE
303,"influential_union","logistic",0.633808697535113,0.771402883586994,0.137594186051881,0.137594186051881,FALSE
304,"influential_union","logistic",0.0499738719868004,0.0000453361037463066,-0.0499285358830541,0.0499285358830541,TRUE
305,"influential_union","logistic",0.818639000273182,0.970157813119859,0.151518812846677,0.151518812846677,FALSE
306,"influential_union","logistic",0.98841467251559,0.999993028523915,0.011578356008325,0.011578356008325,FALSE
307,"influential_union","logistic",0.179718997453656,0.0156297729666534,-0.164089224487003,0.164089224487003,FALSE
308,"influential_union","logistic",0.112491672812971,0.000393015928072405,-0.112098656884899,0.112098656884899,TRUE
310,"influential_union","logistic",0.985422893442667,0.9998930436197,0.014470150177034,0.014470150177034,FALSE
311,"influential_union","logistic",0.99363267370369,0.99999920525552,0.00636653155182998,0.00636653155182998,FALSE
312,"influential_union","logistic",0.363099192593266,0.0334374250504171,-0.329661767542849,0.329661767542849,FALSE
313,"influential_union","logistic",0.670059526794127,0.768960200198994,0.0989006734048672,0.0989006734048672,FALSE
314,"influential_union","logistic",0.918786564396663,0.990053735136853,0.0712671707401901,0.0712671707401901,FALSE
315,"influential_union","logistic",0.359767124280117,0.294154483113163,-0.0656126411669538,0.0656126411669538,FALSE
316,"influential_union","logistic",0.222313531392721,0.0619687452289127,-0.160344786163808,0.160344786163808,FALSE
317,"influential_union","logistic",0.0158613381030968,0.00000405066414743645,-0.0158572874389494,0.0158572874389494,FALSE
318,"influential_union","logistic",0.181687754118241,0.0079589329765916,-0.17372882114165,0.17372882114165,FALSE
320,"influential_union","logistic",0.741468513283805,0.985464879977719,0.243996366693914,0.243996366693914,TRUE
321,"influential_union","logistic",0.952976669586497,0.999794809367751,0.0468181397812543,0.0468181397812543,FALSE
322,"influential_union","logistic",0.0207374595918313,0.0000830338706791812,-0.0206544257211522,0.0206544257211522,FALSE
323,"influential_union","logistic",0.382096164762965,0.66274927201309,0.280653107250125,0.280653107250125,TRUE
324,"influential_union","logistic",0.0134058638910219,0.00000367672438766283,-0.0134021871666342,0.0134021871666342,FALSE
325,"influential_union","logistic",0.0260521898597034,0.0000323475070828113,-0.0260198423526205,0.0260198423526205,FALSE
327,"influential_union","logistic",0.683190741300843,0.913994984299726,0.230804242998883,0.230804242998883,FALSE
328,"influential_union","logistic",0.701767015328519,0.94156559386087,0.239798578532351,0.239798578532351,FALSE
329,"influential_union","logistic",0.652238615447394,0.816575862687848,0.164337247240454,0.164337247240454,FALSE
330,"influential_union","logistic",0.64051805984773,0.808785293348877,0.168267233501147,0.168267233501147,TRUE
331,"influential_union","logistic",0.997514308656724,0.999998425434056,0.00248411677733196,0.00248411677733196,FALSE
332,"influential_union","logistic",0.838956376038812,0.99760340896221,0.158647032923398,0.158647032923398,FALSE
333,"influential_union","logistic",0.991527963412448,0.999993520386335,0.00846555697388673,0.00846555697388673,FALSE
335,"influential_union","logistic",0.105002752800456,0.000858795661363961,-0.104143957139092,0.104143957139092,FALSE
336,"influential_union","logistic",0.182547192845227,0.0675925075375916,-0.114954685307635,0.114954685307635,FALSE
337,"influential_union","logistic",0.57901143112146,0.25950940925942,-0.31950202186204,0.31950202186204,FALSE
338,"influential_union","logistic",0.185100562936232,0.0223120195060083,-0.162788543430224,0.162788543430224,FALSE
339,"influential_union","logistic",0.422118691325087,0.304398757127108,-0.117719934197979,0.117719934197979,FALSE
340,"influential_union","logistic",0.344843924761151,0.0894378455852331,-0.255406079175918,0.255406079175918,FALSE
341,"influential_union","logistic",0.99501201136455,0.999999841071144,0.00498782970659373,0.00498782970659373,FALSE
342,"influential_union","logistic",0.50841011471862,0.882903154155664,0.374493039437044,0.374493039437044,FALSE
345,"influential_union","logistic",0.0872345777910697,0.00144002091313395,-0.0857945568779357,0.0857945568779357,TRUE
346,"influential_union","logistic",0.488702217721529,0.890310120547519,0.40160790282599,0.40160790282599,TRUE
347,"influential_union","logistic",0.699100683172542,0.9589344730932,0.259833789920658,0.259833789920658,FALSE
348,"influential_union","logistic",0.0763783342009116,0.0134722787649219,-0.0629060554359897,0.0629060554359897,FALSE
349,"influential_union","logistic",0.133748728001538,0.0159702281018797,-0.117778499899658,0.117778499899658,FALSE
350,"influential_union","logistic",0.971975006723015,0.999962837235994,0.0279878305129799,0.0279878305129799,FALSE
351,"influential_union","logistic",0.3951161996348,0.123393009119877,-0.271723190514923,0.271723190514923,FALSE
353,"influential_union","logistic",0.404762223531917,0.733363228756902,0.328601005224984,0.328601005224984,FALSE
354,"influential_union","logistic",0.167406560528404,0.0155588589140268,-0.151847701614378,0.151847701614378,FALSE
355,"influential_union","logistic",0.887264060620395,0.974478958975186,0.0872148983547905,0.0872148983547905,FALSE
357,"influential_union","logistic",0.38424792378687,0.104848756776785,-0.279399167010085,0.279399167010085,FALSE
358,"influential_union","logistic",0.737199209427225,0.966371171898668,0.229171962471442,0.229171962471442,TRUE
359,"influential_union","logistic",0.0336352503874717,0.000178699764865759,-0.0334565506226059,0.0334565506226059,FALSE
360,"influential_union","logistic",0.911621070344439,0.954653031026563,0.0430319606821247,0.0430319606821247,FALSE
361,"influential_union","logistic",0.00768381140098902,0.000000432428644053748,-0.00768337897234497,0.00768337897234497,TRUE
362,"influential_union","logistic",0.278386243471057,0.00748477718290404,-0.270901466288153,0.270901466288153,FALSE
363,"influential_union","logistic",0.133364242833329,0.00231136474452618,-0.131052878088803,0.131052878088803,FALSE
364,"influential_union","logistic",0.984448939259825,0.999960962756414,0.0155120234965884,0.0155120234965884,FALSE
365,"influential_union","logistic",0.431971213605816,0.0633297400641219,-0.368641473541694,0.368641473541694,TRUE
366,"influential_union","logistic",0.581683213586844,0.911721590979119,0.330038377392275,0.330038377392275,FALSE
367,"influential_union","logistic",0.00854632557440094,0.00000401499403756034,-0.00854231058036337,0.00854231058036337,FALSE
369,"influential_union","logistic",0.909454870986102,0.999253898232531,0.0897990272464291,0.0897990272464291,FALSE
370,"influential_union","logistic",0.99008071817576,0.999993766234941,0.00991304805918092,0.00991304805918092,FALSE
371,"influential_union","logistic",0.507464474169592,0.688931996907579,0.181467522737987,0.181467522737987,TRUE
372,"influential_union","logistic",0.982561182504981,0.999964279337891,0.0174030968329094,0.0174030968329094,FALSE
373,"influential_union","logistic",0.754737447032197,0.979897361890112,0.225159914857915,0.225159914857915,FALSE
374,"influential_union","logistic",0.254643895179231,0.0229517877027453,-0.231692107476486,0.231692107476486,FALSE
375,"influential_union","logistic",0.312552346034577,0.2197188065759,-0.0928335394586765,0.0928335394586765,FALSE
376,"influential_union","logistic",0.904140864187078,0.997245713640104,0.0931048494530269,0.0931048494530269,FALSE
378,"influential_union","logistic",0.827637316127184,0.997215658050149,0.169578341922966,0.169578341922966,TRUE
380,"influential_union","logistic",0.790193327742954,0.82914551980618,0.0389521920632256,0.0389521920632256,TRUE
381,"influential_union","logistic",0.65144240807965,0.73220325940786,0.0807608513282104,0.0807608513282104,FALSE
382,"influential_union","logistic",0.33500142778445,0.661476926328701,0.326475498544251,0.326475498544251,TRUE
383,"influential_union","logistic",0.0511145674254441,0.000138130061463554,-0.0509764373639805,0.0509764373639805,FALSE
384,"influential_union","logistic",0.499316211641494,0.714520610879115,0.215204399237621,0.215204399237621,FALSE
385,"influential_union","logistic",0.0615516571278703,0.0004057115335657,-0.0611459455943046,0.0611459455943046,FALSE
386,"influential_union","logistic",0.0348169213654253,0.000101318446287182,-0.0347156029191381,0.0347156029191381,FALSE
387,"influential_union","logistic",0.322016947757468,0.121131365242649,-0.200885582514819,0.200885582514819,FALSE
388,"influential_union","logistic",0.663787422067071,0.916017426696279,0.252230004629208,0.252230004629208,FALSE
389,"influential_union","logistic",0.328538341591494,0.00557989858309566,-0.322958443008398,0.322958443008398,TRUE
391,"influential_union","logistic",0.869368081890195,0.894338602740801,0.0249705208506062,0.0249705208506062,TRUE
392,"influential_union","logistic",0.99507326213188,0.999999920977085,0.00492665884520505,0.00492665884520505,FALSE
393,"influential_union","logistic",0.532710098756597,0.737704529598658,0.204994430842061,0.204994430842061,FALSE
394,"influential_union","logistic",0.868262481497929,0.995037655393437,0.126775173895508,0.126775173895508,FALSE
395,"influential_union","logistic",0.503239637581711,0.817131575614177,0.313891938032465,0.313891938032465,TRUE
396,"influential_union","logistic",0.784355497386909,0.975641011885382,0.191285514498473,0.191285514498473,FALSE
397,"influential_union","logistic",0.296699773618434,0.108577854634019,-0.188121918984414,0.188121918984414,TRUE
398,"influential_union","logistic",0.338758829730765,0.180749227242265,-0.1580096024885,0.1580096024885,FALSE
399,"influential_union","logistic",0.862755588569277,0.972684674785938,0.109929086216661,0.109929086216661,FALSE
400,"influential_union","logistic",0.773543245380817,0.980672034798935,0.207128789418117,0.207128789418117,FALSE
401,"influential_union","logistic",0.999986089923119,1,0.0000139100768812295,0.0000139100768812295,FALSE
402,"influential_union","logistic",0.331686502859882,0.0194786763538575,-0.312207826506025,0.312207826506025,TRUE
403,"influential_union","logistic",0.24587336032454,0.146340526003583,-0.0995328343209561,0.0995328343209561,FALSE
405,"influential_union","logistic",0.648644763564843,0.231367779601835,-0.417276983963008,0.417276983963008,TRUE
406,"influential_union","logistic",0.963476663690557,0.999785068577748,0.0363084048871916,0.0363084048871916,TRUE
407,"influential_union","logistic",0.753763238207491,0.994922299462731,0.24115906125524,0.24115906125524,FALSE
408,"influential_union","logistic",0.235820925240169,0.0167770976690233,-0.219043827571146,0.219043827571146,FALSE
409,"influential_union","logistic",0.273002324188107,0.103312949743458,-0.169689374444649,0.169689374444649,TRUE
410,"influential_union","logistic",0.995653939861625,0.999999912643642,0.00434597278201654,0.00434597278201654,FALSE
411,"influential_union","logistic",0.420958532326003,0.533540166990536,0.112581634664534,0.112581634664534,FALSE
412,"influential_union","logistic",0.110051448112461,0.00257129912130659,-0.107480148991155,0.107480148991155,FALSE
413,"influential_union","logistic",0.8256838718743,0.992957807723098,0.167273935848798,0.167273935848798,TRUE
414,"influential_union","logistic",0.946130916341737,0.999333219133928,0.0532023027921907,0.0532023027921907,FALSE
415,"influential_union","logistic",0.0546601315714762,0.000252210413389891,-0.0544079211580863,0.0544079211580863,FALSE
416,"influential_union","logistic",0.0209618208087101,0.0000129193446824178,-0.0209489014640277,0.0209489014640277,FALSE
417,"influential_union","logistic",0.835444791257916,0.96940596563116,0.133961174373244,0.133961174373244,FALSE
418,"influential_union","logistic",0.745353295024673,0.893215003231388,0.147861708206715,0.147861708206715,FALSE
419,"influential_union","logistic",0.0933258912106087,0.00137086447431927,-0.0919550267362894,0.0919550267362894,FALSE
420,"influential_union","logistic",0.721041649707712,0.942182155800997,0.221140506093285,0.221140506093285,FALSE
421,"influential_union","logistic",0.999182159151604,0.999999987510763,0.000817828359159001,0.000817828359159001,TRUE
422,"influential_union","logistic",0.261264867818762,0.124120277278944,-0.137144590539818,0.137144590539818,FALSE
423,"influential_union","logistic",0.675780044111993,0.838024540908174,0.162244496796181,0.162244496796181,FALSE
424,"influential_union","logistic",0.817516235964283,0.976764998821802,0.159248762857519,0.159248762857519,FALSE
425,"influential_union","logistic",0.62675667329141,0.895400870072179,0.268644196780768,0.268644196780768,FALSE
426,"influential_union","logistic",0.907695159472706,0.999351667732581,0.091656508259875,0.091656508259875,FALSE
428,"influential_union","logistic",0.976219621133807,0.999630154152707,0.0234105330188995,0.0234105330188995,FALSE
429,"influential_union","logistic",0.738456834820745,0.894147656417782,0.155690821597037,0.155690821597037,FALSE
432,"influential_union","logistic",0.92636699728271,0.996923298969566,0.0705563016868557,0.0705563016868557,TRUE
433,"influential_union","logistic",0.0220263226504023,0.0000944879373278828,-0.0219318347130744,0.0219318347130744,FALSE
434,"influential_union","logistic",0.138969519445954,0.0222170876580646,-0.116752431787889,0.116752431787889,FALSE
435,"influential_union","logistic",0.211050477965836,0.0423935082922788,-0.168656969673557,0.168656969673557,FALSE
436,"influential_union","logistic",0.382940196081997,0.0228237605198825,-0.360116435562115,0.360116435562115,TRUE
437,"influential_union","logistic",0.652352541165651,0.666155767084332,0.0138032259186815,0.0138032259186815,TRUE
438,"influential_union","logistic",0.207530908531389,0.0454066762421512,-0.162124232289237,0.162124232289237,FALSE
439,"influential_union","logistic",0.951955303231447,0.99992528018304,0.0479699769515922,0.0479699769515922,FALSE
440,"influential_union","logistic",0.103530764600245,0.00443280732480497,-0.0990979572754397,0.0990979572754397,FALSE
441,"influential_union","logistic",0.83298458259032,0.999795056455883,0.166810473865563,0.166810473865563,TRUE
442,"influential_union","logistic",0.735270198736506,0.956860430684383,0.221590231947877,0.221590231947877,FALSE
443,"influential_union","logistic",0.656557926397159,0.923710802607556,0.267152876210397,0.267152876210397,FALSE
444,"influential_union","logistic",0.37772001213342,0.325274036734067,-0.0524459753993536,0.0524459753993536,FALSE
445,"influential_union","logistic",0.991747632942332,0.999995937319524,0.0082483043771916,0.0082483043771916,FALSE
446,"influential_union","logistic",0.119171033312327,0.00377308576613282,-0.115397947546194,0.115397947546194,FALSE
448,"influential_union","logistic",0.889620310135677,0.99646487048682,0.106844560351143,0.106844560351143,TRUE
449,"influential_union","logistic",0.331028372206056,0.186027358190257,-0.145001014015799,0.145001014015799,FALSE
451,"influential_union","logistic",0.0774660938721546,0.00420919046659983,-0.0732569034055548,0.0732569034055548,FALSE
452,"influential_union","logistic",0.419957155795665,0.386293012871772,-0.033664142923893,0.033664142923893,FALSE
453,"influential_union","logistic",0.966743596828773,0.999916161491666,0.033172564662893,0.033172564662893,FALSE
454,"influential_union","logistic",0.244663283833304,0.0537402645312212,-0.190923019302083,0.190923019302083,FALSE
455,"influential_union","logistic",0.747538891243509,0.967616748683644,0.220077857440136,0.220077857440136,FALSE
456,"influential_union","logistic",0.475493630763509,0.386482398650988,-0.0890112321125202,0.0890112321125202,FALSE
457,"influential_union","logistic",0.737956476486958,0.9528424147295,0.214885938242542,0.214885938242542,FALSE
458,"influential_union","logistic",0.972506793539799,0.99995975775461,0.027452964214811,0.027452964214811,TRUE
459,"influential_union","logistic",0.215890440056359,0.173294841261642,-0.0425955987947176,0.0425955987947176,FALSE
460,"influential_union","logistic",0.142552504263498,0.00322293165003889,-0.139329572613459,0.139329572613459,TRUE
461,"influential_union","logistic",0.222440196665516,0.077681080822986,-0.14475911584253,0.14475911584253,FALSE
462,"influential_union","logistic",0.467047716773449,0.423786734959156,-0.0432609818142934,0.0432609818142934,TRUE
463,"influential_union","logistic",0.698737341635646,0.974859113533367,0.276121771897721,0.276121771897721,TRUE
464,"influential_union","logistic",0.0568535227869497,0.000214097490586006,-0.0566394252963637,0.0566394252963637,FALSE
465,"influential_union","logistic",0.859395833939244,0.998028318953862,0.138632485014618,0.138632485014618,FALSE
466,"influential_union","logistic",0.893322748895839,0.99668028818272,0.103357539286881,0.103357539286881,FALSE
467,"influential_union","logistic",0.124985337995657,0.0108107991803743,-0.114174538815283,0.114174538815283,FALSE
468,"influential_union","logistic",0.367706271195322,0.396804356477704,0.0290980852823817,0.0290980852823817,FALSE
469,"influential_union","logistic",0.0106377837517508,0.000000400478485515964,-0.0106373832732653,0.0106373832732653,TRUE
470,"influential_union","logistic",0.89650620032124,0.999913989542053,0.103407789220813,0.103407789220813,FALSE
471,"influential_union","logistic",0.656400314229526,0.824507280037583,0.168106965808057,0.168106965808057,FALSE
472,"influential_union","logistic",0.839380311343345,0.985405982457222,0.146025671113877,0.146025671113877,FALSE
473,"influential_union","logistic",0.245269413009644,0.221052044208844,-0.0242173688007999,0.0242173688007999,FALSE
474,"influential_union","logistic",0.0914008512183377,0.00464960553079146,-0.0867512456875462,0.0867512456875462,FALSE
475,"influential_union","logistic",0.542758175052643,0.615277765333748,0.0725195902811051,0.0725195902811051,FALSE
476,"influential_union","logistic",0.82506848881675,0.997639968248946,0.172571479432196,0.172571479432196,FALSE
477,"influential_union","logistic",0.537756645171324,0.691105408197763,0.15334876302644,0.15334876302644,FALSE
479,"influential_union","logistic",0.130427996308924,0.0161925246985487,-0.114235471610375,0.114235471610375,FALSE
480,"influential_union","logistic",0.154239670604966,0.0199223590018154,-0.134317311603151,0.134317311603151,FALSE
482,"influential_union","logistic",0.364282695546796,0.0279430036205092,-0.336339691926287,0.336339691926287,FALSE
483,"influential_union","logistic",0.18017241180472,0.0247652139768776,-0.155407197827843,0.155407197827843,FALSE
484,"influential_union","logistic",0.505292234300649,0.521445022387875,0.0161527880872264,0.0161527880872264,FALSE
485,"influential_union","logistic",0.407820018506804,0.00293758346919433,-0.40488243503761,0.40488243503761,TRUE
486,"influential_union","logistic",0.251887045935259,0.084330820384389,-0.16755622555087,0.16755622555087,FALSE
488,"influential_union","logistic",0.922791238968469,0.999916826259378,0.0771255872909083,0.0771255872909083,FALSE
489,"influential_union","logistic",0.841796911011149,0.931890526034012,0.0900936150228623,0.0900936150228623,FALSE
490,"influential_union","logistic",0.451854384248149,0.603388314671004,0.151533930422855,0.151533930422855,TRUE
491,"influential_union","logistic",0.026439771352808,0.000188803808610643,-0.0262509675441973,0.0262509675441973,FALSE
492,"influential_union","logistic",0.121491724981868,0.00487286269708859,-0.11661886228478,0.11661886228478,FALSE
493,"influential_union","logistic",0.722242425314806,0.983887854552225,0.26164542923742,0.26164542923742,FALSE
494,"influential_union","logistic",0.0767893822098327,0.000361117528751353,-0.0764282646810813,0.0764282646810813,FALSE
495,"influential_union","logistic",0.0855900499612506,0.000395684656831219,-0.0851943653044194,0.0851943653044194,FALSE
496,"influential_union","logistic",0.659754161594692,0.869284701793042,0.20953054019835,0.20953054019835,FALSE
498,"influential_union","logistic",0.129754519151421,0.00380041550168833,-0.125954103649732,0.125954103649732,TRUE
499,"influential_union","logistic",0.948188991617556,0.999819735404898,0.0516307437873419,0.0516307437873419,FALSE
500,"influential_union","logistic",0.547865208276583,0.645305413072475,0.0974402047958915,0.0974402047958915,FALSE
501,"influential_union","logistic",0.994448290363007,0.99999916006084,0.00555086969783325,0.00555086969783325,TRUE
502,"influential_union","logistic",0.457419491504213,0.438298723226961,-0.0191207682772524,0.0191207682772524,FALSE
503,"influential_union","logistic",0.511850416105907,0.571871670839927,0.0600212547340196,0.0600212547340196,FALSE
505,"influential_union","logistic",0.0173465357132964,0.0000120024056139153,-0.0173345333076825,0.0173345333076825,FALSE
506,"influential_union","logistic",0.449905704071164,0.583847471793029,0.133941767721866,0.133941767721866,FALSE
509,"influential_union","logistic",0.50429196325783,0.689605912805391,0.185313949547561,0.185313949547561,TRUE
510,"influential_union","logistic",0.0420390434197188,0.000186685401067768,-0.041852358018651,0.041852358018651,FALSE
512,"influential_union","logistic",0.934882448241652,0.992886750886477,0.058004302644825,0.058004302644825,TRUE
513,"influential_union","logistic",0.358590379404879,0.156619097507146,-0.201971281897733,0.201971281897733,FALSE
514,"influential_union","logistic",0.690895524458889,0.223372547505121,-0.467522976953768,0.467522976953768,TRUE
515,"influential_union","logistic",0.947516357877166,0.99845842790988,0.0509420700327139,0.0509420700327139,FALSE
516,"influential_union","logistic",0.606302835474451,0.613664801596694,0.00736196612224282,0.00736196612224282,TRUE
517,"influential_union","logistic",0.647379862107148,0.802049561288475,0.154669699181327,0.154669699181327,FALSE
518,"influential_union","logistic",0.845460988660931,0.911747921336526,0.0662869326755953,0.0662869326755953,FALSE
519,"influential_union","logistic",0.0645614808151256,0.000383757909486733,-0.0641777229056388,0.0641777229056388,FALSE
520,"influential_union","logistic",0.0302590899848765,0.000198509611447584,-0.0300605803734289,0.0300605803734289,FALSE
521,"influential_union","logistic",0.0628329060498054,0.000400124328604957,-0.0624327817212004,0.0624327817212004,FALSE
523,"influential_union","logistic",0.323296624264078,0.136760229526844,-0.186536394737234,0.186536394737234,FALSE
524,"influential_union","logistic",0.645614033546203,0.914301069743502,0.268687036197298,0.268687036197298,FALSE
525,"influential_union","logistic",0.862445726300247,0.996772024496237,0.13432629819599,0.13432629819599,TRUE
526,"influential_union","logistic",0.232597873894197,0.0137376452112238,-0.218860228682973,0.218860228682973,FALSE
527,"influential_union","logistic",0.0900146923775637,0.00835839997576562,-0.0816562924017981,0.0816562924017981,FALSE
528,"influential_union","logistic",0.324366741287773,0.0923274230584517,-0.232039318229321,0.232039318229321,FALSE
530,"influential_union","logistic",0.93555714605067,0.997860695065601,0.0623035490149305,0.0623035490149305,FALSE
531,"influential_union","logistic",0.081301860031987,0.00135151447217864,-0.0799503455598083,0.0799503455598083,FALSE
532,"influential_union","logistic",0.554347617750433,0.730345825077894,0.175998207327462,0.175998207327462,FALSE
534,"influential_union","logistic",0.989787940301795,0.999975069318539,0.0101871290167448,0.0101871290167448,FALSE
536,"influential_union","logistic",0.261866844269589,0.0669218408002706,-0.194945003469318,0.194945003469318,FALSE
537,"influential_union","logistic",0.160388088870172,0.00994911268126417,-0.150438976188908,0.150438976188908,FALSE
538,"influential_union","logistic",0.382201742164704,0.841419604219111,0.459217862054407,0.459217862054407,TRUE
539,"influential_union","logistic",0.686030679158416,0.401044350915762,-0.284986328242654,0.284986328242654,TRUE
541,"influential_union","logistic",0.8146440688724,0.996190134606784,0.181546065734384,0.181546065734384,FALSE
542,"influential_union","logistic",0.430912574427244,0.407669730561215,-0.0232428438660288,0.0232428438660288,TRUE
543,"influential_union","logistic",0.114178612300582,0.00472591324200045,-0.109452699058582,0.109452699058582,FALSE
544,"influential_union","logistic",0.640829560397075,0.617823689848478,-0.0230058705485969,0.0230058705485969,FALSE
546,"influential_union","logistic",0.868265565817201,0.998306630022944,0.130041064205743,0.130041064205743,FALSE
547,"influential_union","logistic",0.766133746603892,0.991187269646056,0.225053523042164,0.225053523042164,FALSE
548,"influential_union","logistic",0.0747117411589927,0.000698969565754906,-0.0740127715932378,0.0740127715932378,FALSE
550,"influential_union","logistic",0.749802204225266,0.95632512475634,0.206522920531074,0.206522920531074,TRUE
551,"influential_union","logistic",0.626829823855262,0.905087923840094,0.278258099984832,0.278258099984832,TRUE
552,"influential_union","logistic",0.75149385460711,0.478030847059213,-0.273463007547897,0.273463007547897,TRUE
555,"influential_union","logistic",0.241973447044684,0.0353472700034182,-0.206626177041266,0.206626177041266,FALSE
556,"influential_union","logistic",0.509253925602222,0.519578246200108,0.0103243205978865,0.0103243205978865,FALSE
557,"influential_union","logistic",0.796157664809335,0.98647015647633,0.190312491666995,0.190312491666995,FALSE
559,"influential_union","logistic",0.00759390416767012,0.00000240724656583653,-0.00759149692110428,0.00759149692110428,FALSE
560,"influential_union","logistic",0.0284749934459167,0.0000934644949179366,-0.0283815289509988,0.0283815289509988,FALSE
561,"influential_union","logistic",0.663505043664355,0.813936764654328,0.150431720989973,0.150431720989973,TRUE
562,"influential_union","logistic",0.576213226771036,0.767127057064558,0.190913830293522,0.190913830293522,TRUE
563,"influential_union","logistic",0.982354122566297,0.999984630533036,0.0176305079667387,0.0176305079667387,FALSE
564,"influential_union","logistic",0.229766902105993,0.0050985925072934,-0.2246683095987,0.2246683095987,FALSE
565,"influential_union","logistic",0.887755022958092,0.994230690625342,0.10647566766725,0.10647566766725,FALSE
566,"influential_union","logistic",0.822458542599243,0.993612825081415,0.171154282482172,0.171154282482172,FALSE
567,"influential_union","logistic",0.492546172527503,0.370307057120074,-0.122239115407429,0.122239115407429,FALSE
568,"influential_union","logistic",0.479014025541266,0.0734992329039674,-0.405514792637299,0.405514792637299,FALSE
569,"influential_union","logistic",0.114534793508472,0.0111692406306019,-0.10336555287787,0.10336555287787,FALSE
571,"influential_union","logistic",0.673518421162678,0.958602113602747,0.285083692440069,0.285083692440069,FALSE
573,"influential_union","logistic",0.487243613266271,0.539894234646153,0.0526506213798822,0.0526506213798822,TRUE
574,"influential_union","logistic",0.0965075579259199,0.00165445832223498,-0.0948530996036849,0.0948530996036849,FALSE
575,"influential_union","logistic",0.39148329443723,0.315619814200162,-0.0758634802370682,0.0758634802370682,FALSE
576,"influential_union","logistic",0.56852062322111,0.314732233099343,-0.253788390121766,0.253788390121766,TRUE
578,"influential_union","logistic",0.91917474821294,0.997399116606334,0.0782243683933938,0.0782243683933938,FALSE
579,"influential_union","logistic",0.378668704508524,0.10270706642193,-0.275961638086594,0.275961638086594,FALSE
580,"influential_union","logistic",0.98736386900296,0.999990217005372,0.0126263480024128,0.0126263480024128,TRUE
581,"influential_union","logistic",0.939281366327372,0.999908874136285,0.0606275078089132,0.0606275078089132,FALSE
584,"influential_union","logistic",0.937826346984892,0.999974941689317,0.0621485947044246,0.0621485947044246,FALSE
585,"influential_union","logistic",0.804718180789976,0.997120062080573,0.192401881290597,0.192401881290597,FALSE
587,"influential_union","logistic",0.420381582535899,0.377609308294087,-0.0427722742418121,0.0427722742418121,FALSE
589,"influential_union","logistic",0.702902261460136,0.888524140552687,0.185621879092551,0.185621879092551,FALSE
590,"influential_union","logistic",0.453246458749986,0.469061473394868,0.0158150146448818,0.0158150146448818,FALSE
591,"influential_union","logistic",0.383969431782195,0.345293333573281,-0.0386760982089146,0.0386760982089146,FALSE
592,"influential_union","logistic",0.383334418070604,0.725703698284144,0.342369280213539,0.342369280213539,TRUE
593,"influential_union","logistic",0.441140937020027,0.0718842059791944,-0.369256731040833,0.369256731040833,FALSE
594,"influential_union","logistic",0.904645643474298,0.999669509903708,0.0950238664294104,0.0950238664294104,FALSE
595,"influential_union","logistic",0.0920130295291054,0.000433639183919788,-0.0915793903451857,0.0915793903451857,FALSE
596,"influential_union","logistic",0.495647530997422,0.695927018436629,0.200279487439207,0.200279487439207,FALSE
597,"influential_union","logistic",0.611321904809858,0.615863930051993,0.00454202524213498,0.00454202524213498,FALSE
598,"influential_union","logistic",0.202939512054396,0.00833731860309982,-0.194602193451296,0.194602193451296,FALSE
599,"influential_union","logistic",0.140119405804783,0.00271046610130562,-0.137408939703477,0.137408939703477,TRUE
600,"influential_union","logistic",0.166130055153585,0.0330054927417625,-0.133124562411823,0.133124562411823,FALSE
601,"influential_union","logistic",0.224795924442047,0.115787824082588,-0.109008100359459,0.109008100359459,FALSE
602,"influential_union","logistic",0.922166298101046,0.989101202965459,0.0669349048644131,0.0669349048644131,FALSE
603,"influential_union","logistic",0.565072708445064,0.128713405688649,-0.436359302756414,0.436359302756414,TRUE
604,"influential_union","logistic",0.400437239307885,0.0303591051663092,-0.370078134141576,0.370078134141576,TRUE
605,"influential_union","logistic",0.873280630642515,0.990959163081776,0.11767853243926,0.11767853243926,FALSE
606,"influential_union","logistic",0.995008585317866,0.99999920426986,0.00499061895199437,0.00499061895199437,FALSE
607,"influential_union","logistic",0.381830942127097,0.553583301993761,0.171752359866664,0.171752359866664,FALSE
608,"influential_union","logistic",0.606380907309423,0.729555120017741,0.123174212708318,0.123174212708318,FALSE
609,"influential_union","logistic",0.278698676466747,0.100301535477224,-0.178397140989524,0.178397140989524,FALSE
610,"influential_union","logistic",0.0349801708353811,0.00023461972681063,-0.0347455511085705,0.0347455511085705,FALSE
611,"influential_union","logistic",0.0631235693212444,0.0278094426085148,-0.0353141267127297,0.0353141267127297,FALSE
612,"influential_union","logistic",0.705523946296708,0.875475884838637,0.169951938541929,0.169951938541929,FALSE
613,"influential_union","logistic",0.828636760251981,0.992344280779273,0.163707520527292,0.163707520527292,FALSE
614,"influential_union","logistic",0.865232014321952,0.998711732205519,0.133479717883567,0.133479717883567,FALSE
615,"influential_union","logistic",0.996189493934309,0.999999744390979,0.00381025045667038,0.00381025045667038,FALSE
616,"influential_union","logistic",0.181923942461515,0.00103530725780846,-0.180888635203706,0.180888635203706,TRUE
618,"influential_union","logistic",0.0934263869411407,0.00162476516890904,-0.0918016217722316,0.0918016217722316,FALSE
619,"influential_union","logistic",0.850850140026042,0.983553357930899,0.132703217904858,0.132703217904858,FALSE
620,"influential_union","logistic",0.79918117809471,0.99440463169611,0.1952234536014,0.1952234536014,FALSE
621,"influential_union","logistic",0.333897598118556,0.0529380091427692,-0.280959588975787,0.280959588975787,FALSE
622,"influential_union","logistic",0.0462947561530785,0.000670108759755381,-0.0456246473933231,0.0456246473933231,FALSE
623,"influential_union","logistic",0.789223624240186,0.999125616629032,0.209901992388846,0.209901992388846,TRUE
624,"influential_union","logistic",0.857956151985464,0.992946394200151,0.134990242214686,0.134990242214686,FALSE
625,"influential_union","logistic",0.654075059562117,0.839282599384149,0.185207539822032,0.185207539822032,TRUE
626,"influential_union","logistic",0.179649276007063,0.00892835103508589,-0.170720924971977,0.170720924971977,FALSE
627,"influential_union","logistic",0.834141203593993,0.947591794141375,0.113450590547382,0.113450590547382,FALSE
629,"influential_union","logistic",0.354101567203658,0.169105414753796,-0.184996152449861,0.184996152449861,FALSE
630,"influential_union","logistic",0.44330809163328,0.47613879092175,0.0328306992884704,0.0328306992884704,FALSE
631,"influential_union","logistic",0.186036855202797,0.047639470398711,-0.138397384804086,0.138397384804086,TRUE
632,"influential_union","logistic",0.96020092256731,0.999356223530151,0.0391553009628414,0.0391553009628414,FALSE
633,"influential_union","logistic",0.132083934810988,0.00617220246169603,-0.125911732349292,0.125911732349292,FALSE
634,"influential_union","logistic",0.122065785772725,0.00209877991803644,-0.119967005854689,0.119967005854689,FALSE
635,"influential_union","logistic",0.0254302252190026,0.0000448213959900499,-0.0253854038230125,0.0253854038230125,FALSE
636,"influential_union","logistic",0.960071557951243,0.99980318398074,0.0397316260294969,0.0397316260294969,FALSE
637,"influential_union","logistic",0.235493773535853,0.030909057539215,-0.204584715996638,0.204584715996638,FALSE
638,"influential_union","logistic",0.338691684658588,0.137503542262612,-0.201188142395976,0.201188142395976,FALSE
639,"influential_union","logistic",0.0826148495302856,0.00159417852415451,-0.0810206710061311,0.0810206710061311,FALSE
640,"influential_union","logistic",0.716118580914654,0.636414853535246,-0.0797037273794075,0.0797037273794075,FALSE
641,"influential_union","logistic",0.212963374615645,0.0103785145345357,-0.20258486008111,0.20258486008111,FALSE
642,"influential_union","logistic",0.969146257803864,0.998989113232039,0.0298428554281747,0.0298428554281747,FALSE
643,"influential_union","logistic",0.51532861529807,0.713262641107031,0.197934025808961,0.197934025808961,FALSE
645,"influential_union","logistic",0.523713955886935,0.549892472071691,0.0261785161847566,0.0261785161847566,FALSE
646,"influential_union","logistic",0.855544207051777,0.99393986575296,0.138395658701183,0.138395658701183,FALSE
647,"influential_union","logistic",0.187521115152595,0.0103301820123276,-0.177190933140268,0.177190933140268,FALSE
648,"influential_union","logistic",0.616837012660837,0.893829731094227,0.27699271843339,0.27699271843339,FALSE
649,"influential_union","logistic",0.787827515957527,0.950910824707077,0.16308330874955,0.16308330874955,FALSE
650,"influential_union","logistic",0.0884301215496242,0.000751716150260529,-0.0876784053993637,0.0876784053993637,FALSE
651,"influential_union","logistic",0.576842472224177,0.405436191996752,-0.171406280227425,0.171406280227425,FALSE
652,"influential_union","logistic",0.527343988613133,0.103677464757875,-0.423666523855258,0.423666523855258,TRUE
653,"influential_union","logistic",0.255318117491468,0.10857330180972,-0.146744815681748,0.146744815681748,FALSE
654,"influential_union","logistic",0.0878531982175247,0.00276576593880835,-0.0850874322787163,0.0850874322787163,FALSE
656,"influential_union","logistic",0.307879518367291,0.0333810209772648,-0.274498497390026,0.274498497390026,FALSE
657,"influential_union","logistic",0.469983116680134,0.225180110788576,-0.244803005891557,0.244803005891557,FALSE
659,"influential_union","logistic",0.0682449692945156,0.000281453726690973,-0.0679635155678246,0.0679635155678246,FALSE
661,"influential_union","logistic",0.0417671975721238,0.0000775787740706717,-0.0416896187980531,0.0416896187980531,FALSE
662,"influential_union","logistic",0.186322299576576,0.1450762125921,-0.041246086984476,0.041246086984476,TRUE
664,"influential_union","logistic",0.68851188779249,0.774144038265858,0.0856321504733683,0.0856321504733683,FALSE
665,"influential_union","logistic",0.992555693925993,0.999998390768617,0.00744269684262344,0.00744269684262344,FALSE
668,"influential_union","logistic",0.0656342085497502,0.000479886899209403,-0.0651543216505408,0.0651543216505408,FALSE
669,"influential_union","logistic",0.636525771283638,0.389249575223246,-0.247276196060392,0.247276196060392,FALSE
670,"influential_union","logistic",0.0604465606875962,0.000141868404659982,-0.0603046922829362,0.0603046922829362,FALSE
671,"influential_union","logistic",0.769032260758856,0.774757739801601,0.00572547904274523,0.00572547904274523,TRUE
672,"influential_union","logistic",0.100240911245207,0.00111263203456736,-0.0991282792106396,0.0991282792106396,FALSE
673,"influential_union","logistic",0.919533693832027,0.977229472801316,0.0576957789692889,0.0576957789692889,FALSE
1,"hypercorrection","linear",-7.91645000296561,-7.94718876119309,-0.0307387582274741,0.0307387582274741,FALSE
2,"hypercorrection","linear",-14.185870086553,-14.277305106126,-0.0914350195730247,0.0914350195730247,FALSE
3,"hypercorrection","linear",-10.8487675166409,-10.9185938100667,-0.069826293425832,0.069826293425832,FALSE
4,"hypercorrection","linear",-8.18075120804173,-8.15855580941213,0.0221953986296075,0.0221953986296075,FALSE
5,"hypercorrection","linear",-8.35815576543642,-8.35201673984346,0.00613902559296164,0.00613902559296164,FALSE
6,"hypercorrection","linear",-4.87483780073546,-4.92663045440169,-0.0517926536662294,0.0517926536662294,FALSE
7,"hypercorrection","linear",-11.3888877775805,-11.4185570324634,-0.0296692548829327,0.0296692548829327,FALSE
8,"hypercorrection","linear",-8.33622618490828,-8.3800685652387,-0.0438423803304158,0.0438423803304158,FALSE
9,"hypercorrection","linear",-1.11263070648954,-1.11669212198195,-0.00406141549241124,0.00406141549241124,FALSE
10,"hypercorrection","linear",-7.13205956776902,-7.20775174551828,-0.075692177749259,0.075692177749259,FALSE
11,"hypercorrection","linear",-7.29974691796911,-7.39439884729541,-0.0946519293262993,0.0946519293262993,FALSE
12,"hypercorrection","linear",-2.71332586637043,-2.70030857763044,0.0130172887399853,0.0130172887399853,FALSE
13,"hypercorrection","linear",-8.60144526485285,-9.02587964406008,-0.424434379207229,0.424434379207229,FALSE
14,"hypercorrection","linear",-1.61026115803277,-1.56554792808797,0.044713229944795,0.044713229944795,FALSE
15,"hypercorrection","linear",-0.357219159138391,-0.355172056857595,0.00204710228079596,0.00204710228079596,FALSE
16,"hypercorrection","linear",-5.5227998211455,-5.54724332937915,-0.0244435082336523,0.0244435082336523,FALSE
17,"hypercorrection","linear",-4.78710389237567,-4.83126433649406,-0.0441604441183872,0.0441604441183872,FALSE
18,"hypercorrection","linear",-7.91864572539018,-8.13128430885076,-0.212638583460582,0.212638583460582,FALSE
19,"hypercorrection","linear",-3.23591755345648,-3.29148425015884,-0.0555666967023587,0.0555666967023587,FALSE
20,"hypercorrection","linear",-9.53589377398164,-9.60276486052738,-0.0668710865457385,0.0668710865457385,FALSE
21,"hypercorrection","linear",-4.68664091922955,-4.70642819587572,-0.0197872766461717,0.0197872766461717,FALSE
22,"hypercorrection","linear",-6.08865036685128,-6.06678303446119,0.0218673323900918,0.0218673323900918,FALSE
23,"hypercorrection","linear",-1.17744906992717,-1.17144747518213,0.00600159474503581,0.00600159474503581,FALSE
24,"hypercorrection","linear",0.242890363645935,0.264747411357658,0.021857047711723,0.021857047711723,FALSE
25,"hypercorrection","linear",-8.81741748604552,-8.8354642226283,-0.0180467365827699,0.0180467365827699,FALSE
26,"hypercorrection","linear",-7.73391685646086,-7.79859650554483,-0.0646796490839661,0.0646796490839661,FALSE
27,"hypercorrection","linear",-4.49214934201429,-4.38625596554414,0.105893376470144,0.105893376470144,FALSE
28,"hypercorrection","linear",-5.50684723218216,-5.46889428509386,0.0379529470883071,0.0379529470883071,FALSE
29,"hypercorrection","linear",-3.70274164218519,-3.59686657496324,0.10587506722195,0.10587506722195,FALSE
30,"hypercorrection","linear",-5.48823003533397,-5.54243775219867,-0.0542077168646999,0.0542077168646999,FALSE
31,"hypercorrection","linear",-3.41219679980006,-3.42033889936719,-0.00814209956712819,0.00814209956712819,FALSE
32,"hypercorrection","linear",-8.28953485786764,-8.55241668720067,-0.262881829333029,0.262881829333029,FALSE
33,"hypercorrection","linear",-10.1712185496022,-10.1744531124983,-0.00323456289612167,0.00323456289612167,FALSE
34,"hypercorrection","linear",-5.68763766012333,-5.73951852791621,-0.0518808677928719,0.0518808677928719,FALSE
35,"hypercorrection","linear",-3.22827760384539,-3.18172990964988,0.0465476941955014,0.0465476941955014,FALSE
36,"hypercorrection","linear",2.39248695990665,2.28091455939708,-0.111572400509572,0.111572400509572,FALSE
37,"hypercorrection","linear",-4.21689346649209,-4.12354341494421,0.0933500515478771,0.0933500515478771,FALSE
38,"hypercorrection","linear",-8.40687099484628,-8.71163034581055,-0.30475935096427,0.30475935096427,FALSE
39,"hypercorrection","linear",-5.5047171136083,-5.37780788274075,0.126909230867554,0.126909230867554,FALSE
40,"hypercorrection","linear",-4.61796261572529,-4.60770930369722,0.0102533120280759,0.0102533120280759,FALSE
41,"hypercorrection","linear",-14.940525922537,-15.155679769834,-0.215153847296952,0.215153847296952,FALSE
42,"hypercorrection","linear",-6.02094310429272,-5.98613682953892,0.0348062747537945,0.0348062747537945,FALSE
43,"hypercorrection","linear",-2.37402086155275,-2.37614717243477,-0.00212631088201976,0.00212631088201976,FALSE
44,"hypercorrection","linear",-2.19102689963101,-2.25374582858591,-0.0627189289548995,0.0627189289548995,FALSE
45,"hypercorrection","linear",-8.99176706061846,-8.96503501684339,0.0267320437750733,0.0267320437750733,FALSE
47,"hypercorrection","linear",-6.40383963251345,-6.37688919496604,0.026950437547411,0.026950437547411,FALSE
48,"hypercorrection","linear",-9.83696538204111,-9.98327753465855,-0.146312152617444,0.146312152617444,FALSE
49,"hypercorrection","linear",-7.67011832376818,-7.65922313606753,0.0108951877006547,0.0108951877006547,FALSE
50,"hypercorrection","linear",-5.86469063496391,-5.98704719941172,-0.122356564447809,0.122356564447809,FALSE
51,"hypercorrection","linear",-4.73607923536505,-4.78236020789134,-0.0462809725262918,0.0462809725262918,FALSE
52,"hypercorrection","linear",-5.31078353884738,-5.31513077165428,-0.00434723280689653,0.00434723280689653,FALSE
53,"hypercorrection","linear",-2.7910074275548,-2.88216392834948,-0.0911565007946726,0.0911565007946726,FALSE
54,"hypercorrection","linear",-4.53554669325695,-4.6156203136033,-0.0800736203463561,0.0800736203463561,FALSE
55,"hypercorrection","linear",-3.82217421958387,-3.85516393610222,-0.0329897165183439,0.0329897165183439,FALSE
56,"hypercorrection","linear",-5.97624026810702,-6.12011466036607,-0.143874392259058,0.143874392259058,FALSE
57,"hypercorrection","linear",-1.45077051337328,-1.41053488844572,0.0402356249275584,0.0402356249275584,FALSE
58,"hypercorrection","linear",1.98842000643175,1.95508117269516,-0.0333388337365923,0.0333388337365923,FALSE
59,"hypercorrection","linear",-1.73058039189809,-1.64839296354078,0.0821874283573065,0.0821874283573065,FALSE
60,"hypercorrection","linear",-0.635906302446492,-0.616221755888343,0.0196845465581486,0.0196845465581486,FALSE
61,"hypercorrection","linear",-6.60941180356986,-6.64937430675996,-0.0399625031900994,0.0399625031900994,FALSE
62,"hypercorrection","linear",-5.67942002448373,-5.67915754315509,0.000262481328647368,0.000262481328647368,FALSE
63,"hypercorrection","linear",-10.385517333422,-10.6228559433633,-0.237338609941308,0.237338609941308,FALSE
64,"hypercorrection","linear",-0.999351447102465,-0.943373111163117,0.0559783359393478,0.0559783359393478,FALSE
65,"hypercorrection","linear",-8.06390050444183,-8.05642055856687,0.00747994587496059,0.00747994587496059,FALSE
66,"hypercorrection","linear",-0.341874967449256,-0.293037045522789,0.0488379219264676,0.0488379219264676,FALSE
67,"hypercorrection","linear",-9.84198447522108,-9.8879818369433,-0.0459973617222253,0.0459973617222253,FALSE
68,"hypercorrection","linear",-8.57790506603059,-8.52089643381102,0.0570086322195689,0.0570086322195689,FALSE
69,"hypercorrection","linear",-3.63597687159081,-3.68872290294118,-0.0527460313503667,0.0527460313503667,FALSE
70,"hypercorrection","linear",-6.88719010021047,-6.95907880629098,-0.0718887060805162,0.0718887060805162,FALSE
71,"hypercorrection","linear",-1.86061605738823,-1.84235208292897,0.0182639744592668,0.0182639744592668,FALSE
72,"hypercorrection","linear",-7.01453803332827,-7.0873070550363,-0.0727690217080275,0.0727690217080275,FALSE
73,"hypercorrection","linear",-6.17027458394209,-6.10604057877946,0.0642340051626302,0.0642340051626302,FALSE
74,"hypercorrection","linear",-4.43820491652964,-4.36722218849703,0.0709827280326065,0.0709827280326065,FALSE
75,"hypercorrection","linear",-2.07022554547098,-2.08897951348815,-0.0187539680171751,0.0187539680171751,FALSE
76,"hypercorrection","linear",-10.7632554467563,-10.8850798762135,-0.121824429457135,0.121824429457135,FALSE
77,"hypercorrection","linear",-3.75978428082321,-3.77330300834687,-0.0135187275236612,0.0135187275236612,FALSE
78,"hypercorrection","linear",-8.45128297661287,-8.56169095560871,-0.110407978995841,0.110407978995841,FALSE
79,"hypercorrection","linear",-5.7285595579747,-5.67842599308845,0.0501335648862424,0.0501335648862424,FALSE
80,"hypercorrection","linear",-4.42678972591197,-4.53860999812574,-0.11182027221377,0.11182027221377,FALSE
81,"hypercorrection","linear",-13.5585602185526,-14.1089412055084,-0.550380986955723,0.550380986955723,TRUE
82,"hypercorrection","linear",-4.56872872256483,-4.52797557268214,0.0407531498826916,0.0407531498826916,FALSE
83,"hypercorrection","linear",-5.84823390449242,-5.84434837763442,0.00388552685800203,0.00388552685800203,FALSE
84,"hypercorrection","linear",-7.00154149361981,-6.95038428156707,0.0511572120527397,0.0511572120527397,FALSE
85,"hypercorrection","linear",-0.638780345708681,-0.661153604598584,-0.0223732588899028,0.0223732588899028,FALSE
86,"hypercorrection","linear",-8.07524415525459,-8.08103304817757,-0.00578889292298079,0.00578889292298079,FALSE
87,"hypercorrection","linear",-8.03600166652891,-8.25162194051383,-0.215620273984925,0.215620273984925,FALSE
88,"hypercorrection","linear",-4.02415053875275,-4.00908967469142,0.0150608640613319,0.0150608640613319,FALSE
89,"hypercorrection","linear",-4.51779774707411,-4.39018915870114,0.127608588372963,0.127608588372963,FALSE
90,"hypercorrection","linear",-4.41785257117827,-4.38267270745134,0.0351798637269347,0.0351798637269347,FALSE
91,"hypercorrection","linear",-7.7765199111795,-7.77003951967318,0.00648039150631696,0.00648039150631696,FALSE
92,"hypercorrection","linear",-6.01157360951034,-6.04384022426258,-0.0322666147522401,0.0322666147522401,FALSE
93,"hypercorrection","linear",-2.42874293389381,-2.36188127070661,0.066861663187197,0.066861663187197,FALSE
94,"hypercorrection","linear",-1.56000395595953,-1.54550921697079,0.0144947389887429,0.0144947389887429,FALSE
95,"hypercorrection","linear",-6.84386331136548,-6.7938098691876,0.0500534421778847,0.0500534421778847,FALSE
96,"hypercorrection","linear",-0.367473980206453,-0.255561739021063,0.11191224118539,0.11191224118539,FALSE
97,"hypercorrection","linear",-6.92220382396761,-6.97395125275153,-0.0517474287839157,0.0517474287839157,FALSE
98,"hypercorrection","linear",-1.32522162655129,-1.28967886829816,0.0355427582531318,0.0355427582531318,FALSE
99,"hypercorrection","linear",-5.02250449940857,-5.02671738931029,-0.00421288990171931,0.00421288990171931,FALSE
100,"hypercorrection","linear",-7.29305275455196,-7.50579133458508,-0.212738580033122,0.212738580033122,FALSE
101,"hypercorrection","linear",-10.3200428049021,-10.4438599759231,-0.12381717102099,0.12381717102099,FALSE
102,"hypercorrection","linear",-4.21437956476276,-4.18052369621083,0.0338558685519352,0.0338558685519352,FALSE
103,"hypercorrection","linear",-6.42067710390151,-6.55526950412426,-0.134592400222755,0.134592400222755,FALSE
104,"hypercorrection","linear",-12.2156108637869,-12.2958518986934,-0.0802410349065852,0.0802410349065852,FALSE
105,"hypercorrection","linear",-9.40798067325145,-9.51490442368005,-0.106923750428599,0.106923750428599,FALSE
106,"hypercorrection","linear",-2.1981712147249,-2.15338664150598,0.0447845732189176,0.0447845732189176,FALSE
107,"hypercorrection","linear",-11.4156923615671,-11.5553882328654,-0.139695871298352,0.139695871298352,FALSE
108,"hypercorrection","linear",-5.27454474731501,-5.31593006446217,-0.0413853171471636,0.0413853171471636,FALSE
109,"hypercorrection","linear",-0.986264231791676,-0.936140977860883,0.0501232539307929,0.0501232539307929,FALSE
110,"hypercorrection","linear",-6.26397371211706,-6.30695137851149,-0.0429776663944379,0.0429776663944379,FALSE
111,"hypercorrection","linear",-2.78535534659675,-2.78376425241016,0.00159109418659353,0.00159109418659353,FALSE
112,"hypercorrection","linear",-2.00418962289175,-1.91427726597149,0.0899123569202571,0.0899123569202571,FALSE
113,"hypercorrection","linear",-4.317650183809,-4.28253180066249,0.035118383146509,0.035118383146509,FALSE
114,"hypercorrection","linear",-1.0323259668865,-1.10294884858842,-0.0706228817019174,0.0706228817019174,FALSE
115,"hypercorrection","linear",-2.62127876060587,-2.57944667727989,0.0418320833259807,0.0418320833259807,FALSE
116,"hypercorrection","linear",-5.1616345254013,-5.1500440906005,0.0115904348007954,0.0115904348007954,FALSE
117,"hypercorrection","linear",-4.24315153349782,-4.36825977790886,-0.125108244411039,0.125108244411039,FALSE
118,"hypercorrection","linear",-0.113991251933389,0.00308060817815925,0.117071860111548,0.117071860111548,FALSE
119,"hypercorrection","linear",-2.01787824930173,-2.03905147089769,-0.0211732215959541,0.0211732215959541,FALSE
120,"hypercorrection","linear",0.183144648510282,0.231339399522616,0.0481947510123334,0.0481947510123334,FALSE
121,"hypercorrection","linear",-4.95405214552096,-4.99608162931078,-0.0420294837898192,0.0420294837898192,FALSE
122,"hypercorrection","linear",-4.94918225771823,-5.10164343909002,-0.15246118137179,0.15246118137179,FALSE
123,"hypercorrection","linear",-4.72221650080747,-4.61634971333816,0.10586678746931,0.10586678746931,FALSE
124,"hypercorrection","linear",-7.62133190526847,-7.59056384768499,0.0307680575834839,0.0307680575834839,FALSE
125,"hypercorrection","linear",-0.469141893269568,-0.429892780247159,0.039249113022409,0.039249113022409,FALSE
126,"hypercorrection","linear",-2.84694160573235,-2.78411773524227,0.0628238704900808,0.0628238704900808,FALSE
127,"hypercorrection","linear",-6.17513151985371,-6.18746369929992,-0.0123321794462052,0.0123321794462052,FALSE
128,"hypercorrection","linear",-7.66978713284749,-7.64462876134434,0.0251583715031511,0.0251583715031511,FALSE
129,"hypercorrection","linear",-0.0274890538051897,-0.0381681929009355,-0.0106791390957457,0.0106791390957457,FALSE
130,"hypercorrection","linear",-4.28302241615098,-4.26425919819395,0.0187632179570301,0.0187632179570301,FALSE
131,"hypercorrection","linear",-3.22672085800247,-3.18060703249453,0.0461138255079367,0.0461138255079367,FALSE
132,"hypercorrection","linear",-0.390216242002089,-0.395497636936266,-0.00528139493417706,0.00528139493417706,FALSE
133,"hypercorrection","linear",-3.3967798359232,-3.40440999448861,-0.00763015856541127,0.00763015856541127,FALSE
134,"hypercorrection","linear",-1.32053853637716,-1.4168955416376,-0.096357005260439,0.096357005260439,FALSE
135,"hypercorrection","linear",0.982667714337541,0.971044835400619,-0.0116228789369227,0.0116228789369227,FALSE
136,"hypercorrection","linear",-2.92180596111635,-2.95042241376126,-0.0286164526449011,0.0286164526449011,FALSE
137,"hypercorrection","linear",-3.39132940485535,-3.51550886475298,-0.12417945989763,0.12417945989763,FALSE
138,"hypercorrection","linear",-11.1438338829325,-11.2211569982481,-0.0773231153156377,0.0773231153156377,FALSE
139,"hypercorrection","linear",-5.2634777757812,-5.31386276601075,-0.050384990229551,0.050384990229551,FALSE
140,"hypercorrection","linear",-5.93608028420752,-5.8782221489859,0.0578581352216183,0.0578581352216183,FALSE
141,"hypercorrection","linear",-3.3949412296856,-3.39500020590771,-0.0000589762221094858,0.0000589762221094858,FALSE
142,"hypercorrection","linear",-1.86032238348602,-1.92272564353226,-0.0624032600462434,0.0624032600462434,FALSE
143,"hypercorrection","linear",-2.12136755487085,-2.19492413197615,-0.0735565771053004,0.0735565771053004,FALSE
144,"hypercorrection","linear",-7.02887738950277,-7.0856591520844,-0.0567817625816218,0.0567817625816218,FALSE
145,"hypercorrection","linear",-6.69585397367742,-6.71411862547656,-0.0182646517991394,0.0182646517991394,FALSE
146,"hypercorrection","linear",-5.98732953249521,-5.99875395609064,-0.0114244235954235,0.0114244235954235,FALSE
147,"hypercorrection","linear",-5.50097676573887,-5.51300094721986,-0.0120241814809932,0.0120241814809932,FALSE
148,"hypercorrection","linear",-10.2253440485615,-10.4499777321792,-0.224633683617769,0.224633683617769,FALSE
149,"hypercorrection","linear",-7.94544245268852,-7.97651652199182,-0.0310740693033011,0.0310740693033011,FALSE
150,"hypercorrection","linear",-6.90872372103928,-6.96139312073975,-0.0526693997004708,0.0526693997004708,FALSE
151,"hypercorrection","linear",-4.13649421177247,-4.15462761190756,-0.0181334001350848,0.0181334001350848,FALSE
152,"hypercorrection","linear",-3.2896383941937,-3.25003870332881,0.0395996908648932,0.0395996908648932,FALSE
153,"hypercorrection","linear",-5.82733418196094,-5.84357282806472,-0.0162386461037727,0.0162386461037727,FALSE
154,"hypercorrection","linear",-6.09705435158707,-6.10172849450354,-0.00467414291647117,0.00467414291647117,FALSE
155,"hypercorrection","linear",-4.86137621912507,-4.80118924645706,0.0601869726680153,0.0601869726680153,FALSE
156,"hypercorrection","linear",-5.3424061039045,-5.26994174019159,0.0724643637129159,0.0724643637129159,FALSE
157,"hypercorrection","linear",-5.91232059089766,-5.92906197647734,-0.0167413855796852,0.0167413855796852,FALSE
158,"hypercorrection","linear",-4.61743336539154,-4.58059722795044,0.0368361374410995,0.0368361374410995,FALSE
159,"hypercorrection","linear",-0.81129874235984,-0.815069544706204,-0.00377080234636429,0.00377080234636429,FALSE
160,"hypercorrection","linear",-5.59051516582241,-5.58950243228101,0.00101273354139675,0.00101273354139675,FALSE
161,"hypercorrection","linear",-3.96087056614305,-3.92907619688224,0.0317943692608087,0.0317943692608087,FALSE
163,"hypercorrection","linear",-2.21018135194795,-2.23041863381719,-0.0202372818692385,0.0202372818692385,FALSE
164,"hypercorrection","linear",-5.99281205862992,-5.99478876765477,-0.0019767090248477,0.0019767090248477,FALSE
165,"hypercorrection","linear",-6.06826809921779,-6.12882870126778,-0.0605606020499945,0.0605606020499945,FALSE
166,"hypercorrection","linear",-1.80566558289929,-1.83050130688305,-0.0248357239837653,0.0248357239837653,FALSE
167,"hypercorrection","linear",-5.60954543200377,-5.53571927919884,0.0738261528049273,0.0738261528049273,FALSE
168,"hypercorrection","linear",-4.40863250286331,-4.43501816438944,-0.026385661526124,0.026385661526124,FALSE
169,"hypercorrection","linear",0.379695198540214,0.529695909333911,0.150000710793696,0.150000710793696,FALSE
170,"hypercorrection","linear",-8.99681749984106,-9.18387503394821,-0.187057534107147,0.187057534107147,FALSE
171,"hypercorrection","linear",-3.11104058586917,-3.19157419815461,-0.0805336122854396,0.0805336122854396,FALSE
172,"hypercorrection","linear",-1.66748518224767,-1.70330744079355,-0.0358222585458803,0.0358222585458803,FALSE
173,"hypercorrection","linear",-2.70322735077781,-2.74079679711098,-0.0375694463331691,0.0375694463331691,FALSE
174,"hypercorrection","linear",-19.2491842369055,-19.6274127342926,-0.378228497387177,0.378228497387177,TRUE
175,"hypercorrection","linear",-8.17409443175518,-8.22601774462813,-0.0519233128729493,0.0519233128729493,FALSE
176,"hypercorrection","linear",-3.44773858236279,-3.34338955164342,0.104349030719371,0.104349030719371,FALSE
177,"hypercorrection","linear",1.54988813345096,1.58780524244665,0.0379171089956896,0.0379171089956896,FALSE
178,"hypercorrection","linear",-7.10864383072283,-7.08911757568745,0.0195262550353705,0.0195262550353705,FALSE
179,"hypercorrection","linear",-6.23509800305799,-6.13448460700902,0.100613396048975,0.100613396048975,FALSE
180,"hypercorrection","linear",-5.25981118167047,-5.13937646194273,0.120434719727738,0.120434719727738,FALSE
181,"hypercorrection","linear",-2.04652471393369,-2.05033985474453,-0.00381514081084111,0.00381514081084111,FALSE
182,"hypercorrection","linear",-2.72595217804416,-2.74323880903418,-0.0172866309900135,0.0172866309900135,FALSE
183,"hypercorrection","linear",-8.75519337166198,-8.89146484200725,-0.136271470345271,0.136271470345271,FALSE
184,"hypercorrection","linear",-4.18970328423762,-4.13243344280271,0.0572698414349144,0.0572698414349144,FALSE
185,"hypercorrection","linear",-3.94503981111475,-3.90256318242811,0.042476628686638,0.042476628686638,FALSE
186,"hypercorrection","linear",-7.85993968235561,-7.84839390053664,0.011545781818973,0.011545781818973,FALSE
187,"hypercorrection","linear",-1.75635284462273,-1.71260309794699,0.0437497466757395,0.0437497466757395,FALSE
188,"hypercorrection","linear",-7.15088928550124,-7.1560105119144,-0.0051212264131566,0.0051212264131566,FALSE
189,"hypercorrection","linear",-8.72735432697008,-8.77846678648873,-0.051112459518647,0.051112459518647,FALSE
190,"hypercorrection","linear",-8.25575392762887,-8.28103144208807,-0.0252775144591997,0.0252775144591997,FALSE
191,"hypercorrection","linear",-6.5155979413337,-6.49200980738428,0.0235881339494188,0.0235881339494188,FALSE
192,"hypercorrection","linear",-1.74926226381285,-1.80185605511006,-0.0525937912972123,0.0525937912972123,FALSE
193,"hypercorrection","linear",-5.03081560538613,-4.98781367528411,0.0430019301020179,0.0430019301020179,FALSE
194,"hypercorrection","linear",-7.2431557510189,-7.29647671317729,-0.0533209621583914,0.0533209621583914,FALSE
195,"hypercorrection","linear",-4.98352314822228,-4.96548004761116,0.0180431006111164,0.0180431006111164,FALSE
196,"hypercorrection","linear",-3.90750458428667,-4.03806906116544,-0.130564476878769,0.130564476878769,FALSE
197,"hypercorrection","linear",-3.88075056492992,-3.86516476502944,0.0155857999004771,0.0155857999004771,FALSE
198,"hypercorrection","linear",-4.4371937335146,-4.53834870428904,-0.101154970774438,0.101154970774438,FALSE
199,"hypercorrection","linear",-6.63562718825918,-6.66067281480206,-0.0250456265428785,0.0250456265428785,FALSE
200,"hypercorrection","linear",-6.37517817040722,-6.35838791751371,0.016790252893502,0.016790252893502,FALSE
201,"hypercorrection","linear",-1.58337522624611,-1.55083525860371,0.032539967642403,0.032539967642403,FALSE
202,"hypercorrection","linear",-5.94783038823327,-6.00438545898726,-0.056555070753987,0.056555070753987,FALSE
203,"hypercorrection","linear",-6.86530325207266,-6.88314288296663,-0.0178396308939686,0.0178396308939686,FALSE
204,"hypercorrection","linear",-1.27061638283147,-1.19154986973009,0.0790665131013817,0.0790665131013817,FALSE
205,"hypercorrection","linear",-9.8176603076602,-9.98524761017398,-0.16758730251378,0.16758730251378,FALSE
206,"hypercorrection","linear",-2.46415956978519,-2.43960735131396,0.0245522184712335,0.0245522184712335,FALSE
207,"hypercorrection","linear",-5.4495518431116,-5.41667845799717,0.0328733851144376,0.0328733851144376,FALSE
208,"hypercorrection","linear",-5.16537047464926,-5.09926683546327,0.0661036391859895,0.0661036391859895,FALSE
209,"hypercorrection","linear",-9.11070717977652,-9.05443208421744,0.056275095559073,0.056275095559073,FALSE
210,"hypercorrection","linear",-6.88719010021047,-6.95907880629098,-0.0718887060805145,0.0718887060805145,FALSE
211,"hypercorrection","linear",-4.67407776912129,-4.69175185152339,-0.0176740824020962,0.0176740824020962,FALSE
212,"hypercorrection","linear",-12.9542680437921,-13.1153269158623,-0.161058872070203,0.161058872070203,FALSE
213,"hypercorrection","linear",0.337508998402015,0.397788234965025,0.0602792365630093,0.0602792365630093,FALSE
214,"hypercorrection","linear",-6.77277923690972,-6.77900398224553,-0.00622474533580686,0.00622474533580686,FALSE
215,"hypercorrection","linear",-3.73719986006131,-3.70365109904973,0.0335487610115788,0.0335487610115788,FALSE
216,"hypercorrection","linear",-2.56449549468185,-2.55796844773615,0.00652704694569417,0.00652704694569417,FALSE
217,"hypercorrection","linear",-9.94860215509848,-10.0958549054321,-0.147252750333605,0.147252750333605,FALSE
218,"hypercorrection","linear",-7.00918489792412,-6.97758858305302,0.031596314871094,0.031596314871094,FALSE
219,"hypercorrection","linear",-8.44015758420347,-8.65453868423261,-0.214381100029142,0.214381100029142,FALSE
220,"hypercorrection","linear",-10.069133284758,-10.1232592540944,-0.0541259693363525,0.0541259693363525,FALSE
221,"hypercorrection","linear",-1.6759392239554,-1.69431275396472,-0.0183735300093222,0.0183735300093222,FALSE
222,"hypercorrection","linear",-8.12804928501613,-8.11056869296578,0.017480592050358,0.017480592050358,FALSE
223,"hypercorrection","linear",-3.39619335411391,-3.53239875879055,-0.136205404676635,0.136205404676635,FALSE
224,"hypercorrection","linear",-8.42833723319639,-8.58948759812642,-0.161150364930032,0.161150364930032,FALSE
225,"hypercorrection","linear",-5.06571690561153,-5.10332523172502,-0.0376083261134941,0.0376083261134941,FALSE
226,"hypercorrection","linear",-9.53589377398164,-9.60276486052738,-0.066871086545742,0.066871086545742,FALSE
227,"hypercorrection","linear",-3.28789022037697,-3.4259723592763,-0.138082138899325,0.138082138899325,FALSE
228,"hypercorrection","linear",-3.20000047108414,-3.17120706661226,0.0287934044718745,0.0287934044718745,FALSE
229,"hypercorrection","linear",-1.25585703127856,-1.21112995121275,0.0447270800658053,0.0447270800658053,FALSE
230,"hypercorrection","linear",-8.0060240677692,-8.11139848673482,-0.105374418965612,0.105374418965612,FALSE
231,"hypercorrection","linear",-2.12366460179867,-2.16855123316741,-0.0448866313687439,0.0448866313687439,FALSE
232,"hypercorrection","linear",-2.4693585597311,-2.38605224382468,0.083306315906416,0.083306315906416,FALSE
233,"hypercorrection","linear",-5.40061624930166,-5.35021354597378,0.0504027033278716,0.0504027033278716,FALSE
234,"hypercorrection","linear",-0.386695291020534,-0.410483773048742,-0.0237884820282078,0.0237884820282078,FALSE
235,"hypercorrection","linear",-7.37873564978687,-7.30345792956189,0.0752777202249835,0.0752777202249835,FALSE
236,"hypercorrection","linear",-3.8217825279841,-3.74884004033742,0.0729424876466753,0.0729424876466753,FALSE
237,"hypercorrection","linear",-1.48383619407015,-1.5104133208231,-0.0265771267529573,0.0265771267529573,FALSE
238,"hypercorrection","linear",-3.89124527831382,-3.8174361921399,0.0738090861739229,0.0738090861739229,FALSE
239,"hypercorrection","linear",-0.571586620306149,-0.553790291477355,0.0177963288287933,0.0177963288287933,FALSE
240,"hypercorrection","linear",-4.28432196863039,-4.244551438046,0.0397705305843914,0.0397705305843914,FALSE
241,"hypercorrection","linear",-6.23018880135898,-6.21373364329771,0.0164551580612775,0.0164551580612775,FALSE
242,"hypercorrection","linear",-5.37866363185232,-5.49025893925716,-0.111595307404839,0.111595307404839,FALSE
243,"hypercorrection","linear",-0.442056347896399,-0.448087614214227,-0.00603126631782791,0.00603126631782791,FALSE
244,"hypercorrection","linear",-6.52930991566998,-6.64276405879917,-0.113454143129196,0.113454143129196,FALSE
245,"hypercorrection","linear",-6.4381293177818,-6.49625338510046,-0.0581240673186612,0.0581240673186612,FALSE
246,"hypercorrection","linear",-1.30583875767013,-1.24548051538757,0.0603582422825566,0.0603582422825566,FALSE
247,"hypercorrection","linear",-1.97740494959379,-1.90441017579061,0.0729947738031809,0.0729947738031809,FALSE
249,"hypercorrection","linear",-3.0454419062232,-2.9772497338404,0.068192172382803,0.068192172382803,FALSE
250,"hypercorrection","linear",-3.68550009482837,-3.73620228030882,-0.0507021854804521,0.0507021854804521,FALSE
251,"hypercorrection","linear",-12.1773485349559,-12.314752755889,-0.137404220933155,0.137404220933155,FALSE
252,"hypercorrection","linear",-4.5808018449758,-4.5412632379039,0.0395386070719015,0.0395386070719015,FALSE
253,"hypercorrection","linear",1.35074355177766,1.40285895434709,0.0521154025694268,0.0521154025694268,FALSE
254,"hypercorrection","linear",-3.68964257089354,-3.62542763031988,0.0642149405736601,0.0642149405736601,FALSE
255,"hypercorrection","linear",-6.2862776799946,-6.21021373053691,0.0760639494576916,0.0760639494576916,FALSE
256,"hypercorrection","linear",1.42666512176157,1.42608255867281,-0.000582563088758814,0.000582563088758814,FALSE
257,"hypercorrection","linear",0.378827252986239,0.436544450624384,0.0577171976381451,0.0577171976381451,FALSE
258,"hypercorrection","linear",-8.9533150807067,-8.93676515671119,0.0165499239955036,0.0165499239955036,FALSE
259,"hypercorrection","linear",2.99136301671875,3.06298484961901,0.0716218329002563,0.0716218329002563,FALSE
260,"hypercorrection","linear",-3.60785359312801,-3.60847382240078,-0.000620229272776829,0.000620229272776829,FALSE
261,"hypercorrection","linear",-0.819480302593827,-0.712951852062117,0.10652845053171,0.10652845053171,FALSE
262,"hypercorrection","linear",-3.6075037792559,-3.69712628922492,-0.0896225099690167,0.0896225099690167,FALSE
263,"hypercorrection","linear",-2.7333023874664,-2.68795319326693,0.0453491941994737,0.0453491941994737,FALSE
264,"hypercorrection","linear",-1.23141131493179,-1.20133571605553,0.0300755988762571,0.0300755988762571,FALSE
265,"hypercorrection","linear",1.84717987574121,1.89644079593203,0.0492609201908167,0.0492609201908167,FALSE
266,"hypercorrection","linear",-6.79126911430871,-6.74721970942277,0.0440494048859463,0.0440494048859463,FALSE
267,"hypercorrection","linear",-0.198438133045867,-0.262658121404708,-0.0642199883588402,0.0642199883588402,FALSE
268,"hypercorrection","linear",-0.730244066094992,-0.746757171452891,-0.0165131053578984,0.0165131053578984,FALSE
269,"hypercorrection","linear",-8.57790506603059,-8.52089643381102,0.0570086322195689,0.0570086322195689,FALSE
270,"hypercorrection","linear",-1.17744906992717,-1.17144747518213,0.00600159474503581,0.00600159474503581,FALSE
271,"hypercorrection","linear",-8.3581557654364,-8.35201673984346,0.00613902559294743,0.00613902559294743,FALSE
272,"hypercorrection","linear",-3.22672085800247,-3.18060703249453,0.0461138255079367,0.0461138255079367,FALSE
273,"hypercorrection","linear",-3.70274164218519,-3.59686657496324,0.10587506722195,0.10587506722195,FALSE
274,"hypercorrection","linear",-1.52776740334959,-1.48662520928417,0.0411421940654217,0.0411421940654217,FALSE
276,"hypercorrection","linear",-3.72468732040701,-3.58212611392235,0.142561206484661,0.142561206484661,FALSE
277,"hypercorrection","linear",-7.85993968235561,-7.84839390053664,0.011545781818973,0.011545781818973,FALSE
278,"hypercorrection","linear",4.07909928653318,4.20500175866158,0.125902472128399,0.125902472128399,FALSE
279,"hypercorrection","linear",1.98842000643175,1.95508117269516,-0.0333388337365923,0.0333388337365923,FALSE
280,"hypercorrection","linear",-5.5047171136083,-5.37780788274075,0.126909230867554,0.126909230867554,FALSE
281,"hypercorrection","linear",-4.86137621912507,-4.80118924645706,0.0601869726680153,0.0601869726680153,FALSE
282,"hypercorrection","linear",-4.75870025284438,-4.78774125172641,-0.0290409988820244,0.0290409988820244,FALSE
283,"hypercorrection","linear",-1.58337522624611,-1.55083525860371,0.032539967642403,0.032539967642403,FALSE
284,"hypercorrection","linear",-7.67011832376818,-7.65922313606753,0.0108951877006547,0.0108951877006547,FALSE
285,"hypercorrection","linear",-4.43820491652964,-4.36722218849703,0.0709827280326065,0.0709827280326065,FALSE
286,"hypercorrection","linear",-7.1143070323558,-7.15408377306066,-0.0397767407048555,0.0397767407048555,FALSE
287,"hypercorrection","linear",-4.00639348912661,-3.96101700004732,0.0453764890792931,0.0453764890792931,FALSE
288,"hypercorrection","linear",-3.6075037792559,-3.69712628922492,-0.0896225099690167,0.0896225099690167,FALSE
289,"hypercorrection","linear",-1.61026115803278,-1.56554792808797,0.0447132299448065,0.0447132299448065,FALSE
290,"hypercorrection","linear",-3.82217421958387,-3.85516393610222,-0.0329897165183439,0.0329897165183439,FALSE
291,"hypercorrection","linear",-9.72563303865039,-9.9240898635567,-0.198456824906314,0.198456824906314,FALSE
292,"hypercorrection","linear",-0.880193343226548,-0.81023493223624,0.0699584109903079,0.0699584109903079,FALSE
293,"hypercorrection","linear",-1.1126307064895,-1.11669212198195,-0.00406141549244987,0.00406141549244987,FALSE
294,"hypercorrection","linear",-3.75978428082321,-3.77330300834687,-0.0135187275236612,0.0135187275236612,FALSE
295,"hypercorrection","linear",-6.37517817040722,-6.35838791751371,0.016790252893502,0.016790252893502,FALSE
296,"hypercorrection","linear",-2.20273013060043,-2.15649040027051,0.0462397303299142,0.0462397303299142,FALSE
299,"hypercorrection","linear",-6.20479778606389,-6.20865406054105,-0.00385627447715642,0.00385627447715642,FALSE
300,"hypercorrection","linear",-7.32529753131296,-7.43602381524022,-0.110726283927253,0.110726283927253,FALSE
301,"hypercorrection","linear",-6.63562718825918,-6.66067281480206,-0.0250456265428785,0.0250456265428785,FALSE
302,"hypercorrection","linear",-6.5155979413337,-6.49200980738428,0.0235881339494188,0.0235881339494188,FALSE
303,"hypercorrection","linear",-5.00001338470684,-5.00919749658078,-0.0091841118739362,0.0091841118739362,FALSE
304,"hypercorrection","linear",0.183144648510282,0.231339399522616,0.0481947510123334,0.0481947510123334,FALSE
305,"hypercorrection","linear",-6.97857282960941,-7.01336216250876,-0.0347893328993463,0.0347893328993463,FALSE
306,"hypercorrection","linear",-8.28953485786764,-8.55241668720067,-0.262881829333029,0.262881829333029,FALSE
307,"hypercorrection","linear",-0.357219159138389,-0.355172056857595,0.00204710228079419,0.00204710228079419,FALSE
308,"hypercorrection","linear",0.628330151451358,0.619406250628153,-0.0089239008232056,0.0089239008232056,FALSE
310,"hypercorrection","linear",-8.99681749984106,-9.18387503394821,-0.187057534107147,0.187057534107147,FALSE
311,"hypercorrection","linear",-11.1447927068795,-11.3098147838824,-0.165022077002957,0.165022077002957,FALSE
312,"hypercorrection","linear",-1.17795151238711,-1.32288781846192,-0.144936306074803,0.144936306074803,FALSE
313,"hypercorrection","linear",-5.5227998211455,-5.54724332937915,-0.0244435082336532,0.0244435082336532,FALSE
314,"hypercorrection","linear",-8.72735432697008,-8.77846678648873,-0.051112459518647,0.051112459518647,FALSE
315,"hypercorrection","linear",-3.82378533357628,-3.81004398164442,0.0137413519318654,0.0137413519318654,FALSE
316,"hypercorrection","linear",-3.8217825279841,-3.74884004033742,0.0729424876466753,0.0729424876466753,FALSE
317,"hypercorrection","linear",0.220003048112771,0.379136150124083,0.159133102011312,0.159133102011312,FALSE
318,"hypercorrection","linear",-2.1981712147249,-2.15338664150598,0.0447845732189176,0.0447845732189176,FALSE
320,"hypercorrection","linear",-5.31078353884738,-5.31513077165428,-0.00434723280689653,0.00434723280689653,FALSE
321,"hypercorrection","linear",-7.29305275455196,-7.50579133458508,-0.212738580033122,0.212738580033122,FALSE
322,"hypercorrection","linear",1.42550378274633,1.47679500113214,0.0512912183858132,0.0512912183858132,FALSE
323,"hypercorrection","linear",-4.72221650080747,-4.61634971333816,0.10586678746931,0.10586678746931,FALSE
324,"hypercorrection","linear",1.32588934934885,1.51020098815542,0.184311638806574,0.184311638806574,FALSE
325,"hypercorrection","linear",0.458222100760602,0.564521602341366,0.106299501580763,0.106299501580763,FALSE
327,"hypercorrection","linear",-6.86530325207266,-6.88314288296663,-0.0178396308939686,0.0178396308939686,FALSE
328,"hypercorrection","linear",-5.98732953249521,-5.99875395609064,-0.0114244235954235,0.0114244235954235,FALSE
329,"hypercorrection","linear",-5.48823003533397,-5.54243775219867,-0.0542077168646999,0.0542077168646999,FALSE
330,"hypercorrection","linear",-4.32950822290561,-4.36189502687999,-0.032386803974382,0.032386803974382,FALSE
331,"hypercorrection","linear",-14.185870086553,-14.277305106126,-0.0914350195729732,0.0914350195729732,FALSE
332,"hypercorrection","linear",-6.79126911430871,-6.74721970942277,0.0440494048859463,0.0440494048859463,FALSE
333,"hypercorrection","linear",-9.8176603076602,-9.98524761017398,-0.16758730251378,0.16758730251378,FALSE
335,"hypercorrection","linear",2.39248695990665,2.28091455939708,-0.111572400509572,0.111572400509572,FALSE
336,"hypercorrection","linear",-1.56000395595953,-1.54550921697079,0.0144947389887429,0.0144947389887429,FALSE
337,"hypercorrection","linear",-6.2862776799946,-6.21021373053691,0.0760639494576916,0.0760639494576916,FALSE
338,"hypercorrection","linear",-3.82429197809767,-3.77093083195232,0.0533611461453476,0.0533611461453476,FALSE
339,"hypercorrection","linear",-2.90182997023516,-2.97484954825306,-0.0730195780179028,0.0730195780179028,FALSE
340,"hypercorrection","linear",-2.01787824930173,-2.03905147089769,-0.0211732215959541,0.0211732215959541,FALSE
341,"hypercorrection","linear",-12.9542680437921,-13.1153269158623,-0.161058872070203,0.161058872070203,FALSE
342,"hypercorrection","linear",-4.78710389237568,-4.83126433649406,-0.0441604441183747,0.0441604441183747,FALSE
345,"hypercorrection","linear",-0.986264231791676,-0.936140977860883,0.0501232539307929,0.0501232539307929,FALSE
346,"hypercorrection","linear",-5.7285595579747,-5.67842599308845,0.0501335648862424,0.0501335648862424,FALSE
347,"hypercorrection","linear",-5.50097676573887,-5.51300094721986,-0.0120241814809932,0.0120241814809932,FALSE
348,"hypercorrection","linear",0.730080715109687,0.735516403084555,0.0054356879748676,0.0054356879748676,FALSE
349,"hypercorrection","linear",-2.1063463067433,-2.01284404125906,0.0935022654842359,0.0935022654842359,FALSE
350,"hypercorrection","linear",-8.75519337166198,-8.89146484200725,-0.136271470345271,0.136271470345271,FALSE
351,"hypercorrection","linear",-3.96087056614305,-3.92907619688224,0.0317943692608087,0.0317943692608087,FALSE
353,"hypercorrection","linear",-4.56872872256483,-4.52797557268214,0.0407531498826916,0.0407531498826916,FALSE
354,"hypercorrection","linear",-3.02369061263132,-2.93175543193534,0.091935180695979,0.091935180695979,FALSE
355,"hypercorrection","linear",-9.13423675892229,-9.10102337215785,0.0332133867644426,0.0332133867644426,FALSE
357,"hypercorrection","linear",-4.21437956476276,-4.18052369621083,0.0338558685519352,0.0338558685519352,FALSE
358,"hypercorrection","linear",-7.37873564978687,-7.30345792956189,0.0752777202249835,0.0752777202249835,FALSE
359,"hypercorrection","linear",0.141561157921836,0.228414608377124,0.086853450455288,0.086853450455288,FALSE
360,"hypercorrection","linear",-8.9533150807067,-8.93676515671119,0.0165499239955054,0.0165499239955054,FALSE
361,"hypercorrection","linear",5.07076238823984,5.12344468418486,0.0526822959450151,0.0526822959450151,FALSE
362,"hypercorrection","linear",-4.23824389357909,-4.24404604903506,-0.00580215545596374,0.00580215545596374,FALSE
363,"hypercorrection","linear",-1.45077051337328,-1.41053488844572,0.0402356249275584,0.0402356249275584,FALSE
364,"hypercorrection","linear",-10.2253440485615,-10.4499777321792,-0.224633683617769,0.224633683617769,FALSE
365,"hypercorrection","linear",-1.32053853637716,-1.4168955416376,-0.096357005260439,0.096357005260439,FALSE
366,"hypercorrection","linear",-6.17027458394209,-6.10604057877946,0.0642340051626302,0.0642340051626302,FALSE
367,"hypercorrection","linear",3.37046234136094,3.48707508881632,0.116612747455384,0.116612747455384,FALSE
369,"hypercorrection","linear",-7.2431557510189,-7.29647671317729,-0.0533209621583914,0.0533209621583914,FALSE
370,"hypercorrection","linear",-10.3200428049021,-10.4438599759231,-0.12381717102099,0.12381717102099,FALSE
371,"hypercorrection","linear",-5.93608028420752,-5.8782221489859,0.0578581352216183,0.0578581352216183,FALSE
372,"hypercorrection","linear",-8.42833723319639,-8.58948759812642,-0.161150364930032,0.161150364930032,FALSE
373,"hypercorrection","linear",-5.87347967703206,-5.87940857801989,-0.00592890098783094,0.00592890098783094,FALSE
374,"hypercorrection","linear",-4.49214934201429,-4.38625596554414,0.105893376470144,0.105893376470144,FALSE
375,"hypercorrection","linear",-1.86032238348602,-1.92272564353226,-0.0624032600462427,0.0624032600462427,FALSE
376,"hypercorrection","linear",-5.97624026810702,-6.12011466036607,-0.143874392259058,0.143874392259058,FALSE
378,"hypercorrection","linear",-8.18075120804174,-8.15855580941213,0.0221953986296111,0.0221953986296111,FALSE
380,"hypercorrection","linear",-5.88413105581802,-6.020363248656,-0.136232192837984,0.136232192837984,FALSE
381,"hypercorrection","linear",-5.33984313178292,-5.30201364233822,0.0378294894446993,0.0378294894446993,FALSE
382,"hypercorrection","linear",-2.46415956978519,-2.43960735131396,0.0245522184712335,0.0245522184712335,FALSE
383,"hypercorrection","linear",-0.729875634717244,-0.693042786851844,0.0368328478653999,0.0368328478653999,FALSE
384,"hypercorrection","linear",-5.08715178284797,-5.0994830844222,-0.012331301574231,0.012331301574231,FALSE
385,"hypercorrection","linear",1.54988813345096,1.58780524244665,0.0379171089956896,0.0379171089956896,FALSE
386,"hypercorrection","linear",0.599585712984965,0.714562383574517,0.114976670589553,0.114976670589553,FALSE
387,"hypercorrection","linear",-3.3949412296856,-3.39500020590771,-0.0000589762221094858,0.0000589762221094858,FALSE
388,"hypercorrection","linear",-5.67686323868408,-5.64401494754939,0.032848291134699,0.032848291134699,FALSE
389,"hypercorrection","linear",-3.3967798359232,-3.40440999448861,-0.00763015856541127,0.00763015856541127,FALSE
391,"hypercorrection","linear",-7.01453803332827,-7.0873070550363,-0.0727690217080275,0.0727690217080275,FALSE
392,"hypercorrection","linear",-10.385517333422,-10.6228559433633,-0.237338609941308,0.237338609941308,FALSE
393,"hypercorrection","linear",-5.1616345254013,-5.1500440906005,0.0115904348007954,0.0115904348007954,FALSE
394,"hypercorrection","linear",-6.69585397367742,-6.71411862547656,-0.0182646517991394,0.0182646517991394,FALSE
395,"hypercorrection","linear",-4.74509726128664,-4.68401884951006,0.061078411776581,0.061078411776581,FALSE
396,"hypercorrection","linear",-6.26397371211706,-6.30695137851149,-0.0429776663944379,0.0429776663944379,FALSE
397,"hypercorrection","linear",-1.23141131493179,-1.20133571605553,0.0300755988762571,0.0300755988762571,FALSE
398,"hypercorrection","linear",-3.20000047108414,-3.17120706661226,0.0287934044718745,0.0287934044718745,FALSE
399,"hypercorrection","linear",-8.06390050444183,-8.05642055856687,0.00747994587496059,0.00747994587496059,FALSE
400,"hypercorrection","linear",-5.4789287996197,-5.53232981972271,-0.0534010201030082,0.0534010201030082,FALSE
401,"hypercorrection","linear",-19.2491842369055,-19.6274127342926,-0.378228497387177,0.378228497387177,TRUE
402,"hypercorrection","linear",-2.37402086155275,-2.37614717243477,-0.00212631088201976,0.00212631088201976,FALSE
403,"hypercorrection","linear",-3.2896383941937,-3.25003870332881,0.0395996908648932,0.0395996908648932,FALSE
405,"hypercorrection","linear",-4.95405214552096,-4.99608162931078,-0.0420294837898192,0.0420294837898192,FALSE
406,"hypercorrection","linear",-8.92115607134429,-9.04794121842817,-0.126785147083881,0.126785147083881,FALSE
407,"hypercorrection","linear",-6.77277923690972,-6.77900398224553,-0.00622474533580686,0.00622474533580686,FALSE
408,"hypercorrection","linear",-1.0323259668865,-1.10294884858842,-0.0706228817019174,0.0706228817019174,FALSE
409,"hypercorrection","linear",-1.34661244082728,-1.39245655569995,-0.0458441148726705,0.0458441148726705,FALSE
410,"hypercorrection","linear",-13.0337825807908,-13.1899716837611,-0.156189102970254,0.156189102970254,FALSE
411,"hypercorrection","linear",-2.51385760803197,-2.55496874841194,-0.0411111403799742,0.0411111403799742,FALSE
412,"hypercorrection","linear",-2.84694160573235,-2.78411773524227,0.0628238704900808,0.0628238704900808,FALSE
413,"hypercorrection","linear",-6.01157360951034,-6.04384022426258,-0.0322666147522401,0.0322666147522401,FALSE
414,"hypercorrection","linear",-10.0693772418685,-10.1233914317298,-0.054014189861249,0.054014189861249,FALSE
415,"hypercorrection","linear",-0.367473980206453,-0.255561739021063,0.11191224118539,0.11191224118539,FALSE
416,"hypercorrection","linear",2.99136301671875,3.06298484961901,0.0716218329002563,0.0716218329002563,FALSE
417,"hypercorrection","linear",-6.676736948214,-6.69674853738689,-0.0200115891728903,0.0200115891728903,FALSE
418,"hypercorrection","linear",-7.04030123004547,-7.07473115877738,-0.0344299287319174,0.0344299287319174,FALSE
419,"hypercorrection","linear",-2.00418962289175,-1.91427726597149,0.0899123569202571,0.0899123569202571,FALSE
420,"hypercorrection","linear",-6.08865036685128,-6.06678303446119,0.0218673323900918,0.0218673323900918,FALSE
421,"hypercorrection","linear",-14.940525922537,-15.155679769834,-0.215153847296952,0.215153847296952,FALSE
422,"hypercorrection","linear",-1.7509917870045,-1.80279312263553,-0.0518013356310332,0.0518013356310332,FALSE
423,"hypercorrection","linear",-5.10395976712657,-5.13413402821619,-0.0301742610896225,0.0301742610896225,FALSE
424,"hypercorrection","linear",-7.94544245268852,-7.97651652199182,-0.0310740693033011,0.0310740693033011,FALSE
425,"hypercorrection","linear",-4.98352314822228,-4.96548004761116,0.0180431006111164,0.0180431006111164,FALSE
426,"hypercorrection","linear",-7.02887738950277,-7.0856591520844,-0.0567817625816218,0.0567817625816218,FALSE
428,"hypercorrection","linear",-10.8487675166409,-10.9185938100667,-0.0698262934258462,0.0698262934258462,FALSE
429,"hypercorrection","linear",-6.60941180356986,-6.64937430675996,-0.0399625031900994,0.0399625031900994,FALSE
432,"hypercorrection","linear",-6.70355553585595,-6.85036993519215,-0.146814399336193,0.146814399336193,FALSE
433,"hypercorrection","linear",-0.776436250980568,-0.665504509980808,0.110931740999761,0.110931740999761,FALSE
434,"hypercorrection","linear",0.248695309202659,0.245243237761202,-0.00345207144145693,0.00345207144145693,FALSE
435,"hypercorrection","linear",-3.73719986006131,-3.70365109904973,0.0335487610115788,0.0335487610115788,FALSE
436,"hypercorrection","linear",-3.23591755345645,-3.29148425015884,-0.0555666967023871,0.0555666967023871,FALSE
437,"hypercorrection","linear",-5.05934354964338,-5.05054667746588,0.00879687217750202,0.00879687217750202,FALSE
438,"hypercorrection","linear",-2.07022554547098,-2.08897951348815,-0.0187539680171751,0.0187539680171751,FALSE
439,"hypercorrection","linear",-8.40750922258851,-8.55790330521333,-0.150394082624818,0.150394082624818,FALSE
440,"hypercorrection","linear",0.069722791785155,0.0365442956878441,-0.0331784960973109,0.0331784960973109,FALSE
441,"hypercorrection","linear",-6.06826809921779,-6.12882870126778,-0.0605606020499945,0.0605606020499945,FALSE
442,"hypercorrection","linear",-3.90750458428667,-4.03806906116544,-0.130564476878769,0.130564476878769,FALSE
443,"hypercorrection","linear",-4.69074070638882,-4.69577119798792,-0.00503049159909352,0.00503049159909352,FALSE
444,"hypercorrection","linear",-4.28432196863039,-4.244551438046,0.0397705305843914,0.0397705305843914,FALSE
445,"hypercorrection","linear",-12.1773485349559,-12.314752755889,-0.137404220933155,0.137404220933155,FALSE
446,"hypercorrection","linear",-2.7333023874664,-2.68795319326693,0.0453491941994737,0.0453491941994737,FALSE
448,"hypercorrection","linear",-8.07524415525459,-8.08103304817757,-0.00578889292298079,0.00578889292298079,FALSE
449,"hypercorrection","linear",-3.19432203151502,-3.20637083829114,-0.0120488067761189,0.0120488067761189,FALSE
451,"hypercorrection","linear",-0.952102214999664,-0.897298270790807,0.0548039442088569,0.0548039442088569,FALSE
452,"hypercorrection","linear",-3.63597687159081,-3.68872290294118,-0.0527460313503667,0.0527460313503667,FALSE
453,"hypercorrection","linear",-7.91864572539018,-8.13128430885076,-0.212638583460577,0.212638583460577,FALSE
454,"hypercorrection","linear",-1.32522162655129,-1.28967886829816,0.0355427582531318,0.0355427582531318,FALSE
455,"hypercorrection","linear",-6.70826505387518,-6.72430291997459,-0.016037866099408,0.016037866099408,FALSE
456,"hypercorrection","linear",-4.43521102988461,-4.43342328586938,0.00178774401523452,0.00178774401523452,FALSE
457,"hypercorrection","linear",-6.33595628102046,-6.30575173490594,0.0302045461145175,0.0302045461145175,FALSE
458,"hypercorrection","linear",-9.40798067325145,-9.51490442368005,-0.106923750428599,0.106923750428599,FALSE
459,"hypercorrection","linear",-2.31480189979337,-2.3128501358666,0.00195176392676721,0.00195176392676721,FALSE
460,"hypercorrection","linear",-0.730244066094992,-0.746757171452891,-0.0165131053578984,0.0165131053578984,FALSE
461,"hypercorrection","linear",-1.86061605738823,-1.84235208292897,0.0182639744592668,0.0182639744592668,FALSE
462,"hypercorrection","linear",-3.05017808176334,-3.07494108911656,-0.0247630073532128,0.0247630073532128,FALSE
463,"hypercorrection","linear",-5.91232059089766,-5.92906197647734,-0.0167413855796852,0.0167413855796852,FALSE
464,"hypercorrection","linear",0.982667714337541,0.971044835400619,-0.0116228789369227,0.0116228789369227,FALSE
465,"hypercorrection","linear",-7.0449703509407,-7.09209941958403,-0.0471290686433283,0.0471290686433283,FALSE
466,"hypercorrection","linear",-7.73391685646086,-7.79859650554483,-0.0646796490839661,0.0646796490839661,FALSE
467,"hypercorrection","linear",-2.37635809297407,-2.27962160251389,0.0967364904601848,0.0967364904601848,FALSE
468,"hypercorrection","linear",-5.25981118167047,-5.13937646194273,0.120434719727738,0.120434719727738,FALSE
469,"hypercorrection","linear",3.19100384987019,3.2106402934186,0.0196364435484022,0.0196364435484022,FALSE
470,"hypercorrection","linear",-7.61091289960856,-7.62339558214092,-0.0124826825323625,0.0124826825323625,FALSE
471,"hypercorrection","linear",-4.3780902950119,-4.43247236053278,-0.0543820655208744,0.0543820655208744,FALSE
472,"hypercorrection","linear",-5.68259423019606,-5.77012013986128,-0.087525909665219,0.087525909665219,FALSE
473,"hypercorrection","linear",-4.02415053875275,-4.00908967469142,0.0150608640613319,0.0150608640613319,FALSE
474,"hypercorrection","linear",-0.66093005140128,-0.612756498973417,0.0481735524278624,0.0481735524278624,FALSE
475,"hypercorrection","linear",-4.67407776912129,-4.69175185152339,-0.0176740824020962,0.0176740824020962,FALSE
476,"hypercorrection","linear",-4.94918225771823,-5.10164343909002,-0.15246118137179,0.15246118137179,FALSE
477,"hypercorrection","linear",-4.1703748863325,-4.15476501514453,0.0156098711879755,0.0156098711879755,FALSE
479,"hypercorrection","linear",-1.02777795152041,-1.07113618036716,-0.0433582288467547,0.0433582288467547,FALSE
480,"hypercorrection","linear",-0.198438133045867,-0.262658121404708,-0.0642199883588402,0.0642199883588402,FALSE
482,"hypercorrection","linear",-2.72595217804416,-2.74323880903418,-0.0172866309900135,0.0172866309900135,FALSE
483,"hypercorrection","linear",-3.0454419062232,-2.9772497338404,0.068192172382803,0.068192172382803,FALSE
484,"hypercorrection","linear",-5.59051516582241,-5.58950243228101,0.00101273354139675,0.00101273354139675,FALSE
485,"hypercorrection","linear",-3.88075056492992,-3.86516476502944,0.0155857999004771,0.0155857999004771,FALSE
486,"hypercorrection","linear",-2.71332586637041,-2.70030857763044,0.0130172887399658,0.0130172887399658,FALSE
488,"hypercorrection","linear",-7.62765760255775,-7.6874123567057,-0.0597547541479511,0.0597547541479511,FALSE
489,"hypercorrection","linear",-8.33874944106459,-8.29259680734518,0.0461526337194016,0.0461526337194016,FALSE
490,"hypercorrection","linear",-3.07639068047726,-3.13451960102881,-0.0581289205515443,0.0581289205515443,FALSE
491,"hypercorrection","linear",1.79316924017767,1.87892631217905,0.085757072001386,0.085757072001386,FALSE
492,"hypercorrection","linear",-0.433992568737283,-0.411433808900768,0.0225587598365159,0.0225587598365159,FALSE
493,"hypercorrection","linear",-5.92147876189373,-5.94433580836245,-0.0228570464687152,0.0228570464687152,FALSE
494,"hypercorrection","linear",0.337508998402015,0.397788234965025,0.0602792365630093,0.0602792365630093,FALSE
495,"hypercorrection","linear",-0.819480302593827,-0.712951852062117,0.10652845053171,0.10652845053171,FALSE
496,"hypercorrection","linear",-6.23018880135898,-6.21373364329771,0.0164551580612775,0.0164551580612775,FALSE
498,"hypercorrection","linear",-0.386695291020534,-0.410483773048742,-0.0237884820282078,0.0237884820282078,FALSE
499,"hypercorrection","linear",-10.1712185496022,-10.1744531124983,-0.00323456289612167,0.00323456289612167,FALSE
500,"hypercorrection","linear",-4.21963617432931,-4.26345986073682,-0.0438236864075137,0.0438236864075137,FALSE
501,"hypercorrection","linear",-12.2156108637869,-12.2958518986934,-0.0802410349065852,0.0802410349065852,FALSE
502,"hypercorrection","linear",-5.03081560538613,-4.98781367528411,0.0430019301020179,0.0430019301020179,FALSE
503,"hypercorrection","linear",-5.4495518431116,-5.41667845799717,0.0328733851144376,0.0328733851144376,FALSE
505,"hypercorrection","linear",1.78945043192831,1.8665295089422,0.0770790770138923,0.0770790770138923,FALSE
506,"hypercorrection","linear",-4.61796261572529,-4.60770930369722,0.0102533120280759,0.0102533120280759,FALSE
509,"hypercorrection","linear",-2.92180596111635,-2.95042241376126,-0.0286164526449011,0.0286164526449011,FALSE
510,"hypercorrection","linear",1.35074355177766,1.40285895434709,0.0521154025694268,0.0521154025694268,FALSE
512,"hypercorrection","linear",-7.7358366803508,-7.86551287654042,-0.129676196189622,0.129676196189622,FALSE
513,"hypercorrection","linear",-3.68550009482837,-3.73620228030882,-0.0507021854804521,0.0507021854804521,FALSE
514,"hypercorrection","linear",-5.9842575627794,-6.01949127050143,-0.0352337077220302,0.0352337077220302,FALSE
515,"hypercorrection","linear",-7.56855491101821,-7.75744592915495,-0.188891018136742,0.188891018136742,FALSE
516,"hypercorrection","linear",-4.87483780073545,-4.92663045440169,-0.0517926536662383,0.0517926536662383,FALSE
517,"hypercorrection","linear",-6.40383963251345,-6.37688919496604,0.026950437547411,0.026950437547411,FALSE
518,"hypercorrection","linear",-6.60056385287624,-6.6892169995477,-0.0886531466714517,0.0886531466714517,FALSE
519,"hypercorrection","linear",0.378827252986239,0.436544450624384,0.0577171976381451,0.0577171976381451,FALSE
520,"hypercorrection","linear",1.29742514382991,1.38335916112336,0.0859340172934473,0.0859340172934473,FALSE
521,"hypercorrection","linear",-0.45306820079566,-0.326289160451192,0.126779040344468,0.126779040344468,FALSE
523,"hypercorrection","linear",-2.01451646457335,-2.02898188566637,-0.0144654210930129,0.0144654210930129,FALSE
524,"hypercorrection","linear",-4.53554669325695,-4.6156203136033,-0.0800736203463561,0.0800736203463561,FALSE
525,"hypercorrection","linear",-6.0510169245003,-6.12451550971377,-0.0734985852134793,0.0734985852134793,FALSE
526,"hypercorrection","linear",-4.51779774707411,-4.39018915870114,0.127608588372963,0.127608588372963,FALSE
527,"hypercorrection","linear",-1.15339575554728,-1.09574284433206,0.0576529112152162,0.0576529112152162,FALSE
528,"hypercorrection","linear",-3.22827760384539,-3.18172990964988,0.0465476941955014,0.0465476941955014,FALSE
530,"hypercorrection","linear",-6.48476751692987,-6.56114537129419,-0.0763778543643285,0.0763778543643285,FALSE
531,"hypercorrection","linear",1.42666512176157,1.42608255867281,-0.000582563088758814,0.000582563088758814,FALSE
532,"hypercorrection","linear",-5.83886271537314,-5.81827317938444,0.0205895359887069,0.0205895359887069,FALSE
534,"hypercorrection","linear",-8.40687099484628,-8.71163034581055,-0.30475935096427,0.30475935096427,FALSE
536,"hypercorrection","linear",-3.41219679980006,-3.42033889936719,-0.00814209956712819,0.00814209956712819,FALSE
537,"hypercorrection","linear",-0.571586620306149,-0.553790291477355,0.0177963288287933,0.0177963288287933,FALSE
538,"hypercorrection","linear",-3.48381379868955,-3.5424933860525,-0.0586795873629438,0.0586795873629438,FALSE
539,"hypercorrection","linear",-8.31366988214917,-8.23729058437343,0.0763792977757358,0.0763792977757358,FALSE
541,"hypercorrection","linear",-6.46318367241014,-6.4988910041215,-0.0357073317113583,0.0357073317113583,FALSE
542,"hypercorrection","linear",-2.19102689963101,-2.25374582858591,-0.0627189289548995,0.0627189289548995,FALSE
543,"hypercorrection","linear",-2.22303825443285,-2.09377876509389,0.129259489338959,0.129259489338959,FALSE
544,"hypercorrection","linear",-5.7438278006474,-5.7956022849087,-0.0517744842613048,0.0517744842613048,FALSE
546,"hypercorrection","linear",-8.12804928501613,-8.11056869296578,0.017480592050358,0.017480592050358,FALSE
547,"hypercorrection","linear",-5.94783038823327,-6.00438545898726,-0.056555070753987,0.056555070753987,FALSE
548,"hypercorrection","linear",-1.97740494959379,-1.90441017579061,0.0729947738031809,0.0729947738031809,FALSE
550,"hypercorrection","linear",-5.95892150316011,-6.01092899780768,-0.0520074946475688,0.0520074946475688,FALSE
551,"hypercorrection","linear",-4.24315153349782,-4.36825977790886,-0.125108244411039,0.125108244411039,FALSE
552,"hypercorrection","linear",-7.00154149361981,-6.95038428156707,0.0511572120527397,0.0511572120527397,FALSE
555,"hypercorrection","linear",-2.56449549468185,-2.55796844773615,0.00652704694569417,0.00652704694569417,FALSE
556,"hypercorrection","linear",-3.11104058586917,-3.19157419815461,-0.0805336122854396,0.0805336122854396,FALSE
557,"hypercorrection","linear",-4.4371937335146,-4.53834870428904,-0.101154970774438,0.101154970774438,FALSE
559,"hypercorrection","linear",1.75086265709468,1.93915745145301,0.188294794358331,0.188294794358331,FALSE
560,"hypercorrection","linear",0.620127160583292,0.737065929679124,0.116938769095832,0.116938769095832,FALSE
561,"hypercorrection","linear",-2.88758041004574,-2.96948522697998,-0.0819048169342387,0.0819048169342387,FALSE
562,"hypercorrection","linear",-3.39619335411391,-3.53239875879055,-0.136205404676635,0.136205404676635,FALSE
563,"hypercorrection","linear",-8.44015758420347,-8.65453868423261,-0.214381100029142,0.214381100029142,FALSE
564,"hypercorrection","linear",-2.04652471393369,-2.05033985474453,-0.00381514081084111,0.00381514081084111,FALSE
565,"hypercorrection","linear",-7.9164500029655,-7.94718876119309,-0.0307387582275869,0.0307387582275869,FALSE
566,"hypercorrection","linear",-7.03847401387474,-7.09542188428857,-0.0569478704138273,0.0569478704138273,FALSE
567,"hypercorrection","linear",-5.40061624930166,-5.35021354597378,0.0504027033278716,0.0504027033278716,FALSE
568,"hypercorrection","linear",-5.65620990170623,-5.58042329410073,0.0757866076054983,0.0757866076054983,FALSE
569,"hypercorrection","linear",-0.81129874235984,-0.815069544706204,-0.00377080234636429,0.00377080234636429,FALSE
571,"hypercorrection","linear",-5.2634777757812,-5.31386276601075,-0.050384990229551,0.050384990229551,FALSE
573,"hypercorrection","linear",-6.23509800305799,-6.13448460700902,0.100613396048975,0.100613396048975,FALSE
574,"hypercorrection","linear",-2.64497834549896,-2.57445567397843,0.0705226715205329,0.0705226715205329,FALSE
575,"hypercorrection","linear",-2.78535534659675,-2.78376425241016,0.00159109418659353,0.00159109418659353,FALSE
576,"hypercorrection","linear",-7.00918489792412,-6.97758858305302,0.031596314871094,0.031596314871094,FALSE
578,"hypercorrection","linear",-8.81741748604552,-8.8354642226283,-0.0180467365827699,0.0180467365827699,FALSE
579,"hypercorrection","linear",-4.317650183809,-4.28253180066249,0.035118383146509,0.035118383146509,FALSE
580,"hypercorrection","linear",-10.6908378098339,-10.7994851606665,-0.10864735083269,0.10864735083269,FALSE
581,"hypercorrection","linear",-7.75074118476662,-7.78728706992693,-0.0365458851603089,0.0365458851603089,FALSE
584,"hypercorrection","linear",-8.17409443175518,-8.22601774462813,-0.0519233128729493,0.0519233128729493,FALSE
585,"hypercorrection","linear",-6.09705435158707,-6.10172849450354,-0.00467414291647117,0.00467414291647117,FALSE
587,"hypercorrection","linear",-2.70322735077781,-2.74079679711098,-0.0375694463331691,0.0375694463331691,FALSE
589,"hypercorrection","linear",-5.68763766012333,-5.73951852791621,-0.0518808677928719,0.0518808677928719,FALSE
590,"hypercorrection","linear",-4.37600595516675,-4.34435281616834,0.0316531389984132,0.0316531389984132,FALSE
591,"hypercorrection","linear",-4.5808018449758,-4.5412632379039,0.0395386070719015,0.0395386070719015,FALSE
592,"hypercorrection","linear",-4.41785257117827,-4.38267270745134,0.0351798637269347,0.0351798637269347,FALSE
593,"hypercorrection","linear",-4.17468504926585,-4.13893220261715,0.0357528466486992,0.0357528466486992,FALSE
594,"hypercorrection","linear",-7.29974691796911,-7.39439884729541,-0.0946519293262966,0.0946519293262966,FALSE
595,"hypercorrection","linear",-0.113991251933389,0.00308060817815925,0.117071860111548,0.117071860111548,FALSE
596,"hypercorrection","linear",-4.13649421177247,-4.15462761190756,-0.0181334001350848,0.0181334001350848,FALSE
597,"hypercorrection","linear",-5.37866363185232,-5.49025893925716,-0.111595307404839,0.111595307404839,FALSE
598,"hypercorrection","linear",-2.12366460179867,-2.16855123316741,-0.0448866313687439,0.0448866313687439,FALSE
599,"hypercorrection","linear",-1.75635284462273,-1.71260309794699,0.0437497466757395,0.0437497466757395,FALSE
600,"hypercorrection","linear",-2.51602302943355,-2.43075625872657,0.0852667707069825,0.0852667707069825,FALSE
601,"hypercorrection","linear",-3.15954669253935,-3.1369445657358,0.0226021268035508,0.0226021268035508,FALSE
602,"hypercorrection","linear",-8.12092890654223,-8.2448291698469,-0.123900263304666,0.123900263304666,FALSE
603,"hypercorrection","linear",-3.28789022037697,-3.4259723592763,-0.138082138899323,0.138082138899323,FALSE
604,"hypercorrection","linear",-1.85044712035896,-1.91870848797587,-0.0682613676169026,0.0682613676169026,FALSE
605,"hypercorrection","linear",-6.92220382396761,-6.97395125275153,-0.0517474287839157,0.0517474287839157,FALSE
606,"hypercorrection","linear",-8.60144526485286,-9.02587964406008,-0.424434379207215,0.424434379207215,FALSE
607,"hypercorrection","linear",-5.50684723218216,-5.46889428509386,0.0379529470883071,0.0379529470883071,FALSE
608,"hypercorrection","linear",-6.02094310429272,-5.98613682953892,0.0348062747537945,0.0348062747537945,FALSE
609,"hypercorrection","linear",-4.61743336539154,-4.58059722795044,0.0368361374410995,0.0368361374410995,FALSE
610,"hypercorrection","linear",1.17037751197952,1.1909819796093,0.0206044676297814,0.0206044676297814,FALSE
611,"hypercorrection","linear",-0.715851414925761,-0.572286197072188,0.143565217853572,0.143565217853572,FALSE
612,"hypercorrection","linear",-7.62133190526847,-7.59056384768499,0.0307680575834839,0.0307680575834839,FALSE
613,"hypercorrection","linear",-6.88719010021047,-6.95907880629098,-0.0718887060805162,0.0718887060805162,FALSE
614,"hypercorrection","linear",-8.33622618490826,-8.3800685652387,-0.0438423803304318,0.0438423803304318,FALSE
615,"hypercorrection","linear",-11.2060349563298,-11.3965579997751,-0.19052304344523,0.19052304344523,FALSE
616,"hypercorrection","linear",-3.44773858236279,-3.34338955164342,0.104349030719371,0.104349030719371,FALSE
618,"hypercorrection","linear",-0.0274890538051897,-0.0381681929009355,-0.0106791390957457,0.0106791390957457,FALSE
619,"hypercorrection","linear",-6.658453881292,-6.70011834508201,-0.0416644637900134,0.0416644637900134,FALSE
620,"hypercorrection","linear",-6.29163432998638,-6.2743853780396,0.0172489519467778,0.0172489519467778,FALSE
621,"hypercorrection","linear",-3.94503981111475,-3.90256318242811,0.042476628686638,0.042476628686638,FALSE
622,"hypercorrection","linear",1.84717987574121,1.89644079593203,0.0492609201908167,0.0492609201908167,FALSE
623,"hypercorrection","linear",-5.99281205862992,-5.99478876765477,-0.0019767090248477,0.0019767090248477,FALSE
624,"hypercorrection","linear",-7.57491629345407,-7.5556934279458,0.0192228655082607,0.0192228655082607,FALSE
625,"hypercorrection","linear",-5.02250449940857,-5.02671738931029,-0.00421288990171931,0.00421288990171931,FALSE
626,"hypercorrection","linear",-3.89124527831382,-3.8174361921399,0.0738090861739229,0.0738090861739229,FALSE
627,"hypercorrection","linear",-7.13205956776905,-7.20775174551828,-0.0756921777492252,0.0756921777492252,FALSE
629,"hypercorrection","linear",-2.12136755487085,-2.19492413197615,-0.0735565771053004,0.0735565771053004,FALSE
630,"hypercorrection","linear",-4.35952297004217,-4.31232784132642,0.0471951287157513,0.0471951287157513,FALSE
631,"hypercorrection","linear",-1.27061638283147,-1.19154986973009,0.0790665131013817,0.0790665131013817,FALSE
632,"hypercorrection","linear",-9.84198447522108,-9.8879818369433,-0.0459973617222253,0.0459973617222253,FALSE
633,"hypercorrection","linear",-0.442056347896399,-0.448087614214227,-0.00603126631782791,0.00603126631782791,FALSE
634,"hypercorrection","linear",-0.341874967449256,-0.293037045522789,0.0488379219264676,0.0488379219264676,FALSE
635,"hypercorrection","linear",0.379695198540214,0.529695909333911,0.150000710793696,0.150000710793696,FALSE
636,"hypercorrection","linear",-9.53589377398164,-9.60276486052738,-0.066871086545742,0.066871086545742,FALSE
637,"hypercorrection","linear",-1.66748518224767,-1.70330744079355,-0.0358222585458803,0.0358222585458803,FALSE
638,"hypercorrection","linear",-4.21689346649209,-4.12354341494421,0.0933500515478771,0.0933500515478771,FALSE
639,"hypercorrection","linear",-1.96365939662856,-1.81306088701318,0.150598509615378,0.150598509615378,FALSE
640,"hypercorrection","linear",-4.73607923536505,-4.78236020789134,-0.0462809725262918,0.0462809725262918,FALSE
641,"hypercorrection","linear",-1.31068132763856,-1.38447879902878,-0.0737974713902223,0.0737974713902223,FALSE
642,"hypercorrection","linear",-11.3888877775805,-11.4185570324634,-0.0296692548829292,0.0296692548829292,FALSE
643,"hypercorrection","linear",-3.39132940485535,-3.51550886475298,-0.12417945989763,0.12417945989763,FALSE
645,"hypercorrection","linear",-4.68664091922955,-4.70642819587572,-0.0197872766461717,0.0197872766461717,FALSE
646,"hypercorrection","linear",-6.18921586723405,-6.22863706904242,-0.0394212018083637,0.0394212018083637,FALSE
647,"hypercorrection","linear",-2.62127876060587,-2.57944667727989,0.0418320833259807,0.0418320833259807,FALSE
648,"hypercorrection","linear",-4.98447042751811,-4.96965464773118,0.0148157797869342,0.0148157797869342,FALSE
649,"hypercorrection","linear",-6.90872372103928,-6.96139312073975,-0.0526693997004708,0.0526693997004708,FALSE
650,"hypercorrection","linear",-0.999351447102465,-0.943373111163117,0.0559783359393478,0.0559783359393478,FALSE
651,"hypercorrection","linear",-5.67942002448373,-5.67915754315509,0.000262481328647368,0.000262481328647368,FALSE
652,"hypercorrection","linear",-2.7910074275548,-2.88216392834948,-0.0911565007946726,0.0911565007946726,FALSE
653,"hypercorrection","linear",-3.60785359312801,-3.60847382240078,-0.000620229272776829,0.000620229272776829,FALSE
654,"hypercorrection","linear",-1.25585703127856,-1.21112995121275,0.0447270800658053,0.0447270800658053,FALSE
656,"hypercorrection","linear",-5.16537047464926,-5.09926683546327,0.0661036391859895,0.0661036391859895,FALSE
657,"hypercorrection","linear",-4.18970328423762,-4.13243344280271,0.0572698414349144,0.0572698414349144,FALSE
659,"hypercorrection","linear",-0.390216242002089,-0.395497636936266,-0.00528139493417706,0.00528139493417706,FALSE
661,"hypercorrection","linear",-0.726156181802616,-0.671065185394301,0.0550909964083148,0.0550909964083148,FALSE
662,"hypercorrection","linear",-2.69707821653679,-2.64939837881617,0.0476798377206205,0.0476798377206205,FALSE
664,"hypercorrection","linear",-4.42678972591197,-4.53860999812574,-0.11182027221377,0.11182027221377,FALSE
665,"hypercorrection","linear",-11.4156923615671,-11.5553882328654,-0.139695871298352,0.139695871298352,FALSE
668,"hypercorrection","linear",-0.469141893269568,-0.429892780247159,0.039249113022409,0.039249113022409,FALSE
669,"hypercorrection","linear",-5.84823390449242,-5.84434837763442,0.00388552685800203,0.00388552685800203,FALSE
670,"hypercorrection","linear",0.242890363645935,0.264747411357658,0.021857047711723,0.021857047711723,FALSE
671,"hypercorrection","linear",-7.10864383072283,-7.08911757568745,0.0195262550353705,0.0195262550353705,FALSE
672,"hypercorrection","linear",-1.73058039189809,-1.64839296354078,0.0821874283573065,0.0821874283573065,FALSE
673,"hypercorrection","linear",-6.42067710390151,-6.55526950412426,-0.134592400222754,0.134592400222754,FALSE
1,"hypercorrection","logistic",0.887755022958092,0.88775309247696,-0.00000193048113261707,0.00000193048113261707,FALSE
2,"hypercorrection","logistic",0.997514308656724,0.997514172799642,-0.000000135857082694812,0.000000135857082694812,FALSE
3,"hypercorrection","logistic",0.976219621133807,0.976218837167486,-0.000000783966321082907,0.000000783966321082907,FALSE
4,"hypercorrection","logistic",0.827637316127184,0.827636607546661,-0.000000708580522257307,0.000000708580522257307,FALSE
5,"hypercorrection","logistic",0.865995630946737,0.865994265501639,-0.00000136544509854453,0.00000136544509854453,FALSE
6,"hypercorrection","logistic",0.606302835474451,0.606300810393865,-0.00000202508058622097,0.00000202508058622097,FALSE
7,"hypercorrection","logistic",0.969146257803864,0.969145379661117,-0.000000878142747184896,0.000000878142747184896,FALSE
8,"hypercorrection","logistic",0.865232014321952,0.865229495975819,-0.00000251834613340662,0.00000251834613340662,FALSE
9,"hypercorrection","logistic",0.128853662760863,0.12885454363893,0.000000880878066933377,0.000000880878066933377,FALSE
10,"hypercorrection","logistic",0.834141203593993,0.834138181952992,-0.00000302164100096647,0.00000302164100096647,FALSE
11,"hypercorrection","logistic",0.904645643474298,0.904643158300747,-0.00000248517355050382,0.00000248517355050382,FALSE
12,"hypercorrection","logistic",0.251887045935259,0.251888568387112,0.00000152245185314204,0.00000152245185314204,FALSE
13,"hypercorrection","logistic",0.995008585317866,0.995008094116597,-0.000000491201268992825,0.000000491201268992825,FALSE
14,"hypercorrection","logistic",0.199949054643874,0.199951130000265,0.00000207535639132339,0.00000207535639132339,FALSE
15,"hypercorrection","logistic",0.179718997453656,0.179720136543519,0.00000113908986262845,0.00000113908986262845,FALSE
16,"hypercorrection","logistic",0.670059526794127,0.670057813165422,-0.00000171362870504677,0.00000171362870504677,FALSE
17,"hypercorrection","logistic",0.50841011471862,0.508408377151687,-0.00000173756693366833,0.00000173756693366833,FALSE
18,"hypercorrection","logistic",0.966743596828773,0.96674188960529,-0.00000170722348247221,0.00000170722348247221,FALSE
19,"hypercorrection","logistic",0.382940196081997,0.382938145781911,-0.00000205030008665341,0.00000205030008665341,FALSE
20,"hypercorrection","logistic",0.960071557951243,0.960070324254347,-0.00000123369689597475,0.00000123369689597475,FALSE
21,"hypercorrection","logistic",0.523713955886935,0.523713817471846,-0.000000138415089057098,0.000000138415089057098,FALSE
22,"hypercorrection","logistic",0.721041649707712,0.721040897471472,-0.000000752236239853765,0.000000752236239853765,FALSE
23,"hypercorrection","logistic",0.237890666078418,0.237891637166267,0.000000971087848383734,0.000000971087848383734,FALSE
24,"hypercorrection","logistic",0.0604465606875962,0.0604474356283336,0.000000874940737458085,0.000000874940737458085,FALSE
25,"hypercorrection","logistic",0.91917474821294,0.919173606870133,-0.0000011413428074869,0.0000011413428074869,FALSE
26,"hypercorrection","logistic",0.893322748895839,0.89332049778103,-0.00000225111480922635,0.00000225111480922635,FALSE
27,"hypercorrection","logistic",0.254643895179231,0.254648081994247,0.00000418681501634932,0.00000418681501634932,FALSE
28,"hypercorrection","logistic",0.381830942127097,0.381832207032583,0.00000126490548602032,0.00000126490548602032,FALSE
29,"hypercorrection","logistic",0.261219006110338,0.261222574845664,0.0000035687353258651,0.0000035687353258651,FALSE
30,"hypercorrection","logistic",0.652238615447394,0.652236067021082,-0.00000254842631208785,0.00000254842631208785,FALSE
31,"hypercorrection","logistic",0.261866844269589,0.261867840415536,0.00000099614594761821,0.00000099614594761821,FALSE
32,"hypercorrection","logistic",0.98841467251559,0.988413814218928,-0.000000858296662742397,0.000000858296662742397,FALSE
33,"hypercorrection","logistic",0.948188991617556,0.948187987758491,-0.00000100385906520728,0.00000100385906520728,FALSE
34,"hypercorrection","logistic",0.702902261460136,0.702898933878911,-0.00000332758122467691,0.00000332758122467691,FALSE
35,"hypercorrection","logistic",0.324366741287773,0.324368733973099,0.00000199268532602437,0.00000199268532602437,FALSE
36,"hypercorrection","logistic",0.105002752800456,0.105001946914281,-0.000000805886175500592,0.000000805886175500592,FALSE
37,"hypercorrection","logistic",0.338691684658588,0.338695749473634,0.00000406481504622302,0.00000406481504622302,FALSE
38,"hypercorrection","logistic",0.989787940301795,0.989787162818897,-0.000000777482897729165,0.000000777482897729165,FALSE
39,"hypercorrection","logistic",0.327773687647693,0.327779075990145,0.00000538834245206177,0.00000538834245206177,FALSE
40,"hypercorrection","logistic",0.449905704071164,0.449906755868634,0.00000105179747039719,0.00000105179747039719,FALSE
41,"hypercorrection","logistic",0.999182159151604,0.999182094679172,-0.000000064472432059759,0.000000064472432059759,FALSE
42,"hypercorrection","logistic",0.606380907309423,0.606381226028496,0.000000318719073355567,0.000000318719073355567,FALSE
43,"hypercorrection","logistic",0.331686502859882,0.331687534116017,0.00000103125613504229,0.00000103125613504229,FALSE
44,"hypercorrection","logistic",0.430912574427244,0.430911076897087,-0.00000149753015721288,0.00000149753015721288,FALSE
45,"hypercorrection","logistic",0.88049112573947,0.880490052126836,-0.00000107361263379513,0.00000107361263379513,FALSE
47,"hypercorrection","logistic",0.647379862107148,0.647379468734504,-0.000000393372643681111,0.000000393372643681111,FALSE
48,"hypercorrection","logistic",0.982108649156822,0.982107803740975,-0.000000845415846995046,0.000000845415846995046,FALSE
49,"hypercorrection","logistic",0.906441740350862,0.906441211629553,-0.000000528721309844826,0.000000528721309844826,FALSE
50,"hypercorrection","logistic",0.825032453061934,0.825027908760102,-0.00000454430183249865,0.00000454430183249865,FALSE
51,"hypercorrection","logistic",0.716118580914654,0.716115946290595,-0.0000026346240583619,0.0000026346240583619,FALSE
52,"hypercorrection","logistic",0.741468513283805,0.741466912595303,-0.00000160068850207917,0.00000160068850207917,FALSE
53,"hypercorrection","logistic",0.527343988613133,0.527339908682902,-0.00000407993023121556,0.00000407993023121556,FALSE
54,"hypercorrection","logistic",0.645614033546203,0.645609966440846,-0.00000406710535683086,0.00000406710535683086,FALSE
55,"hypercorrection","logistic",0.57616458788843,0.576163859867283,-0.000000728021146256808,0.000000728021146256808,FALSE
56,"hypercorrection","logistic",0.904140864187078,0.904137717205253,-0.00000314698182479756,0.00000314698182479756,FALSE
57,"hypercorrection","logistic",0.133364242833329,0.133365742988664,0.00000150015533545433,0.00000150015533545433,FALSE
58,"hypercorrection","logistic",0.072372603616745,0.0723734323156681,0.000000828698923149851,0.000000828698923149851,FALSE
59,"hypercorrection","logistic",0.100240911245207,0.100242899559366,0.00000198831415941514,0.00000198831415941514,FALSE
60,"hypercorrection","logistic",0.0820954005112268,0.0820964148745261,0.00000101436329934257,0.00000101436329934257,FALSE
61,"hypercorrection","logistic",0.738456834820745,0.738454672894485,-0.00000216192626056877,0.00000216192626056877,FALSE
62,"hypercorrection","logistic",0.576842472224177,0.576842260685049,-0.000000211539128547322,0.000000211539128547322,FALSE
63,"hypercorrection","logistic",0.99507326213188,0.99507293085075,-0.000000331281130749872,0.000000331281130749872,FALSE
64,"hypercorrection","logistic",0.0884301215496242,0.0884318359659946,0.00000171441637031311,0.00000171441637031311,FALSE
65,"hypercorrection","logistic",0.862755588569277,0.862754379778366,-0.00000120879091092263,0.00000120879091092263,FALSE
66,"hypercorrection","logistic",0.122065785772725,0.122067651064414,0.00000186529168914873,0.00000186529168914873,FALSE
67,"hypercorrection","logistic",0.96020092256731,0.960199696334104,-0.00000122623320597537,0.00000122623320597537,FALSE
68,"hypercorrection","logistic",0.882009796340546,0.882009738951178,-0.0000000573893678135207,0.0000000573893678135207,FALSE
69,"hypercorrection","logistic",0.419957155795665,0.419955732401703,-0.00000142339396191904,0.00000142339396191904,FALSE
70,"hypercorrection","logistic",0.828636760251981,0.828634037094414,-0.00000272315756644215,0.00000272315756644215,FALSE
71,"hypercorrection","logistic",0.222440196665516,0.222442749576081,0.00000255291056441842,0.00000255291056441842,FALSE
72,"hypercorrection","logistic",0.869368081890195,0.869365704152747,-0.00000237773744715675,0.00000237773744715675,FALSE
73,"hypercorrection","logistic",0.581683213586844,0.581684858725224,0.00000164513838030178,0.00000164513838030178,FALSE
74,"hypercorrection","logistic",0.332505887371959,0.332509055459265,0.00000316808730632667,0.00000316808730632667,FALSE
75,"hypercorrection","logistic",0.207530908531389,0.207531181060718,0.000000272529329520266,0.000000272529329520266,FALSE
76,"hypercorrection","logistic",0.983494221516146,0.983493485087825,-0.000000736428321657101,0.000000736428321657101,FALSE
77,"hypercorrection","logistic",0.608916675034158,0.608915780949189,-0.000000894084968727782,0.000000894084968727782,FALSE
78,"hypercorrection","logistic",0.941180793043859,0.941179123314582,-0.00000166972927762021,0.00000166972927762021,FALSE
79,"hypercorrection","logistic",0.488702217721529,0.4887043109516,0.00000209323007033246,0.00000209323007033246,FALSE
80,"hypercorrection","logistic",0.68851188779249,0.688507489776998,-0.00000439801549223517,0.00000439801549223517,FALSE
81,"hypercorrection","logistic",0.999890457628496,0.99989044208522,-0.0000000155432757775742,0.0000000155432757775742,TRUE
82,"hypercorrection","logistic",0.404762223531917,0.404764155950547,0.00000193241862961324,0.00000193241862961324,FALSE
83,"hypercorrection","logistic",0.636525771283638,0.636525425982485,-0.00000034530115256004,0.00000034530115256004,FALSE
84,"hypercorrection","logistic",0.75149385460711,0.751493401850545,-0.000000452756564350842,0.000000452756564350842,FALSE
85,"hypercorrection","logistic",0.132560660885142,0.132561939242591,0.00000127835744881399,0.00000127835744881399,FALSE
86,"hypercorrection","logistic",0.889620310135677,0.88961922870308,-0.00000108143259713867,0.00000108143259713867,FALSE
87,"hypercorrection","logistic",0.969534396168776,0.969532797625826,-0.00000159854294945472,0.00000159854294945472,FALSE
88,"hypercorrection","logistic",0.245269413009644,0.245270175296114,0.000000762286469835338,0.000000762286469835338,FALSE
89,"hypercorrection","logistic",0.232597873894197,0.232602796495165,0.00000492260096746078,0.00000492260096746078,FALSE
90,"hypercorrection","logistic",0.383334418070604,0.383336509962382,0.00000209189177746705,0.00000209189177746705,FALSE
91,"hypercorrection","logistic",0.830607871878345,0.830605878114441,-0.00000199376390463968,0.00000199376390463968,FALSE
92,"hypercorrection","logistic",0.8256838718743,0.825681926101033,-0.00000194577326773082,0.00000194577326773082,FALSE
93,"hypercorrection","logistic",0.205778980678716,0.205781600240155,0.00000261956143934872,0.00000261956143934872,FALSE
94,"hypercorrection","logistic",0.182547192845227,0.182548592910406,0.00000140006517901359,0.00000140006517901359,FALSE
95,"hypercorrection","logistic",0.539882948209763,0.539884414140279,0.00000146593051586486,0.00000146593051586486,FALSE
96,"hypercorrection","logistic",0.0546601315714762,0.0546616908789564,0.00000155930748015065,0.00000155930748015065,FALSE
97,"hypercorrection","logistic",0.873280630642515,0.873278023224918,-0.00000260741759761096,0.00000260741759761096,FALSE
98,"hypercorrection","logistic",0.244663283833304,0.244664022230369,0.00000073839706501988,0.00000073839706501988,FALSE
99,"hypercorrection","logistic",0.654075059562117,0.654072949143864,-0.00000211041825304292,0.00000211041825304292,FALSE
100,"hypercorrection","logistic",0.952976669586497,0.952974365848423,-0.00000230373807330597,0.00000230373807330597,FALSE
101,"hypercorrection","logistic",0.99008071817576,0.990080209227992,-0.000000508947768262935,0.000000508947768262935,FALSE
102,"hypercorrection","logistic",0.38424792378687,0.384248753729865,0.000000829942994773347,0.000000829942994773347,FALSE
103,"hypercorrection","logistic",0.919533693832027,0.919530964691364,-0.00000272914066323793,0.00000272914066323793,FALSE
104,"hypercorrection","logistic",0.994448290363007,0.99444802582067,-0.000000264542336925189,0.000000264542336925189,FALSE
105,"hypercorrection","logistic",0.972506793539799,0.972505828372444,-0.000000965167355149177,0.000000965167355149177,FALSE
106,"hypercorrection","logistic",0.181687754118241,0.181689971450736,0.00000221733249483602,0.00000221733249483602,FALSE
107,"hypercorrection","logistic",0.992555693925993,0.992555311225979,-0.000000382700014345261,0.000000382700014345261,FALSE
108,"hypercorrection","logistic",0.632390352503033,0.632387481239466,-0.00000287126356757206,0.00000287126356757206,FALSE
109,"hypercorrection","logistic",0.0872345777910697,0.0872359037963081,0.00000132600523840287,0.00000132600523840287,FALSE
110,"hypercorrection","logistic",0.784355497386909,0.784352145660294,-0.00000335172661469763,0.00000335172661469763,FALSE
111,"hypercorrection","logistic",0.39148329443723,0.391482858193945,-0.00000043624328460723,0.00000043624328460723,FALSE
112,"hypercorrection","logistic",0.0933258912106087,0.0933278161048957,0.00000192489428704756,0.00000192489428704756,FALSE
113,"hypercorrection","logistic",0.378668704508524,0.378669856571999,0.00000115206347511831,0.00000115206347511831,FALSE
114,"hypercorrection","logistic",0.235820925240169,0.235819176786297,-0.00000174845387201916,0.00000174845387201916,FALSE
115,"hypercorrection","logistic",0.187521115152595,0.187523091181373,0.00000197602877763381,0.00000197602877763381,FALSE
116,"hypercorrection","logistic",0.532710098756597,0.532710880341806,0.000000781585209108648,0.000000781585209108648,FALSE
117,"hypercorrection","logistic",0.626829823855262,0.626824567137085,-0.00000525671817663831,0.00000525671817663831,FALSE
118,"hypercorrection","logistic",0.0920130295291054,0.0920152414433236,0.00000221191421814759,0.00000221191421814759,FALSE
119,"hypercorrection","logistic",0.344843924761151,0.344842583262618,-0.00000134149853303622,0.00000134149853303622,FALSE
120,"hypercorrection","logistic",0.0499738719868004,0.0499748867713381,0.00000101478453767845,0.00000101478453767845,FALSE
121,"hypercorrection","logistic",0.648644763564843,0.64864287622193,-0.000001887342912954,0.000001887342912954,FALSE
122,"hypercorrection","logistic",0.82506848881675,0.825063364360589,-0.0000051244561611874,0.0000051244561611874,FALSE
123,"hypercorrection","logistic",0.382096164762965,0.382099819763094,0.0000036550001288882,0.0000036550001288882,FALSE
124,"hypercorrection","logistic",0.705523946296708,0.705523796589703,-0.000000149707004792887,0.000000149707004792887,FALSE
125,"hypercorrection","logistic",0.0656342085497502,0.0656352895923347,0.00000108104258449149,0.00000108104258449149,FALSE
126,"hypercorrection","logistic",0.110051448112461,0.110053396091104,0.00000194797864221108,0.00000194797864221108,FALSE
127,"hypercorrection","logistic",0.666462919983482,0.666461771487417,-0.00000114849606480671,0.00000114849606480671,FALSE
128,"hypercorrection","logistic",0.798560710017835,0.798559824420013,-0.000000885597822186668,0.000000885597822186668,FALSE
129,"hypercorrection","logistic",0.0934263869411407,0.0934273844566754,0.000000997515534742477,0.000000997515534742477,FALSE
130,"hypercorrection","logistic",0.38712011148065,0.387121809127967,0.0000016976473174446,0.0000016976473174446,FALSE
131,"hypercorrection","logistic",0.207714357519569,0.207716472374441,0.00000211485487150442,0.00000211485487150442,FALSE
132,"hypercorrection","logistic",0.0682449692945156,0.0682457762828075,0.000000806988291884858,0.000000806988291884858,FALSE
133,"hypercorrection","logistic",0.328538341591494,0.32853906113542,0.000000719543926164246,0.000000719543926164246,FALSE
134,"hypercorrection","logistic",0.431971213605816,0.431967870543373,-0.00000334306244337279,0.00000334306244337279,FALSE
135,"hypercorrection","logistic",0.0568535227869497,0.0568540294821402,0.000000506695190471973,0.000000506695190471973,FALSE
136,"hypercorrection","logistic",0.50429196325783,0.504290337777824,-0.00000162548000526286,0.00000162548000526286,FALSE
137,"hypercorrection","logistic",0.51532861529807,0.515323628215242,-0.00000498708282736793,0.00000498708282736793,FALSE
138,"hypercorrection","logistic",0.980968581904427,0.980967903658391,-0.000000678246036445174,0.000000678246036445174,FALSE
139,"hypercorrection","logistic",0.673518421162678,0.673515278301604,-0.00000314286107472306,0.00000314286107472306,FALSE
140,"hypercorrection","logistic",0.507464474169592,0.507466122237663,0.00000164806807079199,0.00000164806807079199,FALSE
141,"hypercorrection","logistic",0.322016947757468,0.322017002183786,0.0000000544263177304494,0.0000000544263177304494,FALSE
142,"hypercorrection","logistic",0.312552346034577,0.312550446654678,-0.00000189937989847344,0.00000189937989847344,FALSE
143,"hypercorrection","logistic",0.354101567203658,0.354099616625612,-0.00000195057804541765,0.00000195057804541765,FALSE
144,"hypercorrection","logistic",0.907695159472706,0.90769311282685,-0.00000204664585601311,0.00000204664585601311,FALSE
145,"hypercorrection","logistic",0.868262481497929,0.868260884306103,-0.00000159719182579732,0.00000159719182579732,FALSE
146,"hypercorrection","logistic",0.701767015328519,0.701765531875334,-0.00000148345318473631,0.00000148345318473631,FALSE
147,"hypercorrection","logistic",0.699100683172542,0.699099565183572,-0.00000111798896995641,0.00000111798896995641,FALSE
148,"hypercorrection","logistic",0.984448939259825,0.98444798717177,-0.000000952088055616862,0.000000952088055616862,FALSE
149,"hypercorrection","logistic",0.817516235964283,0.817513805416469,-0.00000243054781423613,0.00000243054781423613,FALSE
150,"hypercorrection","logistic",0.787827515957527,0.787824492433682,-0.00000302352384529136,0.00000302352384529136,FALSE
151,"hypercorrection","logistic",0.495647530997422,0.495646575039327,-0.000000955958094406295,0.000000955958094406295,FALSE
152,"hypercorrection","logistic",0.24587336032454,0.245875667638739,0.00000230731419967323,0.00000230731419967323,FALSE
153,"hypercorrection","logistic",0.657989745227712,0.657988151212934,-0.00000159401477806131,0.00000159401477806131,FALSE
154,"hypercorrection","logistic",0.804718180789976,0.804717286313712,-0.000000894476264945432,0.000000894476264945432,FALSE
155,"hypercorrection","logistic",0.466677192878931,0.466680237793069,0.00000304491413782859,0.00000304491413782859,FALSE
156,"hypercorrection","logistic",0.473247145089722,0.473249946174036,0.00000280108431383042,0.00000280108431383042,FALSE
157,"hypercorrection","logistic",0.698737341635646,0.698736025690705,-0.00000131594494157117,0.00000131594494157117,FALSE
158,"hypercorrection","logistic",0.278698676466747,0.278700464701524,0.00000178823477631207,0.00000178823477631207,FALSE
159,"hypercorrection","logistic",0.114534793508472,0.11453559615187,0.000000802643398328806,0.000000802643398328806,FALSE
160,"hypercorrection","logistic",0.505292234300649,0.505291648703864,-0.000000585596785507292,0.000000585596785507292,FALSE
161,"hypercorrection","logistic",0.3951161996348,0.395118327336466,0.00000212770166618803,0.00000212770166618803,FALSE
163,"hypercorrection","logistic",0.409121029198686,0.409120158422506,-0.000000870776179662247,0.000000870776179662247,FALSE
164,"hypercorrection","logistic",0.789223624240186,0.789222824372207,-0.000000799867978518165,0.000000799867978518165,FALSE
165,"hypercorrection","logistic",0.83298458259032,0.832981888295082,-0.00000269429523758191,0.00000269429523758191,FALSE
166,"hypercorrection","logistic",0.207161326167539,0.207161530851895,0.000000204684356852614,0.000000204684356852614,FALSE
167,"hypercorrection","logistic",0.476282197956005,0.47628350231718,0.00000130436117479205,0.00000130436117479205,FALSE
168,"hypercorrection","logistic",0.683981342772176,0.683978900062189,-0.0000024427099863944,0.0000024427099863944,FALSE
169,"hypercorrection","logistic",0.0254302252190026,0.025431268667239,0.00000104344823646102,0.00000104344823646102,FALSE
170,"hypercorrection","logistic",0.985422893442667,0.985422070436717,-0.000000823005949612821,0.000000823005949612821,FALSE
171,"hypercorrection","logistic",0.509253925602222,0.50924951289488,-0.00000441270734208299,0.00000441270734208299,FALSE
172,"hypercorrection","logistic",0.235493773535853,0.23549317521805,-0.000000598317803107706,0.000000598317803107706,FALSE
173,"hypercorrection","logistic",0.420381582535899,0.420378765282617,-0.00000281725328216131,0.00000281725328216131,FALSE
174,"hypercorrection","logistic",0.999986089923119,0.999986088191487,-0.00000000173163128280862,0.00000000173163128280862,TRUE
175,"hypercorrection","logistic",0.937826346984892,0.937824959732666,-0.00000138725222664782,0.00000138725222664782,FALSE
176,"hypercorrection","logistic",0.181923942461515,0.181926710999682,0.00000276853816719158,0.00000276853816719158,FALSE
177,"hypercorrection","logistic",0.0615516571278703,0.0615527215861302,0.00000106445825998752,0.00000106445825998752,FALSE
178,"hypercorrection","logistic",0.769032260758856,0.769030222312125,-0.00000203844673163367,0.00000203844673163367,FALSE
179,"hypercorrection","logistic",0.487243613266271,0.487247290633271,0.0000036773670005763,0.0000036773670005763,FALSE
180,"hypercorrection","logistic",0.367706271195322,0.367710993739386,0.00000472254406430617,0.00000472254406430617,FALSE
181,"hypercorrection","logistic",0.229766902105993,0.229767472367266,0.000000570261272647699,0.000000570261272647699,FALSE
182,"hypercorrection","logistic",0.364282695546796,0.36428235592251,-0.000000339624285861095,0.000000339624285861095,FALSE
183,"hypercorrection","logistic",0.971975006723015,0.971973895051231,-0.00000111167178362681,0.00000111167178362681,FALSE
184,"hypercorrection","logistic",0.469983116680134,0.469985124928285,0.00000200824815149714,0.00000200824815149714,FALSE
185,"hypercorrection","logistic",0.333897598118556,0.33389911198082,0.00000151386226415751,0.00000151386226415751,FALSE
186,"hypercorrection","logistic",0.829995216624383,0.829993738329682,-0.00000147829470098504,0.00000147829470098504,FALSE
187,"hypercorrection","logistic",0.140119405804783,0.140121243238489,0.0000018374337066307,0.0000018374337066307,FALSE
188,"hypercorrection","logistic",0.85434264105812,0.854341029014816,-0.00000161204330362263,0.00000161204330362263,FALSE
189,"hypercorrection","logistic",0.918786564396663,0.918784795313044,-0.00000176908361881889,0.00000176908361881889,FALSE
190,"hypercorrection","logistic",0.903288219275536,0.903286564235506,-0.00000165504002946903,0.00000165504002946903,FALSE
191,"hypercorrection","logistic",0.689640128317655,0.68964015082348,0.0000000225058252034671,0.0000000225058252034671,FALSE
192,"hypercorrection","logistic",0.2643402827602,0.264339758618413,-0.000000524141786639731,0.000000524141786639731,FALSE
193,"hypercorrection","logistic",0.457419491504213,0.457421339721532,0.00000184821731935569,0.00000184821731935569,FALSE
194,"hypercorrection","logistic",0.909454870986102,0.909453063899897,-0.000001807086205452,0.000001807086205452,FALSE
195,"hypercorrection","logistic",0.62675667329141,0.626756919144314,0.00000024585290381296,0.00000024585290381296,FALSE
196,"hypercorrection","logistic",0.735270198736506,0.735264929626889,-0.0000052691096165125,0.0000052691096165125,FALSE
197,"hypercorrection","logistic",0.407820018506804,0.407821754594458,0.00000173608765408062,0.00000173608765408062,FALSE
198,"hypercorrection","logistic",0.796157664809335,0.796154421421777,-0.00000324338755741671,0.00000324338755741671,FALSE
199,"hypercorrection","logistic",0.815890816934227,0.815889012539352,-0.0000018043948749602,0.0000018043948749602,FALSE
200,"hypercorrection","logistic",0.713341757822145,0.713340546600699,-0.00000121122144647323,0.00000121122144647323,FALSE
201,"hypercorrection","logistic",0.165280684174084,0.165282637605667,0.00000195343158293504,0.00000195343158293504,FALSE
202,"hypercorrection","logistic",0.766133746603892,0.766131042683372,-0.00000270392051959778,0.00000270392051959778,FALSE
203,"hypercorrection","logistic",0.683190741300843,0.683188537125211,-0.00000220417563201458,0.00000220417563201458,FALSE
204,"hypercorrection","logistic",0.186036855202797,0.186039815059736,0.00000295985693940515,0.00000295985693940515,FALSE
205,"hypercorrection","logistic",0.991527963412448,0.991527467214711,-0.000000496197737454018,0.000000496197737454018,FALSE
206,"hypercorrection","logistic",0.33500142778445,0.335003398906899,0.00000197112244904041,0.00000197112244904041,FALSE
207,"hypercorrection","logistic",0.511850416105907,0.511851376484448,0.000000960378541470241,0.000000960378541470241,FALSE
208,"hypercorrection","logistic",0.307879518367291,0.307882614579417,0.00000309621212551958,0.00000309621212551958,FALSE
209,"hypercorrection","logistic",0.902100084552566,0.902099866640614,-0.000000217911951261307,0.000000217911951261307,FALSE
210,"hypercorrection","logistic",0.828636760251981,0.828634037094414,-0.00000272315756644215,0.00000272315756644215,FALSE
211,"hypercorrection","logistic",0.542758175052643,0.542756789624472,-0.00000138542817107457,0.00000138542817107457,FALSE
212,"hypercorrection","logistic",0.99501201136455,0.995011704428784,-0.000000306935765803651,0.000000306935765803651,FALSE
213,"hypercorrection","logistic",0.0767893822098327,0.0767907652755608,0.00000138306572815272,0.00000138306572815272,FALSE
214,"hypercorrection","logistic",0.753763238207491,0.753761793785262,-0.00000144442222904662,0.00000144442222904662,FALSE
215,"hypercorrection","logistic",0.211050477965836,0.211052168368105,0.00000169040226941086,0.00000169040226941086,FALSE
216,"hypercorrection","logistic",0.241973447044684,0.241974197736977,0.000000750692292744715,0.000000750692292744715,FALSE
217,"hypercorrection","logistic",0.977860980816997,0.977859979048887,-0.00000100176810990948,0.00000100176810990948,FALSE
218,"hypercorrection","logistic",0.56852062322111,0.568519789776924,-0.000000833444185555088,0.000000833444185555088,FALSE
219,"hypercorrection","logistic",0.982354122566297,0.982353026825932,-0.00000109574036544213,0.00000109574036544213,FALSE
220,"hypercorrection","logistic",0.946244925101989,0.946243538454136,-0.00000138664785365172,0.00000138664785365172,FALSE
221,"hypercorrection","logistic",0.185944453373243,0.185944901581252,0.000000448208009706796,0.000000448208009706796,FALSE
222,"hypercorrection","logistic",0.868265565817201,0.868264209102668,-0.00000135671453371788,0.00000135671453371788,FALSE
223,"hypercorrection","logistic",0.576213226771036,0.576207649729899,-0.00000557704113723911,0.00000557704113723911,FALSE
224,"hypercorrection","logistic",0.982561182504981,0.982560211567509,-0.000000970937472755118,0.000000970937472755118,FALSE
225,"hypercorrection","logistic",0.51068803421852,0.510686398781615,-0.00000163543690490098,0.00000163543690490098,FALSE
226,"hypercorrection","logistic",0.960071557951243,0.960070324254347,-0.00000123369689597475,0.00000123369689597475,FALSE
227,"hypercorrection","logistic",0.565072708445064,0.565066477625923,-0.00000623081914041812,0.00000623081914041812,FALSE
228,"hypercorrection","logistic",0.338758829730765,0.338761146637199,0.00000231690643415217,0.00000231690643415217,FALSE
229,"hypercorrection","logistic",0.0878531982175247,0.0878545406076354,0.00000134239011075066,0.00000134239011075066,FALSE
230,"hypercorrection","logistic",0.914460076151617,0.914457700498051,-0.00000237565356564495,0.00000237565356564495,FALSE
231,"hypercorrection","logistic",0.202939512054396,0.202939301290956,-0.000000210763439562056,0.000000210763439562056,FALSE
232,"hypercorrection","logistic",0.16461879012889,0.164621929050117,0.00000313892122688619,0.00000313892122688619,FALSE
233,"hypercorrection","logistic",0.492546172527503,0.492548446703708,0.00000227417620507486,0.00000227417620507486,FALSE
234,"hypercorrection","logistic",0.129754519151421,0.12975540074066,0.000000881589239470904,0.000000881589239470904,FALSE
235,"hypercorrection","logistic",0.737199209427225,0.737200030162693,0.000000820735467477185,0.000000820735467477185,FALSE
236,"hypercorrection","logistic",0.222313531392721,0.222316610949373,0.00000307955665215798,0.00000307955665215798,FALSE
237,"hypercorrection","logistic",0.343181454564115,0.343180993385887,-0.000000461178227384451,0.000000461178227384451,FALSE
238,"hypercorrection","logistic",0.179649276007063,0.179652218550478,0.00000294254341562383,0.00000294254341562383,FALSE
239,"hypercorrection","logistic",0.160388088870172,0.160389034532359,0.000000945662186280227,0.000000945662186280227,FALSE
240,"hypercorrection","logistic",0.37772001213342,0.37772231336026,0.00000230122683964051,0.00000230122683964051,FALSE
241,"hypercorrection","logistic",0.659754161594692,0.659753942202979,-0.000000219391713240924,0.000000219391713240924,FALSE
242,"hypercorrection","logistic",0.611321904809858,0.611316582804519,-0.00000532200533887028,0.00000532200533887028,FALSE
243,"hypercorrection","logistic",0.132083934810988,0.13208488671447,0.000000951903481982708,0.000000951903481982708,FALSE
244,"hypercorrection","logistic",0.846473896302185,0.846470226885162,-0.00000366941702256707,0.00000366941702256707,FALSE
245,"hypercorrection","logistic",0.81011001219574,0.810107560622152,-0.00000245157358769177,0.00000245157358769177,FALSE
246,"hypercorrection","logistic",0.0481642145482754,0.0481652940377506,0.00000107948947512815,0.00000107948947512815,FALSE
247,"hypercorrection","logistic",0.0747117411589927,0.0747134395538033,0.00000169839481058143,0.00000169839481058143,FALSE
249,"hypercorrection","logistic",0.18017241180472,0.180175317066574,0.00000290526185328654,0.00000290526185328654,FALSE
250,"hypercorrection","logistic",0.358590379404879,0.358588769557512,-0.00000160984736663483,0.00000160984736663483,FALSE
251,"hypercorrection","logistic",0.991747632942332,0.991747201633201,-0.000000431309131521118,0.000000431309131521118,FALSE
252,"hypercorrection","logistic",0.383969431782195,0.383971284476924,0.00000185269472863236,0.00000185269472863236,FALSE
253,"hypercorrection","logistic",0.0420390434197188,0.0420400563292013,0.00000101290948252564,0.00000101290948252564,FALSE
254,"hypercorrection","logistic",0.322018390804897,0.32202170357416,0.00000331276926240909,0.00000331276926240909,FALSE
255,"hypercorrection","logistic",0.57901143112146,0.579013539202415,0.00000210808095590931,0.00000210808095590931,FALSE
256,"hypercorrection","logistic",0.081301860031987,0.0813024502352347,0.000000590203247802235,0.000000590203247802235,FALSE
257,"hypercorrection","logistic",0.0645614808151256,0.0645626037121032,0.00000112289697758172,0.00000112289697758172,FALSE
258,"hypercorrection","logistic",0.911621070344439,0.911619882896346,-0.00000118744809252114,0.00000118744809252114,FALSE
259,"hypercorrection","logistic",0.0209618208087101,0.0209624533995807,0.000000632590870620203,0.000000632590870620203,FALSE
260,"hypercorrection","logistic",0.255318117491468,0.255318613462964,0.000000495971496705661,0.000000495971496705661,FALSE
261,"hypercorrection","logistic",0.0855900499612506,0.0855923637213412,0.00000231376009063311,0.00000231376009063311,FALSE
262,"hypercorrection","logistic",0.590649749840717,0.590645746561997,-0.00000400327872074335,0.00000400327872074335,FALSE
263,"hypercorrection","logistic",0.119171033312327,0.119173022004102,0.00000198869177533978,0.00000198869177533978,FALSE
264,"hypercorrection","logistic",0.296699773618434,0.296700435113853,0.000000661495418774471,0.000000661495418774471,FALSE
265,"hypercorrection","logistic",0.0462947561530785,0.0462959547324972,0.00000119857941873608,0.00000119857941873608,FALSE
266,"hypercorrection","logistic",0.838956376038812,0.83895558430284,-0.000000791735971894525,0.000000791735971894525,FALSE
267,"hypercorrection","logistic",0.154239670604966,0.154238866268772,-0.00000080433619359388,0.00000080433619359388,FALSE
268,"hypercorrection","logistic",0.142552504263498,0.142553005752508,0.000000501489010679146,0.000000501489010679146,FALSE
269,"hypercorrection","logistic",0.882009796340546,0.882009738951178,-0.0000000573893678135207,0.0000000573893678135207,FALSE
270,"hypercorrection","logistic",0.237890666078418,0.237891637166267,0.000000971087848383734,0.000000971087848383734,FALSE
271,"hypercorrection","logistic",0.865995630946737,0.865994265501639,-0.00000136544509854453,0.00000136544509854453,FALSE
272,"hypercorrection","logistic",0.207714357519569,0.207716472374441,0.00000211485487150442,0.00000211485487150442,FALSE
273,"hypercorrection","logistic",0.261219006110338,0.261222574845664,0.0000035687353258651,0.0000035687353258651,FALSE
274,"hypercorrection","logistic",0.191319327668107,0.191320877064298,0.00000154939619076422,0.00000154939619076422,FALSE
276,"hypercorrection","logistic",0.161829433087834,0.161833715228002,0.00000428214016831574,0.00000428214016831574,FALSE
277,"hypercorrection","logistic",0.829995216624383,0.829993738329682,-0.00000147829470098504,0.00000147829470098504,FALSE
278,"hypercorrection","logistic",0.00655661182701175,0.00655691019463779,0.000000298367626039991,0.000000298367626039991,FALSE
279,"hypercorrection","logistic",0.072372603616745,0.0723734323156681,0.000000828698923149851,0.000000828698923149851,FALSE
280,"hypercorrection","logistic",0.327773687647693,0.327779075990145,0.00000538834245206177,0.00000538834245206177,FALSE
281,"hypercorrection","logistic",0.466677192878931,0.466680237793069,0.00000304491413782859,0.00000304491413782859,FALSE
282,"hypercorrection","logistic",0.549466831342582,0.549464306677965,-0.00000252466461792,0.00000252466461792,FALSE
283,"hypercorrection","logistic",0.165280684174084,0.165282637605667,0.00000195343158293504,0.00000195343158293504,FALSE
284,"hypercorrection","logistic",0.906441740350862,0.906441211629553,-0.000000528721309844826,0.000000528721309844826,FALSE
285,"hypercorrection","logistic",0.332505887371959,0.332509055459265,0.00000316808730632667,0.00000316808730632667,FALSE
286,"hypercorrection","logistic",0.821355702488541,0.821352784502242,-0.00000291798629881157,0.00000291798629881157,FALSE
287,"hypercorrection","logistic",0.394293537609553,0.394294824438956,0.00000128682940309099,0.00000128682940309099,FALSE
288,"hypercorrection","logistic",0.590649749840717,0.590645746561997,-0.00000400327872074335,0.00000400327872074335,FALSE
289,"hypercorrection","logistic",0.199949054643874,0.199951130000265,0.00000207535639132339,0.00000207535639132339,FALSE
290,"hypercorrection","logistic",0.57616458788843,0.576163859867283,-0.000000728021146256808,0.000000728021146256808,FALSE
291,"hypercorrection","logistic",0.987823769061665,0.987823015105478,-0.000000753956186483329,0.000000753956186483329,FALSE
292,"hypercorrection","logistic",0.0723413944667479,0.0723431497895089,0.00000175532276097679,0.00000175532276097679,FALSE
293,"hypercorrection","logistic",0.128853662760863,0.12885454363893,0.000000880878066933377,0.000000880878066933377,FALSE
294,"hypercorrection","logistic",0.608916675034158,0.608915780949189,-0.000000894084968727782,0.000000894084968727782,FALSE
295,"hypercorrection","logistic",0.713341757822145,0.713340546600699,-0.00000121122144647323,0.00000121122144647323,FALSE
296,"hypercorrection","logistic",0.154091845349096,0.154094050126491,0.00000220477739468206,0.00000220477739468206,FALSE
299,"hypercorrection","logistic",0.585592812710459,0.585591504488256,-0.00000130822220223425,0.00000130822220223425,FALSE
300,"hypercorrection","logistic",0.936369188144351,0.93636730157512,-0.00000188656923094666,0.00000188656923094666,FALSE
301,"hypercorrection","logistic",0.815890816934227,0.815889012539352,-0.0000018043948749602,0.0000018043948749602,FALSE
302,"hypercorrection","logistic",0.689640128317655,0.68964015082348,0.0000000225058252034671,0.0000000225058252034671,FALSE
303,"hypercorrection","logistic",0.633808697535113,0.633807987568917,-0.000000709966196055234,0.000000709966196055234,FALSE
304,"hypercorrection","logistic",0.0499738719868004,0.0499748867713381,0.00000101478453767845,0.00000101478453767845,FALSE
305,"hypercorrection","logistic",0.818639000273182,0.818637385250349,-0.00000161502283280157,0.00000161502283280157,FALSE
306,"hypercorrection","logistic",0.98841467251559,0.988413814218928,-0.000000858296662742397,0.000000858296662742397,FALSE
307,"hypercorrection","logistic",0.179718997453656,0.179720136543519,0.00000113908986262845,0.00000113908986262845,FALSE
308,"hypercorrection","logistic",0.112491672812971,0.112492888874129,0.00000121606115804918,0.00000121606115804918,FALSE
310,"hypercorrection","logistic",0.985422893442667,0.985422070436717,-0.000000823005949612821,0.000000823005949612821,FALSE
311,"hypercorrection","logistic",0.99363267370369,0.993632284157166,-0.000000389546523815731,0.000000389546523815731,FALSE
312,"hypercorrection","logistic",0.363099192593266,0.363095300784962,-0.00000389180830445701,0.00000389180830445701,FALSE
313,"hypercorrection","logistic",0.670059526794127,0.670057813165422,-0.00000171362870504677,0.00000171362870504677,FALSE
314,"hypercorrection","logistic",0.918786564396663,0.918784795313044,-0.00000176908361881889,0.00000176908361881889,FALSE
315,"hypercorrection","logistic",0.359767124280117,0.359767943519556,0.000000819239439564523,0.000000819239439564523,FALSE
316,"hypercorrection","logistic",0.222313531392721,0.222316610949373,0.00000307955665215798,0.00000307955665215798,FALSE
317,"hypercorrection","logistic",0.0158613381030968,0.0158620865252317,0.000000748422134912163,0.000000748422134912163,FALSE
318,"hypercorrection","logistic",0.181687754118241,0.181689971450736,0.00000221733249483602,0.00000221733249483602,FALSE
320,"hypercorrection","logistic",0.741468513283805,0.741466912595303,-0.00000160068850207917,0.00000160068850207917,FALSE
321,"hypercorrection","logistic",0.952976669586497,0.952974365848423,-0.00000230373807330597,0.00000230373807330597,FALSE
322,"hypercorrection","logistic",0.0207374595918313,0.0207380671210764,0.00000060752924507454,0.00000060752924507454,FALSE
323,"hypercorrection","logistic",0.382096164762965,0.382099819763094,0.0000036550001288882,0.0000036550001288882,FALSE
324,"hypercorrection","logistic",0.0134058638910219,0.0134065608152376,0.000000696924215663752,0.000000696924215663752,FALSE
325,"hypercorrection","logistic",0.0260521898597034,0.0260530178874544,0.000000828027751025029,0.000000828027751025029,FALSE
327,"hypercorrection","logistic",0.683190741300843,0.683188537125211,-0.00000220417563201458,0.00000220417563201458,FALSE
328,"hypercorrection","logistic",0.701767015328519,0.701765531875334,-0.00000148345318473631,0.00000148345318473631,FALSE
329,"hypercorrection","logistic",0.652238615447394,0.652236067021082,-0.00000254842631208785,0.00000254842631208785,FALSE
330,"hypercorrection","logistic",0.64051805984773,0.640517233804969,-0.000000826042760637691,0.000000826042760637691,FALSE
331,"hypercorrection","logistic",0.997514308656724,0.997514172799642,-0.000000135857082694812,0.000000135857082694812,FALSE
332,"hypercorrection","logistic",0.838956376038812,0.83895558430284,-0.000000791735971894525,0.000000791735971894525,FALSE
333,"hypercorrection","logistic",0.991527963412448,0.991527467214711,-0.000000496197737454018,0.000000496197737454018,FALSE
335,"hypercorrection","logistic",0.105002752800456,0.105001946914281,-0.000000805886175500592,0.000000805886175500592,FALSE
336,"hypercorrection","logistic",0.182547192845227,0.182548592910406,0.00000140006517901359,0.00000140006517901359,FALSE
337,"hypercorrection","logistic",0.57901143112146,0.579013539202415,0.00000210808095590931,0.00000210808095590931,FALSE
338,"hypercorrection","logistic",0.185100562936232,0.18510277250947,0.00000220957323762705,0.00000220957323762705,FALSE
339,"hypercorrection","logistic",0.422118691325087,0.42211486102973,-0.0000038302953576097,0.0000038302953576097,FALSE
340,"hypercorrection","logistic",0.344843924761151,0.344842583262618,-0.00000134149853303622,0.00000134149853303622,FALSE
341,"hypercorrection","logistic",0.99501201136455,0.995011704428784,-0.000000306935765803651,0.000000306935765803651,FALSE
342,"hypercorrection","logistic",0.50841011471862,0.508408377151687,-0.00000173756693366833,0.00000173756693366833,FALSE
345,"hypercorrection","logistic",0.0872345777910697,0.0872359037963081,0.00000132600523840287,0.00000132600523840287,FALSE
346,"hypercorrection","logistic",0.488702217721529,0.4887043109516,0.00000209323007033246,0.00000209323007033246,FALSE
347,"hypercorrection","logistic",0.699100683172542,0.699099565183572,-0.00000111798896995641,0.00000111798896995641,FALSE
348,"hypercorrection","logistic",0.0763783342009116,0.0763791441633865,0.000000809962474937476,0.000000809962474937476,FALSE
349,"hypercorrection","logistic",0.133748728001538,0.133751765181637,0.00000303718009925236,0.00000303718009925236,FALSE
350,"hypercorrection","logistic",0.971975006723015,0.971973895051231,-0.00000111167178362681,0.00000111167178362681,FALSE
351,"hypercorrection","logistic",0.3951161996348,0.395118327336466,0.00000212770166618803,0.00000212770166618803,FALSE
353,"hypercorrection","logistic",0.404762223531917,0.404764155950547,0.00000193241862961324,0.00000193241862961324,FALSE
354,"hypercorrection","logistic",0.167406560528404,0.167410106232855,0.00000354570445021407,0.00000354570445021407,FALSE
355,"hypercorrection","logistic",0.887264060620395,0.887262904926155,-0.00000115569423997375,0.00000115569423997375,FALSE
357,"hypercorrection","logistic",0.38424792378687,0.384248753729865,0.000000829942994773347,0.000000829942994773347,FALSE
358,"hypercorrection","logistic",0.737199209427225,0.737200030162693,0.000000820735467477185,0.000000820735467477185,FALSE
359,"hypercorrection","logistic",0.0336352503874717,0.033636434650658,0.00000118426318637677,0.00000118426318637677,FALSE
360,"hypercorrection","logistic",0.911621070344439,0.911619882896346,-0.00000118744809252114,0.00000118744809252114,FALSE
361,"hypercorrection","logistic",0.00768381140098902,0.00768405170785648,0.000000240306867457102,0.000000240306867457102,FALSE
362,"hypercorrection","logistic",0.278386243471057,0.278387451682803,0.00000120821174609542,0.00000120821174609542,FALSE
363,"hypercorrection","logistic",0.133364242833329,0.133365742988664,0.00000150015533545433,0.00000150015533545433,FALSE
364,"hypercorrection","logistic",0.984448939259825,0.98444798717177,-0.000000952088055616862,0.000000952088055616862,FALSE
365,"hypercorrection","logistic",0.431971213605816,0.431967870543373,-0.00000334306244337279,0.00000334306244337279,FALSE
366,"hypercorrection","logistic",0.581683213586844,0.581684858725224,0.00000164513838030178,0.00000164513838030178,FALSE
367,"hypercorrection","logistic",0.00854632557440094,0.00854671478065113,0.000000389206250193952,0.000000389206250193952,FALSE
369,"hypercorrection","logistic",0.909454870986102,0.909453063899897,-0.000001807086205452,0.000001807086205452,FALSE
370,"hypercorrection","logistic",0.99008071817576,0.990080209227992,-0.000000508947768262935,0.000000508947768262935,FALSE
371,"hypercorrection","logistic",0.507464474169592,0.507466122237663,0.00000164806807079199,0.00000164806807079199,FALSE
372,"hypercorrection","logistic",0.982561182504981,0.982560211567509,-0.000000970937472755118,0.000000970937472755118,FALSE
373,"hypercorrection","logistic",0.754737447032197,0.75473612950813,-0.00000131752406684615,0.00000131752406684615,FALSE
374,"hypercorrection","logistic",0.254643895179231,0.254648081994247,0.00000418681501634932,0.00000418681501634932,FALSE
375,"hypercorrection","logistic",0.312552346034577,0.312550446654678,-0.00000189937989847344,0.00000189937989847344,FALSE
376,"hypercorrection","logistic",0.904140864187078,0.904137717205253,-0.00000314698182479756,0.00000314698182479756,FALSE
378,"hypercorrection","logistic",0.827637316127184,0.827636607546661,-0.000000708580522257307,0.000000708580522257307,FALSE
380,"hypercorrection","logistic",0.790193327742954,0.790189056830064,-0.00000427091289023629,0.00000427091289023629,FALSE
381,"hypercorrection","logistic",0.65144240807965,0.651443549650498,0.00000114157084807331,0.00000114157084807331,FALSE
382,"hypercorrection","logistic",0.33500142778445,0.335003398906899,0.00000197112244904041,0.00000197112244904041,FALSE
383,"hypercorrection","logistic",0.0511145674254441,0.0511156242492155,0.00000105682377146005,0.00000105682377146005,FALSE
384,"hypercorrection","logistic",0.499316211641494,0.49931610575056,-0.000000105890933355113,0.000000105890933355113,FALSE
385,"hypercorrection","logistic",0.0615516571278703,0.0615527215861302,0.00000106445825998752,0.00000106445825998752,FALSE
386,"hypercorrection","logistic",0.0348169213654253,0.0348181083222182,0.00000118695679285352,0.00000118695679285352,FALSE
387,"hypercorrection","logistic",0.322016947757468,0.322017002183786,0.0000000544263177304494,0.0000000544263177304494,FALSE
388,"hypercorrection","logistic",0.663787422067071,0.663787977432727,0.000000555365655907636,0.000000555365655907636,FALSE
389,"hypercorrection","logistic",0.328538341591494,0.32853906113542,0.000000719543926164246,0.000000719543926164246,FALSE
391,"hypercorrection","logistic",0.869368081890195,0.869365704152747,-0.00000237773744715675,0.00000237773744715675,FALSE
392,"hypercorrection","logistic",0.99507326213188,0.99507293085075,-0.000000331281130749872,0.000000331281130749872,FALSE
393,"hypercorrection","logistic",0.532710098756597,0.532710880341806,0.000000781585209108648,0.000000781585209108648,FALSE
394,"hypercorrection","logistic",0.868262481497929,0.868260884306103,-0.00000159719182579732,0.00000159719182579732,FALSE
395,"hypercorrection","logistic",0.503239637581711,0.503241721068163,0.00000208348645125422,0.00000208348645125422,FALSE
396,"hypercorrection","logistic",0.784355497386909,0.784352145660294,-0.00000335172661469763,0.00000335172661469763,FALSE
397,"hypercorrection","logistic",0.296699773618434,0.296700435113853,0.000000661495418774471,0.000000661495418774471,FALSE
398,"hypercorrection","logistic",0.338758829730765,0.338761146637199,0.00000231690643415217,0.00000231690643415217,FALSE
399,"hypercorrection","logistic",0.862755588569277,0.862754379778366,-0.00000120879091092263,0.00000120879091092263,FALSE
400,"hypercorrection","logistic",0.773543245380817,0.773540572127712,-0.00000267325310543409,0.00000267325310543409,FALSE
401,"hypercorrection","logistic",0.999986089923119,0.999986088191487,-0.00000000173163128280862,0.00000000173163128280862,TRUE
402,"hypercorrection","logistic",0.331686502859882,0.331687534116017,0.00000103125613504229,0.00000103125613504229,FALSE
403,"hypercorrection","logistic",0.24587336032454,0.245875667638739,0.00000230731419967323,0.00000230731419967323,FALSE
405,"hypercorrection","logistic",0.648644763564843,0.64864287622193,-0.000001887342912954,0.000001887342912954,FALSE
406,"hypercorrection","logistic",0.963476663690557,0.96347530123042,-0.00000136246013615615,0.00000136246013615615,FALSE
407,"hypercorrection","logistic",0.753763238207491,0.753761793785262,-0.00000144442222904662,0.00000144442222904662,FALSE
408,"hypercorrection","logistic",0.235820925240169,0.235819176786297,-0.00000174845387201916,0.00000174845387201916,FALSE
409,"hypercorrection","logistic",0.273002324188107,0.273002449366476,0.000000125178368892698,0.000000125178368892698,FALSE
410,"hypercorrection","logistic",0.995653939861625,0.99565369240977,-0.000000247451855894809,0.000000247451855894809,FALSE
411,"hypercorrection","logistic",0.420958532326003,0.420956739067496,-0.00000179325850685474,0.00000179325850685474,FALSE
412,"hypercorrection","logistic",0.110051448112461,0.110053396091104,0.00000194797864221108,0.00000194797864221108,FALSE
413,"hypercorrection","logistic",0.8256838718743,0.825681926101033,-0.00000194577326773082,0.00000194577326773082,FALSE
414,"hypercorrection","logistic",0.946130916341737,0.946129528225825,-0.00000138811591199328,0.00000138811591199328,FALSE
415,"hypercorrection","logistic",0.0546601315714762,0.0546616908789564,0.00000155930748015065,0.00000155930748015065,FALSE
416,"hypercorrection","logistic",0.0209618208087101,0.0209624533995807,0.000000632590870620203,0.000000632590870620203,FALSE
417,"hypercorrection","logistic",0.835444791257916,0.835443375547956,-0.00000141570996081697,0.00000141570996081697,FALSE
418,"hypercorrection","logistic",0.745353295024673,0.745351200592687,-0.00000209443198617709,0.00000209443198617709,FALSE
419,"hypercorrection","logistic",0.0933258912106087,0.0933278161048957,0.00000192489428704756,0.00000192489428704756,FALSE
420,"hypercorrection","logistic",0.721041649707712,0.721040897471472,-0.000000752236239853765,0.000000752236239853765,FALSE
421,"hypercorrection","logistic",0.999182159151604,0.999182094679172,-0.000000064472432059759,0.000000064472432059759,FALSE
422,"hypercorrection","logistic",0.261264867818762,0.261264382655365,-0.000000485163397123678,0.000000485163397123678,FALSE
423,"hypercorrection","logistic",0.675780044111993,0.675777620063008,-0.00000242404898520565,0.00000242404898520565,FALSE
424,"hypercorrection","logistic",0.817516235964283,0.817513805416469,-0.00000243054781423613,0.00000243054781423613,FALSE
425,"hypercorrection","logistic",0.62675667329141,0.626756919144314,0.00000024585290381296,0.00000024585290381296,FALSE
426,"hypercorrection","logistic",0.907695159472706,0.90769311282685,-0.00000204664585601311,0.00000204664585601311,FALSE
428,"hypercorrection","logistic",0.976219621133807,0.976218837167486,-0.000000783966321082907,0.000000783966321082907,FALSE
429,"hypercorrection","logistic",0.738456834820745,0.738454672894485,-0.00000216192626056877,0.00000216192626056877,FALSE
432,"hypercorrection","logistic",0.92636699728271,0.926364043077105,-0.00000295420560569859,0.00000295420560569859,FALSE
433,"hypercorrection","logistic",0.0220263226504023,0.0220271518495835,0.000000829199181241747,0.000000829199181241747,FALSE
434,"hypercorrection","logistic",0.138969519445954,0.138970586121564,0.00000106667561061702,0.00000106667561061702,FALSE
435,"hypercorrection","logistic",0.211050477965836,0.211052168368105,0.00000169040226941086,0.00000169040226941086,FALSE
436,"hypercorrection","logistic",0.382940196081997,0.382938145781911,-0.00000205030008665341,0.00000205030008665341,FALSE
437,"hypercorrection","logistic",0.652352541165651,0.652350973675036,-0.00000156749061497319,0.00000156749061497319,FALSE
438,"hypercorrection","logistic",0.207530908531389,0.207531181060718,0.000000272529329520266,0.000000272529329520266,FALSE
439,"hypercorrection","logistic",0.951955303231447,0.951953394227175,-0.00000190900427221585,0.00000190900427221585,FALSE
440,"hypercorrection","logistic",0.103530764600245,0.103531421225685,0.000000656625439895975,0.000000656625439895975,FALSE
441,"hypercorrection","logistic",0.83298458259032,0.832981888295082,-0.00000269429523758191,0.00000269429523758191,FALSE
442,"hypercorrection","logistic",0.735270198736506,0.735264929626889,-0.0000052691096165125,0.0000052691096165125,FALSE
443,"hypercorrection","logistic",0.656557926397159,0.656557258481187,-0.000000667915971752642,0.000000667915971752642,FALSE
444,"hypercorrection","logistic",0.37772001213342,0.37772231336026,0.00000230122683964051,0.00000230122683964051,FALSE
445,"hypercorrection","logistic",0.991747632942332,0.991747201633201,-0.000000431309131521118,0.000000431309131521118,FALSE
446,"hypercorrection","logistic",0.119171033312327,0.119173022004102,0.00000198869177533978,0.00000198869177533978,FALSE
448,"hypercorrection","logistic",0.889620310135677,0.88961922870308,-0.00000108143259713867,0.00000108143259713867,FALSE
449,"hypercorrection","logistic",0.331028372206056,0.331028045696854,-0.000000326509202397407,0.000000326509202397407,FALSE
451,"hypercorrection","logistic",0.0774660938721546,0.0774677267484969,0.00000163287634227793,0.00000163287634227793,FALSE
452,"hypercorrection","logistic",0.419957155795665,0.419955732401703,-0.00000142339396191904,0.00000142339396191904,FALSE
453,"hypercorrection","logistic",0.966743596828773,0.96674188960529,-0.00000170722348247221,0.00000170722348247221,FALSE
454,"hypercorrection","logistic",0.244663283833304,0.244664022230369,0.00000073839706501988,0.00000073839706501988,FALSE
455,"hypercorrection","logistic",0.747538891243509,0.747536782640928,-0.0000021086025810968,0.0000021086025810968,FALSE
456,"hypercorrection","logistic",0.475493630763509,0.475492555560531,-0.00000107520297787378,0.00000107520297787378,FALSE
457,"hypercorrection","logistic",0.737956476486958,0.73795648187398,0.00000000538702138452862,0.00000000538702138452862,FALSE
458,"hypercorrection","logistic",0.972506793539799,0.972505828372444,-0.000000965167355149177,0.000000965167355149177,FALSE
459,"hypercorrection","logistic",0.215890440056359,0.215891503355041,0.00000106329868182486,0.00000106329868182486,FALSE
460,"hypercorrection","logistic",0.142552504263498,0.142553005752508,0.000000501489010679146,0.000000501489010679146,FALSE
461,"hypercorrection","logistic",0.222440196665516,0.222442749576081,0.00000255291056441842,0.00000255291056441842,FALSE
462,"hypercorrection","logistic",0.467047716773449,0.467048148743467,0.000000431970018033301,0.000000431970018033301,FALSE
463,"hypercorrection","logistic",0.698737341635646,0.698736025690705,-0.00000131594494157117,0.00000131594494157117,FALSE
464,"hypercorrection","logistic",0.0568535227869497,0.0568540294821402,0.000000506695190471973,0.000000506695190471973,FALSE
465,"hypercorrection","logistic",0.859395833939244,0.859393503188012,-0.00000233075123201587,0.00000233075123201587,FALSE
466,"hypercorrection","logistic",0.893322748895839,0.89332049778103,-0.00000225111480922635,0.00000225111480922635,FALSE
467,"hypercorrection","logistic",0.124985337995657,0.124988450739562,0.00000311274390478455,0.00000311274390478455,FALSE
468,"hypercorrection","logistic",0.367706271195322,0.367710993739386,0.00000472254406430617,0.00000472254406430617,FALSE
469,"hypercorrection","logistic",0.0106377837517508,0.0106380961277081,0.00000031237595729712,0.00000031237595729712,FALSE
470,"hypercorrection","logistic",0.89650620032124,0.89650479967312,-0.00000140064812004237,0.00000140064812004237,FALSE
471,"hypercorrection","logistic",0.656400314229526,0.65639802732006,-0.00000228690946513233,0.00000228690946513233,FALSE
472,"hypercorrection","logistic",0.839380311343345,0.839377418657812,-0.00000289268553332889,0.00000289268553332889,FALSE
473,"hypercorrection","logistic",0.245269413009644,0.245270175296114,0.000000762286469835338,0.000000762286469835338,FALSE
474,"hypercorrection","logistic",0.0914008512183377,0.0914019957726818,0.00000114455434412075,0.00000114455434412075,FALSE
475,"hypercorrection","logistic",0.542758175052643,0.542756789624472,-0.00000138542817107457,0.00000138542817107457,FALSE
476,"hypercorrection","logistic",0.82506848881675,0.825063364360589,-0.0000051244561611874,0.0000051244561611874,FALSE
477,"hypercorrection","logistic",0.537756645171324,0.537757398449053,0.000000753277728748891,0.000000753277728748891,FALSE
479,"hypercorrection","logistic",0.130427996308924,0.130428638659159,0.000000642350235197098,0.000000642350235197098,FALSE
480,"hypercorrection","logistic",0.154239670604966,0.154238866268772,-0.00000080433619359388,0.00000080433619359388,FALSE
482,"hypercorrection","logistic",0.364282695546796,0.36428235592251,-0.000000339624285861095,0.000000339624285861095,FALSE
483,"hypercorrection","logistic",0.18017241180472,0.180175317066574,0.00000290526185328654,0.00000290526185328654,FALSE
484,"hypercorrection","logistic",0.505292234300649,0.505291648703864,-0.000000585596785507292,0.000000585596785507292,FALSE
485,"hypercorrection","logistic",0.407820018506804,0.407821754594458,0.00000173608765408062,0.00000173608765408062,FALSE
486,"hypercorrection","logistic",0.251887045935259,0.251888568387112,0.00000152245185314204,0.00000152245185314204,FALSE
488,"hypercorrection","logistic",0.922791238968469,0.922789388708533,-0.00000185025993648669,0.00000185025993648669,FALSE
489,"hypercorrection","logistic",0.841796911011149,0.841796397976495,-0.00000051303465398167,0.00000051303465398167,FALSE
490,"hypercorrection","logistic",0.451854384248149,0.451851714262819,-0.00000266998532943985,0.00000266998532943985,FALSE
491,"hypercorrection","logistic",0.026439771352808,0.0264406591731467,0.000000887820338697776,0.000000887820338697776,FALSE
492,"hypercorrection","logistic",0.121491724981868,0.12149317611329,0.00000145113142152598,0.00000145113142152598,FALSE
493,"hypercorrection","logistic",0.722242425314806,0.722240326939922,-0.00000209837488351905,0.00000209837488351905,FALSE
494,"hypercorrection","logistic",0.0767893822098327,0.0767907652755608,0.00000138306572815272,0.00000138306572815272,FALSE
495,"hypercorrection","logistic",0.0855900499612506,0.0855923637213412,0.00000231376009063311,0.00000231376009063311,FALSE
496,"hypercorrection","logistic",0.659754161594692,0.659753942202979,-0.000000219391713240924,0.000000219391713240924,FALSE
498,"hypercorrection","logistic",0.129754519151421,0.12975540074066,0.000000881589239470904,0.000000881589239470904,FALSE
499,"hypercorrection","logistic",0.948188991617556,0.948187987758491,-0.00000100385906520728,0.00000100385906520728,FALSE
500,"hypercorrection","logistic",0.547865208276583,0.547862358087257,-0.00000285018932599801,0.00000285018932599801,FALSE
501,"hypercorrection","logistic",0.994448290363007,0.99444802582067,-0.000000264542336925189,0.000000264542336925189,FALSE
502,"hypercorrection","logistic",0.457419491504213,0.457421339721532,0.00000184821731935569,0.00000184821731935569,FALSE
503,"hypercorrection","logistic",0.511850416105907,0.511851376484448,0.000000960378541470241,0.000000960378541470241,FALSE
505,"hypercorrection","logistic",0.0173465357132964,0.0173470930491041,0.00000055733580772363,0.00000055733580772363,FALSE
506,"hypercorrection","logistic",0.449905704071164,0.449906755868634,0.00000105179747039719,0.00000105179747039719,FALSE
509,"hypercorrection","logistic",0.50429196325783,0.504290337777824,-0.00000162548000526286,0.00000162548000526286,FALSE
510,"hypercorrection","logistic",0.0420390434197188,0.0420400563292013,0.00000101290948252564,0.00000101290948252564,FALSE
512,"hypercorrection","logistic",0.934882448241652,0.934880625916627,-0.00000182232502488056,0.00000182232502488056,FALSE
513,"hypercorrection","logistic",0.358590379404879,0.358588769557512,-0.00000160984736663483,0.00000160984736663483,FALSE
514,"hypercorrection","logistic",0.690895524458889,0.69089268797455,-0.00000283648433929695,0.00000283648433929695,FALSE
515,"hypercorrection","logistic",0.947516357877166,0.947514043664697,-0.00000231421246932317,0.00000231421246932317,FALSE
516,"hypercorrection","logistic",0.606302835474451,0.606300810393865,-0.00000202508058622097,0.00000202508058622097,FALSE
517,"hypercorrection","logistic",0.647379862107148,0.647379468734504,-0.000000393372643681111,0.000000393372643681111,FALSE
518,"hypercorrection","logistic",0.845460988660931,0.845458334885521,-0.0000026537754100886,0.0000026537754100886,FALSE
519,"hypercorrection","logistic",0.0645614808151256,0.0645626037121032,0.00000112289697758172,0.00000112289697758172,FALSE
520,"hypercorrection","logistic",0.0302590899848765,0.0302600597322646,0.000000969747388085418,0.000000969747388085418,FALSE
521,"hypercorrection","logistic",0.0628329060498054,0.0628350957405584,0.00000218969075301001,0.00000218969075301001,FALSE
523,"hypercorrection","logistic",0.323296624264078,0.323296819739501,0.000000195475422848368,0.000000195475422848368,FALSE
524,"hypercorrection","logistic",0.645614033546203,0.645609966440846,-0.00000406710535683086,0.00000406710535683086,FALSE
525,"hypercorrection","logistic",0.862445726300247,0.862442681096341,-0.00000304520390648211,0.00000304520390648211,FALSE
526,"hypercorrection","logistic",0.232597873894197,0.232602796495165,0.00000492260096746078,0.00000492260096746078,FALSE
527,"hypercorrection","logistic",0.0900146923775637,0.0900166976878396,0.00000200531027588768,0.00000200531027588768,FALSE
528,"hypercorrection","logistic",0.324366741287773,0.324368733973099,0.00000199268532602437,0.00000199268532602437,FALSE
530,"hypercorrection","logistic",0.93555714605067,0.935554971624703,-0.00000217442596761597,0.00000217442596761597,FALSE
531,"hypercorrection","logistic",0.081301860031987,0.0813024502352347,0.000000590203247802235,0.000000590203247802235,FALSE
532,"hypercorrection","logistic",0.554347617750433,0.554347515958781,-0.000000101791651996308,0.000000101791651996308,FALSE
534,"hypercorrection","logistic",0.989787940301795,0.989787162818897,-0.000000777482897729165,0.000000777482897729165,FALSE
536,"hypercorrection","logistic",0.261866844269589,0.261867840415536,0.00000099614594761821,0.00000099614594761821,FALSE
537,"hypercorrection","logistic",0.160388088870172,0.160389034532359,0.000000945662186280227,0.000000945662186280227,FALSE
538,"hypercorrection","logistic",0.382201742164704,0.382199855827403,-0.00000188633730108245,0.00000188633730108245,FALSE
539,"hypercorrection","logistic",0.686030679158416,0.686031495065827,0.00000081590741085602,0.00000081590741085602,FALSE
541,"hypercorrection","logistic",0.8146440688724,0.814641702550745,-0.00000236632165495632,0.00000236632165495632,FALSE
542,"hypercorrection","logistic",0.430912574427244,0.430911076897087,-0.00000149753015721288,0.00000149753015721288,FALSE
543,"hypercorrection","logistic",0.114178612300582,0.114181635701724,0.00000302340114222144,0.00000302340114222144,FALSE
544,"hypercorrection","logistic",0.640829560397075,0.640825917788277,-0.00000364260879792688,0.00000364260879792688,FALSE
546,"hypercorrection","logistic",0.868265565817201,0.868264209102668,-0.00000135671453371788,0.00000135671453371788,FALSE
547,"hypercorrection","logistic",0.766133746603892,0.766131042683372,-0.00000270392051959778,0.00000270392051959778,FALSE
548,"hypercorrection","logistic",0.0747117411589927,0.0747134395538033,0.00000169839481058143,0.00000169839481058143,FALSE
550,"hypercorrection","logistic",0.749802204225266,0.749798861945319,-0.00000334227994691627,0.00000334227994691627,FALSE
551,"hypercorrection","logistic",0.626829823855262,0.626824567137085,-0.00000525671817663831,0.00000525671817663831,FALSE
552,"hypercorrection","logistic",0.75149385460711,0.751493401850545,-0.000000452756564350842,0.000000452756564350842,FALSE
555,"hypercorrection","logistic",0.241973447044684,0.241974197736977,0.000000750692292744715,0.000000750692292744715,FALSE
556,"hypercorrection","logistic",0.509253925602222,0.50924951289488,-0.00000441270734208299,0.00000441270734208299,FALSE
557,"hypercorrection","logistic",0.796157664809335,0.796154421421777,-0.00000324338755741671,0.00000324338755741671,FALSE
559,"hypercorrection","logistic",0.00759390416767012,0.00759436248726401,0.000000458319593889603,0.000000458319593889603,FALSE
560,"hypercorrection","logistic",0.0284749934459167,0.0284761258024663,0.00000113235654955468,0.00000113235654955468,FALSE
561,"hypercorrection","logistic",0.663505043664355,0.663501051953865,-0.00000399171049003666,0.00000399171049003666,FALSE
562,"hypercorrection","logistic",0.576213226771036,0.576207649729899,-0.00000557704113723911,0.00000557704113723911,FALSE
563,"hypercorrection","logistic",0.982354122566297,0.982353026825932,-0.00000109574036544213,0.00000109574036544213,FALSE
564,"hypercorrection","logistic",0.229766902105993,0.229767472367266,0.000000570261272647699,0.000000570261272647699,FALSE
565,"hypercorrection","logistic",0.887755022958092,0.88775309247696,-0.00000193048113261707,0.00000193048113261707,FALSE
566,"hypercorrection","logistic",0.822458542599243,0.822455341376321,-0.00000320122292185587,0.00000320122292185587,FALSE
567,"hypercorrection","logistic",0.492546172527503,0.492548446703708,0.00000227417620507486,0.00000227417620507486,FALSE
568,"hypercorrection","logistic",0.479014025541266,0.479015414926248,0.00000138938498134289,0.00000138938498134289,FALSE
569,"hypercorrection","logistic",0.114534793508472,0.11453559615187,0.000000802643398328806,0.000000802643398328806,FALSE
571,"hypercorrection","logistic",0.673518421162678,0.673515278301604,-0.00000314286107472306,0.00000314286107472306,FALSE
573,"hypercorrection","logistic",0.487243613266271,0.487247290633271,0.0000036773670005763,0.0000036773670005763,FALSE
574,"hypercorrection","logistic",0.0965075579259199,0.0965094920520044,0.00000193412608449905,0.00000193412608449905,FALSE
575,"hypercorrection","logistic",0.39148329443723,0.391482858193945,-0.00000043624328460723,0.00000043624328460723,FALSE
576,"hypercorrection","logistic",0.56852062322111,0.568519789776924,-0.000000833444185555088,0.000000833444185555088,FALSE
578,"hypercorrection","logistic",0.91917474821294,0.919173606870133,-0.0000011413428074869,0.0000011413428074869,FALSE
579,"hypercorrection","logistic",0.378668704508524,0.378669856571999,0.00000115206347511831,0.00000115206347511831,FALSE
580,"hypercorrection","logistic",0.98736386900296,0.98736335504849,-0.000000513954469538724,0.000000513954469538724,FALSE
581,"hypercorrection","logistic",0.939281366327372,0.939280367359206,-0.000000998968166188163,0.000000998968166188163,FALSE
584,"hypercorrection","logistic",0.937826346984892,0.937824959732666,-0.00000138725222664782,0.00000138725222664782,FALSE
585,"hypercorrection","logistic",0.804718180789976,0.804717286313712,-0.000000894476264945432,0.000000894476264945432,FALSE
587,"hypercorrection","logistic",0.420381582535899,0.420378765282617,-0.00000281725328216131,0.00000281725328216131,FALSE
589,"hypercorrection","logistic",0.702902261460136,0.702898933878911,-0.00000332758122467691,0.00000332758122467691,FALSE
590,"hypercorrection","logistic",0.453246458749986,0.453248410943348,0.00000195219336240893,0.00000195219336240893,FALSE
591,"hypercorrection","logistic",0.383969431782195,0.383971284476924,0.00000185269472863236,0.00000185269472863236,FALSE
592,"hypercorrection","logistic",0.383334418070604,0.383336509962382,0.00000209189177746705,0.00000209189177746705,FALSE
593,"hypercorrection","logistic",0.441140937020027,0.441142455073133,0.00000151805310621977,0.00000151805310621977,FALSE
594,"hypercorrection","logistic",0.904645643474298,0.904643158300747,-0.00000248517355050382,0.00000248517355050382,FALSE
595,"hypercorrection","logistic",0.0920130295291054,0.0920152414433236,0.00000221191421814759,0.00000221191421814759,FALSE
596,"hypercorrection","logistic",0.495647530997422,0.495646575039327,-0.000000955958094406295,0.000000955958094406295,FALSE
597,"hypercorrection","logistic",0.611321904809858,0.611316582804519,-0.00000532200533887028,0.00000532200533887028,FALSE
598,"hypercorrection","logistic",0.202939512054396,0.202939301290956,-0.000000210763439562056,0.000000210763439562056,FALSE
599,"hypercorrection","logistic",0.140119405804783,0.140121243238489,0.0000018374337066307,0.0000018374337066307,FALSE
600,"hypercorrection","logistic",0.166130055153585,0.166133264003619,0.00000320885003404769,0.00000320885003404769,FALSE
601,"hypercorrection","logistic",0.224795924442047,0.224797196651483,0.00000127220943577089,0.00000127220943577089,FALSE
602,"hypercorrection","logistic",0.922166298101046,0.922164247522298,-0.00000205057874813619,0.00000205057874813619,FALSE
603,"hypercorrection","logistic",0.565072708445064,0.565066477625923,-0.00000623081914041812,0.00000623081914041812,FALSE
604,"hypercorrection","logistic",0.400437239307885,0.400435945096017,-0.00000129421186856327,0.00000129421186856327,FALSE
605,"hypercorrection","logistic",0.873280630642515,0.873278023224918,-0.00000260741759761096,0.00000260741759761096,FALSE
606,"hypercorrection","logistic",0.995008585317866,0.995008094116597,-0.000000491201268992825,0.000000491201268992825,FALSE
607,"hypercorrection","logistic",0.381830942127097,0.381832207032583,0.00000126490548602032,0.00000126490548602032,FALSE
608,"hypercorrection","logistic",0.606380907309423,0.606381226028496,0.000000318719073355567,0.000000318719073355567,FALSE
609,"hypercorrection","logistic",0.278698676466747,0.278700464701524,0.00000178823477631207,0.00000178823477631207,FALSE
610,"hypercorrection","logistic",0.0349801708353811,0.0349809109254011,0.000000740090020052986,0.000000740090020052986,FALSE
611,"hypercorrection","logistic",0.0631235693212444,0.0631258154393547,0.00000224611811022735,0.00000224611811022735,FALSE
612,"hypercorrection","logistic",0.705523946296708,0.705523796589703,-0.000000149707004792887,0.000000149707004792887,FALSE
613,"hypercorrection","logistic",0.828636760251981,0.828634037094414,-0.00000272315756644215,0.00000272315756644215,FALSE
614,"hypercorrection","logistic",0.865232014321952,0.865229495975819,-0.00000251834613340662,0.00000251834613340662,FALSE
615,"hypercorrection","logistic",0.996189493934309,0.996189237371122,-0.000000256563187250869,0.000000256563187250869,FALSE
616,"hypercorrection","logistic",0.181923942461515,0.181926710999682,0.00000276853816719158,0.00000276853816719158,FALSE
618,"hypercorrection","logistic",0.0934263869411407,0.0934273844566754,0.000000997515534742477,0.000000997515534742477,FALSE
619,"hypercorrection","logistic",0.850850140026042,0.850848166177135,-0.00000197384890687768,0.00000197384890687768,FALSE
620,"hypercorrection","logistic",0.79918117809471,0.799180504986068,-0.00000067310864138026,0.00000067310864138026,FALSE
621,"hypercorrection","logistic",0.333897598118556,0.33389911198082,0.00000151386226415751,0.00000151386226415751,FALSE
622,"hypercorrection","logistic",0.0462947561530785,0.0462959547324972,0.00000119857941873608,0.00000119857941873608,FALSE
623,"hypercorrection","logistic",0.789223624240186,0.789222824372207,-0.000000799867978518165,0.000000799867978518165,FALSE
624,"hypercorrection","logistic",0.857956151985464,0.85795513485785,-0.00000101712761435557,0.00000101712761435557,FALSE
625,"hypercorrection","logistic",0.654075059562117,0.654072949143864,-0.00000211041825304292,0.00000211041825304292,FALSE
626,"hypercorrection","logistic",0.179649276007063,0.179652218550478,0.00000294254341562383,0.00000294254341562383,FALSE
627,"hypercorrection","logistic",0.834141203593993,0.834138181952992,-0.00000302164100096647,0.00000302164100096647,FALSE
629,"hypercorrection","logistic",0.354101567203658,0.354099616625612,-0.00000195057804541765,0.00000195057804541765,FALSE
630,"hypercorrection","logistic",0.44330809163328,0.443310402256004,0.00000231062272443294,0.00000231062272443294,FALSE
631,"hypercorrection","logistic",0.186036855202797,0.186039815059736,0.00000295985693940515,0.00000295985693940515,FALSE
632,"hypercorrection","logistic",0.96020092256731,0.960199696334104,-0.00000122623320597537,0.00000122623320597537,FALSE
633,"hypercorrection","logistic",0.132083934810988,0.13208488671447,0.000000951903481982708,0.000000951903481982708,FALSE
634,"hypercorrection","logistic",0.122065785772725,0.122067651064414,0.00000186529168914873,0.00000186529168914873,FALSE
635,"hypercorrection","logistic",0.0254302252190026,0.025431268667239,0.00000104344823646102,0.00000104344823646102,FALSE
636,"hypercorrection","logistic",0.960071557951243,0.960070324254347,-0.00000123369689597475,0.00000123369689597475,FALSE
637,"hypercorrection","logistic",0.235493773535853,0.23549317521805,-0.000000598317803107706,0.000000598317803107706,FALSE
638,"hypercorrection","logistic",0.338691684658588,0.338695749473634,0.00000406481504622302,0.00000406481504622302,FALSE
639,"hypercorrection","logistic",0.0826148495302856,0.0826177063639195,0.00000285683363389355,0.00000285683363389355,FALSE
640,"hypercorrection","logistic",0.716118580914654,0.716115946290595,-0.0000026346240583619,0.0000026346240583619,FALSE
641,"hypercorrection","logistic",0.212963374615645,0.2129629137115,-0.000000460904145654917,0.000000460904145654917,FALSE
642,"hypercorrection","logistic",0.969146257803864,0.969145379661117,-0.000000878142747184896,0.000000878142747184896,FALSE
643,"hypercorrection","logistic",0.51532861529807,0.515323628215242,-0.00000498708282736793,0.00000498708282736793,FALSE
645,"hypercorrection","logistic",0.523713955886935,0.523713817471846,-0.000000138415089057098,0.000000138415089057098,FALSE
646,"hypercorrection","logistic",0.855544207051777,0.855542310160739,-0.00000189689103746726,0.00000189689103746726,FALSE
647,"hypercorrection","logistic",0.187521115152595,0.187523091181373,0.00000197602877763381,0.00000197602877763381,FALSE
648,"hypercorrection","logistic",0.616837012660837,0.616837050722502,0.0000000380616640427434,0.0000000380616640427434,FALSE
649,"hypercorrection","logistic",0.787827515957527,0.787824492433682,-0.00000302352384529136,0.00000302352384529136,FALSE
650,"hypercorrection","logistic",0.0884301215496242,0.0884318359659946,0.00000171441637031311,0.00000171441637031311,FALSE
651,"hypercorrection","logistic",0.576842472224177,0.576842260685049,-0.000000211539128547322,0.000000211539128547322,FALSE
652,"hypercorrection","logistic",0.527343988613133,0.527339908682902,-0.00000407993023121556,0.00000407993023121556,FALSE
653,"hypercorrection","logistic",0.255318117491468,0.255318613462964,0.000000495971496705661,0.000000495971496705661,FALSE
654,"hypercorrection","logistic",0.0878531982175247,0.0878545406076354,0.00000134239011075066,0.00000134239011075066,FALSE
656,"hypercorrection","logistic",0.307879518367291,0.307882614579417,0.00000309621212551958,0.00000309621212551958,FALSE
657,"hypercorrection","logistic",0.469983116680134,0.469985124928285,0.00000200824815149714,0.00000200824815149714,FALSE
659,"hypercorrection","logistic",0.0682449692945156,0.0682457762828075,0.000000806988291884858,0.000000806988291884858,FALSE
661,"hypercorrection","logistic",0.0417671975721238,0.0417682393824547,0.0000010418103309276,0.0000010418103309276,FALSE
662,"hypercorrection","logistic",0.186322299576576,0.186325260175083,0.0000029605985064074,0.0000029605985064074,FALSE
664,"hypercorrection","logistic",0.68851188779249,0.688507489776998,-0.00000439801549223517,0.00000439801549223517,FALSE
665,"hypercorrection","logistic",0.992555693925993,0.992555311225979,-0.000000382700014345261,0.000000382700014345261,FALSE
668,"hypercorrection","logistic",0.0656342085497502,0.0656352895923347,0.00000108104258449149,0.00000108104258449149,FALSE
669,"hypercorrection","logistic",0.636525771283638,0.636525425982485,-0.00000034530115256004,0.00000034530115256004,FALSE
670,"hypercorrection","logistic",0.0604465606875962,0.0604474356283336,0.000000874940737458085,0.000000874940737458085,FALSE
671,"hypercorrection","logistic",0.769032260758856,0.769030222312125,-0.00000203844673163367,0.00000203844673163367,FALSE
672,"hypercorrection","logistic",0.100240911245207,0.100242899559366,0.00000198831415941514,0.00000198831415941514,FALSE
673,"hypercorrection","logistic",0.919533693832027,0.919530964691364,-0.00000272914066323793,0.00000272914066323793,FALSE
