"tree_id","repeat_id","outer_fold","fit_origin","node","depth","node_n","variable","split_role","split_rank","count","ncat","improve","index","adjusted_agreement","split_type","cutpoint","left_levels","right_levels","left_rule","right_rule"
1,1,1,"outer_training_saved_hyperparameters",1,0,553,"lenke","competitor",1,553,6,13.9070438870593,1,0,"categorical",,"3 | 4","1 | 2 | 5 | 6","lenke in {3 | 4}","lenke in {1 | 2 | 5 | 6}"
1,1,1,"outer_training_saved_hyperparameters",1,0,553,"risser","competitor",2,553,5,11.6746398391047,2,0,"categorical",,"0 | 3 | 4","1 | 2","risser in {0 | 3 | 4}","risser in {1 | 2}"
1,1,1,"outer_training_saved_hyperparameters",1,0,553,"flexibilidade","competitor",3,553,2,7.62207224570926,3,0,"categorical",,"rigido","flexivel","flexibilidade in {rigido}","flexibilidade in {flexivel}"
1,1,1,"outer_training_saved_hyperparameters",1,0,553,"cifose_toracica","competitor",4,553,1,5.66170357671257,49.5,0,"continuous",49.5,,,"cifose_toracica >= 49.5","cifose_toracica < 49.5"
1,1,1,"outer_training_saved_hyperparameters",2,1,334,"risser","competitor",1,334,5,5.1241903735781,6,0,"categorical",,"0 | 2 | 3 | 4","1","risser in {0 | 2 | 3 | 4}","risser in {1}"
1,1,1,"outer_training_saved_hyperparameters",2,1,334,"lenke","competitor",2,334,6,4.26962862791166,7,0,"categorical",,"3 | 4","1 | 2 | 5 | 6","lenke in {3 | 4}","lenke in {1 | 2 | 5 | 6}"
1,1,1,"outer_training_saved_hyperparameters",2,1,334,"cifose_toracica","competitor",3,334,-1,4.15253604939653,25.5,0,"continuous",25.5,,,"cifose_toracica < 25.5","cifose_toracica >= 25.5"
1,1,1,"outer_training_saved_hyperparameters",2,1,334,"flexibilidade","competitor",4,334,2,3.47856288305323,8,0,"categorical",,"rigido","flexivel","flexibilidade in {rigido}","flexibilidade in {flexivel}"
1,1,1,"outer_training_saved_hyperparameters",5,2,277,"imc","competitor",1,277,1,4.06468995540456,14.9555555555556,0,"continuous",14.9555555555556,,,"imc >= 14.955555555555556","imc < 14.955555555555556"
1,1,1,"outer_training_saved_hyperparameters",5,2,277,"cifose_toracica","competitor",2,277,-1,3.71271527889427,9.5,0,"continuous",9.5,,,"cifose_toracica < 9.5","cifose_toracica >= 9.5"
1,1,1,"outer_training_saved_hyperparameters",5,2,277,"lenke","competitor",3,277,6,3.08930524455819,10,0,"categorical",,"2 | 3 | 4 | 6","1 | 5","lenke in {2 | 3 | 4 | 6}","lenke in {1 | 5}"
1,1,1,"outer_training_saved_hyperparameters",5,2,277,"sexo","competitor",4,277,2,2.57220320166692,11,0,"categorical",,"feminino","masculino","sexo in {feminino}","sexo in {masculino}"
1,1,1,"outer_training_saved_hyperparameters",10,3,127,"lordose_lombar","competitor",1,127,-1,4.10249454112353,75.5,0,"continuous",75.5,,,"lordose_lombar < 75.5","lordose_lombar >= 75.5"
1,1,1,"outer_training_saved_hyperparameters",10,3,127,"lenke","competitor",2,127,6,3.01706036745406,14,0,"categorical",,"4","1 | 2 | 3 | 5 | 6","lenke in {4}","lenke in {1 | 2 | 3 | 5 | 6}"
1,1,1,"outer_training_saved_hyperparameters",10,3,127,"cifose_toracica","competitor",3,127,-1,2.36448304786642,30.5,0,"continuous",30.5,,,"cifose_toracica < 30.5","cifose_toracica >= 30.5"
1,1,1,"outer_training_saved_hyperparameters",10,3,127,"correcao_colete","competitor",4,127,1,1.26944131983502,47.2953216374269,0,"continuous",47.2953216374269,,,"correcao_colete >= 47.295321637426895","correcao_colete < 47.295321637426895"
1,1,1,"outer_training_saved_hyperparameters",21,4,32,"cifose_toracica","competitor",1,32,-1,3.20320048309179,30.5,0,"continuous",30.5,,,"cifose_toracica < 30.5","cifose_toracica >= 30.5"
1,1,1,"outer_training_saved_hyperparameters",21,4,32,"idade","competitor",2,32,1,2.76001082251082,11.5,0,"continuous",11.5,,,"idade >= 11.5","idade < 11.5"
1,1,1,"outer_training_saved_hyperparameters",21,4,32,"risser","competitor",3,32,5,2.39160628019324,16,0,"categorical",,"3","0","risser in {3}","risser in {0}"
1,1,1,"outer_training_saved_hyperparameters",21,4,32,"lenke","competitor",4,32,6,2.10113636363636,17,0,"categorical",,"2 | 4 | 5 | 6","1 | 3","lenke in {2 | 4 | 5 | 6}","lenke in {1 | 3}"
1,1,1,"outer_training_saved_hyperparameters",11,3,150,"imc","competitor",1,150,-1,4.10024691358025,18.5016174934993,0,"continuous",18.5016174934993,,,"imc < 18.501617493499317","imc >= 18.501617493499317"
1,1,1,"outer_training_saved_hyperparameters",11,3,150,"flexibilidade","competitor",2,150,2,3.84,18,0,"categorical",,"rigido","flexivel","flexibilidade in {rigido}","flexibilidade in {flexivel}"
1,1,1,"outer_training_saved_hyperparameters",11,3,150,"sexo","competitor",3,150,2,3.56024767801858,19,0,"categorical",,"feminino","masculino","sexo in {feminino}","sexo in {masculino}"
1,1,1,"outer_training_saved_hyperparameters",11,3,150,"correcao_colete","competitor",4,150,-1,3.54857142857145,45.3463203463204,0,"continuous",45.3463203463204,,,"correcao_colete < 45.346320346320354","correcao_colete >= 45.346320346320354"
1,1,1,"outer_training_saved_hyperparameters",22,4,47,"risser","competitor",1,47,5,2.46565349544073,21,0,"categorical",,"4","1 | 2","risser in {4}","risser in {1 | 2}"
1,1,1,"outer_training_saved_hyperparameters",22,4,47,"lordose_lombar","competitor",2,47,-1,1.73248724648501,71.5,0,"continuous",71.5,,,"lordose_lombar < 71.5","lordose_lombar >= 71.5"
1,1,1,"outer_training_saved_hyperparameters",22,4,47,"flexibilidade","competitor",3,47,2,1.47517730496454,22,0,"categorical",,"rigido","flexivel","flexibilidade in {rigido}","flexibilidade in {flexivel}"
1,1,1,"outer_training_saved_hyperparameters",22,4,47,"cifose_toracica","competitor",4,47,-1,1.45214700193424,25,0,"continuous",25,,,"cifose_toracica < 25","cifose_toracica >= 25"
1,1,1,"outer_training_saved_hyperparameters",23,4,103,"cifose_toracica","competitor",1,103,-1,5.49120104126545,9.5,0,"continuous",9.5,,,"cifose_toracica < 9.5","cifose_toracica >= 9.5"
1,1,1,"outer_training_saved_hyperparameters",23,4,103,"imc","competitor",2,103,-1,5.04043456044078,18.5016174934993,0,"continuous",18.5016174934993,,,"imc < 18.501617493499317","imc >= 18.501617493499317"
1,1,1,"outer_training_saved_hyperparameters",23,4,103,"flexibilidade","competitor",3,103,2,4.93583592915122,23,0,"categorical",,"rigido","flexivel","flexibilidade in {rigido}","flexibilidade in {flexivel}"
1,1,1,"outer_training_saved_hyperparameters",23,4,103,"lenke","competitor",4,103,6,4.67040760761292,24,0,"categorical",,"1 | 3 | 6","2 | 4 | 5","lenke in {1 | 3 | 6}","lenke in {2 | 4 | 5}"
1,1,1,"outer_training_saved_hyperparameters",3,1,219,"imc","competitor",1,219,-1,4.50019451868906,16.4133360721146,0,"continuous",16.4133360721146,,,"imc < 16.413336072114554","imc >= 16.413336072114554"
1,1,1,"outer_training_saved_hyperparameters",3,1,219,"cifose_toracica","competitor",2,219,1,4.01652370588487,52,0,"continuous",52,,,"cifose_toracica >= 52","cifose_toracica < 52"
1,1,1,"outer_training_saved_hyperparameters",3,1,219,"idade","competitor",3,219,-1,3.38699922460585,12.5,0,"continuous",12.5,,,"idade < 12.5","idade >= 12.5"
1,1,1,"outer_training_saved_hyperparameters",3,1,219,"escoliometro_maior_10_graus","competitor",4,219,4,2.29299449940492,26,0,"categorical",,"toracica_lombar","normal | toracica | lombar","escoliometro_maior_10_graus in {toracica_lombar}","escoliometro_maior_10_graus in {normal | toracica | lombar}"
1,1,1,"outer_training_saved_hyperparameters",6,2,59,"correcao_colete","competitor",1,59,1,5.29001883239171,53.529900332226,0,"continuous",53.529900332226,,,"correcao_colete >= 53.529900332225949","correcao_colete < 53.529900332225949"
1,1,1,"outer_training_saved_hyperparameters",6,2,59,"risser","competitor",2,59,5,4.997621171573,28,0,"categorical",,"0 | 3","1 | 2 | 4","risser in {0 | 3}","risser in {1 | 2 | 4}"
1,1,1,"outer_training_saved_hyperparameters",6,2,59,"lenke","competitor",3,59,6,4.77087784266249,29,0,"categorical",,"3 | 4 | 5","1 | 2 | 6","lenke in {3 | 4 | 5}","lenke in {1 | 2 | 6}"
1,1,1,"outer_training_saved_hyperparameters",6,2,59,"escoliometro_maior_10_graus","competitor",4,59,4,3.19506933744222,30,0,"categorical",,"toracica_lombar","normal | toracica | lombar","escoliometro_maior_10_graus in {toracica_lombar}","escoliometro_maior_10_graus in {normal | toracica | lombar}"
1,1,1,"outer_training_saved_hyperparameters",12,3,18,"risser","competitor",1,18,5,2.29365079365079,34,0,"categorical",,"0 | 2 | 3","1 | 4","risser in {0 | 2 | 3}","risser in {1 | 4}"
1,1,1,"outer_training_saved_hyperparameters",12,3,18,"correcao_colete","competitor",2,18,1,2.22222222222222,52.9761904761905,0,"continuous",52.9761904761905,,,"correcao_colete >= 52.976190476190496","correcao_colete < 52.976190476190496"
1,1,1,"outer_training_saved_hyperparameters",12,3,18,"lordose_lombar","competitor",3,18,1,1.43760683760684,45,0,"continuous",45,,,"lordose_lombar >= 45","lordose_lombar < 45"
1,1,1,"outer_training_saved_hyperparameters",12,3,18,"imc","competitor",4,18,-1,0.793650793650794,15.9166790304787,0,"continuous",15.9166790304787,,,"imc < 15.916679030478736","imc >= 15.916679030478736"
1,1,1,"outer_training_saved_hyperparameters",13,3,41,"lenke","competitor",1,41,6,2.34759224515322,35,0,"categorical",,"2 | 3 | 5","1 | 6","lenke in {2 | 3 | 5}","lenke in {1 | 6}"
1,1,1,"outer_training_saved_hyperparameters",13,3,41,"risser","competitor",2,41,5,2.24000677506775,36,0,"categorical",,"3","0 | 1 | 2 | 4","risser in {3}","risser in {0 | 1 | 2 | 4}"
1,1,1,"outer_training_saved_hyperparameters",13,3,41,"imc","competitor",3,41,-1,2.24000677506775,15.8393962241586,0,"continuous",15.8393962241586,,,"imc < 15.839396224158602","imc >= 15.839396224158602"
1,1,1,"outer_training_saved_hyperparameters",13,3,41,"correcao_colete","competitor",4,41,1,1.98959827833572,51.4718614718615,0,"continuous",51.4718614718615,,,"correcao_colete >= 51.471861471861452","correcao_colete < 51.471861471861452"
1,1,1,"outer_training_saved_hyperparameters",7,2,160,"cifose_toracica","competitor",1,160,1,2.00703290870488,52,0,"continuous",52,,,"cifose_toracica >= 52","cifose_toracica < 52"
1,1,1,"outer_training_saved_hyperparameters",7,2,160,"correcao_colete","competitor",2,160,-1,1.7437936467382,61.7216117216117,0,"continuous",61.7216117216117,,,"correcao_colete < 61.721611721611694","correcao_colete >= 61.721611721611694"
1,1,1,"outer_training_saved_hyperparameters",7,2,160,"lenke","competitor",3,160,6,1.55643203883495,37,0,"categorical",,"3 | 6","1 | 2 | 4 | 5","lenke in {3 | 6}","lenke in {1 | 2 | 4 | 5}"
1,1,1,"outer_training_saved_hyperparameters",7,2,160,"risser","competitor",4,160,5,1.34103838459615,38,0,"categorical",,"4","0 | 1 | 2 | 3","risser in {4}","risser in {0 | 1 | 2 | 3}"
1,1,1,"outer_training_saved_hyperparameters",14,3,25,"escoliometro_maior_10_graus","competitor",1,25,4,2.61333333333333,40,0,"categorical",,"normal | lombar","toracica | toracica_lombar","escoliometro_maior_10_graus in {normal | lombar}","escoliometro_maior_10_graus in {toracica | toracica_lombar}"
1,1,1,"outer_training_saved_hyperparameters",14,3,25,"imc","competitor",2,25,-1,2.205,19.4180341598118,0,"continuous",19.4180341598118,,,"imc < 19.418034159811835","imc >= 19.418034159811835"
1,1,1,"outer_training_saved_hyperparameters",14,3,25,"risser","competitor",3,25,5,2.205,41,0,"categorical",,"1 | 2 | 4","0 | 3","risser in {1 | 2 | 4}","risser in {0 | 3}"
1,1,1,"outer_training_saved_hyperparameters",14,3,25,"cifose_toracica","competitor",4,25,-1,2.13555555555556,23.5,0,"continuous",23.5,,,"cifose_toracica < 23.5","cifose_toracica >= 23.5"
1,1,1,"outer_training_saved_hyperparameters",28,4,12,"cifose_toracica","competitor",1,12,-1,2.97619047619048,27,0,"continuous",27,,,"cifose_toracica < 27","cifose_toracica >= 27"
1,1,1,"outer_training_saved_hyperparameters",28,4,12,"lordose_lombar","competitor",2,12,-1,2.72222222222222,71.5,0,"continuous",71.5,,,"lordose_lombar < 71.5","lordose_lombar >= 71.5"
1,1,1,"outer_training_saved_hyperparameters",28,4,12,"risser","competitor",3,12,5,2.72222222222222,44,0,"categorical",,"1 | 2 | 4","0 | 3","risser in {1 | 2 | 4}","risser in {0 | 3}"
1,1,1,"outer_training_saved_hyperparameters",28,4,12,"idade","competitor",4,12,1,0.576190476190476,12.5,0,"continuous",12.5,,,"idade >= 12.5","idade < 12.5"
2,1,2,"outer_training_saved_hyperparameters",1,0,553,"lenke","competitor",1,553,6,11.9332662939906,1,0,"categorical",,"3 | 4","1 | 2 | 5 | 6","lenke in {3 | 4}","lenke in {1 | 2 | 5 | 6}"
2,1,2,"outer_training_saved_hyperparameters",1,0,553,"flexibilidade","competitor",2,553,2,9.45183686204842,2,0,"categorical",,"rigido","flexivel","flexibilidade in {rigido}","flexibilidade in {flexivel}"
2,1,2,"outer_training_saved_hyperparameters",1,0,553,"risser","competitor",3,553,5,8.81590008338873,3,0,"categorical",,"0 | 3 | 4","1 | 2","risser in {0 | 3 | 4}","risser in {1 | 2}"
2,1,2,"outer_training_saved_hyperparameters",1,0,553,"idade","competitor",4,553,-1,4.59111210393382,12.5,0,"continuous",12.5,,,"idade < 12.5","idade >= 12.5"
2,1,2,"outer_training_saved_hyperparameters",2,1,335,"risser","competitor",1,335,5,5.23779366943555,5,0,"categorical",,"0 | 2 | 3 | 4","1","risser in {0 | 2 | 3 | 4}","risser in {1}"
2,1,2,"outer_training_saved_hyperparameters",2,1,335,"cifose_toracica","competitor",2,335,-1,4.73064706089056,25.5,0,"continuous",25.5,,,"cifose_toracica < 25.5","cifose_toracica >= 25.5"
2,1,2,"outer_training_saved_hyperparameters",2,1,335,"sexo","competitor",3,335,2,4.41792309638248,6,0,"categorical",,"feminino","masculino","sexo in {feminino}","sexo in {masculino}"
2,1,2,"outer_training_saved_hyperparameters",2,1,335,"lenke","competitor",4,335,6,4.35814787496051,7,0,"categorical",,"3 | 4 | 6","1 | 2 | 5","lenke in {3 | 4 | 6}","lenke in {1 | 2 | 5}"
2,1,2,"outer_training_saved_hyperparameters",5,2,275,"lenke","competitor",1,275,6,4.73780961585841,9,0,"categorical",,"2 | 3 | 4 | 6","1 | 5","lenke in {2 | 3 | 4 | 6}","lenke in {1 | 5}"
2,1,2,"outer_training_saved_hyperparameters",5,2,275,"cifose_toracica","competitor",2,275,-1,4.58941643152173,25.5,0,"continuous",25.5,,,"cifose_toracica < 25.5","cifose_toracica >= 25.5"
2,1,2,"outer_training_saved_hyperparameters",5,2,275,"imc","competitor",3,275,1,4.33682983682985,15.5999909255693,0,"continuous",15.5999909255693,,,"imc >= 15.59999092556933","imc < 15.59999092556933"
2,1,2,"outer_training_saved_hyperparameters",5,2,275,"sexo","competitor",4,275,2,3.83522727272728,10,0,"categorical",,"feminino","masculino","sexo in {feminino}","sexo in {masculino}"
2,1,2,"outer_training_saved_hyperparameters",10,3,238,"sexo","competitor",1,238,2,5.24762443438915,12,0,"categorical",,"feminino","masculino","sexo in {feminino}","sexo in {masculino}"
2,1,2,"outer_training_saved_hyperparameters",10,3,238,"cifose_toracica","competitor",2,238,-1,5.15800562716746,18.5,0,"continuous",18.5,,,"cifose_toracica < 18.5","cifose_toracica >= 18.5"
2,1,2,"outer_training_saved_hyperparameters",10,3,238,"lordose_lombar","competitor",3,238,-1,3.32953181272509,43.5,0,"continuous",43.5,,,"lordose_lombar < 43.5","lordose_lombar >= 43.5"
2,1,2,"outer_training_saved_hyperparameters",10,3,238,"risser","competitor",4,238,5,2.39209558823531,13,0,"categorical",,"0 | 3","2 | 4","risser in {0 | 3}","risser in {2 | 4}"
2,1,2,"outer_training_saved_hyperparameters",20,4,199,"cifose_toracica","competitor",1,199,-1,6.31364556784338,24.5,0,"continuous",24.5,,,"cifose_toracica < 24.5","cifose_toracica >= 24.5"
2,1,2,"outer_training_saved_hyperparameters",20,4,199,"correcao_colete","competitor",2,199,-1,3.01811573591225,45.3463203463204,0,"continuous",45.3463203463204,,,"correcao_colete < 45.346320346320354","correcao_colete >= 45.346320346320354"
2,1,2,"outer_training_saved_hyperparameters",20,4,199,"lordose_lombar","competitor",3,199,-1,2.99105353356377,66.5,0,"continuous",66.5,,,"lordose_lombar < 66.5","lordose_lombar >= 66.5"
2,1,2,"outer_training_saved_hyperparameters",20,4,199,"risser","competitor",4,199,5,2.1415174245378,15,0,"categorical",,"0 | 3","2 | 4","risser in {0 | 3}","risser in {2 | 4}"
2,1,2,"outer_training_saved_hyperparameters",3,1,218,"escoliometro_maior_10_graus","competitor",1,218,4,3.44774239971219,16,0,"categorical",,"toracica_lombar","normal | toracica | lombar","escoliometro_maior_10_graus in {toracica_lombar}","escoliometro_maior_10_graus in {normal | toracica | lombar}"
2,1,2,"outer_training_saved_hyperparameters",3,1,218,"imc","competitor",2,218,-1,3.24466932338593,16.4133360721146,0,"continuous",16.4133360721146,,,"imc < 16.413336072114554","imc >= 16.413336072114554"
2,1,2,"outer_training_saved_hyperparameters",3,1,218,"idade","competitor",3,218,-1,2.4960670460264,12.5,0,"continuous",12.5,,,"idade < 12.5","idade >= 12.5"
2,1,2,"outer_training_saved_hyperparameters",3,1,218,"lordose_lombar","competitor",4,218,1,1.80023193485209,43.5,0,"continuous",43.5,,,"lordose_lombar >= 43.5","lordose_lombar < 43.5"
2,1,2,"outer_training_saved_hyperparameters",6,2,117,"imc","competitor",1,117,-1,2.60513826043238,15.742858791459,0,"continuous",15.742858791459,,,"imc < 15.742858791458954","imc >= 15.742858791458954"
2,1,2,"outer_training_saved_hyperparameters",6,2,117,"correcao_colete","competitor",2,117,1,2.02097902097903,51.3167013167013,0,"continuous",51.3167013167013,,,"correcao_colete >= 51.316701316701298","correcao_colete < 51.316701316701298"
2,1,2,"outer_training_saved_hyperparameters",6,2,117,"lenke","competitor",3,117,6,2.02097902097903,20,0,"categorical",,"2 | 3 | 5 | 6","1 | 4","lenke in {2 | 3 | 5 | 6}","lenke in {1 | 4}"
2,1,2,"outer_training_saved_hyperparameters",6,2,117,"idade","competitor",4,117,-1,1.59816552011674,12.5,0,"continuous",12.5,,,"idade < 12.5","idade >= 12.5"
2,1,2,"outer_training_saved_hyperparameters",12,3,54,"lordose_lombar","competitor",1,54,1,3.33270794246404,43.5,0,"continuous",43.5,,,"lordose_lombar >= 43.5","lordose_lombar < 43.5"
2,1,2,"outer_training_saved_hyperparameters",12,3,54,"risser","competitor",2,54,5,2.06390804597702,23,0,"categorical",,"0 | 3 | 4","1 | 2","risser in {0 | 3 | 4}","risser in {1 | 2}"
2,1,2,"outer_training_saved_hyperparameters",12,3,54,"idade","competitor",3,54,-1,1.82007575757576,12.5,0,"continuous",12.5,,,"idade < 12.5","idade >= 12.5"
2,1,2,"outer_training_saved_hyperparameters",12,3,54,"lenke","competitor",4,54,6,1.48205128205128,24,0,"categorical",,"3 | 6","1 | 2 | 4 | 5","lenke in {3 | 6}","lenke in {1 | 2 | 4 | 5}"
3,1,3,"outer_training_saved_hyperparameters",1,0,553,"lenke","competitor",1,553,6,15.1775127722395,1,0,"categorical",,"3 | 4","1 | 2 | 5 | 6","lenke in {3 | 4}","lenke in {1 | 2 | 5 | 6}"
3,1,3,"outer_training_saved_hyperparameters",1,0,553,"risser","competitor",2,553,5,13.3720007130869,2,0,"categorical",,"0 | 3 | 4","1 | 2","risser in {0 | 3 | 4}","risser in {1 | 2}"
3,1,3,"outer_training_saved_hyperparameters",1,0,553,"flexibilidade","competitor",3,553,2,9.40719372445744,3,0,"categorical",,"rigido","flexivel","flexibilidade in {rigido}","flexibilidade in {flexivel}"
3,1,3,"outer_training_saved_hyperparameters",1,0,553,"idade","competitor",4,553,-1,5.12845391321082,12.5,0,"continuous",12.5,,,"idade < 12.5","idade >= 12.5"
3,1,3,"outer_training_saved_hyperparameters",2,1,336,"risser","competitor",1,336,5,7.84884806973849,6,0,"categorical",,"0 | 2 | 3 | 4","1","risser in {0 | 2 | 3 | 4}","risser in {1}"
3,1,3,"outer_training_saved_hyperparameters",2,1,336,"lenke","competitor",2,336,6,4.77946283434315,7,0,"categorical",,"3 | 4","1 | 2 | 5 | 6","lenke in {3 | 4}","lenke in {1 | 2 | 5 | 6}"
3,1,3,"outer_training_saved_hyperparameters",2,1,336,"cifose_toracica","competitor",3,336,-1,4.71806652925684,25.5,0,"continuous",25.5,,,"cifose_toracica < 25.5","cifose_toracica >= 25.5"
3,1,3,"outer_training_saved_hyperparameters",2,1,336,"flexibilidade","competitor",4,336,2,3.80621702616372,8,0,"categorical",,"rigido","flexivel","flexibilidade in {rigido}","flexibilidade in {flexivel}"
3,1,3,"outer_training_saved_hyperparameters",5,2,275,"cifose_toracica","competitor",1,275,-1,5.39149463968079,9.5,0,"continuous",9.5,,,"cifose_toracica < 9.5","cifose_toracica >= 9.5"
3,1,3,"outer_training_saved_hyperparameters",5,2,275,"lenke","competitor",2,275,6,4.69418044535966,10,0,"categorical",,"2 | 3 | 4 | 6","1 | 5","lenke in {2 | 3 | 4 | 6}","lenke in {1 | 5}"
3,1,3,"outer_training_saved_hyperparameters",5,2,275,"lordose_lombar","competitor",3,275,-1,2.91919191919192,43.5,0,"continuous",43.5,,,"lordose_lombar < 43.5","lordose_lombar >= 43.5"
3,1,3,"outer_training_saved_hyperparameters",5,2,275,"sexo","competitor",4,275,2,2.48581323438466,11,0,"categorical",,"feminino","masculino","sexo in {feminino}","sexo in {masculino}"
3,1,3,"outer_training_saved_hyperparameters",3,1,217,"imc","competitor",1,217,-1,3.66698045787231,15.8393962241586,0,"continuous",15.8393962241586,,,"imc < 15.839396224158602","imc >= 15.839396224158602"
3,1,3,"outer_training_saved_hyperparameters",3,1,217,"escoliometro_maior_10_graus","competitor",2,217,4,2.3425186451752,12,0,"categorical",,"toracica_lombar","normal | toracica | lombar","escoliometro_maior_10_graus in {toracica_lombar}","escoliometro_maior_10_graus in {normal | toracica | lombar}"
3,1,3,"outer_training_saved_hyperparameters",3,1,217,"cifose_toracica","competitor",3,217,1,2.32534562211982,47,0,"continuous",47,,,"cifose_toracica >= 47","cifose_toracica < 47"
3,1,3,"outer_training_saved_hyperparameters",3,1,217,"idade","competitor",4,217,-1,1.98610344353339,12.5,0,"continuous",12.5,,,"idade < 12.5","idade >= 12.5"
3,1,3,"outer_training_saved_hyperparameters",6,2,116,"imc","competitor",1,116,-1,3.40747126436782,15.8393962241586,0,"continuous",15.8393962241586,,,"imc < 15.839396224158602","imc >= 15.839396224158602"
3,1,3,"outer_training_saved_hyperparameters",6,2,116,"cifose_toracica","competitor",2,116,1,2.75231617480905,43,0,"continuous",43,,,"cifose_toracica >= 43","cifose_toracica < 43"
3,1,3,"outer_training_saved_hyperparameters",6,2,116,"lenke","competitor",3,116,6,2.23863068465766,17,0,"categorical",,"2 | 3 | 4 | 6","1 | 5","lenke in {2 | 3 | 4 | 6}","lenke in {1 | 5}"
3,1,3,"outer_training_saved_hyperparameters",6,2,116,"correcao_colete","competitor",4,116,1,1.992656449553,59.7619047619047,0,"continuous",59.7619047619047,,,"correcao_colete >= 59.761904761904745","correcao_colete < 59.761904761904745"
4,1,4,"outer_training_saved_hyperparameters",1,0,553,"lenke","competitor",1,553,6,10.974518235569,1,0,"categorical",,"3 | 4","1 | 2 | 5 | 6","lenke in {3 | 4}","lenke in {1 | 2 | 5 | 6}"
4,1,4,"outer_training_saved_hyperparameters",1,0,553,"risser","competitor",2,553,5,10.6746724006058,2,0,"categorical",,"0 | 3 | 4","1 | 2","risser in {0 | 3 | 4}","risser in {1 | 2}"
4,1,4,"outer_training_saved_hyperparameters",1,0,553,"flexibilidade","competitor",3,553,2,8.69869914155993,3,0,"categorical",,"rigido","flexivel","flexibilidade in {rigido}","flexibilidade in {flexivel}"
4,1,4,"outer_training_saved_hyperparameters",1,0,553,"cifose_toracica","competitor",4,553,1,5.66170357671257,49.5,0,"continuous",49.5,,,"cifose_toracica >= 49.5","cifose_toracica < 49.5"
4,1,4,"outer_training_saved_hyperparameters",2,1,334,"risser","competitor",1,334,5,7.57188270060814,6,0,"categorical",,"0 | 2 | 3 | 4","1","risser in {0 | 2 | 3 | 4}","risser in {1}"
4,1,4,"outer_training_saved_hyperparameters",2,1,334,"cifose_toracica","competitor",2,334,-1,5.07083574885493,25.5,0,"continuous",25.5,,,"cifose_toracica < 25.5","cifose_toracica >= 25.5"
4,1,4,"outer_training_saved_hyperparameters",2,1,334,"lenke","competitor",3,334,6,4.72145563944576,7,0,"categorical",,"2 | 3 | 4 | 6","1 | 5","lenke in {2 | 3 | 4 | 6}","lenke in {1 | 5}"
4,1,4,"outer_training_saved_hyperparameters",2,1,334,"sexo","competitor",4,334,2,3.59902313021018,8,0,"categorical",,"feminino","masculino","sexo in {feminino}","sexo in {masculino}"
4,1,4,"outer_training_saved_hyperparameters",5,2,279,"cifose_toracica","competitor",1,279,-1,5.04032258064518,9.5,0,"continuous",9.5,,,"cifose_toracica < 9.5","cifose_toracica >= 9.5"
4,1,4,"outer_training_saved_hyperparameters",5,2,279,"lenke","competitor",2,279,6,4.18969841917986,10,0,"categorical",,"2 | 3 | 4 | 6","1 | 5","lenke in {2 | 3 | 4 | 6}","lenke in {1 | 5}"
4,1,4,"outer_training_saved_hyperparameters",5,2,279,"imc","competitor",3,279,1,3.58431440744283,15.5999909255693,0,"continuous",15.5999909255693,,,"imc >= 15.59999092556933","imc < 15.59999092556933"
4,1,4,"outer_training_saved_hyperparameters",5,2,279,"sexo","competitor",4,279,2,3.57806569307272,11,0,"categorical",,"feminino","masculino","sexo in {feminino}","sexo in {masculino}"
4,1,4,"outer_training_saved_hyperparameters",10,3,237,"sexo","competitor",1,237,2,5.0844624710287,13,0,"categorical",,"feminino","masculino","sexo in {feminino}","sexo in {masculino}"
4,1,4,"outer_training_saved_hyperparameters",10,3,237,"cifose_toracica","competitor",2,237,-1,5.05120592729536,30.5,0,"continuous",30.5,,,"cifose_toracica < 30.5","cifose_toracica >= 30.5"
4,1,4,"outer_training_saved_hyperparameters",10,3,237,"lordose_lombar","competitor",3,237,-1,4.20990018482044,43.5,0,"continuous",43.5,,,"lordose_lombar < 43.5","lordose_lombar >= 43.5"
4,1,4,"outer_training_saved_hyperparameters",10,3,237,"risser","competitor",4,237,5,1.94873371990928,14,0,"categorical",,"0 | 2 | 3","4","risser in {0 | 2 | 3}","risser in {4}"
4,1,4,"outer_training_saved_hyperparameters",3,1,219,"imc","competitor",1,219,-1,5.04690517034201,15.8393962241586,0,"continuous",15.8393962241586,,,"imc < 15.839396224158602","imc >= 15.839396224158602"
4,1,4,"outer_training_saved_hyperparameters",3,1,219,"idade","competitor",2,219,-1,3.32826990361237,12.5,0,"continuous",12.5,,,"idade < 12.5","idade >= 12.5"
4,1,4,"outer_training_saved_hyperparameters",3,1,219,"escoliometro_maior_10_graus","competitor",3,219,4,2.29299449940492,15,0,"categorical",,"toracica_lombar","normal | toracica | lombar","escoliometro_maior_10_graus in {toracica_lombar}","escoliometro_maior_10_graus in {normal | toracica | lombar}"
4,1,4,"outer_training_saved_hyperparameters",3,1,219,"lordose_lombar","competitor",4,219,1,1.9332042362954,41.5,0,"continuous",41.5,,,"lordose_lombar >= 41.5","lordose_lombar < 41.5"
4,1,4,"outer_training_saved_hyperparameters",6,2,56,"idade","competitor",1,56,-1,5.86984126984127,12.5,0,"continuous",12.5,,,"idade < 12.5","idade >= 12.5"
4,1,4,"outer_training_saved_hyperparameters",6,2,56,"correcao_colete","competitor",2,56,1,4.79657551750575,53.1372549019608,0,"continuous",53.1372549019608,,,"correcao_colete >= 53.137254901960752","correcao_colete < 53.137254901960752"
4,1,4,"outer_training_saved_hyperparameters",6,2,56,"lordose_lombar","competitor",3,56,-1,3.28864468864469,49.5,0,"continuous",49.5,,,"lordose_lombar < 49.5","lordose_lombar >= 49.5"
4,1,4,"outer_training_saved_hyperparameters",6,2,56,"lenke","competitor",4,56,6,2.41428571428571,17,0,"categorical",,"3 | 4 | 5","1 | 2 | 6","lenke in {3 | 4 | 5}","lenke in {1 | 2 | 6}"
5,1,5,"outer_training_saved_hyperparameters",1,0,553,"lenke","competitor",1,553,6,12.7005687287528,1,0,"categorical",,"3 | 4","1 | 2 | 5 | 6","lenke in {3 | 4}","lenke in {1 | 2 | 5 | 6}"
5,1,5,"outer_training_saved_hyperparameters",1,0,553,"risser","competitor",2,553,5,9.72485999701189,2,0,"categorical",,"0 | 3 | 4","1 | 2","risser in {0 | 3 | 4}","risser in {1 | 2}"
5,1,5,"outer_training_saved_hyperparameters",1,0,553,"flexibilidade","competitor",3,553,2,6.6455878756762,3,0,"categorical",,"rigido","flexivel","flexibilidade in {rigido}","flexibilidade in {flexivel}"
5,1,5,"outer_training_saved_hyperparameters",1,0,553,"idade","competitor",4,553,1,4.73034892452347,16.5,0,"continuous",16.5,,,"idade >= 16.5","idade < 16.5"
5,1,5,"outer_training_saved_hyperparameters",2,1,393,"risser","competitor",1,393,5,9.01319802542528,4,0,"categorical",,"0 | 2 | 3 | 4","1","risser in {0 | 2 | 3 | 4}","risser in {1}"
5,1,5,"outer_training_saved_hyperparameters",2,1,393,"lenke","competitor",2,393,6,8.50590224025339,5,0,"categorical",,"3 | 4","1 | 2 | 5 | 6","lenke in {3 | 4}","lenke in {1 | 2 | 5 | 6}"
5,1,5,"outer_training_saved_hyperparameters",2,1,393,"lordose_lombar","competitor",3,393,-1,4.84405771358891,71.5,0,"continuous",71.5,,,"lordose_lombar < 71.5","lordose_lombar >= 71.5"
5,1,5,"outer_training_saved_hyperparameters",2,1,393,"cifose_toracica","competitor",4,393,-1,4.76024097710152,25.5,0,"continuous",25.5,,,"cifose_toracica < 25.5","cifose_toracica >= 25.5"
5,1,5,"outer_training_saved_hyperparameters",5,2,332,"lenke","competitor",1,332,6,6.52974495384132,7,0,"categorical",,"3 | 4","1 | 2 | 5 | 6","lenke in {3 | 4}","lenke in {1 | 2 | 5 | 6}"
5,1,5,"outer_training_saved_hyperparameters",5,2,332,"correcao_colete","competitor",2,332,-1,6.48908429468719,45.3463203463204,0,"continuous",45.3463203463204,,,"correcao_colete < 45.346320346320354","correcao_colete >= 45.346320346320354"
5,1,5,"outer_training_saved_hyperparameters",5,2,332,"cifose_toracica","competitor",3,332,-1,4.50675865052716,25.5,0,"continuous",25.5,,,"cifose_toracica < 25.5","cifose_toracica >= 25.5"
5,1,5,"outer_training_saved_hyperparameters",5,2,332,"lordose_lombar","competitor",4,332,-1,3.86187132636505,71.5,0,"continuous",71.5,,,"lordose_lombar < 71.5","lordose_lombar >= 71.5"
6,1,6,"outer_training_saved_hyperparameters",1,0,553,"lenke","competitor",1,553,6,13.6822036288274,1,0,"categorical",,"3 | 4","1 | 2 | 5 | 6","lenke in {3 | 4}","lenke in {1 | 2 | 5 | 6}"
6,1,6,"outer_training_saved_hyperparameters",1,0,553,"risser","competitor",2,553,5,8.95013472228658,2,0,"categorical",,"0 | 3 | 4","1 | 2","risser in {0 | 3 | 4}","risser in {1 | 2}"
6,1,6,"outer_training_saved_hyperparameters",1,0,553,"flexibilidade","competitor",3,553,2,7.95420123484763,3,0,"categorical",,"rigido","flexivel","flexibilidade in {rigido}","flexibilidade in {flexivel}"
6,1,6,"outer_training_saved_hyperparameters",1,0,553,"cifose_toracica","competitor",4,553,-1,5.69848192441532,25.5,0,"continuous",25.5,,,"cifose_toracica < 25.5","cifose_toracica >= 25.5"
6,1,6,"outer_training_saved_hyperparameters",3,1,221,"imc","competitor",1,221,-1,5.7106328710346,16.4133360721146,0,"continuous",16.4133360721146,,,"imc < 16.413336072114554","imc >= 16.413336072114554"
6,1,6,"outer_training_saved_hyperparameters",3,1,221,"idade","competitor",2,221,-1,3.33402023229676,12.5,0,"continuous",12.5,,,"idade < 12.5","idade >= 12.5"
6,1,6,"outer_training_saved_hyperparameters",3,1,221,"lordose_lombar","competitor",3,221,1,2.06934646162176,43.5,0,"continuous",43.5,,,"lordose_lombar >= 43.5","lordose_lombar < 43.5"
6,1,6,"outer_training_saved_hyperparameters",3,1,221,"escoliometro_maior_10_graus","competitor",4,221,4,1.899890390939,6,0,"categorical",,"toracica_lombar","normal | toracica | lombar","escoliometro_maior_10_graus in {toracica_lombar}","escoliometro_maior_10_graus in {normal | toracica | lombar}"
6,1,6,"outer_training_saved_hyperparameters",6,2,59,"idade","competitor",1,59,-1,4.85727029438002,12.5,0,"continuous",12.5,,,"idade < 12.5","idade >= 12.5"
6,1,6,"outer_training_saved_hyperparameters",6,2,59,"lenke","competitor",2,59,6,3.97023563455974,9,0,"categorical",,"3 | 4 | 5","1 | 2 | 6","lenke in {3 | 4 | 5}","lenke in {1 | 2 | 6}"
6,1,6,"outer_training_saved_hyperparameters",6,2,59,"lordose_lombar","competitor",3,59,-1,3.25427679664968,49.5,0,"continuous",49.5,,,"lordose_lombar < 49.5","lordose_lombar >= 49.5"
6,1,6,"outer_training_saved_hyperparameters",6,2,59,"correcao_colete","competitor",4,59,1,3.05107420214273,53.2291666666667,0,"continuous",53.2291666666667,,,"correcao_colete >= 53.22916666666665","correcao_colete < 53.22916666666665"
7,1,7,"outer_training_saved_hyperparameters",1,0,553,"lenke","competitor",1,553,6,13.789815591901,1,0,"categorical",,"3 | 4","1 | 2 | 5 | 6","lenke in {3 | 4}","lenke in {1 | 2 | 5 | 6}"
7,1,7,"outer_training_saved_hyperparameters",1,0,553,"risser","competitor",2,553,5,13.5603451037888,2,0,"categorical",,"0 | 3 | 4","1 | 2","risser in {0 | 3 | 4}","risser in {1 | 2}"
7,1,7,"outer_training_saved_hyperparameters",1,0,553,"flexibilidade","competitor",3,553,2,6.92509711898811,3,0,"categorical",,"rigido","flexivel","flexibilidade in {rigido}","flexibilidade in {flexivel}"
7,1,7,"outer_training_saved_hyperparameters",1,0,553,"escoliometro_maior_10_graus","competitor",4,553,4,4.39199450475229,4,0,"categorical",,"toracica_lombar","normal | toracica | lombar","escoliometro_maior_10_graus in {toracica_lombar}","escoliometro_maior_10_graus in {normal | toracica | lombar}"
7,1,7,"outer_training_saved_hyperparameters",2,1,339,"risser","competitor",1,339,5,7.11176297721886,6,0,"categorical",,"0 | 2 | 3 | 4","1","risser in {0 | 2 | 3 | 4}","risser in {1}"
7,1,7,"outer_training_saved_hyperparameters",2,1,339,"cifose_toracica","competitor",2,339,-1,3.80206224122404,25.5,0,"continuous",25.5,,,"cifose_toracica < 25.5","cifose_toracica >= 25.5"
7,1,7,"outer_training_saved_hyperparameters",2,1,339,"sexo","competitor",3,339,2,3.71304246213455,7,0,"categorical",,"feminino","masculino","sexo in {feminino}","sexo in {masculino}"
7,1,7,"outer_training_saved_hyperparameters",2,1,339,"lordose_lombar","competitor",4,339,-1,3.19187575265431,45.5,0,"continuous",45.5,,,"lordose_lombar < 45.5","lordose_lombar >= 45.5"
7,1,7,"outer_training_saved_hyperparameters",5,2,283,"cifose_toracica","competitor",1,283,-1,4.53153442552735,9.5,0,"continuous",9.5,,,"cifose_toracica < 9.5","cifose_toracica >= 9.5"
7,1,7,"outer_training_saved_hyperparameters",5,2,283,"sexo","competitor",2,283,2,3.69405857136823,9,0,"categorical",,"feminino","masculino","sexo in {feminino}","sexo in {masculino}"
7,1,7,"outer_training_saved_hyperparameters",5,2,283,"lordose_lombar","competitor",3,283,-1,3.40733101806214,43.5,0,"continuous",43.5,,,"lordose_lombar < 43.5","lordose_lombar >= 43.5"
7,1,7,"outer_training_saved_hyperparameters",5,2,283,"lenke","competitor",4,283,6,3.10340124183861,10,0,"categorical",,"2 | 3 | 4 | 6","1 | 5","lenke in {2 | 3 | 4 | 6}","lenke in {1 | 5}"
8,1,8,"outer_training_saved_hyperparameters",1,0,554,"risser","competitor",1,554,5,13.1118680818434,1,0,"categorical",,"0 | 3 | 4","1 | 2","risser in {0 | 3 | 4}","risser in {1 | 2}"
8,1,8,"outer_training_saved_hyperparameters",1,0,554,"lenke","competitor",2,554,6,12.8338438536995,2,0,"categorical",,"3 | 4","1 | 2 | 5 | 6","lenke in {3 | 4}","lenke in {1 | 2 | 5 | 6}"
8,1,8,"outer_training_saved_hyperparameters",1,0,554,"flexibilidade","competitor",3,554,2,7.39775641382778,3,0,"categorical",,"rigido","flexivel","flexibilidade in {rigido}","flexibilidade in {flexivel}"
8,1,8,"outer_training_saved_hyperparameters",1,0,554,"idade","competitor",4,554,-1,6.44251822629138,12.5,0,"continuous",12.5,,,"idade < 12.5","idade >= 12.5"
8,1,8,"outer_training_saved_hyperparameters",2,1,331,"risser","competitor",1,331,5,7.37933021460302,6,0,"categorical",,"0 | 2 | 3 | 4","1","risser in {0 | 2 | 3 | 4}","risser in {1}"
8,1,8,"outer_training_saved_hyperparameters",2,1,331,"lenke","competitor",2,331,6,5.07867839896946,7,0,"categorical",,"2 | 3 | 4 | 6","1 | 5","lenke in {2 | 3 | 4 | 6}","lenke in {1 | 5}"
8,1,8,"outer_training_saved_hyperparameters",2,1,331,"flexibilidade","competitor",3,331,2,3.71793676209046,8,0,"categorical",,"rigido","flexivel","flexibilidade in {rigido}","flexibilidade in {flexivel}"
8,1,8,"outer_training_saved_hyperparameters",2,1,331,"sexo","competitor",4,331,2,3.51341075337623,9,0,"categorical",,"feminino","masculino","sexo in {feminino}","sexo in {masculino}"
8,1,8,"outer_training_saved_hyperparameters",5,2,271,"lenke","competitor",1,271,6,5.42975899324209,11,0,"categorical",,"2 | 3 | 4 | 6","1 | 5","lenke in {2 | 3 | 4 | 6}","lenke in {1 | 5}"
8,1,8,"outer_training_saved_hyperparameters",5,2,271,"imc","competitor",2,271,1,5.03660089963878,15.5999909255693,0,"continuous",15.5999909255693,,,"imc >= 15.59999092556933","imc < 15.59999092556933"
8,1,8,"outer_training_saved_hyperparameters",5,2,271,"cifose_toracica","competitor",3,271,-1,4.15645855652103,9.5,0,"continuous",9.5,,,"cifose_toracica < 9.5","cifose_toracica >= 9.5"
8,1,8,"outer_training_saved_hyperparameters",5,2,271,"sexo","competitor",4,271,2,3.99457904239914,12,0,"categorical",,"feminino","masculino","sexo in {feminino}","sexo in {masculino}"
8,1,8,"outer_training_saved_hyperparameters",3,1,223,"imc","competitor",1,223,-1,4.65973608585442,16.4133360721146,0,"continuous",16.4133360721146,,,"imc < 16.413336072114554","imc >= 16.413336072114554"
8,1,8,"outer_training_saved_hyperparameters",3,1,223,"idade","competitor",2,223,-1,4.0292409866344,12.5,0,"continuous",12.5,,,"idade < 12.5","idade >= 12.5"
8,1,8,"outer_training_saved_hyperparameters",3,1,223,"cifose_toracica","competitor",3,223,1,3.99727650471056,52,0,"continuous",52,,,"cifose_toracica >= 52","cifose_toracica < 52"
8,1,8,"outer_training_saved_hyperparameters",3,1,223,"escoliometro_maior_10_graus","competitor",4,223,4,2.26863450450893,13,0,"categorical",,"toracica_lombar","normal | toracica | lombar","escoliometro_maior_10_graus in {toracica_lombar}","escoliometro_maior_10_graus in {normal | toracica | lombar}"
8,1,8,"outer_training_saved_hyperparameters",6,2,119,"escoliometro_maior_10_graus","competitor",1,119,4,3.5649178590355,17,0,"categorical",,"toracica_lombar","normal | toracica | lombar","escoliometro_maior_10_graus in {toracica_lombar}","escoliometro_maior_10_graus in {normal | toracica | lombar}"
8,1,8,"outer_training_saved_hyperparameters",6,2,119,"imc","competitor",2,119,-1,3.4098902916368,15.8393962241586,0,"continuous",15.8393962241586,,,"imc < 15.839396224158602","imc >= 15.839396224158602"
8,1,8,"outer_training_saved_hyperparameters",6,2,119,"idade","competitor",3,119,-1,2.93582535189422,12.5,0,"continuous",12.5,,,"idade < 12.5","idade >= 12.5"
8,1,8,"outer_training_saved_hyperparameters",6,2,119,"lenke","competitor",4,119,6,2.67141382868936,18,0,"categorical",,"2 | 3 | 4 | 6","1 | 5","lenke in {2 | 3 | 4 | 6}","lenke in {1 | 5}"
9,1,9,"outer_training_saved_hyperparameters",1,0,555,"lenke","competitor",1,555,6,15.4433194708831,1,0,"categorical",,"3 | 4","1 | 2 | 5 | 6","lenke in {3 | 4}","lenke in {1 | 2 | 5 | 6}"
9,1,9,"outer_training_saved_hyperparameters",1,0,555,"risser","competitor",2,555,5,13.4490060308243,2,0,"categorical",,"0 | 3 | 4","1 | 2","risser in {0 | 3 | 4}","risser in {1 | 2}"
9,1,9,"outer_training_saved_hyperparameters",1,0,555,"flexibilidade","competitor",3,555,2,7.61020301992136,3,0,"categorical",,"rigido","flexivel","flexibilidade in {rigido}","flexibilidade in {flexivel}"
9,1,9,"outer_training_saved_hyperparameters",1,0,555,"idade","competitor",4,555,-1,6.95801835602873,12.5,0,"continuous",12.5,,,"idade < 12.5","idade >= 12.5"
9,1,9,"outer_training_saved_hyperparameters",2,1,279,"lenke","competitor",1,279,6,5.55198423455404,7,0,"categorical",,"2 | 3 | 4 | 6","1 | 5","lenke in {2 | 3 | 4 | 6}","lenke in {1 | 5}"
9,1,9,"outer_training_saved_hyperparameters",2,1,279,"lordose_lombar","competitor",2,279,-1,3.62958618442489,71.5,0,"continuous",71.5,,,"lordose_lombar < 71.5","lordose_lombar >= 71.5"
9,1,9,"outer_training_saved_hyperparameters",2,1,279,"cifose_toracica","competitor",3,279,-1,3.34024867136324,9.5,0,"continuous",9.5,,,"cifose_toracica < 9.5","cifose_toracica >= 9.5"
9,1,9,"outer_training_saved_hyperparameters",2,1,279,"imc","competitor",4,279,1,2.97388632872504,16.89509725284,0,"continuous",16.89509725284,,,"imc >= 16.895097252840038","imc < 16.895097252840038"
9,1,9,"outer_training_saved_hyperparameters",5,2,219,"cifose_toracica","competitor",1,219,-1,4.3032139093783,9.5,0,"continuous",9.5,,,"cifose_toracica < 9.5","cifose_toracica >= 9.5"
9,1,9,"outer_training_saved_hyperparameters",5,2,219,"lordose_lombar","competitor",2,219,-1,3.74539713068772,71.5,0,"continuous",71.5,,,"lordose_lombar < 71.5","lordose_lombar >= 71.5"
9,1,9,"outer_training_saved_hyperparameters",5,2,219,"risser","competitor",3,219,5,3.49041426176851,9,0,"categorical",,"0 | 2 | 3","1 | 4","risser in {0 | 2 | 3}","risser in {1 | 4}"
9,1,9,"outer_training_saved_hyperparameters",5,2,219,"imc","competitor",4,219,1,2.76010331626769,16.89509725284,0,"continuous",16.89509725284,,,"imc >= 16.895097252840038","imc < 16.895097252840038"
9,1,9,"outer_training_saved_hyperparameters",3,1,276,"risser","competitor",1,276,5,5.83343492547264,10,0,"categorical",,"0 | 4","1 | 2 | 3","risser in {0 | 4}","risser in {1 | 2 | 3}"
9,1,9,"outer_training_saved_hyperparameters",3,1,276,"idade","competitor",2,276,-1,5.63049948240166,12.5,0,"continuous",12.5,,,"idade < 12.5","idade >= 12.5"
9,1,9,"outer_training_saved_hyperparameters",3,1,276,"lenke","competitor",3,276,6,4.04547964113182,11,0,"categorical",,"3","1 | 2 | 4 | 5 | 6","lenke in {3}","lenke in {1 | 2 | 4 | 5 | 6}"
9,1,9,"outer_training_saved_hyperparameters",3,1,276,"imc","competitor",4,276,-1,3.50912950567363,16.3930448118723,0,"continuous",16.3930448118723,,,"imc < 16.393044811872315","imc >= 16.393044811872315"
9,1,9,"outer_training_saved_hyperparameters",6,2,172,"risser","competitor",1,172,5,5.27382909557176,15,0,"categorical",,"0","1 | 2 | 3 | 4","risser in {0}","risser in {1 | 2 | 3 | 4}"
9,1,9,"outer_training_saved_hyperparameters",6,2,172,"escoliometro_maior_10_graus","competitor",2,172,4,4.894251864853,16,0,"categorical",,"toracica | toracica_lombar","normal | lombar","escoliometro_maior_10_graus in {toracica | toracica_lombar}","escoliometro_maior_10_graus in {normal | lombar}"
9,1,9,"outer_training_saved_hyperparameters",6,2,172,"idade","competitor",3,172,-1,3.65685901751424,12.5,0,"continuous",12.5,,,"idade < 12.5","idade >= 12.5"
9,1,9,"outer_training_saved_hyperparameters",6,2,172,"cifose_toracica","competitor",4,172,-1,2.84766363440286,21.5,0,"continuous",21.5,,,"cifose_toracica < 21.5","cifose_toracica >= 21.5"
10,1,10,"outer_training_saved_hyperparameters",1,0,555,"lenke","competitor",1,555,6,13.6494688650443,1,0,"categorical",,"3 | 4","1 | 2 | 5 | 6","lenke in {3 | 4}","lenke in {1 | 2 | 5 | 6}"
10,1,10,"outer_training_saved_hyperparameters",1,0,555,"risser","competitor",2,555,5,11.1152806652807,2,0,"categorical",,"0 | 3 | 4","1 | 2","risser in {0 | 3 | 4}","risser in {1 | 2}"
10,1,10,"outer_training_saved_hyperparameters",1,0,555,"flexibilidade","competitor",3,555,2,7.25360627645114,3,0,"categorical",,"rigido","flexivel","flexibilidade in {rigido}","flexibilidade in {flexivel}"
10,1,10,"outer_training_saved_hyperparameters",1,0,555,"idade","competitor",4,555,-1,6.93597766780869,12.5,0,"continuous",12.5,,,"idade < 12.5","idade >= 12.5"
10,1,10,"outer_training_saved_hyperparameters",3,1,221,"imc","competitor",1,221,-1,6.15406162464986,16.4133360721146,0,"continuous",16.4133360721146,,,"imc < 16.413336072114554","imc >= 16.413336072114554"
10,1,10,"outer_training_saved_hyperparameters",3,1,221,"escoliometro_maior_10_graus","competitor",2,221,4,3.5299773755656,6,0,"categorical",,"toracica_lombar","normal | toracica | lombar","escoliometro_maior_10_graus in {toracica_lombar}","escoliometro_maior_10_graus in {normal | toracica | lombar}"
10,1,10,"outer_training_saved_hyperparameters",3,1,221,"idade","competitor",3,221,-1,3.11590339222411,12.5,0,"continuous",12.5,,,"idade < 12.5","idade >= 12.5"
10,1,10,"outer_training_saved_hyperparameters",3,1,221,"lordose_lombar","competitor",4,221,1,2.10702474065645,43.5,0,"continuous",43.5,,,"lordose_lombar >= 43.5","lordose_lombar < 43.5"
10,1,10,"outer_training_saved_hyperparameters",6,2,118,"lenke","competitor",1,118,6,2.28921745402091,10,0,"categorical",,"3 | 4","1 | 2 | 5 | 6","lenke in {3 | 4}","lenke in {1 | 2 | 5 | 6}"
10,1,10,"outer_training_saved_hyperparameters",6,2,118,"lordose_lombar","competitor",2,118,1,2.17850614822201,43.5,0,"continuous",43.5,,,"lordose_lombar >= 43.5","lordose_lombar < 43.5"
10,1,10,"outer_training_saved_hyperparameters",6,2,118,"idade","competitor",3,118,-1,2.01221808828258,12.5,0,"continuous",12.5,,,"idade < 12.5","idade >= 12.5"
10,1,10,"outer_training_saved_hyperparameters",6,2,118,"correcao_colete","competitor",4,118,-1,1.90861094876291,54.858934169279,0,"continuous",54.858934169279,,,"correcao_colete < 54.858934169278953","correcao_colete >= 54.858934169278953"
11,2,1,"outer_training_saved_hyperparameters",1,0,553,"lenke","competitor",1,553,6,11.7624384213827,1,0,"categorical",,"3 | 4","1 | 2 | 5 | 6","lenke in {3 | 4}","lenke in {1 | 2 | 5 | 6}"
11,2,1,"outer_training_saved_hyperparameters",1,0,553,"risser","competitor",2,553,5,10.3041041131275,2,0,"categorical",,"0 | 3 | 4","1 | 2","risser in {0 | 3 | 4}","risser in {1 | 2}"
11,2,1,"outer_training_saved_hyperparameters",1,0,553,"flexibilidade","competitor",3,553,2,7.27633347883011,3,0,"categorical",,"rigido","flexivel","flexibilidade in {rigido}","flexibilidade in {flexivel}"
11,2,1,"outer_training_saved_hyperparameters",1,0,553,"idade","competitor",4,553,-1,6.94804330435358,12.5,0,"continuous",12.5,,,"idade < 12.5","idade >= 12.5"
11,2,1,"outer_training_saved_hyperparameters",2,1,390,"risser","competitor",1,390,5,9.07547150523891,4,0,"categorical",,"0 | 3","1 | 2 | 4","risser in {0 | 3}","risser in {1 | 2 | 4}"
11,2,1,"outer_training_saved_hyperparameters",2,1,390,"lenke","competitor",2,390,6,7.09760787992494,5,0,"categorical",,"3 | 4","1 | 2 | 5 | 6","lenke in {3 | 4}","lenke in {1 | 2 | 5 | 6}"
11,2,1,"outer_training_saved_hyperparameters",2,1,390,"lordose_lombar","competitor",3,390,-1,5.75480989598634,71.5,0,"continuous",71.5,,,"lordose_lombar < 71.5","lordose_lombar >= 71.5"
11,2,1,"outer_training_saved_hyperparameters",2,1,390,"cifose_toracica","competitor",4,390,-1,5.06947604735905,25.5,0,"continuous",25.5,,,"cifose_toracica < 25.5","cifose_toracica >= 25.5"
11,2,1,"outer_training_saved_hyperparameters",5,2,116,"lenke","competitor",1,116,6,7.77337242310018,8,0,"categorical",,"3 | 4 | 5","1 | 2 | 6","lenke in {3 | 4 | 5}","lenke in {1 | 2 | 6}"
11,2,1,"outer_training_saved_hyperparameters",5,2,116,"idade","competitor",2,116,-1,7.73284569836294,12.5,0,"continuous",12.5,,,"idade < 12.5","idade >= 12.5"
11,2,1,"outer_training_saved_hyperparameters",5,2,116,"escoliometro_maior_10_graus","competitor",3,116,4,6.6457380628682,9,0,"categorical",,"toracica | toracica_lombar","normal | lombar","escoliometro_maior_10_graus in {toracica | toracica_lombar}","escoliometro_maior_10_graus in {normal | lombar}"
11,2,1,"outer_training_saved_hyperparameters",5,2,116,"flexibilidade","competitor",4,116,2,5.7061681924995,10,0,"categorical",,"rigido","flexivel","flexibilidade in {rigido}","flexibilidade in {flexivel}"
11,2,1,"outer_training_saved_hyperparameters",11,3,90,"lenke","competitor",1,90,6,4.92307692307693,11,0,"categorical",,"3 | 4 | 5","1 | 2 | 6","lenke in {3 | 4 | 5}","lenke in {1 | 2 | 6}"
11,2,1,"outer_training_saved_hyperparameters",11,3,90,"escoliometro_maior_10_graus","competitor",2,90,4,4.89878542510121,12,0,"categorical",,"toracica | toracica_lombar","normal | lombar","escoliometro_maior_10_graus in {toracica | toracica_lombar}","escoliometro_maior_10_graus in {normal | lombar}"
11,2,1,"outer_training_saved_hyperparameters",11,3,90,"imc","competitor",3,90,-1,3.2579185520362,18.663423668758,0,"continuous",18.663423668758,,,"imc < 18.663423668758007","imc >= 18.663423668758007"
11,2,1,"outer_training_saved_hyperparameters",11,3,90,"correcao_colete","competitor",4,90,1,2.5,51.4718614718615,0,"continuous",51.4718614718615,,,"correcao_colete >= 51.471861471861452","correcao_colete < 51.471861471861452"
12,2,2,"outer_training_saved_hyperparameters",1,0,553,"lenke","competitor",1,553,6,12.2261334056102,1,0,"categorical",,"3 | 4","1 | 2 | 5 | 6","lenke in {3 | 4}","lenke in {1 | 2 | 5 | 6}"
12,2,2,"outer_training_saved_hyperparameters",1,0,553,"risser","competitor",2,553,5,8.41389830950305,2,0,"categorical",,"0 | 3 | 4","1 | 2","risser in {0 | 3 | 4}","risser in {1 | 2}"
12,2,2,"outer_training_saved_hyperparameters",1,0,553,"flexibilidade","competitor",3,553,2,7.62207224570926,3,0,"categorical",,"rigido","flexivel","flexibilidade in {rigido}","flexibilidade in {flexivel}"
12,2,2,"outer_training_saved_hyperparameters",1,0,553,"idade","competitor",4,553,1,5.59604009452505,16.5,0,"continuous",16.5,,,"idade >= 16.5","idade < 16.5"
13,2,3,"outer_training_saved_hyperparameters",1,0,553,"lenke","competitor",1,553,6,17.9054253332045,1,0,"categorical",,"3 | 4","1 | 2 | 5 | 6","lenke in {3 | 4}","lenke in {1 | 2 | 5 | 6}"
13,2,3,"outer_training_saved_hyperparameters",1,0,553,"risser","competitor",2,553,5,10.5317383038902,2,0,"categorical",,"0 | 3 | 4","1 | 2","risser in {0 | 3 | 4}","risser in {1 | 2}"
13,2,3,"outer_training_saved_hyperparameters",1,0,553,"flexibilidade","competitor",3,553,2,9.06372410320273,3,0,"categorical",,"rigido","flexivel","flexibilidade in {rigido}","flexibilidade in {flexivel}"
13,2,3,"outer_training_saved_hyperparameters",1,0,553,"cifose_toracica","competitor",4,553,-1,6.60934193944166,25.5,0,"continuous",25.5,,,"cifose_toracica < 25.5","cifose_toracica >= 25.5"
13,2,3,"outer_training_saved_hyperparameters",2,1,337,"risser","competitor",1,337,5,7.56588375028431,6,0,"categorical",,"0 | 2 | 3 | 4","1","risser in {0 | 2 | 3 | 4}","risser in {1}"
13,2,3,"outer_training_saved_hyperparameters",2,1,337,"lenke","competitor",2,337,6,6.37961215629775,7,0,"categorical",,"3 | 4","1 | 2 | 5 | 6","lenke in {3 | 4}","lenke in {1 | 2 | 5 | 6}"
13,2,3,"outer_training_saved_hyperparameters",2,1,337,"cifose_toracica","competitor",3,337,-1,6.29454208831064,25.5,0,"continuous",25.5,,,"cifose_toracica < 25.5","cifose_toracica >= 25.5"
13,2,3,"outer_training_saved_hyperparameters",2,1,337,"flexibilidade","competitor",4,337,2,3.99790802363535,8,0,"categorical",,"rigido","flexivel","flexibilidade in {rigido}","flexibilidade in {flexivel}"
13,2,3,"outer_training_saved_hyperparameters",5,2,276,"cifose_toracica","competitor",1,276,-1,5.65010684293259,25.5,0,"continuous",25.5,,,"cifose_toracica < 25.5","cifose_toracica >= 25.5"
13,2,3,"outer_training_saved_hyperparameters",5,2,276,"lenke","competitor",2,276,6,5.30435417559566,10,0,"categorical",,"2 | 3 | 4","1 | 5 | 6","lenke in {2 | 3 | 4}","lenke in {1 | 5 | 6}"
13,2,3,"outer_training_saved_hyperparameters",5,2,276,"imc","competitor",3,276,1,4.40399955061228,15.982784950715,0,"continuous",15.982784950715,,,"imc >= 15.982784950714979","imc < 15.982784950714979"
13,2,3,"outer_training_saved_hyperparameters",5,2,276,"lordose_lombar","competitor",4,276,-1,3.81391344163083,43.5,0,"continuous",43.5,,,"lordose_lombar < 43.5","lordose_lombar >= 43.5"
13,2,3,"outer_training_saved_hyperparameters",10,3,235,"lenke","competitor",1,235,6,4.85868042798135,11,0,"categorical",,"2 | 3 | 4 | 6","1 | 5","lenke in {2 | 3 | 4 | 6}","lenke in {1 | 5}"
13,2,3,"outer_training_saved_hyperparameters",10,3,235,"sexo","competitor",2,235,2,4.66806014419336,12,0,"categorical",,"feminino","masculino","sexo in {feminino}","sexo in {masculino}"
13,2,3,"outer_training_saved_hyperparameters",10,3,235,"lordose_lombar","competitor",3,235,-1,4.37062331702508,43.5,0,"continuous",43.5,,,"lordose_lombar < 43.5","lordose_lombar >= 43.5"
13,2,3,"outer_training_saved_hyperparameters",10,3,235,"imc","competitor",4,235,1,2.43332973323253,16.6202485115718,0,"continuous",16.6202485115718,,,"imc >= 16.62024851157183","imc < 16.62024851157183"
13,2,3,"outer_training_saved_hyperparameters",20,4,153,"cifose_toracica","competitor",1,153,-1,1.82827205882352,9.5,0,"continuous",9.5,,,"cifose_toracica < 9.5","cifose_toracica >= 9.5"
13,2,3,"outer_training_saved_hyperparameters",20,4,153,"idade","competitor",2,153,-1,1.69029663147309,14.5,0,"continuous",14.5,,,"idade < 14.5","idade >= 14.5"
13,2,3,"outer_training_saved_hyperparameters",20,4,153,"imc","competitor",3,153,-1,1.46829640947288,21.9593826439411,0,"continuous",21.9593826439411,,,"imc < 21.959382643941147","imc >= 21.959382643941147"
13,2,3,"outer_training_saved_hyperparameters",20,4,153,"risser","competitor",4,153,5,1.21031115148762,15,0,"categorical",,"0 | 2 | 3","4","risser in {0 | 2 | 3}","risser in {4}"
13,2,3,"outer_training_saved_hyperparameters",21,4,82,"lenke","competitor",1,82,6,4.47810975609756,16,0,"categorical",,"1 | 2 | 3 | 4","5 | 6","lenke in {1 | 2 | 3 | 4}","lenke in {5 | 6}"
13,2,3,"outer_training_saved_hyperparameters",21,4,82,"correcao_colete","competitor",2,82,-1,2.53463753387533,46.0498960498961,0,"continuous",46.0498960498961,,,"correcao_colete < 46.049896049896105","correcao_colete >= 46.049896049896105"
13,2,3,"outer_training_saved_hyperparameters",21,4,82,"flexibilidade","competitor",3,82,2,2.5107448912327,17,0,"categorical",,"rigido","flexivel","flexibilidade in {rigido}","flexibilidade in {flexivel}"
13,2,3,"outer_training_saved_hyperparameters",21,4,82,"imc","competitor",4,82,1,2.44718166245207,16.5464156316383,0,"continuous",16.5464156316383,,,"imc >= 16.546415631638283","imc < 16.546415631638283"
14,2,4,"outer_training_saved_hyperparameters",1,0,553,"risser","competitor",1,553,5,13.4649214642201,1,0,"categorical",,"0 | 3 | 4","1 | 2","risser in {0 | 3 | 4}","risser in {1 | 2}"
14,2,4,"outer_training_saved_hyperparameters",1,0,553,"lenke","competitor",2,553,6,11.5125647586442,2,0,"categorical",,"3 | 4","1 | 2 | 5 | 6","lenke in {3 | 4}","lenke in {1 | 2 | 5 | 6}"
14,2,4,"outer_training_saved_hyperparameters",1,0,553,"flexibilidade","competitor",3,553,2,7.96500342956909,3,0,"categorical",,"rigido","flexivel","flexibilidade in {rigido}","flexibilidade in {flexivel}"
14,2,4,"outer_training_saved_hyperparameters",1,0,553,"idade","competitor",4,553,-1,4.30213084667076,12.5,0,"continuous",12.5,,,"idade < 12.5","idade >= 12.5"
14,2,4,"outer_training_saved_hyperparameters",2,1,329,"risser","competitor",1,329,5,7.28510529549618,6,0,"categorical",,"0 | 2 | 3 | 4","1","risser in {0 | 2 | 3 | 4}","risser in {1}"
14,2,4,"outer_training_saved_hyperparameters",2,1,329,"cifose_toracica","competitor",2,329,-1,4.99375154520729,25.5,0,"continuous",25.5,,,"cifose_toracica < 25.5","cifose_toracica >= 25.5"
14,2,4,"outer_training_saved_hyperparameters",2,1,329,"lenke","competitor",3,329,6,3.96244845447765,7,0,"categorical",,"2 | 3 | 4","1 | 5 | 6","lenke in {2 | 3 | 4}","lenke in {1 | 5 | 6}"
14,2,4,"outer_training_saved_hyperparameters",2,1,329,"flexibilidade","competitor",4,329,2,3.82628616458402,8,0,"categorical",,"rigido","flexivel","flexibilidade in {rigido}","flexibilidade in {flexivel}"
14,2,4,"outer_training_saved_hyperparameters",5,2,266,"cifose_toracica","competitor",1,266,-1,4.16937947277833,25.5,0,"continuous",25.5,,,"cifose_toracica < 25.5","cifose_toracica >= 25.5"
14,2,4,"outer_training_saved_hyperparameters",5,2,266,"lenke","competitor",2,266,6,3.73105662386052,10,0,"categorical",,"2 | 3 | 4 | 6","1 | 5","lenke in {2 | 3 | 4 | 6}","lenke in {1 | 5}"
14,2,4,"outer_training_saved_hyperparameters",5,2,266,"imc","competitor",3,266,-1,3.0298842930422,21.9395741006046,0,"continuous",21.9395741006046,,,"imc < 21.939574100604624","imc >= 21.939574100604624"
14,2,4,"outer_training_saved_hyperparameters",5,2,266,"sexo","competitor",4,266,2,2.82101814275345,11,0,"categorical",,"feminino","masculino","sexo in {feminino}","sexo in {masculino}"
14,2,4,"outer_training_saved_hyperparameters",10,3,230,"sexo","competitor",1,230,2,4.90671519443897,12,0,"categorical",,"feminino","masculino","sexo in {feminino}","sexo in {masculino}"
14,2,4,"outer_training_saved_hyperparameters",10,3,230,"lenke","competitor",2,230,6,4.6724828375286,13,0,"categorical",,"2 | 3 | 4 | 6","1 | 5","lenke in {2 | 3 | 4 | 6}","lenke in {1 | 5}"
14,2,4,"outer_training_saved_hyperparameters",10,3,230,"risser","competitor",3,230,5,2.69000414078675,14,0,"categorical",,"0 | 3","2 | 4","risser in {0 | 3}","risser in {2 | 4}"
14,2,4,"outer_training_saved_hyperparameters",10,3,230,"lordose_lombar","competitor",4,230,-1,2.57544336384439,43.5,0,"continuous",43.5,,,"lordose_lombar < 43.5","lordose_lombar >= 43.5"
14,2,4,"outer_training_saved_hyperparameters",3,1,224,"imc","competitor",1,224,-1,4.30947739951637,16.4133360721146,0,"continuous",16.4133360721146,,,"imc < 16.413336072114554","imc >= 16.413336072114554"
14,2,4,"outer_training_saved_hyperparameters",3,1,224,"idade","competitor",2,224,-1,3.25079193432293,12.5,0,"continuous",12.5,,,"idade < 12.5","idade >= 12.5"
14,2,4,"outer_training_saved_hyperparameters",3,1,224,"escoliometro_maior_10_graus","competitor",3,224,4,3.00059523809524,16,0,"categorical",,"toracica_lombar","normal | toracica | lombar","escoliometro_maior_10_graus in {toracica_lombar}","escoliometro_maior_10_graus in {normal | toracica | lombar}"
14,2,4,"outer_training_saved_hyperparameters",3,1,224,"lordose_lombar","competitor",4,224,1,2.33965077715078,43.5,0,"continuous",43.5,,,"lordose_lombar >= 43.5","lordose_lombar < 43.5"
14,2,4,"outer_training_saved_hyperparameters",6,2,124,"idade","competitor",1,124,-1,2.15163236510485,12.5,0,"continuous",12.5,,,"idade < 12.5","idade >= 12.5"
14,2,4,"outer_training_saved_hyperparameters",6,2,124,"lordose_lombar","competitor",2,124,1,2.04435483870968,43.5,0,"continuous",43.5,,,"lordose_lombar >= 43.5","lordose_lombar < 43.5"
14,2,4,"outer_training_saved_hyperparameters",6,2,124,"lenke","competitor",3,124,6,1.99289019224504,20,0,"categorical",,"2 | 3 | 4 | 6","1 | 5","lenke in {2 | 3 | 4 | 6}","lenke in {1 | 5}"
14,2,4,"outer_training_saved_hyperparameters",6,2,124,"cifose_toracica","competitor",4,124,-1,1.88232745930942,21.5,0,"continuous",21.5,,,"cifose_toracica < 21.5","cifose_toracica >= 21.5"
15,2,5,"outer_training_saved_hyperparameters",1,0,553,"risser","competitor",1,553,5,14.3095132766225,1,0,"categorical",,"0 | 3 | 4","1 | 2","risser in {0 | 3 | 4}","risser in {1 | 2}"
15,2,5,"outer_training_saved_hyperparameters",1,0,553,"lenke","competitor",2,553,6,12.4607365277355,2,0,"categorical",,"3 | 4","1 | 2 | 5 | 6","lenke in {3 | 4}","lenke in {1 | 2 | 5 | 6}"
15,2,5,"outer_training_saved_hyperparameters",1,0,553,"flexibilidade","competitor",3,553,2,9.81474160880481,3,0,"categorical",,"rigido","flexivel","flexibilidade in {rigido}","flexibilidade in {flexivel}"
15,2,5,"outer_training_saved_hyperparameters",1,0,553,"idade","competitor",4,553,-1,5.7218844106431,12.5,0,"continuous",12.5,,,"idade < 12.5","idade >= 12.5"
15,2,5,"outer_training_saved_hyperparameters",2,1,334,"risser","competitor",1,334,5,7.51950713772646,6,0,"categorical",,"0 | 2 | 3 | 4","1","risser in {0 | 2 | 3 | 4}","risser in {1}"
15,2,5,"outer_training_saved_hyperparameters",2,1,334,"cifose_toracica","competitor",2,334,-1,5.61023335389024,25.5,0,"continuous",25.5,,,"cifose_toracica < 25.5","cifose_toracica >= 25.5"
15,2,5,"outer_training_saved_hyperparameters",2,1,334,"flexibilidade","competitor",3,334,2,4.11097891935427,7,0,"categorical",,"rigido","flexivel","flexibilidade in {rigido}","flexibilidade in {flexivel}"
15,2,5,"outer_training_saved_hyperparameters",2,1,334,"lenke","competitor",4,334,6,3.78932607512249,8,0,"categorical",,"3 | 4","1 | 2 | 5 | 6","lenke in {3 | 4}","lenke in {1 | 2 | 5 | 6}"
15,2,5,"outer_training_saved_hyperparameters",5,2,275,"cifose_toracica","competitor",1,275,-1,5.53662337662337,25.5,0,"continuous",25.5,,,"cifose_toracica < 25.5","cifose_toracica >= 25.5"
15,2,5,"outer_training_saved_hyperparameters",5,2,275,"imc","competitor",2,275,1,3.55256207394137,15.5999909255693,0,"continuous",15.5999909255693,,,"imc >= 15.59999092556933","imc < 15.59999092556933"
15,2,5,"outer_training_saved_hyperparameters",5,2,275,"lenke","competitor",3,275,6,3.12580270793036,10,0,"categorical",,"2 | 3 | 4 | 6","1 | 5","lenke in {2 | 3 | 4 | 6}","lenke in {1 | 5}"
15,2,5,"outer_training_saved_hyperparameters",5,2,275,"sexo","competitor",4,275,2,3.1077972322043,11,0,"categorical",,"feminino","masculino","sexo in {feminino}","sexo in {masculino}"
16,2,6,"outer_training_saved_hyperparameters",1,0,553,"lenke","competitor",1,553,6,11.9332662939906,1,0,"categorical",,"3 | 4","1 | 2 | 5 | 6","lenke in {3 | 4}","lenke in {1 | 2 | 5 | 6}"
16,2,6,"outer_training_saved_hyperparameters",1,0,553,"risser","competitor",2,553,5,10.0863709121113,2,0,"categorical",,"0 | 3 | 4","1 | 2","risser in {0 | 3 | 4}","risser in {1 | 2}"
16,2,6,"outer_training_saved_hyperparameters",1,0,553,"flexibilidade","competitor",3,553,2,7.65906615810877,3,0,"categorical",,"rigido","flexivel","flexibilidade in {rigido}","flexibilidade in {flexivel}"
16,2,6,"outer_training_saved_hyperparameters",1,0,553,"cifose_toracica","competitor",4,553,1,4.50065587949922,49.5,0,"continuous",49.5,,,"cifose_toracica >= 49.5","cifose_toracica < 49.5"
16,2,6,"outer_training_saved_hyperparameters",2,1,333,"risser","competitor",1,333,5,6.31006006006007,6,0,"categorical",,"0 | 2 | 3 | 4","1","risser in {0 | 2 | 3 | 4}","risser in {1}"
16,2,6,"outer_training_saved_hyperparameters",2,1,333,"cifose_toracica","competitor",2,333,-1,4.55257666230014,9.5,0,"continuous",9.5,,,"cifose_toracica < 9.5","cifose_toracica >= 9.5"
16,2,6,"outer_training_saved_hyperparameters",2,1,333,"lenke","competitor",3,333,6,3.4103310627701,7,0,"categorical",,"3 | 4","1 | 2 | 5 | 6","lenke in {3 | 4}","lenke in {1 | 2 | 5 | 6}"
16,2,6,"outer_training_saved_hyperparameters",2,1,333,"flexibilidade","competitor",4,333,2,3.20943854624775,8,0,"categorical",,"rigido","flexivel","flexibilidade in {rigido}","flexibilidade in {flexivel}"
16,2,6,"outer_training_saved_hyperparameters",5,2,278,"cifose_toracica","competitor",1,278,-1,5.39650596595894,9.5,0,"continuous",9.5,,,"cifose_toracica < 9.5","cifose_toracica >= 9.5"
16,2,6,"outer_training_saved_hyperparameters",5,2,278,"imc","competitor",2,278,1,3.55800554361704,15.5999909255693,0,"continuous",15.5999909255693,,,"imc >= 15.59999092556933","imc < 15.59999092556933"
16,2,6,"outer_training_saved_hyperparameters",5,2,278,"lenke","competitor",3,278,6,3.52807731285199,10,0,"categorical",,"2 | 3 | 4 | 6","1 | 5","lenke in {2 | 3 | 4 | 6}","lenke in {1 | 5}"
16,2,6,"outer_training_saved_hyperparameters",5,2,278,"lordose_lombar","competitor",4,278,1,3.00039207420683,54.5,0,"continuous",54.5,,,"lordose_lombar >= 54.5","lordose_lombar < 54.5"
16,2,6,"outer_training_saved_hyperparameters",11,3,41,"imc","competitor",1,41,1,1.81171203016378,17.9539728494692,0,"continuous",17.9539728494692,,,"imc >= 17.953972849469167","imc < 17.953972849469167"
16,2,6,"outer_training_saved_hyperparameters",11,3,41,"escoliometro_maior_10_graus","competitor",2,41,4,1.14377406931964,11,0,"categorical",,"lombar | toracica_lombar","normal | toracica","escoliometro_maior_10_graus in {lombar | toracica_lombar}","escoliometro_maior_10_graus in {normal | toracica}"
16,2,6,"outer_training_saved_hyperparameters",11,3,41,"correcao_colete","competitor",3,41,-1,0.968239077995175,43.2234432234432,0,"continuous",43.2234432234432,,,"correcao_colete < 43.223443223443248","correcao_colete >= 43.223443223443248"
16,2,6,"outer_training_saved_hyperparameters",11,3,41,"idade","competitor",4,41,-1,0.940766550522646,12.5,0,"continuous",12.5,,,"idade < 12.5","idade >= 12.5"
16,2,6,"outer_training_saved_hyperparameters",3,1,220,"imc","competitor",1,220,-1,4.25649267859212,16.4133360721146,0,"continuous",16.4133360721146,,,"imc < 16.413336072114554","imc >= 16.413336072114554"
16,2,6,"outer_training_saved_hyperparameters",3,1,220,"idade","competitor",2,220,-1,3.08750881621442,12.5,0,"continuous",12.5,,,"idade < 12.5","idade >= 12.5"
16,2,6,"outer_training_saved_hyperparameters",3,1,220,"escoliometro_maior_10_graus","competitor",3,220,4,2.78167036215817,14,0,"categorical",,"toracica_lombar","normal | toracica | lombar","escoliometro_maior_10_graus in {toracica_lombar}","escoliometro_maior_10_graus in {normal | toracica | lombar}"
16,2,6,"outer_training_saved_hyperparameters",3,1,220,"lordose_lombar","competitor",4,220,1,2.21759714600702,43.5,0,"continuous",43.5,,,"lordose_lombar >= 43.5","lordose_lombar < 43.5"
16,2,6,"outer_training_saved_hyperparameters",6,2,112,"cifose_toracica","competitor",1,112,-1,2.19224411075906,21.5,0,"continuous",21.5,,,"cifose_toracica < 21.5","cifose_toracica >= 21.5"
16,2,6,"outer_training_saved_hyperparameters",6,2,112,"idade","competitor",2,112,-1,1.84884723120017,12.5,0,"continuous",12.5,,,"idade < 12.5","idade >= 12.5"
16,2,6,"outer_training_saved_hyperparameters",6,2,112,"lordose_lombar","competitor",3,112,1,1.72448979591837,43.5,0,"continuous",43.5,,,"lordose_lombar >= 43.5","lordose_lombar < 43.5"
16,2,6,"outer_training_saved_hyperparameters",6,2,112,"correcao_colete","competitor",4,112,-1,1.57596263385737,54.9043062200956,0,"continuous",54.9043062200956,,,"correcao_colete < 54.904306220095648","correcao_colete >= 54.904306220095648"
17,2,7,"outer_training_saved_hyperparameters",1,0,553,"lenke","competitor",1,553,6,13.7348398000951,1,0,"categorical",,"3 | 4","1 | 2 | 5 | 6","lenke in {3 | 4}","lenke in {1 | 2 | 5 | 6}"
17,2,7,"outer_training_saved_hyperparameters",1,0,553,"risser","competitor",2,553,5,11.5120073345794,2,0,"categorical",,"0 | 3 | 4","1 | 2","risser in {0 | 3 | 4}","risser in {1 | 2}"
17,2,7,"outer_training_saved_hyperparameters",1,0,553,"flexibilidade","competitor",3,553,2,6.61156036016303,3,0,"categorical",,"rigido","flexivel","flexibilidade in {rigido}","flexibilidade in {flexivel}"
17,2,7,"outer_training_saved_hyperparameters",1,0,553,"cifose_toracica","competitor",4,553,1,5.66170357671257,49.5,0,"continuous",49.5,,,"cifose_toracica >= 49.5","cifose_toracica < 49.5"
17,2,7,"outer_training_saved_hyperparameters",2,1,333,"lenke","competitor",1,333,6,5.72008580519218,6,0,"categorical",,"2 | 3 | 4 | 6","1 | 5","lenke in {2 | 3 | 4 | 6}","lenke in {1 | 5}"
17,2,7,"outer_training_saved_hyperparameters",2,1,333,"risser","competitor",2,333,5,5.08906417275946,7,0,"categorical",,"0 | 2 | 3 | 4","1","risser in {0 | 2 | 3 | 4}","risser in {1}"
17,2,7,"outer_training_saved_hyperparameters",2,1,333,"lordose_lombar","competitor",3,333,-1,3.56208338208339,71.5,0,"continuous",71.5,,,"lordose_lombar < 71.5","lordose_lombar >= 71.5"
17,2,7,"outer_training_saved_hyperparameters",2,1,333,"sexo","competitor",4,333,2,3.31917341069885,8,0,"categorical",,"feminino","masculino","sexo in {feminino}","sexo in {masculino}"
17,2,7,"outer_training_saved_hyperparameters",5,2,274,"lenke","competitor",1,274,6,5.42865532822742,10,0,"categorical",,"2 | 3 | 4 | 6","1 | 5","lenke in {2 | 3 | 4 | 6}","lenke in {1 | 5}"
17,2,7,"outer_training_saved_hyperparameters",5,2,274,"imc","competitor",2,274,1,4.39241514715967,15.5999909255693,0,"continuous",15.5999909255693,,,"imc >= 15.59999092556933","imc < 15.59999092556933"
17,2,7,"outer_training_saved_hyperparameters",5,2,274,"cifose_toracica","competitor",3,274,-1,4.04663087410268,9.5,0,"continuous",9.5,,,"cifose_toracica < 9.5","cifose_toracica >= 9.5"
17,2,7,"outer_training_saved_hyperparameters",5,2,274,"correcao_colete","competitor",4,274,-1,3.79053064390531,45.3463203463204,0,"continuous",45.3463203463204,,,"correcao_colete < 45.346320346320354","correcao_colete >= 45.346320346320354"
17,2,7,"outer_training_saved_hyperparameters",10,3,239,"sexo","competitor",1,239,2,3.94079370430279,12,0,"categorical",,"feminino","masculino","sexo in {feminino}","sexo in {masculino}"
17,2,7,"outer_training_saved_hyperparameters",10,3,239,"lordose_lombar","competitor",2,239,-1,3.51171028813911,43.5,0,"continuous",43.5,,,"lordose_lombar < 43.5","lordose_lombar >= 43.5"
17,2,7,"outer_training_saved_hyperparameters",10,3,239,"cifose_toracica","competitor",3,239,-1,3.37592272359686,25.5,0,"continuous",25.5,,,"cifose_toracica < 25.5","cifose_toracica >= 25.5"
17,2,7,"outer_training_saved_hyperparameters",10,3,239,"imc","competitor",4,239,-1,3.21612464908026,26.799656161596,0,"continuous",26.799656161596,,,"imc < 26.799656161596033","imc >= 26.799656161596033"
17,2,7,"outer_training_saved_hyperparameters",20,4,199,"cifose_toracica","competitor",1,199,-1,5.04558001273975,25.5,0,"continuous",25.5,,,"cifose_toracica < 25.5","cifose_toracica >= 25.5"
17,2,7,"outer_training_saved_hyperparameters",20,4,199,"lordose_lombar","competitor",2,199,-1,3.81912178694519,75.5,0,"continuous",75.5,,,"lordose_lombar < 75.5","lordose_lombar >= 75.5"
17,2,7,"outer_training_saved_hyperparameters",20,4,199,"imc","competitor",3,199,1,3.23428366321403,14.9555555555556,0,"continuous",14.9555555555556,,,"imc >= 14.955555555555556","imc < 14.955555555555556"
17,2,7,"outer_training_saved_hyperparameters",20,4,199,"correcao_colete","competitor",4,199,-1,2.36512509069412,45.7002457002458,0,"continuous",45.7002457002458,,,"correcao_colete < 45.700245700245752","correcao_colete >= 45.700245700245752"
17,2,7,"outer_training_saved_hyperparameters",21,4,40,"cifose_toracica","competitor",1,40,-1,2.93888888888889,11,0,"continuous",11,,,"cifose_toracica < 11","cifose_toracica >= 11"
17,2,7,"outer_training_saved_hyperparameters",21,4,40,"correcao_colete","competitor",2,40,1,2.93888888888889,47.8221415607985,0,"continuous",47.8221415607985,,,"correcao_colete >= 47.822141560798549","correcao_colete < 47.822141560798549"
17,2,7,"outer_training_saved_hyperparameters",21,4,40,"risser","competitor",3,40,5,1.39615384615384,14,0,"categorical",,"0 | 2","3 | 4","risser in {0 | 2}","risser in {3 | 4}"
17,2,7,"outer_training_saved_hyperparameters",21,4,40,"imc","competitor",4,40,-1,1.35564263322884,17.7057681609343,0,"continuous",17.7057681609343,,,"imc < 17.705768160934298","imc >= 17.705768160934298"
17,2,7,"outer_training_saved_hyperparameters",11,3,35,"cifose_toracica","competitor",1,35,-1,2.05714285714286,9.5,0,"continuous",9.5,,,"cifose_toracica < 9.5","cifose_toracica >= 9.5"
17,2,7,"outer_training_saved_hyperparameters",11,3,35,"lordose_lombar","competitor",2,35,1,1.53126293995859,54.5,0,"continuous",54.5,,,"lordose_lombar >= 54.5","lordose_lombar < 54.5"
17,2,7,"outer_training_saved_hyperparameters",11,3,35,"escoliometro_maior_10_graus","competitor",3,35,4,1.33359788359788,15,0,"categorical",,"toracica | toracica_lombar","normal | lombar","escoliometro_maior_10_graus in {toracica | toracica_lombar}","escoliometro_maior_10_graus in {normal | lombar}"
17,2,7,"outer_training_saved_hyperparameters",11,3,35,"imc","competitor",4,35,1,1.24608294930876,15.6196107244222,0,"continuous",15.6196107244222,,,"imc >= 15.619610724422209","imc < 15.619610724422209"
17,2,7,"outer_training_saved_hyperparameters",22,4,23,"correcao_colete","competitor",1,23,1,3.09799861973775,37.0426829268293,0,"continuous",37.0426829268293,,,"correcao_colete >= 37.042682926829251","correcao_colete < 37.042682926829251"
17,2,7,"outer_training_saved_hyperparameters",22,4,23,"cifose_toracica","competitor",2,23,-1,2.41545893719807,9.5,0,"continuous",9.5,,,"cifose_toracica < 9.5","cifose_toracica >= 9.5"
17,2,7,"outer_training_saved_hyperparameters",22,4,23,"imc","competitor",3,23,-1,2.20434782608696,22.7525450977975,0,"continuous",22.7525450977975,,,"imc < 22.752545097797501","imc >= 22.752545097797501"
17,2,7,"outer_training_saved_hyperparameters",22,4,23,"idade","competitor",4,23,-1,1.83066361556064,11.5,0,"continuous",11.5,,,"idade < 11.5","idade >= 11.5"
18,2,8,"outer_training_saved_hyperparameters",1,0,554,"lenke","competitor",1,554,6,15.1041241117846,1,0,"categorical",,"3 | 4","1 | 2 | 5 | 6","lenke in {3 | 4}","lenke in {1 | 2 | 5 | 6}"
18,2,8,"outer_training_saved_hyperparameters",1,0,554,"risser","competitor",2,554,5,13.0229256832307,2,0,"categorical",,"0 | 3 | 4","1 | 2","risser in {0 | 3 | 4}","risser in {1 | 2}"
18,2,8,"outer_training_saved_hyperparameters",1,0,554,"idade","competitor",3,554,-1,6.75089195274217,12.5,0,"continuous",12.5,,,"idade < 12.5","idade >= 12.5"
18,2,8,"outer_training_saved_hyperparameters",1,0,554,"flexibilidade","competitor",4,554,2,6.40987645695981,3,0,"categorical",,"rigido","flexivel","flexibilidade in {rigido}","flexibilidade in {flexivel}"
18,2,8,"outer_training_saved_hyperparameters",2,1,337,"risser","competitor",1,337,5,7.21623088928362,6,0,"categorical",,"0 | 2 | 3 | 4","1","risser in {0 | 2 | 3 | 4}","risser in {1}"
18,2,8,"outer_training_saved_hyperparameters",2,1,337,"lenke","competitor",2,337,6,4.92040930546901,7,0,"categorical",,"3 | 4 | 6","1 | 2 | 5","lenke in {3 | 4 | 6}","lenke in {1 | 2 | 5}"
18,2,8,"outer_training_saved_hyperparameters",2,1,337,"cifose_toracica","competitor",3,337,-1,4.13240307035827,25.5,0,"continuous",25.5,,,"cifose_toracica < 25.5","cifose_toracica >= 25.5"
18,2,8,"outer_training_saved_hyperparameters",2,1,337,"sexo","competitor",4,337,2,3.87228909459947,8,0,"categorical",,"feminino","masculino","sexo in {feminino}","sexo in {masculino}"
18,2,8,"outer_training_saved_hyperparameters",5,2,278,"lenke","competitor",1,278,6,5.00151773318186,10,0,"categorical",,"2 | 3 | 4 | 6","1 | 5","lenke in {2 | 3 | 4 | 6}","lenke in {1 | 5}"
18,2,8,"outer_training_saved_hyperparameters",5,2,278,"cifose_toracica","competitor",2,278,-1,4.23237994969878,9.5,0,"continuous",9.5,,,"cifose_toracica < 9.5","cifose_toracica >= 9.5"
18,2,8,"outer_training_saved_hyperparameters",5,2,278,"sexo","competitor",3,278,2,3.59393627954779,11,0,"categorical",,"feminino","masculino","sexo in {feminino}","sexo in {masculino}"
18,2,8,"outer_training_saved_hyperparameters",5,2,278,"imc","competitor",4,278,1,2.8880892963423,15.5999909255693,0,"continuous",15.5999909255693,,,"imc >= 15.59999092556933","imc < 15.59999092556933"
18,2,8,"outer_training_saved_hyperparameters",10,3,175,"sexo","competitor",1,175,2,5.04527968763263,12,0,"categorical",,"feminino","masculino","sexo in {feminino}","sexo in {masculino}"
18,2,8,"outer_training_saved_hyperparameters",10,3,175,"cifose_toracica","competitor",2,175,-1,2.93984802431611,30.5,0,"continuous",30.5,,,"cifose_toracica < 30.5","cifose_toracica >= 30.5"
18,2,8,"outer_training_saved_hyperparameters",10,3,175,"lenke","competitor",3,175,6,2.74114400114399,13,0,"categorical",,"3 | 4 | 6","1 | 2 | 5","lenke in {3 | 4 | 6}","lenke in {1 | 2 | 5}"
18,2,8,"outer_training_saved_hyperparameters",10,3,175,"imc","competitor",4,175,1,2.64296323394915,16.6202485115718,0,"continuous",16.6202485115718,,,"imc >= 16.62024851157183","imc < 16.62024851157183"
18,2,8,"outer_training_saved_hyperparameters",11,3,103,"lenke","competitor",1,103,6,5.26659258392795,14,0,"categorical",,"2 | 3 | 6","1 | 4 | 5","lenke in {2 | 3 | 6}","lenke in {1 | 4 | 5}"
18,2,8,"outer_training_saved_hyperparameters",11,3,103,"correcao_colete","competitor",2,103,-1,4.93531866671025,31.7627494456762,0,"continuous",31.7627494456762,,,"correcao_colete < 31.762749445676249","correcao_colete >= 31.762749445676249"
18,2,8,"outer_training_saved_hyperparameters",11,3,103,"idade","competitor",3,103,1,3.41876666182885,14.5,0,"continuous",14.5,,,"idade >= 14.5","idade < 14.5"
18,2,8,"outer_training_saved_hyperparameters",11,3,103,"lordose_lombar","competitor",4,103,1,3.16435506241331,61.5,0,"continuous",61.5,,,"lordose_lombar >= 61.5","lordose_lombar < 61.5"
18,2,8,"outer_training_saved_hyperparameters",3,1,217,"imc","competitor",1,217,-1,4.21297122699647,16.4133360721146,0,"continuous",16.4133360721146,,,"imc < 16.413336072114554","imc >= 16.413336072114554"
18,2,8,"outer_training_saved_hyperparameters",3,1,217,"idade","competitor",2,217,-1,2.89032258064515,12.5,0,"continuous",12.5,,,"idade < 12.5","idade >= 12.5"
18,2,8,"outer_training_saved_hyperparameters",3,1,217,"lenke","competitor",3,217,6,2.46252829654781,15,0,"categorical",,"3 | 4 | 6","1 | 2 | 5","lenke in {3 | 4 | 6}","lenke in {1 | 2 | 5}"
18,2,8,"outer_training_saved_hyperparameters",3,1,217,"cifose_toracica","competitor",4,217,1,2.43348694316435,47,0,"continuous",47,,,"cifose_toracica >= 47","cifose_toracica < 47"
18,2,8,"outer_training_saved_hyperparameters",6,2,115,"imc","competitor",1,115,-1,3.56785539814363,16.6287460719878,0,"continuous",16.6287460719878,,,"imc < 16.628746071987827","imc >= 16.628746071987827"
18,2,8,"outer_training_saved_hyperparameters",6,2,115,"lenke","competitor",2,115,6,3.22102245580507,20,0,"categorical",,"3 | 4","1 | 2 | 5 | 6","lenke in {3 | 4}","lenke in {1 | 2 | 5 | 6}"
18,2,8,"outer_training_saved_hyperparameters",6,2,115,"cifose_toracica","competitor",3,115,1,2.9483321831148,43,0,"continuous",43,,,"cifose_toracica >= 43","cifose_toracica < 43"
18,2,8,"outer_training_saved_hyperparameters",6,2,115,"risser","competitor",4,115,5,1.85584248086899,21,0,"categorical",,"0 | 3","1 | 2 | 4","risser in {0 | 3}","risser in {1 | 2 | 4}"
18,2,8,"outer_training_saved_hyperparameters",13,3,107,"cifose_toracica","competitor",1,107,1,3.46061415220294,43,0,"continuous",43,,,"cifose_toracica >= 43","cifose_toracica < 43"
18,2,8,"outer_training_saved_hyperparameters",13,3,107,"lenke","competitor",2,107,6,2.97146406178703,22,0,"categorical",,"3 | 4 | 6","1 | 2 | 5","lenke in {3 | 4 | 6}","lenke in {1 | 2 | 5}"
18,2,8,"outer_training_saved_hyperparameters",13,3,107,"lordose_lombar","competitor",3,107,1,2.20664589823468,45,0,"continuous",45,,,"lordose_lombar >= 45","lordose_lombar < 45"
18,2,8,"outer_training_saved_hyperparameters",13,3,107,"risser","competitor",4,107,5,1.62918110950229,23,0,"categorical",,"0 | 3 | 4","1 | 2","risser in {0 | 3 | 4}","risser in {1 | 2}"
19,2,9,"outer_training_saved_hyperparameters",1,0,555,"lenke","competitor",1,555,6,13.6494688650443,1,0,"categorical",,"3 | 4","1 | 2 | 5 | 6","lenke in {3 | 4}","lenke in {1 | 2 | 5 | 6}"
19,2,9,"outer_training_saved_hyperparameters",1,0,555,"risser","competitor",2,555,5,12.0535691618679,2,0,"categorical",,"0 | 3 | 4","1 | 2","risser in {0 | 3 | 4}","risser in {1 | 2}"
19,2,9,"outer_training_saved_hyperparameters",1,0,555,"flexibilidade","competitor",3,555,2,7.95260026026534,3,0,"categorical",,"rigido","flexivel","flexibilidade in {rigido}","flexibilidade in {flexivel}"
19,2,9,"outer_training_saved_hyperparameters",1,0,555,"idade","competitor",4,555,-1,5.39016756014109,12.5,0,"continuous",12.5,,,"idade < 12.5","idade >= 12.5"
19,2,9,"outer_training_saved_hyperparameters",2,1,340,"risser","competitor",1,340,5,8.0982053838485,6,0,"categorical",,"0 | 2 | 3 | 4","1","risser in {0 | 2 | 3 | 4}","risser in {1}"
19,2,9,"outer_training_saved_hyperparameters",2,1,340,"cifose_toracica","competitor",2,340,-1,4.95985778926956,25.5,0,"continuous",25.5,,,"cifose_toracica < 25.5","cifose_toracica >= 25.5"
19,2,9,"outer_training_saved_hyperparameters",2,1,340,"lenke","competitor",3,340,6,4.39265048676813,7,0,"categorical",,"3 | 4","1 | 2 | 5 | 6","lenke in {3 | 4}","lenke in {1 | 2 | 5 | 6}"
19,2,9,"outer_training_saved_hyperparameters",2,1,340,"flexibilidade","competitor",4,340,2,4.03033613445379,8,0,"categorical",,"rigido","flexivel","flexibilidade in {rigido}","flexibilidade in {flexivel}"
19,2,9,"outer_training_saved_hyperparameters",5,2,282,"cifose_toracica","competitor",1,282,-1,5.13704399428596,25.5,0,"continuous",25.5,,,"cifose_toracica < 25.5","cifose_toracica >= 25.5"
19,2,9,"outer_training_saved_hyperparameters",5,2,282,"lenke","competitor",2,282,6,4.06910389665387,10,0,"categorical",,"2 | 3 | 4 | 6","1 | 5","lenke in {2 | 3 | 4 | 6}","lenke in {1 | 5}"
19,2,9,"outer_training_saved_hyperparameters",5,2,282,"imc","competitor",3,282,1,3.96845963821818,15.5999909255693,0,"continuous",15.5999909255693,,,"imc >= 15.59999092556933","imc < 15.59999092556933"
19,2,9,"outer_training_saved_hyperparameters",5,2,282,"lordose_lombar","competitor",4,282,-1,3.59439502834508,43.5,0,"continuous",43.5,,,"lordose_lombar < 43.5","lordose_lombar >= 43.5"
19,2,9,"outer_training_saved_hyperparameters",10,3,243,"cifose_toracica","competitor",1,243,-1,4.64750725224314,30.5,0,"continuous",30.5,,,"cifose_toracica < 30.5","cifose_toracica >= 30.5"
19,2,9,"outer_training_saved_hyperparameters",10,3,243,"sexo","competitor",2,243,2,4.3495953073423,12,0,"categorical",,"feminino","masculino","sexo in {feminino}","sexo in {masculino}"
19,2,9,"outer_training_saved_hyperparameters",10,3,243,"lordose_lombar","competitor",3,243,-1,3.38064674768978,43.5,0,"continuous",43.5,,,"lordose_lombar < 43.5","lordose_lombar >= 43.5"
19,2,9,"outer_training_saved_hyperparameters",10,3,243,"risser","competitor",4,243,5,2.37219542775098,13,0,"categorical",,"0 | 3","2 | 4","risser in {0 | 3}","risser in {2 | 4}"
19,2,9,"outer_training_saved_hyperparameters",3,1,215,"imc","competitor",1,215,-1,5.84348194549397,16.4133360721146,0,"continuous",16.4133360721146,,,"imc < 16.413336072114554","imc >= 16.413336072114554"
19,2,9,"outer_training_saved_hyperparameters",3,1,215,"idade","competitor",2,215,-1,2.93155739915372,12.5,0,"continuous",12.5,,,"idade < 12.5","idade >= 12.5"
19,2,9,"outer_training_saved_hyperparameters",3,1,215,"lordose_lombar","competitor",3,215,1,1.91908680149555,43.5,0,"continuous",43.5,,,"lordose_lombar >= 43.5","lordose_lombar < 43.5"
19,2,9,"outer_training_saved_hyperparameters",3,1,215,"escoliometro_maior_10_graus","competitor",4,215,4,1.89935372969042,14,0,"categorical",,"toracica_lombar","normal | toracica | lombar","escoliometro_maior_10_graus in {toracica_lombar}","escoliometro_maior_10_graus in {normal | toracica | lombar}"
19,2,9,"outer_training_saved_hyperparameters",6,2,112,"lenke","competitor",1,112,6,2.64468864468864,18,0,"categorical",,"2 | 3 | 4 | 6","1 | 5","lenke in {2 | 3 | 4 | 6}","lenke in {1 | 5}"
19,2,9,"outer_training_saved_hyperparameters",6,2,112,"idade","competitor",2,112,-1,2.41269841269841,12.5,0,"continuous",12.5,,,"idade < 12.5","idade >= 12.5"
19,2,9,"outer_training_saved_hyperparameters",6,2,112,"risser","competitor",3,112,5,2.34923980129459,19,0,"categorical",,"0 | 3","1 | 2 | 4","risser in {0 | 3}","risser in {1 | 2 | 4}"
19,2,9,"outer_training_saved_hyperparameters",6,2,112,"cifose_toracica","competitor",4,112,-1,1.76536159714925,21.5,0,"continuous",21.5,,,"cifose_toracica < 21.5","cifose_toracica >= 21.5"
20,2,10,"outer_training_saved_hyperparameters",1,0,555,"lenke","competitor",1,555,6,14.101965801532,1,0,"categorical",,"3 | 4","1 | 2 | 5 | 6","lenke in {3 | 4}","lenke in {1 | 2 | 5 | 6}"
20,2,10,"outer_training_saved_hyperparameters",1,0,555,"risser","competitor",2,555,5,10.682882882883,2,0,"categorical",,"0 | 3 | 4","1 | 2","risser in {0 | 3 | 4}","risser in {1 | 2}"
20,2,10,"outer_training_saved_hyperparameters",1,0,555,"flexibilidade","competitor",3,555,2,8.63335944640295,3,0,"categorical",,"rigido","flexivel","flexibilidade in {rigido}","flexibilidade in {flexivel}"
20,2,10,"outer_training_saved_hyperparameters",1,0,555,"idade","competitor",4,555,-1,6.95801835602873,12.5,0,"continuous",12.5,,,"idade < 12.5","idade >= 12.5"
20,2,10,"outer_training_saved_hyperparameters",2,1,337,"lenke","competitor",1,337,6,5.5842039670305,6,0,"categorical",,"2 | 3 | 4 | 6","1 | 5","lenke in {2 | 3 | 4 | 6}","lenke in {1 | 5}"
20,2,10,"outer_training_saved_hyperparameters",2,1,337,"risser","competitor",2,337,5,5.25726559762947,7,0,"categorical",,"0 | 3","1 | 2 | 4","risser in {0 | 3}","risser in {1 | 2 | 4}"
20,2,10,"outer_training_saved_hyperparameters",2,1,337,"cifose_toracica","competitor",3,337,-1,4.3296581807225,25.5,0,"continuous",25.5,,,"cifose_toracica < 25.5","cifose_toracica >= 25.5"
20,2,10,"outer_training_saved_hyperparameters",2,1,337,"imc","competitor",4,337,-1,3.96859142923773,26.799656161596,0,"continuous",26.799656161596,,,"imc < 26.799656161596033","imc >= 26.799656161596033"
20,2,10,"outer_training_saved_hyperparameters",5,2,222,"sexo","competitor",1,222,2,4.91912366912366,10,0,"categorical",,"feminino","masculino","sexo in {feminino}","sexo in {masculino}"
20,2,10,"outer_training_saved_hyperparameters",5,2,222,"cifose_toracica","competitor",2,222,-1,3.65457821457819,9.5,0,"continuous",9.5,,,"cifose_toracica < 9.5","cifose_toracica >= 9.5"
20,2,10,"outer_training_saved_hyperparameters",5,2,222,"lordose_lombar","competitor",3,222,-1,3.51903599030501,40.5,0,"continuous",40.5,,,"lordose_lombar < 40.5","lordose_lombar >= 40.5"
20,2,10,"outer_training_saved_hyperparameters",5,2,222,"lenke","competitor",4,222,6,3.49937122477166,11,0,"categorical",,"2 | 3 | 4 | 6","1 | 5","lenke in {2 | 3 | 4 | 6}","lenke in {1 | 5}"
20,2,10,"outer_training_saved_hyperparameters",11,3,122,"imc","competitor",1,122,-1,5.15437158469945,18.5016174934993,0,"continuous",18.5016174934993,,,"imc < 18.501617493499317","imc >= 18.501617493499317"
20,2,10,"outer_training_saved_hyperparameters",11,3,122,"sexo","competitor",2,122,2,3.81309432613248,14,0,"categorical",,"feminino","masculino","sexo in {feminino}","sexo in {masculino}"
20,2,10,"outer_training_saved_hyperparameters",11,3,122,"cifose_toracica","competitor",3,122,-1,3.56800794833582,9.5,0,"continuous",9.5,,,"cifose_toracica < 9.5","cifose_toracica >= 9.5"
20,2,10,"outer_training_saved_hyperparameters",11,3,122,"risser","competitor",4,122,5,2.60087400700834,15,0,"categorical",,"2 | 4","1","risser in {2 | 4}","risser in {1}"
20,2,10,"outer_training_saved_hyperparameters",23,4,108,"imc","competitor",1,108,-1,2.96722248194899,18.5016174934993,0,"continuous",18.5016174934993,,,"imc < 18.501617493499317","imc >= 18.501617493499317"
20,2,10,"outer_training_saved_hyperparameters",23,4,108,"sexo","competitor",2,108,2,2.25149161319374,16,0,"categorical",,"feminino","masculino","sexo in {feminino}","sexo in {masculino}"
20,2,10,"outer_training_saved_hyperparameters",23,4,108,"idade","competitor",3,108,1,1.3566208348817,14.5,0,"continuous",14.5,,,"idade >= 14.5","idade < 14.5"
20,2,10,"outer_training_saved_hyperparameters",23,4,108,"escoliometro_maior_10_graus","competitor",4,108,4,1.31986531986532,17,0,"categorical",,"toracica_lombar","normal | toracica | lombar","escoliometro_maior_10_graus in {toracica_lombar}","escoliometro_maior_10_graus in {normal | toracica | lombar}"
21,3,1,"outer_training_saved_hyperparameters",1,0,553,"lenke","competitor",1,553,6,14.4932343605612,1,0,"categorical",,"3 | 4","1 | 2 | 5 | 6","lenke in {3 | 4}","lenke in {1 | 2 | 5 | 6}"
21,3,1,"outer_training_saved_hyperparameters",1,0,553,"risser","competitor",2,553,5,12.4662487675337,2,0,"categorical",,"0 | 3 | 4","1 | 2","risser in {0 | 3 | 4}","risser in {1 | 2}"
21,3,1,"outer_training_saved_hyperparameters",1,0,553,"flexibilidade","competitor",3,553,2,10.2178113113425,3,0,"categorical",,"rigido","flexivel","flexibilidade in {rigido}","flexibilidade in {flexivel}"
21,3,1,"outer_training_saved_hyperparameters",1,0,553,"escoliometro_maior_10_graus","competitor",4,553,4,5.84013310543565,4,0,"categorical",,"toracica_lombar","normal | toracica | lombar","escoliometro_maior_10_graus in {toracica_lombar}","escoliometro_maior_10_graus in {normal | toracica | lombar}"
21,3,1,"outer_training_saved_hyperparameters",2,1,331,"risser","competitor",1,331,5,7.94162686477179,6,0,"categorical",,"0 | 2 | 3 | 4","1","risser in {0 | 2 | 3 | 4}","risser in {1}"
21,3,1,"outer_training_saved_hyperparameters",2,1,331,"flexibilidade","competitor",2,331,2,4.96487169632994,7,0,"categorical",,"rigido","flexivel","flexibilidade in {rigido}","flexibilidade in {flexivel}"
21,3,1,"outer_training_saved_hyperparameters",2,1,331,"lenke","competitor",3,331,6,4.42903058969347,8,0,"categorical",,"3 | 4","1 | 2 | 5 | 6","lenke in {3 | 4}","lenke in {1 | 2 | 5 | 6}"
21,3,1,"outer_training_saved_hyperparameters",2,1,331,"cifose_toracica","competitor",4,331,-1,3.97247791114549,25.5,0,"continuous",25.5,,,"cifose_toracica < 25.5","cifose_toracica >= 25.5"
21,3,1,"outer_training_saved_hyperparameters",5,2,275,"imc","competitor",1,275,1,4.08466200466201,15.5999909255693,0,"continuous",15.5999909255693,,,"imc >= 15.59999092556933","imc < 15.59999092556933"
21,3,1,"outer_training_saved_hyperparameters",5,2,275,"cifose_toracica","competitor",2,275,-1,3.91846629560915,9.5,0,"continuous",9.5,,,"cifose_toracica < 9.5","cifose_toracica >= 9.5"
21,3,1,"outer_training_saved_hyperparameters",5,2,275,"correcao_colete","competitor",3,275,-1,3.76036924143709,45.3463203463204,0,"continuous",45.3463203463204,,,"correcao_colete < 45.346320346320354","correcao_colete >= 45.346320346320354"
21,3,1,"outer_training_saved_hyperparameters",5,2,275,"sexo","competitor",4,275,2,3.37313318260686,10,0,"categorical",,"feminino","masculino","sexo in {feminino}","sexo in {masculino}"
22,3,2,"outer_training_saved_hyperparameters",1,0,553,"lenke","competitor",1,553,6,12.2689313332291,1,0,"categorical",,"3 | 4","1 | 2 | 5 | 6","lenke in {3 | 4}","lenke in {1 | 2 | 5 | 6}"
22,3,2,"outer_training_saved_hyperparameters",1,0,553,"risser","competitor",2,553,5,11.1280261873289,2,0,"categorical",,"0 | 3 | 4","1 | 2","risser in {0 | 3 | 4}","risser in {1 | 2}"
22,3,2,"outer_training_saved_hyperparameters",1,0,553,"flexibilidade","competitor",3,553,2,7.62207224570926,3,0,"categorical",,"rigido","flexivel","flexibilidade in {rigido}","flexibilidade in {flexivel}"
22,3,2,"outer_training_saved_hyperparameters",1,0,553,"idade","competitor",4,553,-1,6.33053474554379,12.5,0,"continuous",12.5,,,"idade < 12.5","idade >= 12.5"
22,3,2,"outer_training_saved_hyperparameters",2,1,333,"risser","competitor",1,333,5,5.51151466030359,6,0,"categorical",,"0 | 2 | 3 | 4","1","risser in {0 | 2 | 3 | 4}","risser in {1}"
22,3,2,"outer_training_saved_hyperparameters",2,1,333,"lenke","competitor",2,333,6,4.87719693377591,7,0,"categorical",,"2 | 3 | 4 | 6","1 | 5","lenke in {2 | 3 | 4 | 6}","lenke in {1 | 5}"
22,3,2,"outer_training_saved_hyperparameters",2,1,333,"sexo","competitor",3,333,2,3.98206934206934,8,0,"categorical",,"feminino","masculino","sexo in {feminino}","sexo in {masculino}"
22,3,2,"outer_training_saved_hyperparameters",2,1,333,"cifose_toracica","competitor",4,333,-1,3.46069146069144,25.5,0,"continuous",25.5,,,"cifose_toracica < 25.5","cifose_toracica >= 25.5"
22,3,2,"outer_training_saved_hyperparameters",5,2,272,"lenke","competitor",1,272,6,4.8184265010352,10,0,"categorical",,"2 | 3 | 4 | 6","1 | 5","lenke in {2 | 3 | 4 | 6}","lenke in {1 | 5}"
22,3,2,"outer_training_saved_hyperparameters",5,2,272,"cifose_toracica","competitor",2,272,-1,3.87523452157598,9.5,0,"continuous",9.5,,,"cifose_toracica < 9.5","cifose_toracica >= 9.5"
22,3,2,"outer_training_saved_hyperparameters",5,2,272,"sexo","competitor",3,272,2,3.86663967611337,11,0,"categorical",,"feminino","masculino","sexo in {feminino}","sexo in {masculino}"
22,3,2,"outer_training_saved_hyperparameters",5,2,272,"imc","competitor",4,272,1,3.39811738648947,15.5999909255693,0,"continuous",15.5999909255693,,,"imc >= 15.59999092556933","imc < 15.59999092556933"
22,3,2,"outer_training_saved_hyperparameters",10,3,127,"imc","competitor",1,127,1,3.05342975391832,16.89509725284,0,"continuous",16.89509725284,,,"imc >= 16.895097252840038","imc < 16.895097252840038"
22,3,2,"outer_training_saved_hyperparameters",10,3,127,"cifose_toracica","competitor",2,127,-1,2.67982513891448,32.5,0,"continuous",32.5,,,"cifose_toracica < 32.5","cifose_toracica >= 32.5"
22,3,2,"outer_training_saved_hyperparameters",10,3,127,"correcao_colete","competitor",3,127,1,2.54444131983501,30.3940568475453,0,"continuous",30.3940568475453,,,"correcao_colete >= 30.394056847545251","correcao_colete < 30.394056847545251"
22,3,2,"outer_training_saved_hyperparameters",10,3,127,"lordose_lombar","competitor",4,127,-1,2.24850436205595,66,0,"continuous",66,,,"lordose_lombar < 66","lordose_lombar >= 66"
22,3,2,"outer_training_saved_hyperparameters",11,3,145,"imc","competitor",1,145,-1,3.93095776622621,18.5016174934993,0,"continuous",18.5016174934993,,,"imc < 18.501617493499317","imc >= 18.501617493499317"
22,3,2,"outer_training_saved_hyperparameters",11,3,145,"sexo","competitor",2,145,2,3.51564986737401,15,0,"categorical",,"feminino","masculino","sexo in {feminino}","sexo in {masculino}"
22,3,2,"outer_training_saved_hyperparameters",11,3,145,"correcao_colete","competitor",3,145,-1,3.44465657943158,45.7002457002458,0,"continuous",45.7002457002458,,,"correcao_colete < 45.700245700245752","correcao_colete >= 45.700245700245752"
22,3,2,"outer_training_saved_hyperparameters",11,3,145,"lenke","competitor",4,145,6,2.67229554470553,16,0,"categorical",,"2 | 3 | 6","1 | 4 | 5","lenke in {2 | 3 | 6}","lenke in {1 | 4 | 5}"
22,3,2,"outer_training_saved_hyperparameters",22,4,46,"escoliometro_maior_10_graus","competitor",1,46,4,2.73181056530558,19,0,"categorical",,"lombar | toracica_lombar","normal | toracica","escoliometro_maior_10_graus in {lombar | toracica_lombar}","escoliometro_maior_10_graus in {normal | toracica}"
22,3,2,"outer_training_saved_hyperparameters",22,4,46,"risser","competitor",2,46,5,1.98641937772373,20,0,"categorical",,"2 | 4","1","risser in {2 | 4}","risser in {1}"
22,3,2,"outer_training_saved_hyperparameters",22,4,46,"lordose_lombar","competitor",3,46,-1,1.57826086956522,64.5,0,"continuous",64.5,,,"lordose_lombar < 64.5","lordose_lombar >= 64.5"
22,3,2,"outer_training_saved_hyperparameters",22,4,46,"cifose_toracica","competitor",4,46,-1,1.56521739130435,25,0,"continuous",25,,,"cifose_toracica < 25","cifose_toracica >= 25"
22,3,2,"outer_training_saved_hyperparameters",23,4,99,"correcao_colete","competitor",1,99,-1,4.88888888888889,31.7627494456762,0,"continuous",31.7627494456762,,,"correcao_colete < 31.762749445676249","correcao_colete >= 31.762749445676249"
22,3,2,"outer_training_saved_hyperparameters",23,4,99,"lenke","competitor",2,99,6,4.24243366500829,22,0,"categorical",,"3","1 | 2 | 4 | 5 | 6","lenke in {3}","lenke in {1 | 2 | 4 | 5 | 6}"
22,3,2,"outer_training_saved_hyperparameters",23,4,99,"lordose_lombar","competitor",3,99,-1,3.79813258636787,40.5,0,"continuous",40.5,,,"lordose_lombar < 40.5","lordose_lombar >= 40.5"
22,3,2,"outer_training_saved_hyperparameters",23,4,99,"flexibilidade","competitor",4,99,2,3.24821092278719,23,0,"categorical",,"rigido","flexivel","flexibilidade in {rigido}","flexibilidade in {flexivel}"
22,3,2,"outer_training_saved_hyperparameters",3,1,220,"imc","competitor",1,220,-1,4.62997140210255,16.4133360721146,0,"continuous",16.4133360721146,,,"imc < 16.413336072114554","imc >= 16.413336072114554"
22,3,2,"outer_training_saved_hyperparameters",3,1,220,"idade","competitor",2,220,-1,3.64557333234344,12.5,0,"continuous",12.5,,,"idade < 12.5","idade >= 12.5"
22,3,2,"outer_training_saved_hyperparameters",3,1,220,"cifose_toracica","competitor",3,220,1,2.69630450849962,38.5,0,"continuous",38.5,,,"cifose_toracica >= 38.5","cifose_toracica < 38.5"
22,3,2,"outer_training_saved_hyperparameters",3,1,220,"escoliometro_maior_10_graus","competitor",4,220,4,2.69630450849962,25,0,"categorical",,"toracica_lombar","normal | toracica | lombar","escoliometro_maior_10_graus in {toracica_lombar}","escoliometro_maior_10_graus in {normal | toracica | lombar}"
22,3,2,"outer_training_saved_hyperparameters",6,2,116,"idade","competitor",1,116,-1,2.74301192301984,12.5,0,"continuous",12.5,,,"idade < 12.5","idade >= 12.5"
22,3,2,"outer_training_saved_hyperparameters",6,2,116,"lenke","competitor",2,116,6,2.58225819063257,29,0,"categorical",,"3 | 4 | 5 | 6","1 | 2","lenke in {3 | 4 | 5 | 6}","lenke in {1 | 2}"
22,3,2,"outer_training_saved_hyperparameters",6,2,116,"lordose_lombar","competitor",3,116,1,1.68883415435138,43.5,0,"continuous",43.5,,,"lordose_lombar >= 43.5","lordose_lombar < 43.5"
22,3,2,"outer_training_saved_hyperparameters",6,2,116,"correcao_colete","competitor",4,116,-1,1.65550082101805,54.858934169279,0,"continuous",54.858934169279,,,"correcao_colete < 54.858934169278953","correcao_colete >= 54.858934169278953"
22,3,2,"outer_training_saved_hyperparameters",13,3,98,"idade","competitor",1,98,-1,2.34984548542056,12.5,0,"continuous",12.5,,,"idade < 12.5","idade >= 12.5"
22,3,2,"outer_training_saved_hyperparameters",13,3,98,"escoliometro_maior_10_graus","competitor",2,98,4,1.4721706864564,31,0,"categorical",,"lombar | toracica_lombar","normal | toracica","escoliometro_maior_10_graus in {lombar | toracica_lombar}","escoliometro_maior_10_graus in {normal | toracica}"
22,3,2,"outer_training_saved_hyperparameters",13,3,98,"cifose_toracica","competitor",3,98,-1,1.28215286114446,16,0,"continuous",16,,,"cifose_toracica < 16","cifose_toracica >= 16"
22,3,2,"outer_training_saved_hyperparameters",13,3,98,"lordose_lombar","competitor",4,98,1,0.982993197278915,43.5,0,"continuous",43.5,,,"lordose_lombar >= 43.5","lordose_lombar < 43.5"
22,3,2,"outer_training_saved_hyperparameters",26,4,68,"idade","competitor",1,68,-1,1.58908344733242,12.5,0,"continuous",12.5,,,"idade < 12.5","idade >= 12.5"
22,3,2,"outer_training_saved_hyperparameters",26,4,68,"cifose_toracica","competitor",2,68,-1,1.36291560102302,16,0,"continuous",16,,,"cifose_toracica < 16","cifose_toracica >= 16"
22,3,2,"outer_training_saved_hyperparameters",26,4,68,"lordose_lombar","competitor",3,68,1,1.36291560102302,55.5,0,"continuous",55.5,,,"lordose_lombar >= 55.5","lordose_lombar < 55.5"
22,3,2,"outer_training_saved_hyperparameters",26,4,68,"correcao_colete","competitor",4,68,1,0.967492260061917,58.3380601247873,0,"continuous",58.3380601247873,,,"correcao_colete >= 58.338060124787305","correcao_colete < 58.338060124787305"
23,3,3,"outer_training_saved_hyperparameters",1,0,553,"lenke","competitor",1,553,6,13.9099943071462,1,0,"categorical",,"3 | 4 | 6","1 | 2 | 5","lenke in {3 | 4 | 6}","lenke in {1 | 2 | 5}"
23,3,3,"outer_training_saved_hyperparameters",1,0,553,"risser","competitor",2,553,5,12.8709283503428,2,0,"categorical",,"0 | 3 | 4","1 | 2","risser in {0 | 3 | 4}","risser in {1 | 2}"
23,3,3,"outer_training_saved_hyperparameters",1,0,553,"cifose_toracica","competitor",3,553,-1,5.65434746311905,25.5,0,"continuous",25.5,,,"cifose_toracica < 25.5","cifose_toracica >= 25.5"
23,3,3,"outer_training_saved_hyperparameters",1,0,553,"flexibilidade","competitor",4,553,2,5.41373936144589,3,0,"categorical",,"rigido","flexivel","flexibilidade in {rigido}","flexibilidade in {flexivel}"
23,3,3,"outer_training_saved_hyperparameters",2,1,336,"risser","competitor",1,336,5,6.83432539682539,6,0,"categorical",,"0 | 2 | 3 | 4","1","risser in {0 | 2 | 3 | 4}","risser in {1}"
23,3,3,"outer_training_saved_hyperparameters",2,1,336,"lenke","competitor",2,336,6,5.98960890198003,7,0,"categorical",,"2 | 3 | 4 | 6","1 | 5","lenke in {2 | 3 | 4 | 6}","lenke in {1 | 5}"
23,3,3,"outer_training_saved_hyperparameters",2,1,336,"cifose_toracica","competitor",3,336,-1,5.2061568568418,25.5,0,"continuous",25.5,,,"cifose_toracica < 25.5","cifose_toracica >= 25.5"
23,3,3,"outer_training_saved_hyperparameters",2,1,336,"sexo","competitor",4,336,2,3.63460317460317,8,0,"categorical",,"feminino","masculino","sexo in {feminino}","sexo in {masculino}"
23,3,3,"outer_training_saved_hyperparameters",5,2,278,"lenke","competitor",1,278,6,5.88242851097273,10,0,"categorical",,"2 | 3 | 4 | 6","1 | 5","lenke in {2 | 3 | 4 | 6}","lenke in {1 | 5}"
23,3,3,"outer_training_saved_hyperparameters",5,2,278,"cifose_toracica","competitor",2,278,-1,5.11761936352838,25.5,0,"continuous",25.5,,,"cifose_toracica < 25.5","cifose_toracica >= 25.5"
23,3,3,"outer_training_saved_hyperparameters",5,2,278,"imc","competitor",3,278,1,4.25845819715781,15.6601803215661,0,"continuous",15.6601803215661,,,"imc >= 15.660180321566109","imc < 15.660180321566109"
23,3,3,"outer_training_saved_hyperparameters",5,2,278,"sexo","competitor",4,278,2,3.38190750256939,11,0,"categorical",,"feminino","masculino","sexo in {feminino}","sexo in {masculino}"
24,3,4,"outer_training_saved_hyperparameters",1,0,553,"lenke","competitor",1,553,6,17.1840868316905,1,0,"categorical",,"3 | 4","1 | 2 | 5 | 6","lenke in {3 | 4}","lenke in {1 | 2 | 5 | 6}"
24,3,4,"outer_training_saved_hyperparameters",1,0,553,"flexibilidade","competitor",2,553,2,10.5774103854318,2,0,"categorical",,"rigido","flexivel","flexibilidade in {rigido}","flexibilidade in {flexivel}"
24,3,4,"outer_training_saved_hyperparameters",1,0,553,"risser","competitor",3,553,5,9.51186804379643,3,0,"categorical",,"0 | 3 | 4","1 | 2","risser in {0 | 3 | 4}","risser in {1 | 2}"
24,3,4,"outer_training_saved_hyperparameters",1,0,553,"idade","competitor",4,553,-1,6.34064212824353,12.5,0,"continuous",12.5,,,"idade < 12.5","idade >= 12.5"
24,3,4,"outer_training_saved_hyperparameters",2,1,337,"risser","competitor",1,337,5,6.02692170082474,6,0,"categorical",,"0 | 2 | 3 | 4","1","risser in {0 | 2 | 3 | 4}","risser in {1}"
24,3,4,"outer_training_saved_hyperparameters",2,1,337,"lenke","competitor",2,337,6,5.54192100991003,7,0,"categorical",,"3 | 4","1 | 2 | 5 | 6","lenke in {3 | 4}","lenke in {1 | 2 | 5 | 6}"
24,3,4,"outer_training_saved_hyperparameters",2,1,337,"flexibilidade","competitor",3,337,2,4.88220501128512,8,0,"categorical",,"rigido","flexivel","flexibilidade in {rigido}","flexibilidade in {flexivel}"
24,3,4,"outer_training_saved_hyperparameters",2,1,337,"cifose_toracica","competitor",4,337,-1,4.83140830204385,25.5,0,"continuous",25.5,,,"cifose_toracica < 25.5","cifose_toracica >= 25.5"
24,3,4,"outer_training_saved_hyperparameters",5,2,277,"cifose_toracica","competitor",1,277,-1,4.15473366241804,9.5,0,"continuous",9.5,,,"cifose_toracica < 9.5","cifose_toracica >= 9.5"
24,3,4,"outer_training_saved_hyperparameters",5,2,277,"lenke","competitor",2,277,6,3.88718664361053,10,0,"categorical",,"3 | 4","1 | 2 | 5 | 6","lenke in {3 | 4}","lenke in {1 | 2 | 5 | 6}"
24,3,4,"outer_training_saved_hyperparameters",5,2,277,"imc","competitor",3,277,1,3.60566871324446,15.5999909255693,0,"continuous",15.5999909255693,,,"imc >= 15.59999092556933","imc < 15.59999092556933"
24,3,4,"outer_training_saved_hyperparameters",5,2,277,"flexibilidade","competitor",4,277,2,3.49204877194811,11,0,"categorical",,"rigido","flexivel","flexibilidade in {rigido}","flexibilidade in {flexivel}"
24,3,4,"outer_training_saved_hyperparameters",3,1,216,"imc","competitor",1,216,-1,5.30489844683393,15.8393962241586,0,"continuous",15.8393962241586,,,"imc < 15.839396224158602","imc >= 15.839396224158602"
24,3,4,"outer_training_saved_hyperparameters",3,1,216,"idade","competitor",2,216,-1,3.54049364056922,12.5,0,"continuous",12.5,,,"idade < 12.5","idade >= 12.5"
24,3,4,"outer_training_saved_hyperparameters",3,1,216,"risser","competitor",3,216,5,1.60853757364697,12,0,"categorical",,"0","1 | 2 | 3 | 4","risser in {0}","risser in {1 | 2 | 3 | 4}"
24,3,4,"outer_training_saved_hyperparameters",3,1,216,"lordose_lombar","competitor",4,216,1,1.51794811571348,43.5,0,"continuous",43.5,,,"lordose_lombar >= 43.5","lordose_lombar < 43.5"
24,3,4,"outer_training_saved_hyperparameters",6,2,53,"lenke","competitor",1,53,6,4.16820816376865,13,0,"categorical",,"3 | 4 | 5","1 | 2 | 6","lenke in {3 | 4 | 5}","lenke in {1 | 2 | 6}"
24,3,4,"outer_training_saved_hyperparameters",6,2,53,"risser","competitor",2,53,5,3.74705546026301,14,0,"categorical",,"0 | 3","1 | 2 | 4","risser in {0 | 3}","risser in {1 | 2 | 4}"
24,3,4,"outer_training_saved_hyperparameters",6,2,53,"correcao_colete","competitor",3,53,1,3.23450134770889,51.3167013167013,0,"continuous",51.3167013167013,,,"correcao_colete >= 51.316701316701298","correcao_colete < 51.316701316701298"
24,3,4,"outer_training_saved_hyperparameters",6,2,53,"lordose_lombar","competitor",4,53,-1,2.94345044458903,49.5,0,"continuous",49.5,,,"lordose_lombar < 49.5","lordose_lombar >= 49.5"
25,3,5,"outer_training_saved_hyperparameters",1,0,553,"lenke","competitor",1,553,6,14.1358688649711,1,0,"categorical",,"3 | 4","1 | 2 | 5 | 6","lenke in {3 | 4}","lenke in {1 | 2 | 5 | 6}"
25,3,5,"outer_training_saved_hyperparameters",1,0,553,"risser","competitor",2,553,5,10.7500267303743,2,0,"categorical",,"0 | 3 | 4","1 | 2","risser in {0 | 3 | 4}","risser in {1 | 2}"
25,3,5,"outer_training_saved_hyperparameters",1,0,553,"flexibilidade","competitor",3,553,2,7.62207224570926,3,0,"categorical",,"rigido","flexivel","flexibilidade in {rigido}","flexibilidade in {flexivel}"
25,3,5,"outer_training_saved_hyperparameters",1,0,553,"idade","competitor",4,553,-1,5.7218844106431,12.5,0,"continuous",12.5,,,"idade < 12.5","idade >= 12.5"
25,3,5,"outer_training_saved_hyperparameters",2,1,333,"lenke","competitor",1,333,6,6.3504510313021,6,0,"categorical",,"2 | 3 | 4 | 6","1 | 5","lenke in {2 | 3 | 4 | 6}","lenke in {1 | 5}"
25,3,5,"outer_training_saved_hyperparameters",2,1,333,"risser","competitor",2,333,5,6.3504510313021,7,0,"categorical",,"0 | 2 | 3 | 4","1","risser in {0 | 2 | 3 | 4}","risser in {1}"
25,3,5,"outer_training_saved_hyperparameters",2,1,333,"cifose_toracica","competitor",3,333,-1,5.03461426027798,25.5,0,"continuous",25.5,,,"cifose_toracica < 25.5","cifose_toracica >= 25.5"
25,3,5,"outer_training_saved_hyperparameters",2,1,333,"sexo","competitor",4,333,2,3.92895875357962,8,0,"categorical",,"feminino","masculino","sexo in {feminino}","sexo in {masculino}"
25,3,5,"outer_training_saved_hyperparameters",5,2,270,"risser","competitor",1,270,5,6.72163540913054,10,0,"categorical",,"0 | 3","1 | 2 | 4","risser in {0 | 3}","risser in {1 | 2 | 4}"
25,3,5,"outer_training_saved_hyperparameters",5,2,270,"cifose_toracica","competitor",2,270,-1,4.63921568627451,9.5,0,"continuous",9.5,,,"cifose_toracica < 9.5","cifose_toracica >= 9.5"
25,3,5,"outer_training_saved_hyperparameters",5,2,270,"sexo","competitor",3,270,2,3.83417751705061,11,0,"categorical",,"feminino","masculino","sexo in {feminino}","sexo in {masculino}"
25,3,5,"outer_training_saved_hyperparameters",5,2,270,"lordose_lombar","competitor",4,270,-1,3.00833333333334,40.5,0,"continuous",40.5,,,"lordose_lombar < 40.5","lordose_lombar >= 40.5"
25,3,5,"outer_training_saved_hyperparameters",10,3,230,"cifose_toracica","competitor",1,230,-1,5.70530752520831,25.5,0,"continuous",25.5,,,"cifose_toracica < 25.5","cifose_toracica >= 25.5"
25,3,5,"outer_training_saved_hyperparameters",10,3,230,"sexo","competitor",2,230,2,5.37586426299046,13,0,"categorical",,"feminino","masculino","sexo in {feminino}","sexo in {masculino}"
25,3,5,"outer_training_saved_hyperparameters",10,3,230,"correcao_colete","competitor",3,230,-1,4.02366866420162,45.3463203463204,0,"continuous",45.3463203463204,,,"correcao_colete < 45.346320346320354","correcao_colete >= 45.346320346320354"
25,3,5,"outer_training_saved_hyperparameters",10,3,230,"lordose_lombar","competitor",4,230,-1,2.98419341731004,71.5,0,"continuous",71.5,,,"lordose_lombar < 71.5","lordose_lombar >= 71.5"
25,3,5,"outer_training_saved_hyperparameters",11,3,40,"escoliometro_maior_10_graus","competitor",1,40,4,2.76565656565657,14,0,"categorical",,"toracica","normal | lombar | toracica_lombar","escoliometro_maior_10_graus in {toracica}","escoliometro_maior_10_graus in {normal | lombar | toracica_lombar}"
25,3,5,"outer_training_saved_hyperparameters",11,3,40,"imc","competitor",2,40,-1,1.66666666666666,17.4888834424565,0,"continuous",17.4888834424565,,,"imc < 17.488883442456498","imc >= 17.488883442456498"
25,3,5,"outer_training_saved_hyperparameters",11,3,40,"correcao_colete","competitor",3,40,1,1.15924764890282,45.8364591147786,0,"continuous",45.8364591147786,,,"correcao_colete >= 45.836459114778648","correcao_colete < 45.836459114778648"
25,3,5,"outer_training_saved_hyperparameters",11,3,40,"risser","competitor",4,40,5,1.15924764890282,15,0,"categorical",,"0 | 2","1 | 3 | 4","risser in {0 | 2}","risser in {1 | 3 | 4}"
25,3,5,"outer_training_saved_hyperparameters",3,1,220,"imc","competitor",1,220,-1,6.34130639158263,16.4133360721146,0,"continuous",16.4133360721146,,,"imc < 16.413336072114554","imc >= 16.413336072114554"
25,3,5,"outer_training_saved_hyperparameters",3,1,220,"escoliometro_maior_10_graus","competitor",2,220,4,3.60490861795209,16,0,"categorical",,"toracica_lombar","normal | toracica | lombar","escoliometro_maior_10_graus in {toracica_lombar}","escoliometro_maior_10_graus in {normal | toracica | lombar}"
25,3,5,"outer_training_saved_hyperparameters",3,1,220,"idade","competitor",3,220,-1,2.88117970229036,12.5,0,"continuous",12.5,,,"idade < 12.5","idade >= 12.5"
25,3,5,"outer_training_saved_hyperparameters",3,1,220,"lordose_lombar","competitor",4,220,1,2.44506542146991,43.5,0,"continuous",43.5,,,"lordose_lombar >= 43.5","lordose_lombar < 43.5"
25,3,5,"outer_training_saved_hyperparameters",6,2,119,"escoliometro_maior_10_graus","competitor",1,119,4,4.55519904931669,20,0,"categorical",,"toracica_lombar","normal | toracica | lombar","escoliometro_maior_10_graus in {toracica_lombar}","escoliometro_maior_10_graus in {normal | toracica | lombar}"
25,3,5,"outer_training_saved_hyperparameters",6,2,119,"cifose_toracica","competitor",2,119,-1,2.29301470588235,21.5,0,"continuous",21.5,,,"cifose_toracica < 21.5","cifose_toracica >= 21.5"
25,3,5,"outer_training_saved_hyperparameters",6,2,119,"lordose_lombar","competitor",3,119,1,2.09694989106753,41.5,0,"continuous",41.5,,,"lordose_lombar >= 41.5","lordose_lombar < 41.5"
25,3,5,"outer_training_saved_hyperparameters",6,2,119,"lenke","competitor",4,119,6,2.09694989106753,21,0,"categorical",,"2 | 3 | 4 | 5 | 6","1","lenke in {2 | 3 | 4 | 5 | 6}","lenke in {1}"
25,3,5,"outer_training_saved_hyperparameters",12,3,22,"cifose_toracica","competitor",1,22,-1,2.7047397047397,19.5,0,"continuous",19.5,,,"cifose_toracica < 19.5","cifose_toracica >= 19.5"
25,3,5,"outer_training_saved_hyperparameters",12,3,22,"imc","competitor",2,22,1,2.27272727272727,15.4192646666809,0,"continuous",15.4192646666809,,,"imc >= 15.419264666680895","imc < 15.419264666680895"
25,3,5,"outer_training_saved_hyperparameters",12,3,22,"correcao_colete","competitor",3,22,-1,2.02922077922078,52.3326572008114,0,"continuous",52.3326572008114,,,"correcao_colete < 52.332657200811354","correcao_colete >= 52.332657200811354"
25,3,5,"outer_training_saved_hyperparameters",12,3,22,"idade","competitor",4,22,1,2.02922077922078,13.5,0,"continuous",13.5,,,"idade >= 13.5","idade < 13.5"
25,3,5,"outer_training_saved_hyperparameters",13,3,97,"lenke","competitor",1,97,6,3.06017230923653,25,0,"categorical",,"3 | 6","1 | 2 | 4 | 5","lenke in {3 | 6}","lenke in {1 | 2 | 4 | 5}"
25,3,5,"outer_training_saved_hyperparameters",13,3,97,"cifose_toracica","competitor",2,97,-1,1.49373683627092,16,0,"continuous",16,,,"cifose_toracica < 16","cifose_toracica >= 16"
25,3,5,"outer_training_saved_hyperparameters",13,3,97,"lordose_lombar","competitor",3,97,1,1.2764325101894,41.5,0,"continuous",41.5,,,"lordose_lombar >= 41.5","lordose_lombar < 41.5"
25,3,5,"outer_training_saved_hyperparameters",13,3,97,"correcao_colete","competitor",4,97,1,1.16326561552456,51.3167013167013,0,"continuous",51.3167013167013,,,"correcao_colete >= 51.316701316701298","correcao_colete < 51.316701316701298"
26,3,6,"outer_training_saved_hyperparameters",1,0,553,"lenke","competitor",1,553,6,13.2350918081813,1,0,"categorical",,"3 | 4","1 | 2 | 5 | 6","lenke in {3 | 4}","lenke in {1 | 2 | 5 | 6}"
26,3,6,"outer_training_saved_hyperparameters",1,0,553,"risser","competitor",2,553,5,11.2068327258758,2,0,"categorical",,"0 | 3 | 4","1 | 2","risser in {0 | 3 | 4}","risser in {1 | 2}"
26,3,6,"outer_training_saved_hyperparameters",1,0,553,"flexibilidade","competitor",3,553,2,6.61156036016303,3,0,"categorical",,"rigido","flexivel","flexibilidade in {rigido}","flexibilidade in {flexivel}"
26,3,6,"outer_training_saved_hyperparameters",1,0,553,"cifose_toracica","competitor",4,553,1,4.50065587949922,49.5,0,"continuous",49.5,,,"cifose_toracica >= 49.5","cifose_toracica < 49.5"
26,3,6,"outer_training_saved_hyperparameters",2,1,340,"risser","competitor",1,340,5,5.69408448368776,5,0,"categorical",,"0 | 2 | 3 | 4","1","risser in {0 | 2 | 3 | 4}","risser in {1}"
26,3,6,"outer_training_saved_hyperparameters",2,1,340,"cifose_toracica","competitor",2,340,-1,5.16981668946647,25.5,0,"continuous",25.5,,,"cifose_toracica < 25.5","cifose_toracica >= 25.5"
26,3,6,"outer_training_saved_hyperparameters",2,1,340,"sexo","competitor",3,340,2,4.29597871348895,6,0,"categorical",,"feminino","masculino","sexo in {feminino}","sexo in {masculino}"
26,3,6,"outer_training_saved_hyperparameters",2,1,340,"lenke","competitor",4,340,6,4.14027492115727,7,0,"categorical",,"3 | 4","1 | 2 | 5 | 6","lenke in {3 | 4}","lenke in {1 | 2 | 5 | 6}"
26,3,6,"outer_training_saved_hyperparameters",5,2,283,"cifose_toracica","competitor",1,283,-1,4.86244642455388,25.5,0,"continuous",25.5,,,"cifose_toracica < 25.5","cifose_toracica >= 25.5"
26,3,6,"outer_training_saved_hyperparameters",5,2,283,"imc","competitor",2,283,1,4.2449216272538,15.6408763467338,0,"continuous",15.6408763467338,,,"imc >= 15.640876346733801","imc < 15.640876346733801"
26,3,6,"outer_training_saved_hyperparameters",5,2,283,"sexo","competitor",3,283,2,3.95539072804547,9,0,"categorical",,"feminino","masculino","sexo in {feminino}","sexo in {masculino}"
26,3,6,"outer_training_saved_hyperparameters",5,2,283,"lenke","competitor",4,283,6,3.82304088006182,10,0,"categorical",,"2 | 3 | 4 | 6","1 | 5","lenke in {2 | 3 | 4 | 6}","lenke in {1 | 5}"
26,3,6,"outer_training_saved_hyperparameters",11,3,150,"imc","competitor",1,150,-1,4.17906264945002,19.0361072385709,0,"continuous",19.0361072385709,,,"imc < 19.036107238570871","imc >= 19.036107238570871"
26,3,6,"outer_training_saved_hyperparameters",11,3,150,"correcao_colete","competitor",2,150,-1,4.1183436853002,44.9944382647386,0,"continuous",44.9944382647386,,,"correcao_colete < 44.994438264738598","correcao_colete >= 44.994438264738598"
26,3,6,"outer_training_saved_hyperparameters",11,3,150,"sexo","competitor",3,150,2,3.79171717171717,14,0,"categorical",,"feminino","masculino","sexo in {feminino}","sexo in {masculino}"
26,3,6,"outer_training_saved_hyperparameters",11,3,150,"lordose_lombar","competitor",4,150,1,3.78917502787068,61.5,0,"continuous",61.5,,,"lordose_lombar >= 61.5","lordose_lombar < 61.5"
26,3,6,"outer_training_saved_hyperparameters",23,4,134,"correcao_colete","competitor",1,134,-1,3.49299458589407,44.9944382647386,0,"continuous",44.9944382647386,,,"correcao_colete < 44.994438264738598","correcao_colete >= 44.994438264738598"
26,3,6,"outer_training_saved_hyperparameters",23,4,134,"risser","competitor",2,134,5,3.49299458589407,15,0,"categorical",,"2 | 4","1","risser in {2 | 4}","risser in {1}"
26,3,6,"outer_training_saved_hyperparameters",23,4,134,"lenke","competitor",3,134,6,2.6255856829151,16,0,"categorical",,"2 | 3","1 | 4 | 5 | 6","lenke in {2 | 3}","lenke in {1 | 4 | 5 | 6}"
26,3,6,"outer_training_saved_hyperparameters",23,4,134,"imc","competitor",4,134,-1,2.54787933243483,19.0361072385709,0,"continuous",19.0361072385709,,,"imc < 19.036107238570871","imc >= 19.036107238570871"
27,3,7,"outer_training_saved_hyperparameters",1,0,553,"risser","competitor",1,553,5,13.4649214642201,1,0,"categorical",,"0 | 3 | 4","1 | 2","risser in {0 | 3 | 4}","risser in {1 | 2}"
27,3,7,"outer_training_saved_hyperparameters",1,0,553,"lenke","competitor",2,553,6,12.2689313332291,2,0,"categorical",,"3 | 4","1 | 2 | 5 | 6","lenke in {3 | 4}","lenke in {1 | 2 | 5 | 6}"
27,3,7,"outer_training_saved_hyperparameters",1,0,553,"flexibilidade","competitor",3,553,2,8.34068101368274,3,0,"categorical",,"rigido","flexivel","flexibilidade in {rigido}","flexibilidade in {flexivel}"
27,3,7,"outer_training_saved_hyperparameters",1,0,553,"idade","competitor",4,553,-1,6.03216375638817,12.5,0,"continuous",12.5,,,"idade < 12.5","idade >= 12.5"
27,3,7,"outer_training_saved_hyperparameters",2,1,334,"risser","competitor",1,334,5,7.54864020517212,6,0,"categorical",,"0 | 2 | 3 | 4","1","risser in {0 | 2 | 3 | 4}","risser in {1}"
27,3,7,"outer_training_saved_hyperparameters",2,1,334,"cifose_toracica","competitor",2,334,-1,4.39606857259935,25.5,0,"continuous",25.5,,,"cifose_toracica < 25.5","cifose_toracica >= 25.5"
27,3,7,"outer_training_saved_hyperparameters",2,1,334,"lordose_lombar","competitor",3,334,-1,4.29960771876941,40.5,0,"continuous",40.5,,,"lordose_lombar < 40.5","lordose_lombar >= 40.5"
27,3,7,"outer_training_saved_hyperparameters",2,1,334,"lenke","competitor",4,334,6,3.52784841276352,7,0,"categorical",,"2 | 3 | 4 | 6","1 | 5","lenke in {2 | 3 | 4 | 6}","lenke in {1 | 5}"
27,3,7,"outer_training_saved_hyperparameters",5,2,273,"cifose_toracica","competitor",1,273,-1,4.60940039798152,9.5,0,"continuous",9.5,,,"cifose_toracica < 9.5","cifose_toracica >= 9.5"
27,3,7,"outer_training_saved_hyperparameters",5,2,273,"lordose_lombar","competitor",2,273,-1,4.53062653156799,43.5,0,"continuous",43.5,,,"lordose_lombar < 43.5","lordose_lombar >= 43.5"
27,3,7,"outer_training_saved_hyperparameters",5,2,273,"imc","competitor",3,273,1,4.35201465201466,15.5999909255693,0,"continuous",15.5999909255693,,,"imc >= 15.59999092556933","imc < 15.59999092556933"
27,3,7,"outer_training_saved_hyperparameters",5,2,273,"correcao_colete","competitor",4,273,-1,3.4088504767404,45.3463203463204,0,"continuous",45.3463203463204,,,"correcao_colete < 45.346320346320354","correcao_colete >= 45.346320346320354"
27,3,7,"outer_training_saved_hyperparameters",3,1,219,"imc","competitor",1,219,-1,4.16802654889338,16.4133360721146,0,"continuous",16.4133360721146,,,"imc < 16.413336072114554","imc >= 16.413336072114554"
27,3,7,"outer_training_saved_hyperparameters",3,1,219,"idade","competitor",2,219,-1,3.7850050305704,12.5,0,"continuous",12.5,,,"idade < 12.5","idade >= 12.5"
27,3,7,"outer_training_saved_hyperparameters",3,1,219,"escoliometro_maior_10_graus","competitor",3,219,4,2.01618379393189,9,0,"categorical",,"toracica_lombar","normal | toracica | lombar","escoliometro_maior_10_graus in {toracica_lombar}","escoliometro_maior_10_graus in {normal | toracica | lombar}"
27,3,7,"outer_training_saved_hyperparameters",3,1,219,"lordose_lombar","competitor",4,219,1,1.87079046287482,43.5,0,"continuous",43.5,,,"lordose_lombar >= 43.5","lordose_lombar < 43.5"
27,3,7,"outer_training_saved_hyperparameters",6,2,119,"lenke","competitor",1,119,6,2.89115646258503,13,0,"categorical",,"2 | 3 | 4 | 6","1 | 5","lenke in {2 | 3 | 4 | 6}","lenke in {1 | 5}"
27,3,7,"outer_training_saved_hyperparameters",6,2,119,"idade","competitor",2,119,-1,2.60087970931344,12.5,0,"continuous",12.5,,,"idade < 12.5","idade >= 12.5"
27,3,7,"outer_training_saved_hyperparameters",6,2,119,"cifose_toracica","competitor",3,119,-1,2.30084033613445,16,0,"continuous",16,,,"cifose_toracica < 16","cifose_toracica >= 16"
27,3,7,"outer_training_saved_hyperparameters",6,2,119,"risser","competitor",4,119,5,2.12536796536796,14,0,"categorical",,"0 | 3","1 | 2 | 4","risser in {0 | 3}","risser in {1 | 2 | 4}"
28,3,8,"outer_training_saved_hyperparameters",1,0,554,"lenke","competitor",1,554,6,13.8708808907365,1,0,"categorical",,"3 | 4","1 | 2 | 5 | 6","lenke in {3 | 4}","lenke in {1 | 2 | 5 | 6}"
28,3,8,"outer_training_saved_hyperparameters",1,0,554,"risser","competitor",2,554,5,13.0787362785085,2,0,"categorical",,"0 | 3 | 4","1 | 2","risser in {0 | 3 | 4}","risser in {1 | 2}"
28,3,8,"outer_training_saved_hyperparameters",1,0,554,"flexibilidade","competitor",3,554,2,8.41500674989129,3,0,"categorical",,"rigido","flexivel","flexibilidade in {rigido}","flexibilidade in {flexivel}"
28,3,8,"outer_training_saved_hyperparameters",1,0,554,"cifose_toracica","competitor",4,554,1,5.13869170660644,49.5,0,"continuous",49.5,,,"cifose_toracica >= 49.5","cifose_toracica < 49.5"
28,3,8,"outer_training_saved_hyperparameters",2,1,336,"risser","competitor",1,336,5,7.35349581924925,6,0,"categorical",,"0 | 2 | 3 | 4","1","risser in {0 | 2 | 3 | 4}","risser in {1}"
28,3,8,"outer_training_saved_hyperparameters",2,1,336,"lenke","competitor",2,336,6,5.26505850065001,7,0,"categorical",,"3 | 4","1 | 2 | 5 | 6","lenke in {3 | 4}","lenke in {1 | 2 | 5 | 6}"
28,3,8,"outer_training_saved_hyperparameters",2,1,336,"cifose_toracica","competitor",3,336,-1,5.14071552126521,25.5,0,"continuous",25.5,,,"cifose_toracica < 25.5","cifose_toracica >= 25.5"
28,3,8,"outer_training_saved_hyperparameters",2,1,336,"flexibilidade","competitor",4,336,2,4.04915027294265,8,0,"categorical",,"rigido","flexivel","flexibilidade in {rigido}","flexibilidade in {flexivel}"
28,3,8,"outer_training_saved_hyperparameters",5,2,277,"cifose_toracica","competitor",1,277,-1,5.07443716983828,25.5,0,"continuous",25.5,,,"cifose_toracica < 25.5","cifose_toracica >= 25.5"
28,3,8,"outer_training_saved_hyperparameters",5,2,277,"lenke","competitor",2,277,6,4.14931243918096,10,0,"categorical",,"2 | 3 | 4","1 | 5 | 6","lenke in {2 | 3 | 4}","lenke in {1 | 5 | 6}"
28,3,8,"outer_training_saved_hyperparameters",5,2,277,"correcao_colete","competitor",3,277,-1,3.47702562566894,45.3463203463204,0,"continuous",45.3463203463204,,,"correcao_colete < 45.346320346320354","correcao_colete >= 45.346320346320354"
28,3,8,"outer_training_saved_hyperparameters",5,2,277,"imc","competitor",4,277,1,3.24301068521464,15.5999909255693,0,"continuous",15.5999909255693,,,"imc >= 15.59999092556933","imc < 15.59999092556933"
28,3,8,"outer_training_saved_hyperparameters",11,3,39,"correcao_colete","competitor",1,39,-1,2.56410256410257,43.8878950506857,0,"continuous",43.8878950506857,,,"correcao_colete < 43.887895050685749","correcao_colete >= 43.887895050685749"
28,3,8,"outer_training_saved_hyperparameters",11,3,39,"escoliometro_maior_10_graus","competitor",2,39,4,2.47619047619048,11,0,"categorical",,"toracica_lombar","normal | toracica | lombar","escoliometro_maior_10_graus in {toracica_lombar}","escoliometro_maior_10_graus in {normal | toracica | lombar}"
28,3,8,"outer_training_saved_hyperparameters",11,3,39,"imc","competitor",3,39,1,1.95,17.9539728494692,0,"continuous",17.9539728494692,,,"imc >= 17.953972849469167","imc < 17.953972849469167"
28,3,8,"outer_training_saved_hyperparameters",11,3,39,"lordose_lombar","competitor",4,39,1,1.25641025641026,54.5,0,"continuous",54.5,,,"lordose_lombar >= 54.5","lordose_lombar < 54.5"
28,3,8,"outer_training_saved_hyperparameters",3,1,218,"imc","competitor",1,218,-1,5.57925694579999,15.8393962241586,0,"continuous",15.8393962241586,,,"imc < 15.839396224158602","imc >= 15.839396224158602"
28,3,8,"outer_training_saved_hyperparameters",3,1,218,"idade","competitor",2,218,-1,3.18080393842454,12.5,0,"continuous",12.5,,,"idade < 12.5","idade >= 12.5"
28,3,8,"outer_training_saved_hyperparameters",3,1,218,"cifose_toracica","competitor",3,218,1,2.09994707127736,43,0,"continuous",43,,,"cifose_toracica >= 43","cifose_toracica < 43"
28,3,8,"outer_training_saved_hyperparameters",3,1,218,"lordose_lombar","competitor",4,218,1,2.09094218727246,43.5,0,"continuous",43.5,,,"lordose_lombar >= 43.5","lordose_lombar < 43.5"
28,3,8,"outer_training_saved_hyperparameters",6,2,120,"escoliometro_maior_10_graus","competitor",1,120,4,3.47142857142857,16,0,"categorical",,"toracica_lombar","normal | toracica | lombar","escoliometro_maior_10_graus in {toracica_lombar}","escoliometro_maior_10_graus in {normal | toracica | lombar}"
28,3,8,"outer_training_saved_hyperparameters",6,2,120,"cifose_toracica","competitor",2,120,1,2.55170670037927,43,0,"continuous",43,,,"cifose_toracica >= 43","cifose_toracica < 43"
28,3,8,"outer_training_saved_hyperparameters",6,2,120,"lenke","competitor",3,120,6,2.17981651376147,17,0,"categorical",,"2 | 3 | 4 | 5 | 6","1","lenke in {2 | 3 | 4 | 5 | 6}","lenke in {1}"
28,3,8,"outer_training_saved_hyperparameters",6,2,120,"lordose_lombar","competitor",4,120,1,1.96363636363636,41.5,0,"continuous",41.5,,,"lordose_lombar >= 41.5","lordose_lombar < 41.5"
28,3,8,"outer_training_saved_hyperparameters",12,3,23,"imc","competitor",1,23,1,2.69828722002635,15.4192646666809,0,"continuous",15.4192646666809,,,"imc >= 15.419264666680895","imc < 15.419264666680895"
28,3,8,"outer_training_saved_hyperparameters",12,3,23,"lenke","competitor",2,23,6,2.43768115942029,18,0,"categorical",,"2 | 4 | 5 | 6","1 | 3","lenke in {2 | 4 | 5 | 6}","lenke in {1 | 3}"
28,3,8,"outer_training_saved_hyperparameters",12,3,23,"correcao_colete","competitor",3,23,-1,2.35434782608696,52.3326572008114,0,"continuous",52.3326572008114,,,"correcao_colete < 52.332657200811354","correcao_colete >= 52.332657200811354"
28,3,8,"outer_training_saved_hyperparameters",12,3,23,"idade","competitor",4,23,1,1.33609385783299,13.5,0,"continuous",13.5,,,"idade >= 13.5","idade < 13.5"
28,3,8,"outer_training_saved_hyperparameters",13,3,97,"lenke","competitor",1,97,6,3.82396630085357,21,0,"categorical",,"3 | 6","1 | 2 | 4 | 5","lenke in {3 | 6}","lenke in {1 | 2 | 4 | 5}"
28,3,8,"outer_training_saved_hyperparameters",13,3,97,"cifose_toracica","competitor",2,97,1,1.68643429880544,41.5,0,"continuous",41.5,,,"cifose_toracica >= 41.5","cifose_toracica < 41.5"
28,3,8,"outer_training_saved_hyperparameters",13,3,97,"idade","competitor",3,97,-1,1.6729052090086,12.5,0,"continuous",12.5,,,"idade < 12.5","idade >= 12.5"
28,3,8,"outer_training_saved_hyperparameters",13,3,97,"lordose_lombar","competitor",4,97,1,1.25370304538453,41.5,0,"continuous",41.5,,,"lordose_lombar >= 41.5","lordose_lombar < 41.5"
29,3,9,"outer_training_saved_hyperparameters",1,0,555,"lenke","competitor",1,555,6,11.0722645713295,1,0,"categorical",,"3 | 4","1 | 2 | 5 | 6","lenke in {3 | 4}","lenke in {1 | 2 | 5 | 6}"
29,3,9,"outer_training_saved_hyperparameters",1,0,555,"risser","competitor",2,555,5,10.5206700846045,2,0,"categorical",,"0 | 3 | 4","1 | 2","risser in {0 | 3 | 4}","risser in {1 | 2}"
29,3,9,"outer_training_saved_hyperparameters",1,0,555,"flexibilidade","competitor",3,555,2,6.60611236077972,3,0,"categorical",,"rigido","flexivel","flexibilidade in {rigido}","flexibilidade in {flexivel}"
29,3,9,"outer_training_saved_hyperparameters",1,0,555,"idade","competitor",4,555,-1,6.30168870168876,12.5,0,"continuous",12.5,,,"idade < 12.5","idade >= 12.5"
29,3,9,"outer_training_saved_hyperparameters",2,1,336,"risser","competitor",1,336,5,6.8076836581709,5,0,"categorical",,"0 | 2 | 3 | 4","1","risser in {0 | 2 | 3 | 4}","risser in {1}"
29,3,9,"outer_training_saved_hyperparameters",2,1,336,"lenke","competitor",2,336,6,3.86029411764704,6,0,"categorical",,"3 | 4 | 6","1 | 2 | 5","lenke in {3 | 4 | 6}","lenke in {1 | 2 | 5}"
29,3,9,"outer_training_saved_hyperparameters",2,1,336,"cifose_toracica","competitor",3,336,-1,3.68019251148004,9.5,0,"continuous",9.5,,,"cifose_toracica < 9.5","cifose_toracica >= 9.5"
29,3,9,"outer_training_saved_hyperparameters",2,1,336,"sexo","competitor",4,336,2,3.36008541986803,7,0,"categorical",,"feminino","masculino","sexo in {feminino}","sexo in {masculino}"
29,3,9,"outer_training_saved_hyperparameters",5,2,278,"cifose_toracica","competitor",1,278,-1,4.65411922780883,9.5,0,"continuous",9.5,,,"cifose_toracica < 9.5","cifose_toracica >= 9.5"
29,3,9,"outer_training_saved_hyperparameters",5,2,278,"lenke","competitor",2,278,6,4.08534990189665,9,0,"categorical",,"2 | 3 | 4 | 6","1 | 5","lenke in {2 | 3 | 4 | 6}","lenke in {1 | 5}"
29,3,9,"outer_training_saved_hyperparameters",5,2,278,"lordose_lombar","competitor",3,278,-1,3.54468004543732,43.5,0,"continuous",43.5,,,"lordose_lombar < 43.5","lordose_lombar >= 43.5"
29,3,9,"outer_training_saved_hyperparameters",5,2,278,"imc","competitor",4,278,1,3.4847005512473,15.5999909255693,0,"continuous",15.5999909255693,,,"imc >= 15.59999092556933","imc < 15.59999092556933"
29,3,9,"outer_training_saved_hyperparameters",3,1,219,"cifose_toracica","competitor",1,219,1,4.01652370588487,52,0,"continuous",52,,,"cifose_toracica >= 52","cifose_toracica < 52"
29,3,9,"outer_training_saved_hyperparameters",3,1,219,"imc","competitor",2,219,-1,3.56622454156701,15.8393962241586,0,"continuous",15.8393962241586,,,"imc < 15.839396224158602","imc >= 15.839396224158602"
29,3,9,"outer_training_saved_hyperparameters",3,1,219,"lordose_lombar","competitor",3,219,1,3.03750448925145,43.5,0,"continuous",43.5,,,"lordose_lombar >= 43.5","lordose_lombar < 43.5"
29,3,9,"outer_training_saved_hyperparameters",3,1,219,"idade","competitor",4,219,-1,2.75209990425689,12.5,0,"continuous",12.5,,,"idade < 12.5","idade >= 12.5"
29,3,9,"outer_training_saved_hyperparameters",6,2,115,"escoliometro_maior_10_graus","competitor",1,115,4,3.54985778138968,13,0,"categorical",,"toracica_lombar","normal | toracica | lombar","escoliometro_maior_10_graus in {toracica_lombar}","escoliometro_maior_10_graus in {normal | toracica | lombar}"
29,3,9,"outer_training_saved_hyperparameters",6,2,115,"imc","competitor",2,115,-1,3.13249427917619,15.8393962241586,0,"continuous",15.8393962241586,,,"imc < 15.839396224158602","imc >= 15.839396224158602"
29,3,9,"outer_training_saved_hyperparameters",6,2,115,"lordose_lombar","competitor",3,115,1,2.78674128282393,43.5,0,"continuous",43.5,,,"lordose_lombar >= 43.5","lordose_lombar < 43.5"
29,3,9,"outer_training_saved_hyperparameters",6,2,115,"lenke","competitor",4,115,6,2.34225411566061,14,0,"categorical",,"2 | 3 | 4 | 5 | 6","1","lenke in {2 | 3 | 4 | 5 | 6}","lenke in {1}"
30,3,10,"outer_training_saved_hyperparameters",1,0,555,"lenke","competitor",1,555,6,13.2552787373841,1,0,"categorical",,"3 | 4","1 | 2 | 5 | 6","lenke in {3 | 4}","lenke in {1 | 2 | 5 | 6}"
30,3,10,"outer_training_saved_hyperparameters",1,0,555,"risser","competitor",2,555,5,9.21906457076915,2,0,"categorical",,"0 | 3 | 4","1 | 2","risser in {0 | 3 | 4}","risser in {1 | 2}"
30,3,10,"outer_training_saved_hyperparameters",1,0,555,"flexibilidade","competitor",3,555,2,7.96574206186312,3,0,"categorical",,"rigido","flexivel","flexibilidade in {rigido}","flexibilidade in {flexivel}"
30,3,10,"outer_training_saved_hyperparameters",1,0,555,"idade","competitor",4,555,-1,5.12608936415756,12.5,0,"continuous",12.5,,,"idade < 12.5","idade >= 12.5"
30,3,10,"outer_training_saved_hyperparameters",2,1,332,"cifose_toracica","competitor",1,332,-1,4.44824007042345,13.5,0,"continuous",13.5,,,"cifose_toracica < 13.5","cifose_toracica >= 13.5"
30,3,10,"outer_training_saved_hyperparameters",2,1,332,"risser","competitor",2,332,5,4.37447027992874,6,0,"categorical",,"0 | 2 | 3 | 4","1","risser in {0 | 2 | 3 | 4}","risser in {1}"
30,3,10,"outer_training_saved_hyperparameters",2,1,332,"lordose_lombar","competitor",3,332,-1,4.11834350388568,71.5,0,"continuous",71.5,,,"lordose_lombar < 71.5","lordose_lombar >= 71.5"
30,3,10,"outer_training_saved_hyperparameters",2,1,332,"lenke","competitor",4,332,6,4.00781065438224,7,0,"categorical",,"3 | 4","1 | 2 | 5 | 6","lenke in {3 | 4}","lenke in {1 | 2 | 5 | 6}"
30,3,10,"outer_training_saved_hyperparameters",5,2,278,"risser","competitor",1,278,5,5.16136058948054,8,0,"categorical",,"0 | 2 | 3","1 | 4","risser in {0 | 2 | 3}","risser in {1 | 4}"
30,3,10,"outer_training_saved_hyperparameters",5,2,278,"lordose_lombar","competitor",2,278,-1,3.8496566383257,71.5,0,"continuous",71.5,,,"lordose_lombar < 71.5","lordose_lombar >= 71.5"
30,3,10,"outer_training_saved_hyperparameters",5,2,278,"imc","competitor",3,278,1,3.14914535715403,15.5999909255693,0,"continuous",15.5999909255693,,,"imc >= 15.59999092556933","imc < 15.59999092556933"
30,3,10,"outer_training_saved_hyperparameters",5,2,278,"lenke","competitor",4,278,6,3.13692219703478,9,0,"categorical",,"2 | 3 | 4 | 6","1 | 5","lenke in {2 | 3 | 4 | 6}","lenke in {1 | 5}"
30,3,10,"outer_training_saved_hyperparameters",11,3,218,"escoliometro_maior_10_graus","competitor",1,218,4,3.62537579766084,11,0,"categorical",,"toracica | toracica_lombar","normal | lombar","escoliometro_maior_10_graus in {toracica | toracica_lombar}","escoliometro_maior_10_graus in {normal | lombar}"
30,3,10,"outer_training_saved_hyperparameters",11,3,218,"lenke","competitor",2,218,6,3.23820304581892,12,0,"categorical",,"2 | 3 | 4","1 | 5 | 6","lenke in {2 | 3 | 4}","lenke in {1 | 5 | 6}"
30,3,10,"outer_training_saved_hyperparameters",11,3,218,"flexibilidade","competitor",3,218,2,3.13790041013293,13,0,"categorical",,"rigido","flexivel","flexibilidade in {rigido}","flexibilidade in {flexivel}"
30,3,10,"outer_training_saved_hyperparameters",11,3,218,"lordose_lombar","competitor",4,218,-1,2.83392642016494,42.5,0,"continuous",42.5,,,"lordose_lombar < 42.5","lordose_lombar >= 42.5"
31,4,1,"outer_training_saved_hyperparameters",1,0,553,"lenke","competitor",1,553,6,12.2689313332291,1,0,"categorical",,"3 | 4","1 | 2 | 5 | 6","lenke in {3 | 4}","lenke in {1 | 2 | 5 | 6}"
31,4,1,"outer_training_saved_hyperparameters",1,0,553,"risser","competitor",2,553,5,10.5317383038902,2,0,"categorical",,"0 | 3 | 4","1 | 2","risser in {0 | 3 | 4}","risser in {1 | 2}"
31,4,1,"outer_training_saved_hyperparameters",1,0,553,"flexibilidade","competitor",3,553,2,9.42086790151427,3,0,"categorical",,"rigido","flexivel","flexibilidade in {rigido}","flexibilidade in {flexivel}"
31,4,1,"outer_training_saved_hyperparameters",1,0,553,"idade","competitor",4,553,-1,4.84512588970688,12.5,0,"continuous",12.5,,,"idade < 12.5","idade >= 12.5"
31,4,1,"outer_training_saved_hyperparameters",2,1,338,"risser","competitor",1,338,5,5.7502202900038,5,0,"categorical",,"0 | 2 | 3 | 4","1","risser in {0 | 2 | 3 | 4}","risser in {1}"
31,4,1,"outer_training_saved_hyperparameters",2,1,338,"flexibilidade","competitor",2,338,2,5.43049420785064,6,0,"categorical",,"rigido","flexivel","flexibilidade in {rigido}","flexibilidade in {flexivel}"
31,4,1,"outer_training_saved_hyperparameters",2,1,338,"cifose_toracica","competitor",3,338,-1,5.07339811447079,25.5,0,"continuous",25.5,,,"cifose_toracica < 25.5","cifose_toracica >= 25.5"
31,4,1,"outer_training_saved_hyperparameters",2,1,338,"lenke","competitor",4,338,6,4.85693786982247,7,0,"categorical",,"2 | 3 | 4 | 6","1 | 5","lenke in {2 | 3 | 4 | 6}","lenke in {1 | 5}"
31,4,1,"outer_training_saved_hyperparameters",5,2,277,"lenke","competitor",1,277,6,4.69520009127388,9,0,"categorical",,"2 | 3 | 4 | 6","1 | 5","lenke in {2 | 3 | 4 | 6}","lenke in {1 | 5}"
31,4,1,"outer_training_saved_hyperparameters",5,2,277,"cifose_toracica","competitor",2,277,-1,4.57790287380935,25.5,0,"continuous",25.5,,,"cifose_toracica < 25.5","cifose_toracica >= 25.5"
31,4,1,"outer_training_saved_hyperparameters",5,2,277,"imc","competitor",3,277,1,4.15293941918489,15.5999909255693,0,"continuous",15.5999909255693,,,"imc >= 15.59999092556933","imc < 15.59999092556933"
31,4,1,"outer_training_saved_hyperparameters",5,2,277,"lordose_lombar","competitor",4,277,-1,3.9830508587783,43.5,0,"continuous",43.5,,,"lordose_lombar < 43.5","lordose_lombar >= 43.5"
31,4,1,"outer_training_saved_hyperparameters",10,3,240,"sexo","competitor",1,240,2,5.19250130412102,11,0,"categorical",,"feminino","masculino","sexo in {feminino}","sexo in {masculino}"
31,4,1,"outer_training_saved_hyperparameters",10,3,240,"cifose_toracica","competitor",2,240,-1,4.03928571428571,30.5,0,"continuous",30.5,,,"cifose_toracica < 30.5","cifose_toracica >= 30.5"
31,4,1,"outer_training_saved_hyperparameters",10,3,240,"lordose_lombar","competitor",3,240,-1,3.8289082855654,42.5,0,"continuous",42.5,,,"lordose_lombar < 42.5","lordose_lombar >= 42.5"
31,4,1,"outer_training_saved_hyperparameters",10,3,240,"risser","competitor",4,240,5,2.44337418814163,12,0,"categorical",,"0 | 3","2 | 4","risser in {0 | 3}","risser in {2 | 4}"
31,4,1,"outer_training_saved_hyperparameters",20,4,198,"cifose_toracica","competitor",1,198,-1,5.28233586947997,24.5,0,"continuous",24.5,,,"cifose_toracica < 24.5","cifose_toracica >= 24.5"
31,4,1,"outer_training_saved_hyperparameters",20,4,198,"imc","competitor",2,198,-1,2.79311386288131,19.624859362478,0,"continuous",19.624859362478,,,"imc < 19.624859362478034","imc >= 19.624859362478034"
31,4,1,"outer_training_saved_hyperparameters",20,4,198,"lordose_lombar","competitor",3,198,1,2.40454545454547,53.5,0,"continuous",53.5,,,"lordose_lombar >= 53.5","lordose_lombar < 53.5"
31,4,1,"outer_training_saved_hyperparameters",20,4,198,"correcao_colete","competitor",4,198,-1,2.15712682379349,45.7002457002458,0,"continuous",45.7002457002458,,,"correcao_colete < 45.700245700245752","correcao_colete >= 45.700245700245752"
31,4,1,"outer_training_saved_hyperparameters",21,4,42,"escoliometro_maior_10_graus","competitor",1,42,4,2.24415584415584,14,0,"categorical",,"toracica","normal | lombar | toracica_lombar","escoliometro_maior_10_graus in {toracica}","escoliometro_maior_10_graus in {normal | lombar | toracica_lombar}"
31,4,1,"outer_training_saved_hyperparameters",21,4,42,"flexibilidade","competitor",2,42,2,1.92857142857143,15,0,"categorical",,"rigido","flexivel","flexibilidade in {rigido}","flexibilidade in {flexivel}"
31,4,1,"outer_training_saved_hyperparameters",21,4,42,"imc","competitor",3,42,1,1.45613445378151,20.1293889567497,0,"continuous",20.1293889567497,,,"imc >= 20.129388956749736","imc < 20.129388956749736"
31,4,1,"outer_training_saved_hyperparameters",21,4,42,"risser","competitor",4,42,5,1.31413414172034,16,0,"categorical",,"0 | 2","3 | 4","risser in {0 | 2}","risser in {3 | 4}"
31,4,1,"outer_training_saved_hyperparameters",3,1,215,"imc","competitor",1,215,-1,3.91658086935528,15.8159338229221,0,"continuous",15.8159338229221,,,"imc < 15.815933822922069","imc >= 15.815933822922069"
31,4,1,"outer_training_saved_hyperparameters",3,1,215,"idade","competitor",2,215,-1,3.76616055642985,12.5,0,"continuous",12.5,,,"idade < 12.5","idade >= 12.5"
31,4,1,"outer_training_saved_hyperparameters",3,1,215,"escoliometro_maior_10_graus","competitor",3,215,4,2.31842930267982,17,0,"categorical",,"toracica_lombar","normal | toracica | lombar","escoliometro_maior_10_graus in {toracica_lombar}","escoliometro_maior_10_graus in {normal | toracica | lombar}"
31,4,1,"outer_training_saved_hyperparameters",3,1,215,"lordose_lombar","competitor",4,215,1,1.96181565462731,43.5,0,"continuous",43.5,,,"lordose_lombar >= 43.5","lordose_lombar < 43.5"
31,4,1,"outer_training_saved_hyperparameters",6,2,59,"correcao_colete","competitor",1,59,1,4.50604085180357,51.3167013167013,0,"continuous",51.3167013167013,,,"correcao_colete >= 51.316701316701298","correcao_colete < 51.316701316701298"
31,4,1,"outer_training_saved_hyperparameters",6,2,59,"risser","competitor",2,59,5,3.95161632895799,18,0,"categorical",,"0 | 3","1 | 2 | 4","risser in {0 | 3}","risser in {1 | 2 | 4}"
31,4,1,"outer_training_saved_hyperparameters",6,2,59,"lenke","competitor",3,59,6,3.75111507582516,19,0,"categorical",,"3 | 4 | 5","1 | 2 | 6","lenke in {3 | 4 | 5}","lenke in {1 | 2 | 6}"
31,4,1,"outer_training_saved_hyperparameters",6,2,59,"escoliometro_maior_10_graus","competitor",4,59,4,3.11142762189622,20,0,"categorical",,"normal | toracica | toracica_lombar","lombar","escoliometro_maior_10_graus in {normal | toracica | toracica_lombar}","escoliometro_maior_10_graus in {lombar}"
32,4,2,"outer_training_saved_hyperparameters",1,0,553,"lenke","competitor",1,553,6,12.8447696452174,1,0,"categorical",,"3 | 4","1 | 2 | 5 | 6","lenke in {3 | 4}","lenke in {1 | 2 | 5 | 6}"
32,4,2,"outer_training_saved_hyperparameters",1,0,553,"risser","competitor",2,553,5,12.4662487675337,2,0,"categorical",,"0 | 3 | 4","1 | 2","risser in {0 | 3 | 4}","risser in {1 | 2}"
32,4,2,"outer_training_saved_hyperparameters",1,0,553,"flexibilidade","competitor",3,553,2,6.34064212824353,3,0,"categorical",,"rigido","flexivel","flexibilidade in {rigido}","flexibilidade in {flexivel}"
32,4,2,"outer_training_saved_hyperparameters",1,0,553,"idade","competitor",4,553,-1,5.12269288921095,12.5,0,"continuous",12.5,,,"idade < 12.5","idade >= 12.5"
32,4,2,"outer_training_saved_hyperparameters",2,1,332,"risser","competitor",1,332,5,6.46333643645127,6,0,"categorical",,"0 | 2 | 3 | 4","1","risser in {0 | 2 | 3 | 4}","risser in {1}"
32,4,2,"outer_training_saved_hyperparameters",2,1,332,"cifose_toracica","competitor",2,332,-1,5.23825934368102,9.5,0,"continuous",9.5,,,"cifose_toracica < 9.5","cifose_toracica >= 9.5"
32,4,2,"outer_training_saved_hyperparameters",2,1,332,"lordose_lombar","competitor",3,332,-1,4.56689940058195,40.5,0,"continuous",40.5,,,"lordose_lombar < 40.5","lordose_lombar >= 40.5"
32,4,2,"outer_training_saved_hyperparameters",2,1,332,"lenke","competitor",4,332,6,4.20077569278271,7,0,"categorical",,"2 | 3 | 4 | 6","1 | 5","lenke in {2 | 3 | 4 | 6}","lenke in {1 | 5}"
32,4,2,"outer_training_saved_hyperparameters",5,2,276,"cifose_toracica","competitor",1,276,-1,6.02930364086248,9.5,0,"continuous",9.5,,,"cifose_toracica < 9.5","cifose_toracica >= 9.5"
32,4,2,"outer_training_saved_hyperparameters",5,2,276,"lenke","competitor",2,276,6,4.54968742503139,9,0,"categorical",,"2 | 3 | 4 | 6","1 | 5","lenke in {2 | 3 | 4 | 6}","lenke in {1 | 5}"
32,4,2,"outer_training_saved_hyperparameters",5,2,276,"lordose_lombar","competitor",3,276,-1,4.49532767480801,40.5,0,"continuous",40.5,,,"lordose_lombar < 40.5","lordose_lombar >= 40.5"
32,4,2,"outer_training_saved_hyperparameters",5,2,276,"correcao_colete","competitor",4,276,-1,3.04901421428627,45.3463203463204,0,"continuous",45.3463203463204,,,"correcao_colete < 45.346320346320354","correcao_colete >= 45.346320346320354"
32,4,2,"outer_training_saved_hyperparameters",10,3,124,"imc","competitor",1,124,1,3.62923437626324,16.6202485115718,0,"continuous",16.6202485115718,,,"imc >= 16.62024851157183","imc < 16.62024851157183"
32,4,2,"outer_training_saved_hyperparameters",10,3,124,"lenke","competitor",2,124,6,3.42672811059908,12,0,"categorical",,"2 | 3 | 4 | 6","1 | 5","lenke in {2 | 3 | 4 | 6}","lenke in {1 | 5}"
32,4,2,"outer_training_saved_hyperparameters",10,3,124,"cifose_toracica","competitor",3,124,-1,3.22325390785083,30.5,0,"continuous",30.5,,,"cifose_toracica < 30.5","cifose_toracica >= 30.5"
32,4,2,"outer_training_saved_hyperparameters",10,3,124,"correcao_colete","competitor",4,124,1,2.553864037735,30.3940568475453,0,"continuous",30.3940568475453,,,"correcao_colete >= 30.394056847545251","correcao_colete < 30.394056847545251"
32,4,2,"outer_training_saved_hyperparameters",20,4,116,"cifose_toracica","competitor",1,116,-1,2.2997347480106,36.5,0,"continuous",36.5,,,"cifose_toracica < 36.5","cifose_toracica >= 36.5"
32,4,2,"outer_training_saved_hyperparameters",20,4,116,"imc","competitor",2,116,-1,1.89868919162524,22.7772599808848,0,"continuous",22.7772599808848,,,"imc < 22.777259980884761","imc >= 22.777259980884761"
32,4,2,"outer_training_saved_hyperparameters",20,4,116,"correcao_colete","competitor",3,116,1,1.49061053888639,30.3940568475453,0,"continuous",30.3940568475453,,,"correcao_colete >= 30.394056847545251","correcao_colete < 30.394056847545251"
32,4,2,"outer_training_saved_hyperparameters",20,4,116,"lordose_lombar","competitor",4,116,-1,0.975994995699423,45.5,0,"continuous",45.5,,,"lordose_lombar < 45.5","lordose_lombar >= 45.5"
32,4,2,"outer_training_saved_hyperparameters",11,3,152,"correcao_colete","competitor",1,152,-1,5.55627851680482,45.3463203463204,0,"continuous",45.3463203463204,,,"correcao_colete < 45.346320346320354","correcao_colete >= 45.346320346320354"
32,4,2,"outer_training_saved_hyperparameters",11,3,152,"imc","competitor",2,152,-1,4.36396055597638,18.5016174934993,0,"continuous",18.5016174934993,,,"imc < 18.501617493499317","imc >= 18.501617493499317"
32,4,2,"outer_training_saved_hyperparameters",11,3,152,"cifose_toracica","competitor",3,152,-1,4.18575851393189,9.5,0,"continuous",9.5,,,"cifose_toracica < 9.5","cifose_toracica >= 9.5"
32,4,2,"outer_training_saved_hyperparameters",11,3,152,"flexibilidade","competitor",4,152,2,3.22477812177502,14,0,"categorical",,"rigido","flexivel","flexibilidade in {rigido}","flexibilidade in {flexivel}"
32,4,2,"outer_training_saved_hyperparameters",23,4,136,"correcao_colete","competitor",1,136,-1,6.42982595115769,31.7627494456762,0,"continuous",31.7627494456762,,,"correcao_colete < 31.762749445676249","correcao_colete >= 31.762749445676249"
32,4,2,"outer_training_saved_hyperparameters",23,4,136,"lenke","competitor",2,136,6,4.25300442757748,15,0,"categorical",,"2 | 3 | 5 | 6","1 | 4","lenke in {2 | 3 | 5 | 6}","lenke in {1 | 4}"
32,4,2,"outer_training_saved_hyperparameters",23,4,136,"imc","competitor",3,136,-1,4.19949349602854,18.5016174934993,0,"continuous",18.5016174934993,,,"imc < 18.501617493499317","imc >= 18.501617493499317"
32,4,2,"outer_training_saved_hyperparameters",23,4,136,"idade","competitor",4,136,-1,2.31766177390281,11.5,0,"continuous",11.5,,,"idade < 11.5","idade >= 11.5"
32,4,2,"outer_training_saved_hyperparameters",3,1,221,"imc","competitor",1,221,-1,4.58049481572735,15.8393962241586,0,"continuous",15.8393962241586,,,"imc < 15.839396224158602","imc >= 15.839396224158602"
32,4,2,"outer_training_saved_hyperparameters",3,1,221,"idade","competitor",2,221,-1,3.17119155354451,12.5,0,"continuous",12.5,,,"idade < 12.5","idade >= 12.5"
32,4,2,"outer_training_saved_hyperparameters",3,1,221,"lordose_lombar","competitor",3,221,1,2.94957983193278,43.5,0,"continuous",43.5,,,"lordose_lombar >= 43.5","lordose_lombar < 43.5"
32,4,2,"outer_training_saved_hyperparameters",3,1,221,"escoliometro_maior_10_graus","competitor",4,221,4,2.65634674922602,18,0,"categorical",,"toracica_lombar","normal | toracica | lombar","escoliometro_maior_10_graus in {toracica_lombar}","escoliometro_maior_10_graus in {normal | toracica | lombar}"
32,4,2,"outer_training_saved_hyperparameters",6,2,120,"imc","competitor",1,120,-1,3.47016079158936,15.8393962241586,0,"continuous",15.8393962241586,,,"imc < 15.839396224158602","imc >= 15.839396224158602"
32,4,2,"outer_training_saved_hyperparameters",6,2,120,"lordose_lombar","competitor",2,120,1,2.69654088050314,43.5,0,"continuous",43.5,,,"lordose_lombar >= 43.5","lordose_lombar < 43.5"
32,4,2,"outer_training_saved_hyperparameters",6,2,120,"cifose_toracica","competitor",3,120,1,2.65539401601347,43,0,"continuous",43,,,"cifose_toracica >= 43","cifose_toracica < 43"
32,4,2,"outer_training_saved_hyperparameters",6,2,120,"risser","competitor",4,120,5,2.1595942816873,23,0,"categorical",,"0 | 3","1 | 2 | 4","risser in {0 | 3}","risser in {1 | 2 | 4}"
32,4,2,"outer_training_saved_hyperparameters",13,3,112,"cifose_toracica","competitor",1,112,1,3.09642857142857,43,0,"continuous",43,,,"cifose_toracica >= 43","cifose_toracica < 43"
32,4,2,"outer_training_saved_hyperparameters",13,3,112,"lordose_lombar","competitor",2,112,1,2.50297619047618,45,0,"continuous",45,,,"lordose_lombar >= 45","lordose_lombar < 45"
32,4,2,"outer_training_saved_hyperparameters",13,3,112,"lenke","competitor",3,112,6,1.88365800865801,24,0,"categorical",,"2 | 3 | 4 | 6","1 | 5","lenke in {2 | 3 | 4 | 6}","lenke in {1 | 5}"
32,4,2,"outer_training_saved_hyperparameters",13,3,112,"correcao_colete","competitor",4,112,1,1.27626050420167,59.7619047619047,0,"continuous",59.7619047619047,,,"correcao_colete >= 59.761904761904745","correcao_colete < 59.761904761904745"
32,4,2,"outer_training_saved_hyperparameters",26,4,22,"correcao_colete","competitor",1,22,-1,2.73051948051948,52.3326572008114,0,"continuous",52.3326572008114,,,"correcao_colete < 52.332657200811354","correcao_colete >= 52.332657200811354"
32,4,2,"outer_training_saved_hyperparameters",26,4,22,"imc","competitor",2,22,1,2.37575757575758,15.4192646666809,0,"continuous",15.4192646666809,,,"imc >= 15.419264666680895","imc < 15.419264666680895"
32,4,2,"outer_training_saved_hyperparameters",26,4,22,"lenke","competitor",3,22,6,2.37575757575758,25,0,"categorical",,"2 | 4 | 5","1 | 3 | 6","lenke in {2 | 4 | 5}","lenke in {1 | 3 | 6}"
32,4,2,"outer_training_saved_hyperparameters",26,4,22,"risser","competitor",4,22,5,1.37062937062937,26,0,"categorical",,"0 | 1 | 3","2 | 4","risser in {0 | 1 | 3}","risser in {2 | 4}"
33,4,3,"outer_training_saved_hyperparameters",1,0,553,"lenke","competitor",1,553,6,15.5932407573497,1,0,"categorical",,"3 | 4","1 | 2 | 5 | 6","lenke in {3 | 4}","lenke in {1 | 2 | 5 | 6}"
33,4,3,"outer_training_saved_hyperparameters",1,0,553,"risser","competitor",2,553,5,11.7449169163225,2,0,"categorical",,"0 | 3 | 4","1 | 2","risser in {0 | 3 | 4}","risser in {1 | 2}"
33,4,3,"outer_training_saved_hyperparameters",1,0,553,"flexibilidade","competitor",3,553,2,7.97682555494754,3,0,"categorical",,"rigido","flexivel","flexibilidade in {rigido}","flexibilidade in {flexivel}"
33,4,3,"outer_training_saved_hyperparameters",1,0,553,"idade","competitor",4,553,-1,6.95745155192634,12.5,0,"continuous",12.5,,,"idade < 12.5","idade >= 12.5"
33,4,3,"outer_training_saved_hyperparameters",3,1,221,"imc","competitor",1,221,-1,5.60197120071999,16.4133360721146,0,"continuous",16.4133360721146,,,"imc < 16.413336072114554","imc >= 16.413336072114554"
33,4,3,"outer_training_saved_hyperparameters",3,1,221,"idade","competitor",2,221,-1,3.66412171801598,12.5,0,"continuous",12.5,,,"idade < 12.5","idade >= 12.5"
33,4,3,"outer_training_saved_hyperparameters",3,1,221,"escoliometro_maior_10_graus","competitor",3,221,4,3.44117647058824,5,0,"categorical",,"toracica_lombar","normal | toracica | lombar","escoliometro_maior_10_graus in {toracica_lombar}","escoliometro_maior_10_graus in {normal | toracica | lombar}"
33,4,3,"outer_training_saved_hyperparameters",3,1,221,"lordose_lombar","competitor",4,221,1,2.51688832779182,43.5,0,"continuous",43.5,,,"lordose_lombar >= 43.5","lordose_lombar < 43.5"
33,4,3,"outer_training_saved_hyperparameters",6,2,121,"lenke","competitor",1,121,6,2.43023415977961,9,0,"categorical",,"3","1 | 2 | 4 | 5 | 6","lenke in {3}","lenke in {1 | 2 | 4 | 5 | 6}"
33,4,3,"outer_training_saved_hyperparameters",6,2,121,"cifose_toracica","competitor",2,121,-1,2.05830433521821,21.5,0,"continuous",21.5,,,"cifose_toracica < 21.5","cifose_toracica >= 21.5"
33,4,3,"outer_training_saved_hyperparameters",6,2,121,"lordose_lombar","competitor",3,121,1,1.95806434845885,43.5,0,"continuous",43.5,,,"lordose_lombar >= 43.5","lordose_lombar < 43.5"
33,4,3,"outer_training_saved_hyperparameters",6,2,121,"idade","competitor",4,121,-1,1.94851120793471,12.5,0,"continuous",12.5,,,"idade < 12.5","idade >= 12.5"
34,4,4,"outer_training_saved_hyperparameters",1,0,553,"risser","competitor",1,553,5,12.7360748689088,1,0,"categorical",,"0 | 3 | 4","1 | 2","risser in {0 | 3 | 4}","risser in {1 | 2}"
34,4,4,"outer_training_saved_hyperparameters",1,0,553,"lenke","competitor",2,553,6,9.78345991561179,2,0,"categorical",,"3 | 4","1 | 2 | 5 | 6","lenke in {3 | 4}","lenke in {1 | 2 | 5 | 6}"
34,4,4,"outer_training_saved_hyperparameters",1,0,553,"flexibilidade","competitor",3,553,2,9.04933343980656,3,0,"categorical",,"rigido","flexivel","flexibilidade in {rigido}","flexibilidade in {flexivel}"
34,4,4,"outer_training_saved_hyperparameters",1,0,553,"cifose_toracica","competitor",4,553,-1,5.88964780732209,25.5,0,"continuous",25.5,,,"cifose_toracica < 25.5","cifose_toracica >= 25.5"
34,4,4,"outer_training_saved_hyperparameters",2,1,335,"risser","competitor",1,335,5,6.60136477234707,6,0,"categorical",,"0 | 2 | 3 | 4","1","risser in {0 | 2 | 3 | 4}","risser in {1}"
34,4,4,"outer_training_saved_hyperparameters",2,1,335,"cifose_toracica","competitor",2,335,-1,4.90675476373076,25.5,0,"continuous",25.5,,,"cifose_toracica < 25.5","cifose_toracica >= 25.5"
34,4,4,"outer_training_saved_hyperparameters",2,1,335,"flexibilidade","competitor",3,335,2,4.48193934342251,7,0,"categorical",,"rigido","flexivel","flexibilidade in {rigido}","flexibilidade in {flexivel}"
34,4,4,"outer_training_saved_hyperparameters",2,1,335,"lenke","competitor",4,335,6,4.12448572739143,8,0,"categorical",,"2 | 3 | 4 | 6","1 | 5","lenke in {2 | 3 | 4 | 6}","lenke in {1 | 5}"
34,4,4,"outer_training_saved_hyperparameters",5,2,275,"cifose_toracica","competitor",1,275,-1,4.37728796343322,25.5,0,"continuous",25.5,,,"cifose_toracica < 25.5","cifose_toracica >= 25.5"
34,4,4,"outer_training_saved_hyperparameters",5,2,275,"imc","competitor",2,275,1,4.17317888218652,15.5999909255693,0,"continuous",15.5999909255693,,,"imc >= 15.59999092556933","imc < 15.59999092556933"
34,4,4,"outer_training_saved_hyperparameters",5,2,275,"lenke","competitor",3,275,6,4.13659749464628,10,0,"categorical",,"2 | 3 | 4 | 6","1 | 5","lenke in {2 | 3 | 4 | 6}","lenke in {1 | 5}"
34,4,4,"outer_training_saved_hyperparameters",5,2,275,"lordose_lombar","competitor",4,275,-1,3.48834867023966,45.5,0,"continuous",45.5,,,"lordose_lombar < 45.5","lordose_lombar >= 45.5"
34,4,4,"outer_training_saved_hyperparameters",10,3,234,"lenke","competitor",1,234,6,4.9846153846154,11,0,"categorical",,"2 | 3 | 4 | 6","1 | 5","lenke in {2 | 3 | 4 | 6}","lenke in {1 | 5}"
34,4,4,"outer_training_saved_hyperparameters",10,3,234,"sexo","competitor",2,234,2,4.65384615384617,12,0,"categorical",,"feminino","masculino","sexo in {feminino}","sexo in {masculino}"
34,4,4,"outer_training_saved_hyperparameters",10,3,234,"imc","competitor",3,234,1,3.18058890433466,16.6202485115718,0,"continuous",16.6202485115718,,,"imc >= 16.62024851157183","imc < 16.62024851157183"
34,4,4,"outer_training_saved_hyperparameters",10,3,234,"lordose_lombar","competitor",4,234,-1,3.12982136761862,43.5,0,"continuous",43.5,,,"lordose_lombar < 43.5","lordose_lombar >= 43.5"
34,4,4,"outer_training_saved_hyperparameters",20,4,152,"lordose_lombar","competitor",1,152,-1,4.11184210526316,71.5,0,"continuous",71.5,,,"lordose_lombar < 71.5","lordose_lombar >= 71.5"
34,4,4,"outer_training_saved_hyperparameters",20,4,152,"sexo","competitor",2,152,2,2.52487027427725,15,0,"categorical",,"feminino","masculino","sexo in {feminino}","sexo in {masculino}"
34,4,4,"outer_training_saved_hyperparameters",20,4,152,"cifose_toracica","competitor",3,152,-1,1.71080043859649,9.5,0,"continuous",9.5,,,"cifose_toracica < 9.5","cifose_toracica >= 9.5"
34,4,4,"outer_training_saved_hyperparameters",20,4,152,"imc","competitor",4,152,-1,1.44158583481605,21.9593826439411,0,"continuous",21.9593826439411,,,"imc < 21.959382643941147","imc >= 21.959382643941147"
34,4,4,"outer_training_saved_hyperparameters",21,4,82,"escoliometro_maior_10_graus","competitor",1,82,4,3.24309836504958,16,0,"categorical",,"toracica | toracica_lombar","normal | lombar","escoliometro_maior_10_graus in {toracica | toracica_lombar}","escoliometro_maior_10_graus in {normal | lombar}"
34,4,4,"outer_training_saved_hyperparameters",21,4,82,"flexibilidade","competitor",2,82,2,3.08622280817403,17,0,"categorical",,"rigido","flexivel","flexibilidade in {rigido}","flexibilidade in {flexivel}"
34,4,4,"outer_training_saved_hyperparameters",21,4,82,"lordose_lombar","competitor",3,82,1,2.37862950058071,55,0,"continuous",55,,,"lordose_lombar >= 55","lordose_lombar < 55"
34,4,4,"outer_training_saved_hyperparameters",21,4,82,"risser","competitor",4,82,5,2.33444408447879,18,0,"categorical",,"0","2 | 3 | 4","risser in {0}","risser in {2 | 3 | 4}"
34,4,4,"outer_training_saved_hyperparameters",11,3,41,"correcao_colete","competitor",1,41,-1,2.93348115299335,31.9305019305019,0,"continuous",31.9305019305019,,,"correcao_colete < 31.930501930501897","correcao_colete >= 31.930501930501897"
34,4,4,"outer_training_saved_hyperparameters",11,3,41,"lordose_lombar","competitor",2,41,1,2.11433733384953,54.5,0,"continuous",54.5,,,"lordose_lombar >= 54.5","lordose_lombar < 54.5"
34,4,4,"outer_training_saved_hyperparameters",11,3,41,"imc","competitor",3,41,1,1.66939024390244,17.9539728494692,0,"continuous",17.9539728494692,,,"imc >= 17.953972849469167","imc < 17.953972849469167"
34,4,4,"outer_training_saved_hyperparameters",11,3,41,"escoliometro_maior_10_graus","competitor",4,41,4,1.60485001401738,19,0,"categorical",,"toracica | toracica_lombar","normal | lombar","escoliometro_maior_10_graus in {toracica | toracica_lombar}","escoliometro_maior_10_graus in {normal | lombar}"
34,4,4,"outer_training_saved_hyperparameters",3,1,218,"imc","competitor",1,218,-1,4.28797682279092,16.4133360721146,0,"continuous",16.4133360721146,,,"imc < 16.413336072114554","imc >= 16.413336072114554"
34,4,4,"outer_training_saved_hyperparameters",3,1,218,"escoliometro_maior_10_graus","competitor",2,218,4,3.57457700053359,21,0,"categorical",,"toracica_lombar","normal | toracica | lombar","escoliometro_maior_10_graus in {toracica_lombar}","escoliometro_maior_10_graus in {normal | toracica | lombar}"
34,4,4,"outer_training_saved_hyperparameters",3,1,218,"idade","competitor",3,218,-1,3.14249603220687,12.5,0,"continuous",12.5,,,"idade < 12.5","idade >= 12.5"
34,4,4,"outer_training_saved_hyperparameters",3,1,218,"cifose_toracica","competitor",4,218,1,2.22867453864453,47,0,"continuous",47,,,"cifose_toracica >= 47","cifose_toracica < 47"
34,4,4,"outer_training_saved_hyperparameters",6,2,117,"imc","competitor",1,117,-1,3.03611771962287,15.8393962241586,0,"continuous",15.8393962241586,,,"imc < 15.839396224158602","imc >= 15.839396224158602"
34,4,4,"outer_training_saved_hyperparameters",6,2,117,"cifose_toracica","competitor",2,117,1,2.56632256632258,43,0,"continuous",43,,,"cifose_toracica >= 43","cifose_toracica < 43"
34,4,4,"outer_training_saved_hyperparameters",6,2,117,"lenke","competitor",3,117,6,2.25763125763127,26,0,"categorical",,"2 | 3 | 4 | 6","1 | 5","lenke in {2 | 3 | 4 | 6}","lenke in {1 | 5}"
34,4,4,"outer_training_saved_hyperparameters",6,2,117,"idade","competitor",4,117,-1,1.93367739434359,12.5,0,"continuous",12.5,,,"idade < 12.5","idade >= 12.5"
34,4,4,"outer_training_saved_hyperparameters",13,3,110,"cifose_toracica","competitor",1,110,1,3.16015634850586,43,0,"continuous",43,,,"cifose_toracica >= 43","cifose_toracica < 43"
34,4,4,"outer_training_saved_hyperparameters",13,3,110,"lordose_lombar","competitor",2,110,1,2.07878787878788,45,0,"continuous",45,,,"lordose_lombar >= 45","lordose_lombar < 45"
34,4,4,"outer_training_saved_hyperparameters",13,3,110,"lenke","competitor",3,110,6,1.97133689839572,27,0,"categorical",,"2 | 3 | 4 | 6","1 | 5","lenke in {2 | 3 | 4 | 6}","lenke in {1 | 5}"
34,4,4,"outer_training_saved_hyperparameters",13,3,110,"risser","competitor",4,110,5,1.7556884635832,28,0,"categorical",,"0 | 3 | 4","1 | 2","risser in {0 | 3 | 4}","risser in {1 | 2}"
34,4,4,"outer_training_saved_hyperparameters",26,4,20,"cifose_toracica","competitor",1,20,-1,2.03186813186813,19.5,0,"continuous",19.5,,,"cifose_toracica < 19.5","cifose_toracica >= 19.5"
34,4,4,"outer_training_saved_hyperparameters",26,4,20,"correcao_colete","competitor",2,20,-1,2.03186813186813,52.3326572008114,0,"continuous",52.3326572008114,,,"correcao_colete < 52.332657200811354","correcao_colete >= 52.332657200811354"
34,4,4,"outer_training_saved_hyperparameters",26,4,20,"lenke","competitor",3,20,6,1.6979797979798,29,0,"categorical",,"4 | 5 | 6","1 | 2 | 3","lenke in {4 | 5 | 6}","lenke in {1 | 2 | 3}"
34,4,4,"outer_training_saved_hyperparameters",26,4,20,"idade","competitor",4,20,1,1.06666666666667,13.5,0,"continuous",13.5,,,"idade >= 13.5","idade < 13.5"
35,4,5,"outer_training_saved_hyperparameters",1,0,553,"lenke","competitor",1,553,6,11.5125647586442,1,0,"categorical",,"3 | 4","1 | 2 | 5 | 6","lenke in {3 | 4}","lenke in {1 | 2 | 5 | 6}"
35,4,5,"outer_training_saved_hyperparameters",1,0,553,"risser","competitor",2,553,5,10.0863709121113,2,0,"categorical",,"0 | 3 | 4","1 | 2","risser in {0 | 3 | 4}","risser in {1 | 2}"
35,4,5,"outer_training_saved_hyperparameters",1,0,553,"flexibilidade","competitor",3,553,2,7.96500342956909,3,0,"categorical",,"rigido","flexivel","flexibilidade in {rigido}","flexibilidade in {flexivel}"
35,4,5,"outer_training_saved_hyperparameters",1,0,553,"idade","competitor",4,553,-1,5.74059738739044,12.5,0,"continuous",12.5,,,"idade < 12.5","idade >= 12.5"
35,4,5,"outer_training_saved_hyperparameters",2,1,334,"risser","competitor",1,334,5,7.2167917912733,6,0,"categorical",,"0 | 2 | 3 | 4","1","risser in {0 | 2 | 3 | 4}","risser in {1}"
35,4,5,"outer_training_saved_hyperparameters",2,1,334,"flexibilidade","competitor",2,334,2,3.7296565506403,7,0,"categorical",,"rigido","flexivel","flexibilidade in {rigido}","flexibilidade in {flexivel}"
35,4,5,"outer_training_saved_hyperparameters",2,1,334,"cifose_toracica","competitor",3,334,-1,3.70810584627509,25.5,0,"continuous",25.5,,,"cifose_toracica < 25.5","cifose_toracica >= 25.5"
35,4,5,"outer_training_saved_hyperparameters",2,1,334,"sexo","competitor",4,334,2,3.47790728842185,8,0,"categorical",,"feminino","masculino","sexo in {feminino}","sexo in {masculino}"
35,4,5,"outer_training_saved_hyperparameters",5,2,280,"imc","competitor",1,280,1,4.23400718778075,15.5999909255693,0,"continuous",15.5999909255693,,,"imc >= 15.59999092556933","imc < 15.59999092556933"
35,4,5,"outer_training_saved_hyperparameters",5,2,280,"cifose_toracica","competitor",2,280,-1,3.97657820220977,9.5,0,"continuous",9.5,,,"cifose_toracica < 9.5","cifose_toracica >= 9.5"
35,4,5,"outer_training_saved_hyperparameters",5,2,280,"sexo","competitor",3,280,2,3.62142857142857,10,0,"categorical",,"feminino","masculino","sexo in {feminino}","sexo in {masculino}"
35,4,5,"outer_training_saved_hyperparameters",5,2,280,"lenke","competitor",4,280,6,3.09642857142855,11,0,"categorical",,"2 | 3 | 4 | 6","1 | 5","lenke in {2 | 3 | 4 | 6}","lenke in {1 | 5}"
35,4,5,"outer_training_saved_hyperparameters",3,1,219,"imc","competitor",1,219,-1,6.11323202834544,16.4133360721146,0,"continuous",16.4133360721146,,,"imc < 16.413336072114554","imc >= 16.413336072114554"
35,4,5,"outer_training_saved_hyperparameters",3,1,219,"idade","competitor",2,219,-1,2.85029173269237,12.5,0,"continuous",12.5,,,"idade < 12.5","idade >= 12.5"
35,4,5,"outer_training_saved_hyperparameters",3,1,219,"escoliometro_maior_10_graus","competitor",3,219,4,2.68213806070374,12,0,"categorical",,"toracica_lombar","normal | toracica | lombar","escoliometro_maior_10_graus in {toracica_lombar}","escoliometro_maior_10_graus in {normal | toracica | lombar}"
35,4,5,"outer_training_saved_hyperparameters",3,1,219,"lordose_lombar","competitor",4,219,1,2.11802172501564,43.5,0,"continuous",43.5,,,"lordose_lombar >= 43.5","lordose_lombar < 43.5"
35,4,5,"outer_training_saved_hyperparameters",6,2,118,"cifose_toracica","competitor",1,118,-1,2.44446406151915,21.5,0,"continuous",21.5,,,"cifose_toracica < 21.5","cifose_toracica >= 21.5"
35,4,5,"outer_training_saved_hyperparameters",6,2,118,"correcao_colete","competitor",2,118,-1,1.76072788250148,54.858934169279,0,"continuous",54.858934169279,,,"correcao_colete < 54.858934169278953","correcao_colete >= 54.858934169278953"
35,4,5,"outer_training_saved_hyperparameters",6,2,118,"lordose_lombar","competitor",3,118,1,1.61091450921959,43.5,0,"continuous",43.5,,,"lordose_lombar >= 43.5","lordose_lombar < 43.5"
35,4,5,"outer_training_saved_hyperparameters",6,2,118,"lenke","competitor",4,118,6,1.5777915680875,16,0,"categorical",,"2 | 3 | 4 | 6","1 | 5","lenke in {2 | 3 | 4 | 6}","lenke in {1 | 5}"
36,4,6,"outer_training_saved_hyperparameters",1,0,553,"risser","competitor",1,553,5,10.7500267303743,1,0,"categorical",,"0 | 3 | 4","1 | 2","risser in {0 | 3 | 4}","risser in {1 | 2}"
36,4,6,"outer_training_saved_hyperparameters",1,0,553,"lenke","competitor",2,553,6,10.7350306045382,2,0,"categorical",,"3 | 4","1 | 2 | 5 | 6","lenke in {3 | 4}","lenke in {1 | 2 | 5 | 6}"
36,4,6,"outer_training_saved_hyperparameters",1,0,553,"flexibilidade","competitor",3,553,2,7.28621610221126,3,0,"categorical",,"rigido","flexivel","flexibilidade in {rigido}","flexibilidade in {flexivel}"
36,4,6,"outer_training_saved_hyperparameters",1,0,553,"cifose_toracica","competitor",4,553,1,5.66170357671257,49.5,0,"continuous",49.5,,,"cifose_toracica >= 49.5","cifose_toracica < 49.5"
36,4,6,"outer_training_saved_hyperparameters",2,1,328,"risser","competitor",1,328,5,6.29355400696866,6,0,"categorical",,"0 | 2 | 3 | 4","1","risser in {0 | 2 | 3 | 4}","risser in {1}"
36,4,6,"outer_training_saved_hyperparameters",2,1,328,"cifose_toracica","competitor",2,328,-1,3.62882039228705,25.5,0,"continuous",25.5,,,"cifose_toracica < 25.5","cifose_toracica >= 25.5"
36,4,6,"outer_training_saved_hyperparameters",2,1,328,"lordose_lombar","competitor",3,328,-1,3.26153684640616,71.5,0,"continuous",71.5,,,"lordose_lombar < 71.5","lordose_lombar >= 71.5"
36,4,6,"outer_training_saved_hyperparameters",2,1,328,"imc","competitor",4,328,1,3.25993724663786,16.89509725284,0,"continuous",16.89509725284,,,"imc >= 16.895097252840038","imc < 16.895097252840038"
36,4,6,"outer_training_saved_hyperparameters",5,2,269,"imc","competitor",1,269,1,4.32655406921717,15.5999909255693,0,"continuous",15.5999909255693,,,"imc >= 15.59999092556933","imc < 15.59999092556933"
36,4,6,"outer_training_saved_hyperparameters",5,2,269,"lenke","competitor",2,269,6,3.3447430951484,8,0,"categorical",,"2 | 3 | 4 | 6","1 | 5","lenke in {2 | 3 | 4 | 6}","lenke in {1 | 5}"
36,4,6,"outer_training_saved_hyperparameters",5,2,269,"cifose_toracica","competitor",3,269,-1,3.15403499239054,25.5,0,"continuous",25.5,,,"cifose_toracica < 25.5","cifose_toracica >= 25.5"
36,4,6,"outer_training_saved_hyperparameters",5,2,269,"lordose_lombar","competitor",4,269,-1,2.92069027587554,71.5,0,"continuous",71.5,,,"lordose_lombar < 71.5","lordose_lombar >= 71.5"
37,4,7,"outer_training_saved_hyperparameters",1,0,553,"lenke","competitor",1,553,6,13.2865286986806,1,0,"categorical",,"3 | 4","1 | 2 | 5 | 6","lenke in {3 | 4}","lenke in {1 | 2 | 5 | 6}"
37,4,7,"outer_training_saved_hyperparameters",1,0,553,"risser","competitor",2,553,5,10.9882462475156,2,0,"categorical",,"0 | 3 | 4","1 | 2","risser in {0 | 3 | 4}","risser in {1 | 2}"
37,4,7,"outer_training_saved_hyperparameters",1,0,553,"flexibilidade","competitor",3,553,2,6.93187951108769,3,0,"categorical",,"rigido","flexivel","flexibilidade in {rigido}","flexibilidade in {flexivel}"
37,4,7,"outer_training_saved_hyperparameters",1,0,553,"cifose_toracica","competitor",4,553,-1,5.84638273991391,25.5,0,"continuous",25.5,,,"cifose_toracica < 25.5","cifose_toracica >= 25.5"
37,4,7,"outer_training_saved_hyperparameters",2,1,335,"cifose_toracica","competitor",1,335,-1,6.16502895271077,25.5,0,"continuous",25.5,,,"cifose_toracica < 25.5","cifose_toracica >= 25.5"
37,4,7,"outer_training_saved_hyperparameters",2,1,335,"risser","competitor",2,335,5,4.64418499211399,6,0,"categorical",,"0 | 3","1 | 2 | 4","risser in {0 | 3}","risser in {1 | 2 | 4}"
37,4,7,"outer_training_saved_hyperparameters",2,1,335,"lenke","competitor",3,335,6,3.5880091258887,7,0,"categorical",,"3 | 4","1 | 2 | 5 | 6","lenke in {3 | 4}","lenke in {1 | 2 | 5 | 6}"
37,4,7,"outer_training_saved_hyperparameters",2,1,335,"lordose_lombar","competitor",4,335,-1,3.36493018777082,71.5,0,"continuous",71.5,,,"lordose_lombar < 71.5","lordose_lombar >= 71.5"
37,4,7,"outer_training_saved_hyperparameters",5,2,275,"cifose_toracica","competitor",1,275,-1,5.40390961639514,25.5,0,"continuous",25.5,,,"cifose_toracica < 25.5","cifose_toracica >= 25.5"
37,4,7,"outer_training_saved_hyperparameters",5,2,275,"imc","competitor",2,275,1,3.60640857241614,15.5999909255693,0,"continuous",15.5999909255693,,,"imc >= 15.59999092556933","imc < 15.59999092556933"
37,4,7,"outer_training_saved_hyperparameters",5,2,275,"lenke","competitor",3,275,6,3.09583709566539,9,0,"categorical",,"2 | 3 | 4 | 6","1 | 5","lenke in {2 | 3 | 4 | 6}","lenke in {1 | 5}"
37,4,7,"outer_training_saved_hyperparameters",5,2,275,"sexo","competitor",4,275,2,3.07383683476752,10,0,"categorical",,"feminino","masculino","sexo in {feminino}","sexo in {masculino}"
37,4,7,"outer_training_saved_hyperparameters",10,3,128,"imc","competitor",1,128,1,3.46514423076923,16.6202485115718,0,"continuous",16.6202485115718,,,"imc >= 16.62024851157183","imc < 16.62024851157183"
37,4,7,"outer_training_saved_hyperparameters",10,3,128,"correcao_colete","competitor",2,128,1,3.21711280782231,30.8608058608059,0,"continuous",30.8608058608059,,,"correcao_colete >= 30.860805860805897","correcao_colete < 30.860805860805897"
37,4,7,"outer_training_saved_hyperparameters",10,3,128,"cifose_toracica","competitor",3,128,-1,3.05580357142857,31,0,"continuous",31,,,"cifose_toracica < 31","cifose_toracica >= 31"
37,4,7,"outer_training_saved_hyperparameters",10,3,128,"lenke","competitor",4,128,6,2.89216514308426,14,0,"categorical",,"2 | 3 | 4 | 6","1 | 5","lenke in {2 | 3 | 4 | 6}","lenke in {1 | 5}"
37,4,7,"outer_training_saved_hyperparameters",20,4,120,"imc","competitor",1,120,-1,2.42999999999999,21.9843518636369,0,"continuous",21.9843518636369,,,"imc < 21.984351863636899","imc >= 21.984351863636899"
37,4,7,"outer_training_saved_hyperparameters",20,4,120,"cifose_toracica","competitor",2,120,-1,2.42999999999999,32.5,0,"continuous",32.5,,,"cifose_toracica < 32.5","cifose_toracica >= 32.5"
37,4,7,"outer_training_saved_hyperparameters",20,4,120,"correcao_colete","competitor",3,120,1,1.31361185983828,30.3940568475453,0,"continuous",30.3940568475453,,,"correcao_colete >= 30.394056847545251","correcao_colete < 30.394056847545251"
37,4,7,"outer_training_saved_hyperparameters",20,4,120,"escoliometro_maior_10_graus","competitor",4,120,4,0.974386252045818,16,0,"categorical",,"toracica | lombar | toracica_lombar","normal","escoliometro_maior_10_graus in {toracica | lombar | toracica_lombar}","escoliometro_maior_10_graus in {normal}"
37,4,7,"outer_training_saved_hyperparameters",11,3,147,"imc","competitor",1,147,-1,3.99484626871386,18.5016174934993,0,"continuous",18.5016174934993,,,"imc < 18.501617493499317","imc >= 18.501617493499317"
37,4,7,"outer_training_saved_hyperparameters",11,3,147,"lordose_lombar","competitor",2,147,1,3.79951186123169,61.5,0,"continuous",61.5,,,"lordose_lombar >= 61.5","lordose_lombar < 61.5"
37,4,7,"outer_training_saved_hyperparameters",11,3,147,"correcao_colete","competitor",3,147,-1,3.64216241784014,44.9944382647386,0,"continuous",44.9944382647386,,,"correcao_colete < 44.994438264738598","correcao_colete >= 44.994438264738598"
37,4,7,"outer_training_saved_hyperparameters",11,3,147,"sexo","competitor",4,147,2,3.12169374328678,17,0,"categorical",,"feminino","masculino","sexo in {feminino}","sexo in {masculino}"
37,4,7,"outer_training_saved_hyperparameters",23,4,130,"idade","competitor",1,130,-1,3.21529769665363,11.5,0,"continuous",11.5,,,"idade < 11.5","idade >= 11.5"
37,4,7,"outer_training_saved_hyperparameters",23,4,130,"correcao_colete","competitor",2,130,-1,2.77906304222093,44.9944382647386,0,"continuous",44.9944382647386,,,"correcao_colete < 44.994438264738598","correcao_colete >= 44.994438264738598"
37,4,7,"outer_training_saved_hyperparameters",23,4,130,"risser","competitor",3,130,5,2.51499215070643,18,0,"categorical",,"2 | 4","1","risser in {2 | 4}","risser in {1}"
37,4,7,"outer_training_saved_hyperparameters",23,4,130,"lenke","competitor",4,130,6,2.27735042735043,19,0,"categorical",,"2 | 3","1 | 4 | 5 | 6","lenke in {2 | 3}","lenke in {1 | 4 | 5 | 6}"
37,4,7,"outer_training_saved_hyperparameters",3,1,218,"imc","competitor",1,218,-1,4.91122269798346,16.4133360721146,0,"continuous",16.4133360721146,,,"imc < 16.413336072114554","imc >= 16.413336072114554"
37,4,7,"outer_training_saved_hyperparameters",3,1,218,"escoliometro_maior_10_graus","competitor",2,218,4,2.840695379702,22,0,"categorical",,"toracica_lombar","normal | toracica | lombar","escoliometro_maior_10_graus in {toracica_lombar}","escoliometro_maior_10_graus in {normal | toracica | lombar}"
37,4,7,"outer_training_saved_hyperparameters",3,1,218,"idade","competitor",3,218,-1,2.80998722564161,12.5,0,"continuous",12.5,,,"idade < 12.5","idade >= 12.5"
37,4,7,"outer_training_saved_hyperparameters",3,1,218,"cifose_toracica","competitor",4,218,1,2.33407042542222,47,0,"continuous",47,,,"cifose_toracica >= 47","cifose_toracica < 47"
37,4,7,"outer_training_saved_hyperparameters",6,2,116,"imc","competitor",1,116,-1,3.7832512315271,16.6287460719878,0,"continuous",16.6287460719878,,,"imc < 16.628746071987827","imc >= 16.628746071987827"
37,4,7,"outer_training_saved_hyperparameters",6,2,116,"cifose_toracica","competitor",2,116,1,2.64301532064898,43,0,"continuous",43,,,"cifose_toracica >= 43","cifose_toracica < 43"
37,4,7,"outer_training_saved_hyperparameters",6,2,116,"lenke","competitor",3,116,6,2.088013136289,27,0,"categorical",,"2 | 3 | 4 | 5 | 6","1","lenke in {2 | 3 | 4 | 5 | 6}","lenke in {1}"
37,4,7,"outer_training_saved_hyperparameters",6,2,116,"lordose_lombar","competitor",4,116,1,1.88028627195835,41.5,0,"continuous",41.5,,,"lordose_lombar >= 41.5","lordose_lombar < 41.5"
37,4,7,"outer_training_saved_hyperparameters",13,3,107,"cifose_toracica","competitor",1,107,1,3.19668891855808,43,0,"continuous",43,,,"cifose_toracica >= 43","cifose_toracica < 43"
37,4,7,"outer_training_saved_hyperparameters",13,3,107,"lordose_lombar","competitor",2,107,1,2.57383177570094,45,0,"continuous",45,,,"lordose_lombar >= 45","lordose_lombar < 45"
37,4,7,"outer_training_saved_hyperparameters",13,3,107,"lenke","competitor",3,107,6,1.76740607288968,28,0,"categorical",,"2 | 3 | 4 | 6","1 | 5","lenke in {2 | 3 | 4 | 6}","lenke in {1 | 5}"
37,4,7,"outer_training_saved_hyperparameters",13,3,107,"correcao_colete","competitor",4,107,1,0.999429861825341,51.4718614718615,0,"continuous",51.4718614718615,,,"correcao_colete >= 51.471861471861452","correcao_colete < 51.471861471861452"
37,4,7,"outer_training_saved_hyperparameters",26,4,22,"correcao_colete","competitor",1,22,-1,2.73051948051948,52.3326572008114,0,"continuous",52.3326572008114,,,"correcao_colete < 52.332657200811354","correcao_colete >= 52.332657200811354"
37,4,7,"outer_training_saved_hyperparameters",26,4,22,"imc","competitor",2,22,1,2.37575757575758,15.4192646666809,0,"continuous",15.4192646666809,,,"imc >= 15.419264666680895","imc < 15.419264666680895"
37,4,7,"outer_training_saved_hyperparameters",26,4,22,"lenke","competitor",3,22,6,2.19480519480519,29,0,"categorical",,"2 | 4 | 5 | 6","1 | 3","lenke in {2 | 4 | 5 | 6}","lenke in {1 | 3}"
37,4,7,"outer_training_saved_hyperparameters",26,4,22,"idade","competitor",4,22,1,1.64413364413364,13.5,0,"continuous",13.5,,,"idade >= 13.5","idade < 13.5"
38,4,8,"outer_training_saved_hyperparameters",1,0,554,"lenke","competitor",1,554,6,15.5779061456229,1,0,"categorical",,"3 | 4","1 | 2 | 5 | 6","lenke in {3 | 4}","lenke in {1 | 2 | 5 | 6}"
38,4,8,"outer_training_saved_hyperparameters",1,0,554,"risser","competitor",2,554,5,13.2031711472536,2,0,"categorical",,"0 | 3 | 4","1 | 2","risser in {0 | 3 | 4}","risser in {1 | 2}"
38,4,8,"outer_training_saved_hyperparameters",1,0,554,"flexibilidade","competitor",3,554,2,7.04976610138635,3,0,"categorical",,"rigido","flexivel","flexibilidade in {rigido}","flexibilidade in {flexivel}"
38,4,8,"outer_training_saved_hyperparameters",1,0,554,"cifose_toracica","competitor",4,554,-1,5.45988770808492,25.5,0,"continuous",25.5,,,"cifose_toracica < 25.5","cifose_toracica >= 25.5"
38,4,8,"outer_training_saved_hyperparameters",2,1,341,"risser","competitor",1,341,5,8.4936831259412,5,0,"categorical",,"0 | 2 | 3 | 4","1","risser in {0 | 2 | 3 | 4}","risser in {1}"
38,4,8,"outer_training_saved_hyperparameters",2,1,341,"cifose_toracica","competitor",2,341,-1,5.04465475873101,25.5,0,"continuous",25.5,,,"cifose_toracica < 25.5","cifose_toracica >= 25.5"
38,4,8,"outer_training_saved_hyperparameters",2,1,341,"lenke","competitor",3,341,6,4.30771124701582,6,0,"categorical",,"3 | 4","1 | 2 | 5 | 6","lenke in {3 | 4}","lenke in {1 | 2 | 5 | 6}"
38,4,8,"outer_training_saved_hyperparameters",2,1,341,"sexo","competitor",4,341,2,3.86346750124932,7,0,"categorical",,"feminino","masculino","sexo in {feminino}","sexo in {masculino}"
38,4,8,"outer_training_saved_hyperparameters",5,2,283,"cifose_toracica","competitor",1,283,-1,5.14491494332773,25.5,0,"continuous",25.5,,,"cifose_toracica < 25.5","cifose_toracica >= 25.5"
38,4,8,"outer_training_saved_hyperparameters",5,2,283,"imc","competitor",2,283,1,3.47089168663643,15.5999909255693,0,"continuous",15.5999909255693,,,"imc >= 15.59999092556933","imc < 15.59999092556933"
38,4,8,"outer_training_saved_hyperparameters",5,2,283,"lenke","competitor",3,283,6,3.45993163637505,9,0,"categorical",,"2 | 3 | 4 | 6","1 | 5","lenke in {2 | 3 | 4 | 6}","lenke in {1 | 5}"
38,4,8,"outer_training_saved_hyperparameters",5,2,283,"sexo","competitor",4,283,2,3.05946003159042,10,0,"categorical",,"feminino","masculino","sexo in {feminino}","sexo in {masculino}"
38,4,8,"outer_training_saved_hyperparameters",10,3,243,"cifose_toracica","competitor",1,243,-1,4.41674752635366,30.5,0,"continuous",30.5,,,"cifose_toracica < 30.5","cifose_toracica >= 30.5"
38,4,8,"outer_training_saved_hyperparameters",10,3,243,"lenke","competitor",2,243,6,4.39425171778113,12,0,"categorical",,"2 | 3 | 4 | 6","1 | 5","lenke in {2 | 3 | 4 | 6}","lenke in {1 | 5}"
38,4,8,"outer_training_saved_hyperparameters",10,3,243,"lordose_lombar","competitor",3,243,-1,3.23402568315392,43.5,0,"continuous",43.5,,,"lordose_lombar < 43.5","lordose_lombar >= 43.5"
38,4,8,"outer_training_saved_hyperparameters",10,3,243,"risser","competitor",4,243,5,2.31481481481481,13,0,"categorical",,"0 | 3","2 | 4","risser in {0 | 3}","risser in {2 | 4}"
38,4,8,"outer_training_saved_hyperparameters",20,4,214,"cifose_toracica","competitor",1,214,-1,3.80104693628607,10.5,0,"continuous",10.5,,,"cifose_toracica < 10.5","cifose_toracica >= 10.5"
38,4,8,"outer_training_saved_hyperparameters",20,4,214,"imc","competitor",2,214,-1,3.22429906542055,21.9395741006046,0,"continuous",21.9395741006046,,,"imc < 21.939574100604624","imc >= 21.939574100604624"
38,4,8,"outer_training_saved_hyperparameters",20,4,214,"lordose_lombar","competitor",3,214,-1,3.17624045736194,43.5,0,"continuous",43.5,,,"lordose_lombar < 43.5","lordose_lombar >= 43.5"
38,4,8,"outer_training_saved_hyperparameters",20,4,214,"flexibilidade","competitor",4,214,2,1.51449514385192,15,0,"categorical",,"rigido","flexivel","flexibilidade in {rigido}","flexibilidade in {flexivel}"
39,4,9,"outer_training_saved_hyperparameters",1,0,555,"lenke","competitor",1,555,6,17.1439543906203,1,0,"categorical",,"3 | 4","1 | 2 | 5 | 6","lenke in {3 | 4}","lenke in {1 | 2 | 5 | 6}"
39,4,9,"outer_training_saved_hyperparameters",1,0,555,"risser","competitor",2,555,5,10.5889308712839,2,0,"categorical",,"0 | 3 | 4","1 | 2","risser in {0 | 3 | 4}","risser in {1 | 2}"
39,4,9,"outer_training_saved_hyperparameters",1,0,555,"flexibilidade","competitor",3,555,2,8.33046384811092,3,0,"categorical",,"rigido","flexivel","flexibilidade in {rigido}","flexibilidade in {flexivel}"
39,4,9,"outer_training_saved_hyperparameters",1,0,555,"idade","competitor",4,555,-1,5.39016756014109,12.5,0,"continuous",12.5,,,"idade < 12.5","idade >= 12.5"
39,4,9,"outer_training_saved_hyperparameters",2,1,335,"risser","competitor",1,335,5,6.44282311845029,6,0,"categorical",,"0 | 2 | 3 | 4","1","risser in {0 | 2 | 3 | 4}","risser in {1}"
39,4,9,"outer_training_saved_hyperparameters",2,1,335,"lenke","competitor",2,335,6,5.40326350074693,7,0,"categorical",,"3 | 4 | 6","1 | 2 | 5","lenke in {3 | 4 | 6}","lenke in {1 | 2 | 5}"
39,4,9,"outer_training_saved_hyperparameters",2,1,335,"lordose_lombar","competitor",3,335,-1,3.85023115931594,71.5,0,"continuous",71.5,,,"lordose_lombar < 71.5","lordose_lombar >= 71.5"
39,4,9,"outer_training_saved_hyperparameters",2,1,335,"cifose_toracica","competitor",4,335,-1,3.81494605972219,9.5,0,"continuous",9.5,,,"cifose_toracica < 9.5","cifose_toracica >= 9.5"
39,4,9,"outer_training_saved_hyperparameters",5,2,277,"lenke","competitor",1,277,6,5.99249417355938,9,0,"categorical",,"2 | 3 | 4 | 6","1 | 5","lenke in {2 | 3 | 4 | 6}","lenke in {1 | 5}"
39,4,9,"outer_training_saved_hyperparameters",5,2,277,"imc","competitor",2,277,1,5.05145531878178,15.5999909255693,0,"continuous",15.5999909255693,,,"imc >= 15.59999092556933","imc < 15.59999092556933"
39,4,9,"outer_training_saved_hyperparameters",5,2,277,"cifose_toracica","competitor",3,277,-1,4.70648456512811,9.5,0,"continuous",9.5,,,"cifose_toracica < 9.5","cifose_toracica >= 9.5"
39,4,9,"outer_training_saved_hyperparameters",5,2,277,"sexo","competitor",4,277,2,3.44920165447763,10,0,"categorical",,"feminino","masculino","sexo in {feminino}","sexo in {masculino}"
39,4,9,"outer_training_saved_hyperparameters",10,3,236,"sexo","competitor",1,236,2,4.88464021853854,12,0,"categorical",,"feminino","masculino","sexo in {feminino}","sexo in {masculino}"
39,4,9,"outer_training_saved_hyperparameters",10,3,236,"cifose_toracica","competitor",2,236,-1,4.29661016949153,30.5,0,"continuous",30.5,,,"cifose_toracica < 30.5","cifose_toracica >= 30.5"
39,4,9,"outer_training_saved_hyperparameters",10,3,236,"lordose_lombar","competitor",3,236,-1,3.90101759116591,43.5,0,"continuous",43.5,,,"lordose_lombar < 43.5","lordose_lombar >= 43.5"
39,4,9,"outer_training_saved_hyperparameters",10,3,236,"imc","competitor",4,236,1,3.08413419535209,16.6202485115718,0,"continuous",16.6202485115718,,,"imc >= 16.62024851157183","imc < 16.62024851157183"
39,4,9,"outer_training_saved_hyperparameters",3,1,220,"idade","competitor",1,220,-1,3.08750881621442,12.5,0,"continuous",12.5,,,"idade < 12.5","idade >= 12.5"
39,4,9,"outer_training_saved_hyperparameters",3,1,220,"imc","competitor",2,220,-1,2.86945707242752,16.6623694187047,0,"continuous",16.6623694187047,,,"imc < 16.662369418704728","imc >= 16.662369418704728"
39,4,9,"outer_training_saved_hyperparameters",3,1,220,"cifose_toracica","competitor",3,220,1,2.24415584415584,43,0,"continuous",43,,,"cifose_toracica >= 43","cifose_toracica < 43"
39,4,9,"outer_training_saved_hyperparameters",3,1,220,"lordose_lombar","competitor",4,220,1,2.21759714600702,43.5,0,"continuous",43.5,,,"lordose_lombar >= 43.5","lordose_lombar < 43.5"
39,4,9,"outer_training_saved_hyperparameters",6,2,117,"imc","competitor",1,117,-1,2.59979771186668,16.6623694187047,0,"continuous",16.6623694187047,,,"imc < 16.662369418704728","imc >= 16.662369418704728"
39,4,9,"outer_training_saved_hyperparameters",6,2,117,"cifose_toracica","competitor",2,117,1,2.56632256632258,41.5,0,"continuous",41.5,,,"cifose_toracica >= 41.5","cifose_toracica < 41.5"
39,4,9,"outer_training_saved_hyperparameters",6,2,117,"correcao_colete","competitor",3,117,-1,2.18256430237728,54.858934169279,0,"continuous",54.858934169279,,,"correcao_colete < 54.858934169278953","correcao_colete >= 54.858934169278953"
39,4,9,"outer_training_saved_hyperparameters",6,2,117,"lordose_lombar","competitor",4,117,1,2.17303660699888,41.5,0,"continuous",41.5,,,"lordose_lombar >= 41.5","lordose_lombar < 41.5"
40,4,10,"outer_training_saved_hyperparameters",1,0,555,"lenke","competitor",1,555,6,15.976903873731,1,0,"categorical",,"3 | 4","1 | 2 | 5 | 6","lenke in {3 | 4}","lenke in {1 | 2 | 5 | 6}"
40,4,10,"outer_training_saved_hyperparameters",1,0,555,"risser","competitor",2,555,5,10.8950109446145,2,0,"categorical",,"0 | 3 | 4","1 | 2","risser in {0 | 3 | 4}","risser in {1 | 2}"
40,4,10,"outer_training_saved_hyperparameters",1,0,555,"flexibilidade","competitor",3,555,2,8.62244241641872,3,0,"categorical",,"rigido","flexivel","flexibilidade in {rigido}","flexibilidade in {flexivel}"
40,4,10,"outer_training_saved_hyperparameters",1,0,555,"idade","competitor",4,555,-1,5.67514296334315,12.5,0,"continuous",12.5,,,"idade < 12.5","idade >= 12.5"
40,4,10,"outer_training_saved_hyperparameters",2,1,338,"risser","competitor",1,338,5,5.7192331478046,6,0,"categorical",,"0 | 2 | 3 | 4","1","risser in {0 | 2 | 3 | 4}","risser in {1}"
40,4,10,"outer_training_saved_hyperparameters",2,1,338,"cifose_toracica","competitor",2,338,-1,5.36490588949604,25.5,0,"continuous",25.5,,,"cifose_toracica < 25.5","cifose_toracica >= 25.5"
40,4,10,"outer_training_saved_hyperparameters",2,1,338,"lenke","competitor",3,338,6,5.00804799531753,7,0,"categorical",,"3 | 4","1 | 2 | 5 | 6","lenke in {3 | 4}","lenke in {1 | 2 | 5 | 6}"
40,4,10,"outer_training_saved_hyperparameters",2,1,338,"flexibilidade","competitor",4,338,2,3.60166684474837,8,0,"categorical",,"rigido","flexivel","flexibilidade in {rigido}","flexibilidade in {flexivel}"
40,4,10,"outer_training_saved_hyperparameters",5,2,274,"cifose_toracica","competitor",1,274,-1,5.62089416058393,9.5,0,"continuous",9.5,,,"cifose_toracica < 9.5","cifose_toracica >= 9.5"
40,4,10,"outer_training_saved_hyperparameters",5,2,274,"imc","competitor",2,274,1,4.13767343986321,15.5999909255693,0,"continuous",15.5999909255693,,,"imc >= 15.59999092556933","imc < 15.59999092556933"
40,4,10,"outer_training_saved_hyperparameters",5,2,274,"lenke","competitor",3,274,6,3.76936650670346,10,0,"categorical",,"2 | 3 | 4 | 6","1 | 5","lenke in {2 | 3 | 4 | 6}","lenke in {1 | 5}"
40,4,10,"outer_training_saved_hyperparameters",5,2,274,"sexo","competitor",4,274,2,3.44108870181505,11,0,"categorical",,"feminino","masculino","sexo in {feminino}","sexo in {masculino}"
40,4,10,"outer_training_saved_hyperparameters",11,3,96,"correcao_colete","competitor",1,96,-1,5.20087719298245,31.7627494456762,0,"continuous",31.7627494456762,,,"correcao_colete < 31.762749445676249","correcao_colete >= 31.762749445676249"
40,4,10,"outer_training_saved_hyperparameters",11,3,96,"lenke","competitor",2,96,6,3.78561677835691,12,0,"categorical",,"2 | 3 | 6","1 | 4 | 5","lenke in {2 | 3 | 6}","lenke in {1 | 4 | 5}"
40,4,10,"outer_training_saved_hyperparameters",11,3,96,"idade","competitor",3,96,1,2.92211131276467,14.5,0,"continuous",14.5,,,"idade >= 14.5","idade < 14.5"
40,4,10,"outer_training_saved_hyperparameters",11,3,96,"imc","competitor",4,96,-1,2.4735294117647,18.5016174934993,0,"continuous",18.5016174934993,,,"imc < 18.501617493499317","imc >= 18.501617493499317"
40,4,10,"outer_training_saved_hyperparameters",3,1,217,"imc","competitor",1,217,-1,5.62956692211725,16.4133360721146,0,"continuous",16.4133360721146,,,"imc < 16.413336072114554","imc >= 16.413336072114554"
40,4,10,"outer_training_saved_hyperparameters",3,1,217,"idade","competitor",2,217,-1,2.21290322580644,12.5,0,"continuous",12.5,,,"idade < 12.5","idade >= 12.5"
40,4,10,"outer_training_saved_hyperparameters",3,1,217,"escoliometro_maior_10_graus","competitor",3,217,4,2.13824884792624,13,0,"categorical",,"toracica_lombar","normal | toracica | lombar","escoliometro_maior_10_graus in {toracica_lombar}","escoliometro_maior_10_graus in {normal | toracica | lombar}"
40,4,10,"outer_training_saved_hyperparameters",3,1,217,"lenke","competitor",4,217,6,1.88172043010752,14,0,"categorical",,"3","1 | 2 | 4 | 5 | 6","lenke in {3}","lenke in {1 | 2 | 4 | 5 | 6}"
40,4,10,"outer_training_saved_hyperparameters",6,2,65,"imc","competitor",1,65,-1,5.2,15.8393962241586,0,"continuous",15.8393962241586,,,"imc < 15.839396224158602","imc >= 15.839396224158602"
40,4,10,"outer_training_saved_hyperparameters",6,2,65,"risser","competitor",2,65,5,4.74626768580257,16,0,"categorical",,"0 | 3","1 | 2 | 4","risser in {0 | 3}","risser in {1 | 2 | 4}"
40,4,10,"outer_training_saved_hyperparameters",6,2,65,"lenke","competitor",3,65,6,3.39230769230769,17,0,"categorical",,"3 | 4","1 | 2 | 5 | 6","lenke in {3 | 4}","lenke in {1 | 2 | 5 | 6}"
40,4,10,"outer_training_saved_hyperparameters",6,2,65,"correcao_colete","competitor",4,65,1,2.77692307692308,51.3167013167013,0,"continuous",51.3167013167013,,,"correcao_colete >= 51.316701316701298","correcao_colete < 51.316701316701298"
40,4,10,"outer_training_saved_hyperparameters",13,3,46,"cifose_toracica","competitor",1,46,1,2.88386727688787,38.5,0,"continuous",38.5,,,"cifose_toracica >= 38.5","cifose_toracica < 38.5"
40,4,10,"outer_training_saved_hyperparameters",13,3,46,"correcao_colete","competitor",2,46,1,1.99309868875086,51.4718614718615,0,"continuous",51.4718614718615,,,"correcao_colete >= 51.471861471861452","correcao_colete < 51.471861471861452"
40,4,10,"outer_training_saved_hyperparameters",13,3,46,"lordose_lombar","competitor",3,46,1,1.36989966555184,55.5,0,"continuous",55.5,,,"lordose_lombar >= 55.5","lordose_lombar < 55.5"
40,4,10,"outer_training_saved_hyperparameters",13,3,46,"idade","competitor",4,46,1,1.32407667134175,13.5,0,"continuous",13.5,,,"idade >= 13.5","idade < 13.5"
41,5,1,"outer_training_saved_hyperparameters",1,0,553,"lenke","competitor",1,553,6,15.062793537494,1,0,"categorical",,"3 | 4","1 | 2 | 5 | 6","lenke in {3 | 4}","lenke in {1 | 2 | 5 | 6}"
41,5,1,"outer_training_saved_hyperparameters",1,0,553,"risser","competitor",2,553,5,9.72485999701189,2,0,"categorical",,"0 | 3 | 4","1 | 2","risser in {0 | 3 | 4}","risser in {1 | 2}"
41,5,1,"outer_training_saved_hyperparameters",1,0,553,"flexibilidade","competitor",3,553,2,7.28621610221126,3,0,"categorical",,"rigido","flexivel","flexibilidade in {rigido}","flexibilidade in {flexivel}"
41,5,1,"outer_training_saved_hyperparameters",1,0,553,"escoliometro_maior_10_graus","competitor",4,553,4,5.40676203524009,4,0,"categorical",,"toracica_lombar","normal | toracica | lombar","escoliometro_maior_10_graus in {toracica_lombar}","escoliometro_maior_10_graus in {normal | toracica | lombar}"
41,5,1,"outer_training_saved_hyperparameters",2,1,335,"risser","competitor",1,335,5,7.08448835782858,7,0,"categorical",,"0 | 2 | 3 | 4","1","risser in {0 | 2 | 3 | 4}","risser in {1}"
41,5,1,"outer_training_saved_hyperparameters",2,1,335,"cifose_toracica","competitor",2,335,-1,5.6540690501202,25.5,0,"continuous",25.5,,,"cifose_toracica < 25.5","cifose_toracica >= 25.5"
41,5,1,"outer_training_saved_hyperparameters",2,1,335,"lenke","competitor",3,335,6,5.59701492537312,8,0,"categorical",,"3 | 4","1 | 2 | 5 | 6","lenke in {3 | 4}","lenke in {1 | 2 | 5 | 6}"
41,5,1,"outer_training_saved_hyperparameters",2,1,335,"flexibilidade","competitor",4,335,2,3.8839936275165,9,0,"categorical",,"rigido","flexivel","flexibilidade in {rigido}","flexibilidade in {flexivel}"
41,5,1,"outer_training_saved_hyperparameters",5,2,276,"cifose_toracica","competitor",1,276,-1,5.89155130198785,25.5,0,"continuous",25.5,,,"cifose_toracica < 25.5","cifose_toracica >= 25.5"
41,5,1,"outer_training_saved_hyperparameters",5,2,276,"imc","competitor",2,276,1,5.31258234519103,15.5999909255693,0,"continuous",15.5999909255693,,,"imc >= 15.59999092556933","imc < 15.59999092556933"
41,5,1,"outer_training_saved_hyperparameters",5,2,276,"lenke","competitor",3,276,6,4.41613181332279,11,0,"categorical",,"2 | 3 | 4 | 6","1 | 5","lenke in {2 | 3 | 4 | 6}","lenke in {1 | 5}"
41,5,1,"outer_training_saved_hyperparameters",5,2,276,"flexibilidade","competitor",4,276,2,2.75964387467863,12,0,"categorical",,"rigido","flexivel","flexibilidade in {rigido}","flexibilidade in {flexivel}"
41,5,1,"outer_training_saved_hyperparameters",10,3,237,"cifose_toracica","competitor",1,237,-1,4.8253693485761,25.5,0,"continuous",25.5,,,"cifose_toracica < 25.5","cifose_toracica >= 25.5"
41,5,1,"outer_training_saved_hyperparameters",10,3,237,"imc","competitor",2,237,1,3.76641498260418,15.5999909255693,0,"continuous",15.5999909255693,,,"imc >= 15.59999092556933","imc < 15.59999092556933"
41,5,1,"outer_training_saved_hyperparameters",10,3,237,"sexo","competitor",3,237,2,2.97973728206352,14,0,"categorical",,"feminino","masculino","sexo in {feminino}","sexo in {masculino}"
41,5,1,"outer_training_saved_hyperparameters",10,3,237,"lordose_lombar","competitor",4,237,-1,2.96057947184147,43.5,0,"continuous",43.5,,,"lordose_lombar < 43.5","lordose_lombar >= 43.5"
41,5,1,"outer_training_saved_hyperparameters",11,3,39,"lordose_lombar","competitor",1,39,1,3.61157509157509,54.5,0,"continuous",54.5,,,"lordose_lombar >= 54.5","lordose_lombar < 54.5"
41,5,1,"outer_training_saved_hyperparameters",11,3,39,"correcao_colete","competitor",2,39,-1,2.21538461538461,31.9305019305019,0,"continuous",31.9305019305019,,,"correcao_colete < 31.930501930501897","correcao_colete >= 31.930501930501897"
41,5,1,"outer_training_saved_hyperparameters",11,3,39,"cifose_toracica","competitor",3,39,-1,2.15407509157509,9.5,0,"continuous",9.5,,,"cifose_toracica < 9.5","cifose_toracica >= 9.5"
41,5,1,"outer_training_saved_hyperparameters",11,3,39,"escoliometro_maior_10_graus","competitor",4,39,4,2.15407509157509,15,0,"categorical",,"toracica_lombar","normal | toracica | lombar","escoliometro_maior_10_graus in {toracica_lombar}","escoliometro_maior_10_graus in {normal | toracica | lombar}"
41,5,1,"outer_training_saved_hyperparameters",3,1,218,"imc","competitor",1,218,-1,4.75975960754712,16.4133360721146,0,"continuous",16.4133360721146,,,"imc < 16.413336072114554","imc >= 16.413336072114554"
41,5,1,"outer_training_saved_hyperparameters",3,1,218,"cifose_toracica","competitor",2,218,1,4.00675367187836,52,0,"continuous",52,,,"cifose_toracica >= 52","cifose_toracica < 52"
41,5,1,"outer_training_saved_hyperparameters",3,1,218,"escoliometro_maior_10_graus","competitor",3,218,4,3.17386220543262,17,0,"categorical",,"toracica_lombar","normal | toracica | lombar","escoliometro_maior_10_graus in {toracica_lombar}","escoliometro_maior_10_graus in {normal | toracica | lombar}"
41,5,1,"outer_training_saved_hyperparameters",3,1,218,"idade","competitor",4,218,-1,2.47078579892766,12.5,0,"continuous",12.5,,,"idade < 12.5","idade >= 12.5"
41,5,1,"outer_training_saved_hyperparameters",6,2,115,"cifose_toracica","competitor",1,115,1,4.11186839012925,52,0,"continuous",52,,,"cifose_toracica >= 52","cifose_toracica < 52"
41,5,1,"outer_training_saved_hyperparameters",6,2,115,"imc","competitor",2,115,-1,3.65332761250953,15.8393962241586,0,"continuous",15.8393962241586,,,"imc < 15.839396224158602","imc >= 15.839396224158602"
41,5,1,"outer_training_saved_hyperparameters",6,2,115,"lenke","competitor",3,115,6,2.12642140468227,22,0,"categorical",,"2 | 3 | 4 | 5 | 6","1","lenke in {2 | 3 | 4 | 5 | 6}","lenke in {1}"
41,5,1,"outer_training_saved_hyperparameters",6,2,115,"lordose_lombar","competitor",4,115,1,1.91469979296065,41.5,0,"continuous",41.5,,,"lordose_lombar >= 41.5","lordose_lombar < 41.5"
41,5,1,"outer_training_saved_hyperparameters",13,3,107,"cifose_toracica","competitor",1,107,1,4.6456764358951,52,0,"continuous",52,,,"cifose_toracica >= 52","cifose_toracica < 52"
41,5,1,"outer_training_saved_hyperparameters",13,3,107,"lordose_lombar","competitor",2,107,1,2.39580979767896,45,0,"continuous",45,,,"lordose_lombar >= 45","lordose_lombar < 45"
41,5,1,"outer_training_saved_hyperparameters",13,3,107,"correcao_colete","competitor",3,107,1,2.05829779511841,60.2325581395349,0,"continuous",60.2325581395349,,,"correcao_colete >= 60.232558139534902","correcao_colete < 60.232558139534902"
41,5,1,"outer_training_saved_hyperparameters",13,3,107,"lenke","competitor",4,107,6,1.76740607288968,23,0,"categorical",,"2 | 3 | 4 | 6","1 | 5","lenke in {2 | 3 | 4 | 6}","lenke in {1 | 5}"
42,5,2,"outer_training_saved_hyperparameters",1,0,553,"lenke","competitor",1,553,6,11.9809918520267,1,0,"categorical",,"3 | 4","1 | 2 | 5 | 6","lenke in {3 | 4}","lenke in {1 | 2 | 5 | 6}"
42,5,2,"outer_training_saved_hyperparameters",1,0,553,"risser","competitor",2,553,5,11.2068327258758,2,0,"categorical",,"0 | 3 | 4","1 | 2","risser in {0 | 3 | 4}","risser in {1 | 2}"
42,5,2,"outer_training_saved_hyperparameters",1,0,553,"flexibilidade","competitor",3,553,2,7.94440296184257,3,0,"categorical",,"rigido","flexivel","flexibilidade in {rigido}","flexibilidade in {flexivel}"
42,5,2,"outer_training_saved_hyperparameters",1,0,553,"idade","competitor",4,553,-1,6.30521235459196,12.5,0,"continuous",12.5,,,"idade < 12.5","idade >= 12.5"
42,5,2,"outer_training_saved_hyperparameters",2,1,333,"risser","competitor",1,333,5,5.70424128112356,6,0,"categorical",,"0 | 2 | 3 | 4","1","risser in {0 | 2 | 3 | 4}","risser in {1}"
42,5,2,"outer_training_saved_hyperparameters",2,1,333,"flexibilidade","competitor",2,333,2,4.84666315251422,7,0,"categorical",,"rigido","flexivel","flexibilidade in {rigido}","flexibilidade in {flexivel}"
42,5,2,"outer_training_saved_hyperparameters",2,1,333,"lordose_lombar","competitor",3,333,-1,4.46231946231947,45.5,0,"continuous",45.5,,,"lordose_lombar < 45.5","lordose_lombar >= 45.5"
42,5,2,"outer_training_saved_hyperparameters",2,1,333,"cifose_toracica","competitor",4,333,-1,4.08527782440825,25.5,0,"continuous",25.5,,,"cifose_toracica < 25.5","cifose_toracica >= 25.5"
42,5,2,"outer_training_saved_hyperparameters",5,2,276,"lordose_lombar","competitor",1,276,-1,5.25627753888624,43.5,0,"continuous",43.5,,,"lordose_lombar < 43.5","lordose_lombar >= 43.5"
42,5,2,"outer_training_saved_hyperparameters",5,2,276,"cifose_toracica","competitor",2,276,-1,4.84274059396853,10.5,0,"continuous",10.5,,,"cifose_toracica < 10.5","cifose_toracica >= 10.5"
42,5,2,"outer_training_saved_hyperparameters",5,2,276,"correcao_colete","competitor",3,276,-1,3.47826143555575,45.3463203463204,0,"continuous",45.3463203463204,,,"correcao_colete < 45.346320346320354","correcao_colete >= 45.346320346320354"
42,5,2,"outer_training_saved_hyperparameters",5,2,276,"imc","competitor",4,276,1,3.43180345487016,15.5999909255693,0,"continuous",15.5999909255693,,,"imc >= 15.59999092556933","imc < 15.59999092556933"
42,5,2,"outer_training_saved_hyperparameters",10,3,127,"lordose_lombar","competitor",1,127,-1,4.12044431946006,69,0,"continuous",69,,,"lordose_lombar < 69","lordose_lombar >= 69"
42,5,2,"outer_training_saved_hyperparameters",10,3,127,"imc","competitor",2,127,1,3.71857998882216,16.5231604155319,0,"continuous",16.5231604155319,,,"imc >= 16.523160415531883","imc < 16.523160415531883"
42,5,2,"outer_training_saved_hyperparameters",10,3,127,"cifose_toracica","competitor",3,127,-1,3.26917703835408,30.5,0,"continuous",30.5,,,"cifose_toracica < 30.5","cifose_toracica >= 30.5"
42,5,2,"outer_training_saved_hyperparameters",10,3,127,"correcao_colete","competitor",4,127,1,2.25239412640988,30.3940568475453,0,"continuous",30.3940568475453,,,"correcao_colete >= 30.394056847545251","correcao_colete < 30.394056847545251"
42,5,2,"outer_training_saved_hyperparameters",11,3,149,"lordose_lombar","competitor",1,149,-1,4.94252234145641,40.5,0,"continuous",40.5,,,"lordose_lombar < 40.5","lordose_lombar >= 40.5"
42,5,2,"outer_training_saved_hyperparameters",11,3,149,"flexibilidade","competitor",2,149,2,3.80958037078875,12,0,"categorical",,"rigido","flexivel","flexibilidade in {rigido}","flexibilidade in {flexivel}"
42,5,2,"outer_training_saved_hyperparameters",11,3,149,"imc","competitor",3,149,-1,3.71075084497903,18.5016174934993,0,"continuous",18.5016174934993,,,"imc < 18.501617493499317","imc >= 18.501617493499317"
42,5,2,"outer_training_saved_hyperparameters",11,3,149,"cifose_toracica","competitor",4,149,-1,2.99440505626482,9.5,0,"continuous",9.5,,,"cifose_toracica < 9.5","cifose_toracica >= 9.5"
42,5,2,"outer_training_saved_hyperparameters",3,1,220,"imc","competitor",1,220,-1,4.55518341307815,15.8159338229221,0,"continuous",15.8159338229221,,,"imc < 15.815933822922069","imc >= 15.815933822922069"
42,5,2,"outer_training_saved_hyperparameters",3,1,220,"idade","competitor",2,220,-1,3.13848409654861,12.5,0,"continuous",12.5,,,"idade < 12.5","idade >= 12.5"
42,5,2,"outer_training_saved_hyperparameters",3,1,220,"escoliometro_maior_10_graus","competitor",3,220,4,2.23292794162359,14,0,"categorical",,"toracica_lombar","normal | toracica | lombar","escoliometro_maior_10_graus in {toracica_lombar}","escoliometro_maior_10_graus in {normal | toracica | lombar}"
42,5,2,"outer_training_saved_hyperparameters",3,1,220,"lordose_lombar","competitor",4,220,1,2.00820209180865,43.5,0,"continuous",43.5,,,"lordose_lombar >= 43.5","lordose_lombar < 43.5"
42,5,2,"outer_training_saved_hyperparameters",6,2,59,"risser","competitor",1,59,5,5.82164276401565,16,0,"categorical",,"0 | 3","1 | 2 | 4","risser in {0 | 3}","risser in {1 | 2 | 4}"
42,5,2,"outer_training_saved_hyperparameters",6,2,59,"lenke","competitor",2,59,6,4.77087784266249,17,0,"categorical",,"3 | 4 | 5","1 | 2 | 6","lenke in {3 | 4 | 5}","lenke in {1 | 2 | 6}"
42,5,2,"outer_training_saved_hyperparameters",6,2,59,"correcao_colete","competitor",3,59,1,3.86462200699489,53.2291666666667,0,"continuous",53.2291666666667,,,"correcao_colete >= 53.22916666666665","correcao_colete < 53.22916666666665"
42,5,2,"outer_training_saved_hyperparameters",6,2,59,"lordose_lombar","competitor",4,59,-1,3.83250249252243,49.5,0,"continuous",49.5,,,"lordose_lombar < 49.5","lordose_lombar >= 49.5"
43,5,3,"outer_training_saved_hyperparameters",1,0,553,"lenke","competitor",1,553,6,14.6510425801383,1,0,"categorical",,"3 | 4","1 | 2 | 5 | 6","lenke in {3 | 4}","lenke in {1 | 2 | 5 | 6}"
43,5,3,"outer_training_saved_hyperparameters",1,0,553,"risser","competitor",2,553,5,9.22856989450639,2,0,"categorical",,"0 | 3 | 4","1 | 2","risser in {0 | 3 | 4}","risser in {1 | 2}"
43,5,3,"outer_training_saved_hyperparameters",1,0,553,"flexibilidade","competitor",3,553,2,7.94440296184257,3,0,"categorical",,"rigido","flexivel","flexibilidade in {rigido}","flexibilidade in {flexivel}"
43,5,3,"outer_training_saved_hyperparameters",1,0,553,"idade","competitor",4,553,-1,4.84512588970688,12.5,0,"continuous",12.5,,,"idade < 12.5","idade >= 12.5"
43,5,3,"outer_training_saved_hyperparameters",2,1,332,"lenke","competitor",1,332,6,4.71232530074474,5,0,"categorical",,"3 | 4","1 | 2 | 5 | 6","lenke in {3 | 4}","lenke in {1 | 2 | 5 | 6}"
43,5,3,"outer_training_saved_hyperparameters",2,1,332,"cifose_toracica","competitor",2,332,-1,3.64788184998056,24.5,0,"continuous",24.5,,,"cifose_toracica < 24.5","cifose_toracica >= 24.5"
43,5,3,"outer_training_saved_hyperparameters",2,1,332,"risser","competitor",3,332,5,3.57357706688825,6,0,"categorical",,"0 | 2 | 3 | 4","1","risser in {0 | 2 | 3 | 4}","risser in {1}"
43,5,3,"outer_training_saved_hyperparameters",2,1,332,"lordose_lombar","competitor",4,332,-1,3.45481260547075,70.5,0,"continuous",70.5,,,"lordose_lombar < 70.5","lordose_lombar >= 70.5"
43,5,3,"outer_training_saved_hyperparameters",5,2,270,"risser","competitor",1,270,5,4.18095948297291,7,0,"categorical",,"0 | 3","1 | 2 | 4","risser in {0 | 3}","risser in {1 | 2 | 4}"
43,5,3,"outer_training_saved_hyperparameters",5,2,270,"lenke","competitor",2,270,6,4.02116402116401,8,0,"categorical",,"2 | 3 | 4 | 6","1 | 5","lenke in {2 | 3 | 4 | 6}","lenke in {1 | 5}"
43,5,3,"outer_training_saved_hyperparameters",5,2,270,"correcao_colete","competitor",3,270,-1,3.18082788671023,45.3463203463204,0,"continuous",45.3463203463204,,,"correcao_colete < 45.346320346320354","correcao_colete >= 45.346320346320354"
43,5,3,"outer_training_saved_hyperparameters",5,2,270,"sexo","competitor",4,270,2,3.09693415915578,9,0,"categorical",,"feminino","masculino","sexo in {feminino}","sexo in {masculino}"
43,5,3,"outer_training_saved_hyperparameters",11,3,238,"lenke","competitor",1,238,6,3.62162601788781,11,0,"categorical",,"2 | 3 | 4","1 | 5 | 6","lenke in {2 | 3 | 4}","lenke in {1 | 5 | 6}"
43,5,3,"outer_training_saved_hyperparameters",11,3,238,"sexo","competitor",2,238,2,2.62428803161322,12,0,"categorical",,"feminino","masculino","sexo in {feminino}","sexo in {masculino}"
43,5,3,"outer_training_saved_hyperparameters",11,3,238,"correcao_colete","competitor",3,238,-1,2.51455029238888,45.3463203463204,0,"continuous",45.3463203463204,,,"correcao_colete < 45.346320346320354","correcao_colete >= 45.346320346320354"
43,5,3,"outer_training_saved_hyperparameters",11,3,238,"imc","competitor",4,238,1,2.46102274015958,16.6202485115718,0,"continuous",16.6202485115718,,,"imc >= 16.62024851157183","imc < 16.62024851157183"
43,5,3,"outer_training_saved_hyperparameters",3,1,221,"imc","competitor",1,221,-1,6.25505487362816,16.4133360721146,0,"continuous",16.4133360721146,,,"imc < 16.413336072114554","imc >= 16.413336072114554"
43,5,3,"outer_training_saved_hyperparameters",3,1,221,"idade","competitor",2,221,-1,3.11816849029982,12.5,0,"continuous",12.5,,,"idade < 12.5","idade >= 12.5"
43,5,3,"outer_training_saved_hyperparameters",3,1,221,"lordose_lombar","competitor",3,221,1,2.02736479207066,43.5,0,"continuous",43.5,,,"lordose_lombar >= 43.5","lordose_lombar < 43.5"
43,5,3,"outer_training_saved_hyperparameters",3,1,221,"escoliometro_maior_10_graus","competitor",4,221,4,1.96870364645301,13,0,"categorical",,"toracica_lombar","normal | toracica | lombar","escoliometro_maior_10_graus in {toracica_lombar}","escoliometro_maior_10_graus in {normal | toracica | lombar}"
43,5,3,"outer_training_saved_hyperparameters",6,2,121,"lenke","competitor",1,121,6,2.49589531680441,17,0,"categorical",,"3 | 4","1 | 2 | 5 | 6","lenke in {3 | 4}","lenke in {1 | 2 | 5 | 6}"
43,5,3,"outer_training_saved_hyperparameters",6,2,121,"cifose_toracica","competitor",2,121,-1,1.86225895316804,16,0,"continuous",16,,,"cifose_toracica < 16","cifose_toracica >= 16"
43,5,3,"outer_training_saved_hyperparameters",6,2,121,"lordose_lombar","competitor",3,121,1,1.75351436442346,45.5,0,"continuous",45.5,,,"lordose_lombar >= 45.5","lordose_lombar < 45.5"
43,5,3,"outer_training_saved_hyperparameters",6,2,121,"idade","competitor",4,121,-1,1.64996224087134,12.5,0,"continuous",12.5,,,"idade < 12.5","idade >= 12.5"
44,5,4,"outer_training_saved_hyperparameters",1,0,553,"risser","competitor",1,553,5,12.2419540141059,1,0,"categorical",,"0 | 3 | 4","1 | 2","risser in {0 | 3 | 4}","risser in {1 | 2}"
44,5,4,"outer_training_saved_hyperparameters",1,0,553,"lenke","competitor",2,553,6,10.974518235569,2,0,"categorical",,"3 | 4","1 | 2 | 5 | 6","lenke in {3 | 4}","lenke in {1 | 2 | 5 | 6}"
44,5,4,"outer_training_saved_hyperparameters",1,0,553,"flexibilidade","competitor",3,553,2,6.59955257855881,3,0,"categorical",,"rigido","flexivel","flexibilidade in {rigido}","flexibilidade in {flexivel}"
44,5,4,"outer_training_saved_hyperparameters",1,0,553,"idade","competitor",4,553,1,5.54019894893617,16.5,0,"continuous",16.5,,,"idade >= 16.5","idade < 16.5"
44,5,4,"outer_training_saved_hyperparameters",2,1,343,"risser","competitor",1,343,5,7.17674109814794,5,0,"categorical",,"0 | 2 | 3 | 4","1","risser in {0 | 2 | 3 | 4}","risser in {1}"
44,5,4,"outer_training_saved_hyperparameters",2,1,343,"cifose_toracica","competitor",2,343,-1,4.21355946372404,25.5,0,"continuous",25.5,,,"cifose_toracica < 25.5","cifose_toracica >= 25.5"
44,5,4,"outer_training_saved_hyperparameters",2,1,343,"lenke","competitor",3,343,6,3.9400852170254,6,0,"categorical",,"3 | 4","1 | 2 | 5 | 6","lenke in {3 | 4}","lenke in {1 | 2 | 5 | 6}"
44,5,4,"outer_training_saved_hyperparameters",2,1,343,"sexo","competitor",4,343,2,3.71664725547555,7,0,"categorical",,"feminino","masculino","sexo in {feminino}","sexo in {masculino}"
44,5,4,"outer_training_saved_hyperparameters",5,2,286,"cifose_toracica","competitor",1,286,-1,4.4724960079291,9.5,0,"continuous",9.5,,,"cifose_toracica < 9.5","cifose_toracica >= 9.5"
44,5,4,"outer_training_saved_hyperparameters",5,2,286,"imc","competitor",2,286,1,4.08515641799775,15.5999909255693,0,"continuous",15.5999909255693,,,"imc >= 15.59999092556933","imc < 15.59999092556933"
44,5,4,"outer_training_saved_hyperparameters",5,2,286,"sexo","competitor",3,286,2,3.41987543706293,9,0,"categorical",,"feminino","masculino","sexo in {feminino}","sexo in {masculino}"
44,5,4,"outer_training_saved_hyperparameters",5,2,286,"lenke","competitor",4,286,6,3.34194098584342,10,0,"categorical",,"2 | 3 | 4 | 6","1 | 5","lenke in {2 | 3 | 4 | 6}","lenke in {1 | 5}"
45,5,5,"outer_training_saved_hyperparameters",1,0,553,"risser","competitor",1,553,5,15.4897636915806,1,0,"categorical",,"0 | 3 | 4","1 | 2","risser in {0 | 3 | 4}","risser in {1 | 2}"
45,5,5,"outer_training_saved_hyperparameters",1,0,553,"lenke","competitor",2,553,6,13.2865286986806,2,0,"categorical",,"3 | 4","1 | 2 | 5 | 6","lenke in {3 | 4}","lenke in {1 | 2 | 5 | 6}"
45,5,5,"outer_training_saved_hyperparameters",1,0,553,"flexibilidade","competitor",3,553,2,6.66782869593914,3,0,"categorical",,"rigido","flexivel","flexibilidade in {rigido}","flexibilidade in {flexivel}"
45,5,5,"outer_training_saved_hyperparameters",1,0,553,"cifose_toracica","competitor",4,553,1,4.59510759231864,43.5,0,"continuous",43.5,,,"cifose_toracica >= 43.5","cifose_toracica < 43.5"
45,5,5,"outer_training_saved_hyperparameters",2,1,330,"risser","competitor",1,330,5,7.88097041847041,6,0,"categorical",,"0 | 2 | 3 | 4","1","risser in {0 | 2 | 3 | 4}","risser in {1}"
45,5,5,"outer_training_saved_hyperparameters",2,1,330,"lenke","competitor",2,330,6,4.83400322885933,7,0,"categorical",,"2 | 3 | 4 | 6","1 | 5","lenke in {2 | 3 | 4 | 6}","lenke in {1 | 5}"
45,5,5,"outer_training_saved_hyperparameters",2,1,330,"cifose_toracica","competitor",3,330,-1,3.92398813898674,25.5,0,"continuous",25.5,,,"cifose_toracica < 25.5","cifose_toracica >= 25.5"
45,5,5,"outer_training_saved_hyperparameters",2,1,330,"imc","competitor",4,330,1,3.13254478584682,16.89509725284,0,"continuous",16.89509725284,,,"imc >= 16.895097252840038","imc < 16.895097252840038"
45,5,5,"outer_training_saved_hyperparameters",5,2,272,"lenke","competitor",1,272,6,5.42381245994602,9,0,"categorical",,"2 | 3 | 4 | 6","1 | 5","lenke in {2 | 3 | 4 | 6}","lenke in {1 | 5}"
45,5,5,"outer_training_saved_hyperparameters",5,2,272,"cifose_toracica","competitor",2,272,-1,4.65860420370788,9.5,0,"continuous",9.5,,,"cifose_toracica < 9.5","cifose_toracica >= 9.5"
45,5,5,"outer_training_saved_hyperparameters",5,2,272,"imc","competitor",3,272,1,4.1609998474098,15.6408763467338,0,"continuous",15.6408763467338,,,"imc >= 15.640876346733801","imc < 15.640876346733801"
45,5,5,"outer_training_saved_hyperparameters",5,2,272,"sexo","competitor",4,272,2,2.99775561565623,10,0,"categorical",,"feminino","masculino","sexo in {feminino}","sexo in {masculino}"
45,5,5,"outer_training_saved_hyperparameters",10,3,235,"cifose_toracica","competitor",1,235,-1,4.12160081053699,30.5,0,"continuous",30.5,,,"cifose_toracica < 30.5","cifose_toracica >= 30.5"
45,5,5,"outer_training_saved_hyperparameters",10,3,235,"sexo","competitor",2,235,2,3.91087617285584,12,0,"categorical",,"feminino","masculino","sexo in {feminino}","sexo in {masculino}"
45,5,5,"outer_training_saved_hyperparameters",10,3,235,"lordose_lombar","competitor",3,235,1,3.26652836705691,60.5,0,"continuous",60.5,,,"lordose_lombar >= 60.5","lordose_lombar < 60.5"
45,5,5,"outer_training_saved_hyperparameters",10,3,235,"imc","competitor",4,235,1,2.50843492879969,16.6202485115718,0,"continuous",16.6202485115718,,,"imc >= 16.62024851157183","imc < 16.62024851157183"
45,5,5,"outer_training_saved_hyperparameters",3,1,223,"imc","competitor",1,223,-1,5.56097200404321,16.4133360721146,0,"continuous",16.4133360721146,,,"imc < 16.413336072114554","imc >= 16.413336072114554"
45,5,5,"outer_training_saved_hyperparameters",3,1,223,"idade","competitor",2,223,-1,2.77364637513444,12.5,0,"continuous",12.5,,,"idade < 12.5","idade >= 12.5"
45,5,5,"outer_training_saved_hyperparameters",3,1,223,"escoliometro_maior_10_graus","competitor",3,223,4,2.65471139473382,13,0,"categorical",,"toracica_lombar","normal | toracica | lombar","escoliometro_maior_10_graus in {toracica_lombar}","escoliometro_maior_10_graus in {normal | toracica | lombar}"
45,5,5,"outer_training_saved_hyperparameters",3,1,223,"lordose_lombar","competitor",4,223,1,2.23411496218085,43.5,0,"continuous",43.5,,,"lordose_lombar >= 43.5","lordose_lombar < 43.5"
45,5,5,"outer_training_saved_hyperparameters",6,2,121,"idade","competitor",1,121,-1,2.25385302658029,12.5,0,"continuous",12.5,,,"idade < 12.5","idade >= 12.5"
45,5,5,"outer_training_saved_hyperparameters",6,2,121,"lordose_lombar","competitor",2,121,1,2.0957534175373,43.5,0,"continuous",43.5,,,"lordose_lombar >= 43.5","lordose_lombar < 43.5"
45,5,5,"outer_training_saved_hyperparameters",6,2,121,"lenke","competitor",3,121,6,2.07037573485558,17,0,"categorical",,"3 | 4","1 | 2 | 5 | 6","lenke in {3 | 4}","lenke in {1 | 2 | 5 | 6}"
45,5,5,"outer_training_saved_hyperparameters",6,2,121,"cifose_toracica","competitor",4,121,-1,1.74268892129854,16,0,"continuous",16,,,"cifose_toracica < 16","cifose_toracica >= 16"
46,5,6,"outer_training_saved_hyperparameters",1,0,553,"lenke","competitor",1,553,6,13.6822036288274,1,0,"categorical",,"3 | 4","1 | 2 | 5 | 6","lenke in {3 | 4}","lenke in {1 | 2 | 5 | 6}"
46,5,6,"outer_training_saved_hyperparameters",1,0,553,"risser","competitor",2,553,5,10.4538783643253,2,0,"categorical",,"0 | 3 | 4","1 | 2","risser in {0 | 3 | 4}","risser in {1 | 2}"
46,5,6,"outer_training_saved_hyperparameters",1,0,553,"flexibilidade","competitor",3,553,2,6.30521235459196,3,0,"categorical",,"rigido","flexivel","flexibilidade in {rigido}","flexibilidade in {flexivel}"
46,5,6,"outer_training_saved_hyperparameters",1,0,553,"cifose_toracica","competitor",4,553,-1,5.97941551498496,25.5,0,"continuous",25.5,,,"cifose_toracica < 25.5","cifose_toracica >= 25.5"
46,5,6,"outer_training_saved_hyperparameters",2,1,341,"cifose_toracica","competitor",1,341,-1,6.53225806451613,25.5,0,"continuous",25.5,,,"cifose_toracica < 25.5","cifose_toracica >= 25.5"
46,5,6,"outer_training_saved_hyperparameters",2,1,341,"risser","competitor",2,341,5,5.79821551132463,5,0,"categorical",,"0 | 2 | 3 | 4","1","risser in {0 | 2 | 3 | 4}","risser in {1}"
46,5,6,"outer_training_saved_hyperparameters",2,1,341,"lenke","competitor",3,341,6,4.30084267768217,6,0,"categorical",,"3 | 4","1 | 2 | 5 | 6","lenke in {3 | 4}","lenke in {1 | 2 | 5 | 6}"
46,5,6,"outer_training_saved_hyperparameters",2,1,341,"flexibilidade","competitor",4,341,2,3.54352457578264,7,0,"categorical",,"rigido","flexivel","flexibilidade in {rigido}","flexibilidade in {flexivel}"
46,5,6,"outer_training_saved_hyperparameters",5,2,280,"cifose_toracica","competitor",1,280,-1,5.82057631447448,9.5,0,"continuous",9.5,,,"cifose_toracica < 9.5","cifose_toracica >= 9.5"
46,5,6,"outer_training_saved_hyperparameters",5,2,280,"imc","competitor",2,280,1,4.71578947368421,15.5999909255693,0,"continuous",15.5999909255693,,,"imc >= 15.59999092556933","imc < 15.59999092556933"
46,5,6,"outer_training_saved_hyperparameters",5,2,280,"lenke","competitor",3,280,6,3.34404761904764,9,0,"categorical",,"2 | 3 | 4 | 6","1 | 5","lenke in {2 | 3 | 4 | 6}","lenke in {1 | 5}"
46,5,6,"outer_training_saved_hyperparameters",5,2,280,"lordose_lombar","competitor",4,280,-1,3.08769325912183,43.5,0,"continuous",43.5,,,"lordose_lombar < 43.5","lordose_lombar >= 43.5"
46,5,6,"outer_training_saved_hyperparameters",10,3,129,"lordose_lombar","competitor",1,129,-1,3.90857838426549,75.5,0,"continuous",75.5,,,"lordose_lombar < 75.5","lordose_lombar >= 75.5"
46,5,6,"outer_training_saved_hyperparameters",10,3,129,"cifose_toracica","competitor",2,129,-1,3.34499331729484,30.5,0,"continuous",30.5,,,"cifose_toracica < 30.5","cifose_toracica >= 30.5"
46,5,6,"outer_training_saved_hyperparameters",10,3,129,"lenke","competitor",3,129,6,3.07982401005657,12,0,"categorical",,"4","1 | 2 | 3 | 5 | 6","lenke in {4}","lenke in {1 | 2 | 3 | 5 | 6}"
46,5,6,"outer_training_saved_hyperparameters",10,3,129,"correcao_colete","competitor",4,129,1,2.33055895552836,30.3940568475453,0,"continuous",30.3940568475453,,,"correcao_colete >= 30.394056847545251","correcao_colete < 30.394056847545251"
46,5,6,"outer_training_saved_hyperparameters",20,4,106,"escoliometro_maior_10_graus","competitor",1,106,4,2.16023222060958,15,0,"categorical",,"toracica | lombar | toracica_lombar","normal","escoliometro_maior_10_graus in {toracica | lombar | toracica_lombar}","escoliometro_maior_10_graus in {normal}"
46,5,6,"outer_training_saved_hyperparameters",20,4,106,"cifose_toracica","competitor",2,106,-1,1.91176241084945,36.5,0,"continuous",36.5,,,"cifose_toracica < 36.5","cifose_toracica >= 36.5"
46,5,6,"outer_training_saved_hyperparameters",20,4,106,"imc","competitor",3,106,-1,1.82606406318561,21.9843518636369,0,"continuous",21.9843518636369,,,"imc < 21.984351863636899","imc >= 21.984351863636899"
46,5,6,"outer_training_saved_hyperparameters",20,4,106,"lordose_lombar","competitor",4,106,-1,1.70308936346672,62.5,0,"continuous",62.5,,,"lordose_lombar < 62.5","lordose_lombar >= 62.5"
46,5,6,"outer_training_saved_hyperparameters",21,4,23,"imc","competitor",1,23,-1,1.71506211180124,16.2099155509387,0,"continuous",16.2099155509387,,,"imc < 16.209915550938749","imc >= 16.209915550938749"
46,5,6,"outer_training_saved_hyperparameters",21,4,23,"cifose_toracica","competitor",2,23,-1,1.71506211180124,30.5,0,"continuous",30.5,,,"cifose_toracica < 30.5","cifose_toracica >= 30.5"
46,5,6,"outer_training_saved_hyperparameters",21,4,23,"lenke","competitor",3,23,6,1.71506211180124,16,0,"categorical",,"2 | 5 | 6","1 | 3","lenke in {2 | 5 | 6}","lenke in {1 | 3}"
46,5,6,"outer_training_saved_hyperparameters",21,4,23,"correcao_colete","competitor",4,23,1,1.59006211180124,37.3399715504979,0,"continuous",37.3399715504979,,,"correcao_colete >= 37.33997155049785","correcao_colete < 37.33997155049785"
46,5,6,"outer_training_saved_hyperparameters",11,3,151,"cifose_toracica","competitor",1,151,-1,4.59870002452784,9.5,0,"continuous",9.5,,,"cifose_toracica < 9.5","cifose_toracica >= 9.5"
46,5,6,"outer_training_saved_hyperparameters",11,3,151,"lordose_lombar","competitor",2,151,1,4.24371957824305,61.5,0,"continuous",61.5,,,"lordose_lombar >= 61.5","lordose_lombar < 61.5"
46,5,6,"outer_training_saved_hyperparameters",11,3,151,"imc","competitor",3,151,-1,3.77791506045929,18.5016174934993,0,"continuous",18.5016174934993,,,"imc < 18.501617493499317","imc >= 18.501617493499317"
46,5,6,"outer_training_saved_hyperparameters",11,3,151,"sexo","competitor",4,151,2,3.54086098247826,19,0,"categorical",,"feminino","masculino","sexo in {feminino}","sexo in {masculino}"
46,5,6,"outer_training_saved_hyperparameters",3,1,212,"imc","competitor",1,212,-1,4.21874292138224,16.4133360721146,0,"continuous",16.4133360721146,,,"imc < 16.413336072114554","imc >= 16.413336072114554"
46,5,6,"outer_training_saved_hyperparameters",3,1,212,"escoliometro_maior_10_graus","competitor",2,212,4,3.19254926055828,22,0,"categorical",,"toracica_lombar","normal | toracica | lombar","escoliometro_maior_10_graus in {toracica_lombar}","escoliometro_maior_10_graus in {normal | toracica | lombar}"
46,5,6,"outer_training_saved_hyperparameters",3,1,212,"idade","competitor",3,212,-1,2.63490566037736,12.5,0,"continuous",12.5,,,"idade < 12.5","idade >= 12.5"
46,5,6,"outer_training_saved_hyperparameters",3,1,212,"cifose_toracica","competitor",4,212,1,2.28072447570836,47,0,"continuous",47,,,"cifose_toracica >= 47","cifose_toracica < 47"
46,5,6,"outer_training_saved_hyperparameters",6,2,115,"imc","competitor",1,115,-1,3.6843989769821,16.6287460719878,0,"continuous",16.6287460719878,,,"imc < 16.628746071987827","imc >= 16.628746071987827"
46,5,6,"outer_training_saved_hyperparameters",6,2,115,"cifose_toracica","competitor",2,115,-1,3.51752402187184,21.5,0,"continuous",21.5,,,"cifose_toracica < 21.5","cifose_toracica >= 21.5"
46,5,6,"outer_training_saved_hyperparameters",6,2,115,"lenke","competitor",3,115,6,2.73642512077294,27,0,"categorical",,"2 | 3 | 4 | 6","1 | 5","lenke in {2 | 3 | 4 | 6}","lenke in {1 | 5}"
46,5,6,"outer_training_saved_hyperparameters",6,2,115,"lordose_lombar","competitor",4,115,1,1.80372670807453,41.5,0,"continuous",41.5,,,"lordose_lombar >= 41.5","lordose_lombar < 41.5"
46,5,6,"outer_training_saved_hyperparameters",13,3,107,"cifose_toracica","competitor",1,107,1,3.19668891855808,43,0,"continuous",43,,,"cifose_toracica >= 43","cifose_toracica < 43"
46,5,6,"outer_training_saved_hyperparameters",13,3,107,"lenke","competitor",2,107,6,2.74632173554029,28,0,"categorical",,"2 | 3 | 4 | 6","1 | 5","lenke in {2 | 3 | 4 | 6}","lenke in {1 | 5}"
46,5,6,"outer_training_saved_hyperparameters",13,3,107,"lordose_lombar","competitor",3,107,1,2.39580979767896,45,0,"continuous",45,,,"lordose_lombar >= 45","lordose_lombar < 45"
46,5,6,"outer_training_saved_hyperparameters",13,3,107,"correcao_colete","competitor",4,107,1,1.14164786765496,51.4718614718615,0,"continuous",51.4718614718615,,,"correcao_colete >= 51.471861471861452","correcao_colete < 51.471861471861452"
46,5,6,"outer_training_saved_hyperparameters",26,4,20,"imc","competitor",1,20,1,2.5,15.4192646666809,0,"continuous",15.4192646666809,,,"imc >= 15.419264666680895","imc < 15.419264666680895"
46,5,6,"outer_training_saved_hyperparameters",26,4,20,"lenke","competitor",2,20,6,2.4,29,0,"categorical",,"2 | 4 | 5 | 6","1 | 3","lenke in {2 | 4 | 5 | 6}","lenke in {1 | 3}"
46,5,6,"outer_training_saved_hyperparameters",26,4,20,"idade","competitor",3,20,1,2.03186813186813,13.5,0,"continuous",13.5,,,"idade >= 13.5","idade < 13.5"
46,5,6,"outer_training_saved_hyperparameters",26,4,20,"risser","competitor",4,20,5,2.03186813186813,30,0,"categorical",,"1 | 3 | 4","0 | 2","risser in {1 | 3 | 4}","risser in {0 | 2}"
47,5,7,"outer_training_saved_hyperparameters",1,0,553,"lenke","competitor",1,553,6,14.7684041340415,1,0,"categorical",,"3 | 4","1 | 2 | 5 | 6","lenke in {3 | 4}","lenke in {1 | 2 | 5 | 6}"
47,5,7,"outer_training_saved_hyperparameters",1,0,553,"risser","competitor",2,553,5,9.03050338857076,2,0,"categorical",,"0 | 3 | 4","1 | 2","risser in {0 | 3 | 4}","risser in {1 | 2}"
47,5,7,"outer_training_saved_hyperparameters",1,0,553,"flexibilidade","competitor",3,553,2,7.95420123484763,3,0,"categorical",,"rigido","flexivel","flexibilidade in {rigido}","flexibilidade in {flexivel}"
47,5,7,"outer_training_saved_hyperparameters",1,0,553,"idade","competitor",4,553,-1,5.42067766992454,12.5,0,"continuous",12.5,,,"idade < 12.5","idade >= 12.5"
47,5,7,"outer_training_saved_hyperparameters",2,1,334,"risser","competitor",1,334,5,5.34623350386607,5,0,"categorical",,"0 | 2 | 3","1 | 4","risser in {0 | 2 | 3}","risser in {1 | 4}"
47,5,7,"outer_training_saved_hyperparameters",2,1,334,"lenke","competitor",2,334,6,4.5986606883321,6,0,"categorical",,"3 | 4","1 | 2 | 5 | 6","lenke in {3 | 4}","lenke in {1 | 2 | 5 | 6}"
47,5,7,"outer_training_saved_hyperparameters",2,1,334,"sexo","competitor",3,334,2,4.48524790440959,7,0,"categorical",,"feminino","masculino","sexo in {feminino}","sexo in {masculino}"
47,5,7,"outer_training_saved_hyperparameters",2,1,334,"flexibilidade","competitor",4,334,2,4.19633584586404,8,0,"categorical",,"rigido","flexivel","flexibilidade in {rigido}","flexibilidade in {flexivel}"
47,5,7,"outer_training_saved_hyperparameters",5,2,272,"sexo","competitor",1,272,2,4.60271731643478,10,0,"categorical",,"feminino","masculino","sexo in {feminino}","sexo in {masculino}"
47,5,7,"outer_training_saved_hyperparameters",5,2,272,"lenke","competitor",2,272,6,4.50782934784557,11,0,"categorical",,"2 | 3 | 4 | 6","1 | 5","lenke in {2 | 3 | 4 | 6}","lenke in {1 | 5}"
47,5,7,"outer_training_saved_hyperparameters",5,2,272,"cifose_toracica","competitor",3,272,-1,4.35681567709052,9.5,0,"continuous",9.5,,,"cifose_toracica < 9.5","cifose_toracica >= 9.5"
47,5,7,"outer_training_saved_hyperparameters",5,2,272,"imc","competitor",4,272,1,3.47215979415022,15.5999909255693,0,"continuous",15.5999909255693,,,"imc >= 15.59999092556933","imc < 15.59999092556933"
47,5,7,"outer_training_saved_hyperparameters",10,3,173,"lordose_lombar","competitor",1,173,-1,3.73286342498392,71.5,0,"continuous",71.5,,,"lordose_lombar < 71.5","lordose_lombar >= 71.5"
47,5,7,"outer_training_saved_hyperparameters",10,3,173,"cifose_toracica","competitor",2,173,-1,3.16117734425178,30.5,0,"continuous",30.5,,,"cifose_toracica < 30.5","cifose_toracica >= 30.5"
47,5,7,"outer_training_saved_hyperparameters",10,3,173,"imc","competitor",3,173,1,2.92964325334269,15.5999909255693,0,"continuous",15.5999909255693,,,"imc >= 15.59999092556933","imc < 15.59999092556933"
47,5,7,"outer_training_saved_hyperparameters",10,3,173,"lenke","competitor",4,173,6,2.70243768704137,13,0,"categorical",,"3 | 4 | 6","1 | 2 | 5","lenke in {3 | 4 | 6}","lenke in {1 | 2 | 5}"
47,5,7,"outer_training_saved_hyperparameters",20,4,152,"lordose_lombar","competitor",1,152,-1,4.38970418747599,71.5,0,"continuous",71.5,,,"lordose_lombar < 71.5","lordose_lombar >= 71.5"
47,5,7,"outer_training_saved_hyperparameters",20,4,152,"imc","competitor",2,152,1,2.13577421815408,15.982784950715,0,"continuous",15.982784950715,,,"imc >= 15.982784950714979","imc < 15.982784950714979"
47,5,7,"outer_training_saved_hyperparameters",20,4,152,"correcao_colete","competitor",3,152,1,2.13577421815408,30.3940568475453,0,"continuous",30.3940568475453,,,"correcao_colete >= 30.394056847545251","correcao_colete < 30.394056847545251"
47,5,7,"outer_training_saved_hyperparameters",20,4,152,"cifose_toracica","competitor",4,152,-1,1.33034714445688,9,0,"continuous",9,,,"cifose_toracica < 9","cifose_toracica >= 9"
47,5,7,"outer_training_saved_hyperparameters",21,4,21,"lordose_lombar","competitor",1,21,1,1.83203463203463,55.5,0,"continuous",55.5,,,"lordose_lombar >= 55.5","lordose_lombar < 55.5"
47,5,7,"outer_training_saved_hyperparameters",21,4,21,"risser","competitor",2,21,5,1.83203463203463,15,0,"categorical",,"0 | 3","2","risser in {0 | 3}","risser in {2}"
47,5,7,"outer_training_saved_hyperparameters",21,4,21,"correcao_colete","competitor",3,21,-1,1.53937728937729,37.1794871794872,0,"continuous",37.1794871794872,,,"correcao_colete < 37.179487179487197","correcao_colete >= 37.179487179487197"
47,5,7,"outer_training_saved_hyperparameters",21,4,21,"cifose_toracica","competitor",4,21,1,0.366300366300367,33.5,0,"continuous",33.5,,,"cifose_toracica >= 33.5","cifose_toracica < 33.5"
47,5,7,"outer_training_saved_hyperparameters",11,3,99,"correcao_colete","competitor",1,99,-1,3.2303163211058,31.7627494456762,0,"continuous",31.7627494456762,,,"correcao_colete < 31.762749445676249","correcao_colete >= 31.762749445676249"
47,5,7,"outer_training_saved_hyperparameters",11,3,99,"imc","competitor",2,99,-1,2.62005488601234,18.5016174934993,0,"continuous",18.5016174934993,,,"imc < 18.501617493499317","imc >= 18.501617493499317"
47,5,7,"outer_training_saved_hyperparameters",11,3,99,"idade","competitor",3,99,1,2.55119742419995,14.5,0,"continuous",14.5,,,"idade >= 14.5","idade < 14.5"
47,5,7,"outer_training_saved_hyperparameters",11,3,99,"lenke","competitor",4,99,6,2.53196522183864,17,0,"categorical",,"2 | 3 | 6","1 | 4 | 5","lenke in {2 | 3 | 6}","lenke in {1 | 4 | 5}"
47,5,7,"outer_training_saved_hyperparameters",23,4,85,"imc","competitor",1,85,1,3.88270801278258,17.4124753451676,0,"continuous",17.4124753451676,,,"imc >= 17.41247534516765","imc < 17.41247534516765"
47,5,7,"outer_training_saved_hyperparameters",23,4,85,"idade","competitor",2,85,1,3.18097509273979,14.5,0,"continuous",14.5,,,"idade >= 14.5","idade < 14.5"
47,5,7,"outer_training_saved_hyperparameters",23,4,85,"correcao_colete","competitor",3,85,-1,2.36694677871148,31.7627494456762,0,"continuous",31.7627494456762,,,"correcao_colete < 31.762749445676249","correcao_colete >= 31.762749445676249"
47,5,7,"outer_training_saved_hyperparameters",23,4,85,"cifose_toracica","competitor",4,85,1,1.98263000852515,15.5,0,"continuous",15.5,,,"cifose_toracica >= 15.5","cifose_toracica < 15.5"
47,5,7,"outer_training_saved_hyperparameters",3,1,219,"imc","competitor",1,219,-1,3.43697564583511,15.8393962241586,0,"continuous",15.8393962241586,,,"imc < 15.839396224158602","imc >= 15.839396224158602"
47,5,7,"outer_training_saved_hyperparameters",3,1,219,"cifose_toracica","competitor",2,219,1,2.29675995717813,43,0,"continuous",43,,,"cifose_toracica >= 43","cifose_toracica < 43"
47,5,7,"outer_training_saved_hyperparameters",3,1,219,"idade","competitor",3,219,-1,2.28078141110621,12.5,0,"continuous",12.5,,,"idade < 12.5","idade >= 12.5"
47,5,7,"outer_training_saved_hyperparameters",3,1,219,"lordose_lombar","competitor",4,219,1,2.1894037392064,43.5,0,"continuous",43.5,,,"lordose_lombar >= 43.5","lordose_lombar < 43.5"
47,5,7,"outer_training_saved_hyperparameters",6,2,117,"imc","competitor",1,117,-1,2.99175824175825,15.8393962241586,0,"continuous",15.8393962241586,,,"imc < 15.839396224158602","imc >= 15.839396224158602"
47,5,7,"outer_training_saved_hyperparameters",6,2,117,"cifose_toracica","competitor",2,117,1,2.78201798201798,43,0,"continuous",43,,,"cifose_toracica >= 43","cifose_toracica < 43"
47,5,7,"outer_training_saved_hyperparameters",6,2,117,"lenke","competitor",3,117,6,2.1315289648623,24,0,"categorical",,"3 | 4 | 6","1 | 2 | 5","lenke in {3 | 4 | 6}","lenke in {1 | 2 | 5}"
47,5,7,"outer_training_saved_hyperparameters",6,2,117,"correcao_colete","competitor",4,117,-1,1.85592686002522,54.858934169279,0,"continuous",54.858934169279,,,"correcao_colete < 54.858934169278953","correcao_colete >= 54.858934169278953"
47,5,7,"outer_training_saved_hyperparameters",13,3,109,"cifose_toracica","competitor",1,109,1,3.25690643229768,43,0,"continuous",43,,,"cifose_toracica >= 43","cifose_toracica < 43"
47,5,7,"outer_training_saved_hyperparameters",13,3,109,"lordose_lombar","competitor",2,109,1,2.47167929796569,45,0,"continuous",45,,,"lordose_lombar >= 45","lordose_lombar < 45"
47,5,7,"outer_training_saved_hyperparameters",13,3,109,"lenke","competitor",3,109,6,1.83543622259218,25,0,"categorical",,"3 | 4 | 6","1 | 2 | 5","lenke in {3 | 4 | 6}","lenke in {1 | 2 | 5}"
47,5,7,"outer_training_saved_hyperparameters",13,3,109,"correcao_colete","competitor",4,109,1,1.40163098878695,59.7619047619047,0,"continuous",59.7619047619047,,,"correcao_colete >= 59.761904761904745","correcao_colete < 59.761904761904745"
47,5,7,"outer_training_saved_hyperparameters",26,4,21,"correcao_colete","competitor",1,21,-1,2.33333333333333,52.3326572008114,0,"continuous",52.3326572008114,,,"correcao_colete < 52.332657200811354","correcao_colete >= 52.332657200811354"
47,5,7,"outer_training_saved_hyperparameters",26,4,21,"imc","competitor",2,21,1,2.03174603174603,15.4192646666809,0,"continuous",15.4192646666809,,,"imc >= 15.419264666680895","imc < 15.419264666680895"
47,5,7,"outer_training_saved_hyperparameters",26,4,21,"lenke","competitor",3,21,6,2.03174603174603,26,0,"categorical",,"4 | 5 | 6","1 | 2 | 3","lenke in {4 | 5 | 6}","lenke in {1 | 2 | 3}"
47,5,7,"outer_training_saved_hyperparameters",26,4,21,"risser","competitor",4,21,5,1.14285714285714,27,0,"categorical",,"0 | 1 | 3","2 | 4","risser in {0 | 1 | 3}","risser in {2 | 4}"
48,5,8,"outer_training_saved_hyperparameters",1,0,554,"lenke","competitor",1,554,6,14.2246223898796,1,0,"categorical",,"3 | 4","1 | 2 | 5 | 6","lenke in {3 | 4}","lenke in {1 | 2 | 5 | 6}"
48,5,8,"outer_training_saved_hyperparameters",1,0,554,"risser","competitor",2,554,5,13.0229256832307,2,0,"categorical",,"0 | 3 | 4","1 | 2","risser in {0 | 3 | 4}","risser in {1 | 2}"
48,5,8,"outer_training_saved_hyperparameters",1,0,554,"flexibilidade","competitor",3,554,2,9.21830645726317,3,0,"categorical",,"rigido","flexivel","flexibilidade in {rigido}","flexibilidade in {flexivel}"
48,5,8,"outer_training_saved_hyperparameters",1,0,554,"idade","competitor",4,554,-1,5.51569493360068,12.5,0,"continuous",12.5,,,"idade < 12.5","idade >= 12.5"
48,5,8,"outer_training_saved_hyperparameters",2,1,334,"risser","competitor",1,334,5,8.47747754546506,6,0,"categorical",,"0 | 2 | 3 | 4","1","risser in {0 | 2 | 3 | 4}","risser in {1}"
48,5,8,"outer_training_saved_hyperparameters",2,1,334,"lenke","competitor",2,334,6,5.33601859568194,7,0,"categorical",,"3 | 4","1 | 2 | 5 | 6","lenke in {3 | 4}","lenke in {1 | 2 | 5 | 6}"
48,5,8,"outer_training_saved_hyperparameters",2,1,334,"cifose_toracica","competitor",3,334,-1,4.12848126722071,25.5,0,"continuous",25.5,,,"cifose_toracica < 25.5","cifose_toracica >= 25.5"
48,5,8,"outer_training_saved_hyperparameters",2,1,334,"sexo","competitor",4,334,2,3.97589684462895,8,0,"categorical",,"feminino","masculino","sexo in {feminino}","sexo in {masculino}"
48,5,8,"outer_training_saved_hyperparameters",5,2,277,"lenke","competitor",1,277,6,4.65200813764999,10,0,"categorical",,"2 | 3 | 4 | 6","1 | 5","lenke in {2 | 3 | 4 | 6}","lenke in {1 | 5}"
48,5,8,"outer_training_saved_hyperparameters",5,2,277,"cifose_toracica","competitor",2,277,-1,4.53879024534001,9.5,0,"continuous",9.5,,,"cifose_toracica < 9.5","cifose_toracica >= 9.5"
48,5,8,"outer_training_saved_hyperparameters",5,2,277,"imc","competitor",3,277,1,4.06237128080764,15.5999909255693,0,"continuous",15.5999909255693,,,"imc >= 15.59999092556933","imc < 15.59999092556933"
48,5,8,"outer_training_saved_hyperparameters",5,2,277,"sexo","competitor",4,277,2,3.86554459152293,11,0,"categorical",,"feminino","masculino","sexo in {feminino}","sexo in {masculino}"
48,5,8,"outer_training_saved_hyperparameters",10,3,236,"sexo","competitor",1,236,2,5.65407020644228,13,0,"categorical",,"feminino","masculino","sexo in {feminino}","sexo in {masculino}"
48,5,8,"outer_training_saved_hyperparameters",10,3,236,"cifose_toracica","competitor",2,236,-1,4.3026361472282,30.5,0,"continuous",30.5,,,"cifose_toracica < 30.5","cifose_toracica >= 30.5"
48,5,8,"outer_training_saved_hyperparameters",10,3,236,"lordose_lombar","competitor",3,236,-1,4.19501221735251,43.5,0,"continuous",43.5,,,"lordose_lombar < 43.5","lordose_lombar >= 43.5"
48,5,8,"outer_training_saved_hyperparameters",10,3,236,"imc","competitor",4,236,1,2.90962562367122,16.6202485115718,0,"continuous",16.6202485115718,,,"imc >= 16.62024851157183","imc < 16.62024851157183"
48,5,8,"outer_training_saved_hyperparameters",11,3,41,"correcao_colete","competitor",1,41,-1,2.19565800053605,43.8878950506857,0,"continuous",43.8878950506857,,,"correcao_colete < 43.887895050685749","correcao_colete >= 43.887895050685749"
48,5,8,"outer_training_saved_hyperparameters",11,3,41,"lordose_lombar","competitor",2,41,1,1.59712320200125,54.5,0,"continuous",54.5,,,"lordose_lombar >= 54.5","lordose_lombar < 54.5"
48,5,8,"outer_training_saved_hyperparameters",11,3,41,"idade","competitor",3,41,-1,1.09223201475712,11.5,0,"continuous",11.5,,,"idade < 11.5","idade >= 11.5"
48,5,8,"outer_training_saved_hyperparameters",11,3,41,"escoliometro_maior_10_graus","competitor",4,41,4,0.911653116531163,14,0,"categorical",,"toracica_lombar","normal | toracica | lombar","escoliometro_maior_10_graus in {toracica_lombar}","escoliometro_maior_10_graus in {normal | toracica | lombar}"
49,5,9,"outer_training_saved_hyperparameters",1,0,555,"lenke","competitor",1,555,6,14.1561493697088,1,0,"categorical",,"3 | 4","1 | 2 | 5 | 6","lenke in {3 | 4}","lenke in {1 | 2 | 5 | 6}"
49,5,9,"outer_training_saved_hyperparameters",1,0,555,"risser","competitor",2,555,5,12.4515652757593,2,0,"categorical",,"0 | 3 | 4","1 | 2","risser in {0 | 3 | 4}","risser in {1 | 2}"
49,5,9,"outer_training_saved_hyperparameters",1,0,555,"flexibilidade","competitor",3,555,2,8.27786257896702,3,0,"categorical",,"rigido","flexivel","flexibilidade in {rigido}","flexibilidade in {flexivel}"
49,5,9,"outer_training_saved_hyperparameters",1,0,555,"idade","competitor",4,555,-1,5.7042996619146,12.5,0,"continuous",12.5,,,"idade < 12.5","idade >= 12.5"
49,5,9,"outer_training_saved_hyperparameters",2,1,335,"risser","competitor",1,335,5,8.33065708017756,6,0,"categorical",,"0 | 2 | 3 | 4","1","risser in {0 | 2 | 3 | 4}","risser in {1}"
49,5,9,"outer_training_saved_hyperparameters",2,1,335,"lenke","competitor",2,335,6,4.41990853992274,7,0,"categorical",,"3 | 4","1 | 2 | 5 | 6","lenke in {3 | 4}","lenke in {1 | 2 | 5 | 6}"
49,5,9,"outer_training_saved_hyperparameters",2,1,335,"sexo","competitor",3,335,2,3.91556653743544,8,0,"categorical",,"feminino","masculino","sexo in {feminino}","sexo in {masculino}"
49,5,9,"outer_training_saved_hyperparameters",2,1,335,"cifose_toracica","competitor",4,335,-1,3.79959552976121,25.5,0,"continuous",25.5,,,"cifose_toracica < 25.5","cifose_toracica >= 25.5"
49,5,9,"outer_training_saved_hyperparameters",5,2,276,"imc","competitor",1,276,1,4.09447029252901,14.9555555555556,0,"continuous",14.9555555555556,,,"imc >= 14.955555555555556","imc < 14.955555555555556"
49,5,9,"outer_training_saved_hyperparameters",5,2,276,"cifose_toracica","competitor",2,276,-1,3.64231177094379,9.5,0,"continuous",9.5,,,"cifose_toracica < 9.5","cifose_toracica >= 9.5"
49,5,9,"outer_training_saved_hyperparameters",5,2,276,"sexo","competitor",3,276,2,3.62579309423627,10,0,"categorical",,"feminino","masculino","sexo in {feminino}","sexo in {masculino}"
49,5,9,"outer_training_saved_hyperparameters",5,2,276,"lenke","competitor",4,276,6,3.07174906575902,11,0,"categorical",,"2 | 3 | 4 | 6","1 | 5","lenke in {2 | 3 | 4 | 6}","lenke in {1 | 5}"
49,5,9,"outer_training_saved_hyperparameters",10,3,235,"cifose_toracica","competitor",1,235,-1,4.01747041274629,30.5,0,"continuous",30.5,,,"cifose_toracica < 30.5","cifose_toracica >= 30.5"
49,5,9,"outer_training_saved_hyperparameters",10,3,235,"lenke","competitor",2,235,6,3.85331028665789,13,0,"categorical",,"2 | 3 | 4 | 6","1 | 5","lenke in {2 | 3 | 4 | 6}","lenke in {1 | 5}"
49,5,9,"outer_training_saved_hyperparameters",10,3,235,"imc","competitor",3,235,-1,3.30986404038528,26.799656161596,0,"continuous",26.799656161596,,,"imc < 26.799656161596033","imc >= 26.799656161596033"
49,5,9,"outer_training_saved_hyperparameters",10,3,235,"lordose_lombar","competitor",4,235,1,2.27241134751773,60.5,0,"continuous",60.5,,,"lordose_lombar >= 60.5","lordose_lombar < 60.5"
49,5,9,"outer_training_saved_hyperparameters",11,3,41,"correcao_colete","competitor",1,41,-1,2.66429911551863,43.8878950506857,0,"continuous",43.8878950506857,,,"correcao_colete < 43.887895050685749","correcao_colete >= 43.887895050685749"
49,5,9,"outer_training_saved_hyperparameters",11,3,41,"escoliometro_maior_10_graus","competitor",2,41,4,2.34658741545399,14,0,"categorical",,"toracica_lombar","normal | toracica | lombar","escoliometro_maior_10_graus in {toracica_lombar}","escoliometro_maior_10_graus in {normal | toracica | lombar}"
49,5,9,"outer_training_saved_hyperparameters",11,3,41,"lordose_lombar","competitor",3,41,1,2.04928080050031,54.5,0,"continuous",54.5,,,"lordose_lombar >= 54.5","lordose_lombar < 54.5"
49,5,9,"outer_training_saved_hyperparameters",11,3,41,"cifose_toracica","competitor",4,41,-1,1.48664343786295,9.5,0,"continuous",9.5,,,"cifose_toracica < 9.5","cifose_toracica >= 9.5"
49,5,9,"outer_training_saved_hyperparameters",3,1,220,"imc","competitor",1,220,-1,4.19343434343434,16.4133360721146,0,"continuous",16.4133360721146,,,"imc < 16.413336072114554","imc >= 16.413336072114554"
49,5,9,"outer_training_saved_hyperparameters",3,1,220,"cifose_toracica","competitor",2,220,1,4.08477801268499,52,0,"continuous",52,,,"cifose_toracica >= 52","cifose_toracica < 52"
49,5,9,"outer_training_saved_hyperparameters",3,1,220,"idade","competitor",3,220,-1,3.46608272642916,12.5,0,"continuous",12.5,,,"idade < 12.5","idade >= 12.5"
49,5,9,"outer_training_saved_hyperparameters",3,1,220,"escoliometro_maior_10_graus","competitor",4,220,4,2.02749968478123,16,0,"categorical",,"toracica_lombar","normal | toracica | lombar","escoliometro_maior_10_graus in {toracica_lombar}","escoliometro_maior_10_graus in {normal | toracica | lombar}"
49,5,9,"outer_training_saved_hyperparameters",6,2,118,"escoliometro_maior_10_graus","competitor",1,118,4,3.66132511556241,20,0,"categorical",,"toracica_lombar","normal | toracica | lombar","escoliometro_maior_10_graus in {toracica_lombar}","escoliometro_maior_10_graus in {normal | toracica | lombar}"
49,5,9,"outer_training_saved_hyperparameters",6,2,118,"imc","competitor",2,118,-1,3.30269802836388,15.8393962241586,0,"continuous",15.8393962241586,,,"imc < 15.839396224158602","imc >= 15.839396224158602"
49,5,9,"outer_training_saved_hyperparameters",6,2,118,"idade","competitor",3,118,-1,2.53144090762942,12.5,0,"continuous",12.5,,,"idade < 12.5","idade >= 12.5"
49,5,9,"outer_training_saved_hyperparameters",6,2,118,"lenke","competitor",4,118,6,2.31250048481557,21,0,"categorical",,"2 | 3 | 4 | 6","1 | 5","lenke in {2 | 3 | 4 | 6}","lenke in {1 | 5}"
50,5,10,"outer_training_saved_hyperparameters",1,0,555,"risser","competitor",1,555,5,11.6614715955625,1,0,"categorical",,"0 | 3 | 4","1 | 2","risser in {0 | 3 | 4}","risser in {1 | 2}"
50,5,10,"outer_training_saved_hyperparameters",1,0,555,"lenke","competitor",2,555,6,11.3568392117305,2,0,"categorical",,"3 | 4","1 | 2 | 5 | 6","lenke in {3 | 4}","lenke in {1 | 2 | 5 | 6}"
50,5,10,"outer_training_saved_hyperparameters",1,0,555,"flexibilidade","competitor",3,555,2,11.0669090154727,3,0,"categorical",,"rigido","flexivel","flexibilidade in {rigido}","flexibilidade in {flexivel}"
50,5,10,"outer_training_saved_hyperparameters",1,0,555,"idade","competitor",4,555,-1,6.64802139900763,12.5,0,"continuous",12.5,,,"idade < 12.5","idade >= 12.5"
50,5,10,"outer_training_saved_hyperparameters",2,1,331,"risser","competitor",1,331,5,5.56864766653288,6,0,"categorical",,"0 | 2 | 3 | 4","1","risser in {0 | 2 | 3 | 4}","risser in {1}"
50,5,10,"outer_training_saved_hyperparameters",2,1,331,"cifose_toracica","competitor",2,331,-1,4.94038840604614,25.5,0,"continuous",25.5,,,"cifose_toracica < 25.5","cifose_toracica >= 25.5"
50,5,10,"outer_training_saved_hyperparameters",2,1,331,"flexibilidade","competitor",3,331,2,4.37666530334633,7,0,"categorical",,"rigido","flexivel","flexibilidade in {rigido}","flexibilidade in {flexivel}"
50,5,10,"outer_training_saved_hyperparameters",2,1,331,"lenke","competitor",4,331,6,4.18405681878414,8,0,"categorical",,"2 | 3 | 4 | 6","1 | 5","lenke in {2 | 3 | 4 | 6}","lenke in {1 | 5}"
50,5,10,"outer_training_saved_hyperparameters",5,2,275,"lenke","competitor",1,275,6,4.47506769825917,10,0,"categorical",,"2 | 3 | 4 | 6","1 | 5","lenke in {2 | 3 | 4 | 6}","lenke in {1 | 5}"
50,5,10,"outer_training_saved_hyperparameters",5,2,275,"cifose_toracica","competitor",2,275,-1,4.23093196500879,25.5,0,"continuous",25.5,,,"cifose_toracica < 25.5","cifose_toracica >= 25.5"
50,5,10,"outer_training_saved_hyperparameters",5,2,275,"lordose_lombar","competitor",3,275,-1,4.08550972942517,45.5,0,"continuous",45.5,,,"lordose_lombar < 45.5","lordose_lombar >= 45.5"
50,5,10,"outer_training_saved_hyperparameters",5,2,275,"flexibilidade","competitor",4,275,2,3.34432391138274,11,0,"categorical",,"rigido","flexivel","flexibilidade in {rigido}","flexibilidade in {flexivel}"
50,5,10,"outer_training_saved_hyperparameters",10,3,126,"lenke","competitor",1,126,6,3.02197802197803,14,0,"categorical",,"2 | 4","1 | 3 | 5 | 6","lenke in {2 | 4}","lenke in {1 | 3 | 5 | 6}"
50,5,10,"outer_training_saved_hyperparameters",10,3,126,"imc","competitor",2,126,1,2.92640692640693,16.7698051955383,0,"continuous",16.7698051955383,,,"imc >= 16.769805195538293","imc < 16.769805195538293"
50,5,10,"outer_training_saved_hyperparameters",10,3,126,"lordose_lombar","competitor",3,126,-1,2.61557911115433,69,0,"continuous",69,,,"lordose_lombar < 69","lordose_lombar >= 69"
50,5,10,"outer_training_saved_hyperparameters",10,3,126,"escoliometro_maior_10_graus","competitor",4,126,4,1.97017797017797,15,0,"categorical",,"toracica | lombar | toracica_lombar","normal","escoliometro_maior_10_graus in {toracica | lombar | toracica_lombar}","escoliometro_maior_10_graus in {normal}"
50,5,10,"outer_training_saved_hyperparameters",21,4,29,"imc","competitor",1,29,1,4.02339901477833,16.8138149998436,0,"continuous",16.8138149998436,,,"imc >= 16.813814999843622","imc < 16.813814999843622"
50,5,10,"outer_training_saved_hyperparameters",21,4,29,"correcao_colete","competitor",2,29,1,4.02339901477833,30.7412790697675,0,"continuous",30.7412790697675,,,"correcao_colete >= 30.741279069767451","correcao_colete < 30.741279069767451"
50,5,10,"outer_training_saved_hyperparameters",21,4,29,"cifose_toracica","competitor",3,29,1,3.08508732646664,33.5,0,"continuous",33.5,,,"cifose_toracica >= 33.5","cifose_toracica < 33.5"
50,5,10,"outer_training_saved_hyperparameters",21,4,29,"lordose_lombar","competitor",4,29,1,2.75896900034831,55,0,"continuous",55,,,"lordose_lombar >= 55","lordose_lombar < 55"
50,5,10,"outer_training_saved_hyperparameters",11,3,149,"correcao_colete","competitor",1,149,-1,4.19837263170398,45.3463203463204,0,"continuous",45.3463203463204,,,"correcao_colete < 45.346320346320354","correcao_colete >= 45.346320346320354"
50,5,10,"outer_training_saved_hyperparameters",11,3,149,"flexibilidade","competitor",2,149,2,4.08294593004987,18,0,"categorical",,"rigido","flexivel","flexibilidade in {rigido}","flexibilidade in {flexivel}"
50,5,10,"outer_training_saved_hyperparameters",11,3,149,"cifose_toracica","competitor",3,149,-1,3.48114461250793,9.5,0,"continuous",9.5,,,"cifose_toracica < 9.5","cifose_toracica >= 9.5"
50,5,10,"outer_training_saved_hyperparameters",11,3,149,"lenke","competitor",4,149,6,3.32224164833718,19,0,"categorical",,"2 | 3 | 6","1 | 4 | 5","lenke in {2 | 3 | 6}","lenke in {1 | 4 | 5}"
50,5,10,"outer_training_saved_hyperparameters",23,4,132,"correcao_colete","competitor",1,132,-1,5.253367003367,31.7627494456762,0,"continuous",31.7627494456762,,,"correcao_colete < 31.762749445676249","correcao_colete >= 31.762749445676249"
50,5,10,"outer_training_saved_hyperparameters",23,4,132,"lenke","competitor",2,132,6,4.43332453709812,20,0,"categorical",,"2 | 3 | 6","1 | 4 | 5","lenke in {2 | 3 | 6}","lenke in {1 | 4 | 5}"
50,5,10,"outer_training_saved_hyperparameters",23,4,132,"flexibilidade","competitor",3,132,2,2.7880230880231,21,0,"categorical",,"rigido","flexivel","flexibilidade in {rigido}","flexibilidade in {flexivel}"
50,5,10,"outer_training_saved_hyperparameters",23,4,132,"idade","competitor",4,132,-1,2.69429158412209,11.5,0,"continuous",11.5,,,"idade < 11.5","idade >= 11.5"
50,5,10,"outer_training_saved_hyperparameters",3,1,224,"imc","competitor",1,224,-1,5.01734434849618,15.8393962241586,0,"continuous",15.8393962241586,,,"imc < 15.839396224158602","imc >= 15.839396224158602"
50,5,10,"outer_training_saved_hyperparameters",3,1,224,"idade","competitor",2,224,-1,3.65714285714285,12.5,0,"continuous",12.5,,,"idade < 12.5","idade >= 12.5"
50,5,10,"outer_training_saved_hyperparameters",3,1,224,"lordose_lombar","competitor",3,224,1,2.71795366795367,43.5,0,"continuous",43.5,,,"lordose_lombar >= 43.5","lordose_lombar < 43.5"
50,5,10,"outer_training_saved_hyperparameters",3,1,224,"escoliometro_maior_10_graus","competitor",4,224,4,2.35176553304515,24,0,"categorical",,"toracica_lombar","normal | toracica | lombar","escoliometro_maior_10_graus in {toracica_lombar}","escoliometro_maior_10_graus in {normal | toracica | lombar}"
50,5,10,"outer_training_saved_hyperparameters",6,2,116,"imc","competitor",1,116,-1,4.24848865889636,15.8393962241586,0,"continuous",15.8393962241586,,,"imc < 15.839396224158602","imc >= 15.839396224158602"
50,5,10,"outer_training_saved_hyperparameters",6,2,116,"cifose_toracica","competitor",2,116,1,2.64301532064898,43,0,"continuous",43,,,"cifose_toracica >= 43","cifose_toracica < 43"
50,5,10,"outer_training_saved_hyperparameters",6,2,116,"lordose_lombar","competitor",3,116,1,2.51556745898895,43.5,0,"continuous",43.5,,,"lordose_lombar >= 43.5","lordose_lombar < 43.5"
50,5,10,"outer_training_saved_hyperparameters",6,2,116,"idade","competitor",4,116,-1,2.10933500064884,12.5,0,"continuous",12.5,,,"idade < 12.5","idade >= 12.5"
50,5,10,"outer_training_saved_hyperparameters",13,3,109,"cifose_toracica","competitor",1,109,1,3.13008506154755,43,0,"continuous",43,,,"cifose_toracica >= 43","cifose_toracica < 43"
50,5,10,"outer_training_saved_hyperparameters",13,3,109,"lordose_lombar","competitor",2,109,1,2.47489395284601,45,0,"continuous",45,,,"lordose_lombar >= 45","lordose_lombar < 45"
50,5,10,"outer_training_saved_hyperparameters",13,3,109,"correcao_colete","competitor",3,109,1,1.75023445463813,59.7619047619047,0,"continuous",59.7619047619047,,,"correcao_colete >= 59.761904761904745","correcao_colete < 59.761904761904745"
50,5,10,"outer_training_saved_hyperparameters",13,3,109,"lenke","competitor",4,109,6,1.68343521859723,28,0,"categorical",,"2 | 3 | 4 | 6","1 | 5","lenke in {2 | 3 | 4 | 6}","lenke in {1 | 5}"
50,5,10,"outer_training_saved_hyperparameters",26,4,23,"imc","competitor",1,23,1,2.69828722002635,15.4192646666809,0,"continuous",15.4192646666809,,,"imc >= 15.419264666680895","imc < 15.419264666680895"
50,5,10,"outer_training_saved_hyperparameters",26,4,23,"lenke","competitor",2,23,6,2.43768115942029,29,0,"categorical",,"2 | 4 | 5 | 6","1 | 3","lenke in {2 | 4 | 5 | 6}","lenke in {1 | 3}"
50,5,10,"outer_training_saved_hyperparameters",26,4,23,"correcao_colete","competitor",3,23,-1,2.35434782608696,52.3326572008114,0,"continuous",52.3326572008114,,,"correcao_colete < 52.332657200811354","correcao_colete >= 52.332657200811354"
50,5,10,"outer_training_saved_hyperparameters",26,4,23,"idade","competitor",4,23,1,1.33609385783299,13.5,0,"continuous",13.5,,,"idade >= 13.5","idade < 13.5"
