"tree_id","repeat_id","outer_fold","fit_origin","node","depth","node_n","variable","split_role","split_rank","count","ncat","improve","index","adjusted_agreement","split_type","cutpoint","left_levels","right_levels","left_rule","right_rule"
1,1,1,"outer_training_saved_hyperparameters",1,0,553,"lenke","surrogate",1,0,6,0.62748643761302,4,0.0593607305936073,"categorical",,"1 | 3 | 4 | 5 | 6","2","lenke in {1 | 3 | 4 | 5 | 6}","lenke in {2}"
1,1,1,"outer_training_saved_hyperparameters",1,0,553,"imc","surrogate",2,0,1,0.616636528028933,15.7780349420875,0.0319634703196346,"continuous",15.7780349420875,,,"imc >= 15.778034942087451","imc < 15.778034942087451"
1,1,1,"outer_training_saved_hyperparameters",1,0,553,"risser","surrogate",3,0,5,0.61121157323689,5,0.0182648401826483,"categorical",,"0 | 1 | 3 | 4","2","risser in {0 | 1 | 3 | 4}","risser in {2}"
1,1,1,"outer_training_saved_hyperparameters",1,0,553,"cifose_toracica","surrogate",4,0,-1,0.609403254972875,53.5,0.0136986301369861,"continuous",53.5,,,"cifose_toracica < 53.5","cifose_toracica >= 53.5"
1,1,1,"outer_training_saved_hyperparameters",1,0,553,"lordose_lombar","surrogate",5,0,-1,0.609403254972875,65.5,0.0136986301369861,"continuous",65.5,,,"lordose_lombar < 65.5","lordose_lombar >= 65.5"
1,1,1,"outer_training_saved_hyperparameters",2,1,334,"imc","surrogate",1,0,-1,0.841317365269461,14.7826038631566,0.0701754385964912,"continuous",14.7826038631566,,,"imc < 14.782603863156632","imc >= 14.782603863156632"
1,1,1,"outer_training_saved_hyperparameters",2,1,334,"cifose_toracica","surrogate",2,0,-1,0.832335329341317,2.5,0.0175438596491226,"continuous",2.5,,,"cifose_toracica < 2.5","cifose_toracica >= 2.5"
1,1,1,"outer_training_saved_hyperparameters",5,2,277,"idade","surrogate",1,0,-1,0.693140794223827,12.5,0.330708661417323,"continuous",12.5,,,"idade < 12.5","idade >= 12.5"
1,1,1,"outer_training_saved_hyperparameters",5,2,277,"escoliometro_maior_10_graus","surrogate",2,0,4,0.613718411552347,12,0.15748031496063,"categorical",,"toracica","normal | lombar | toracica_lombar","escoliometro_maior_10_graus in {toracica}","escoliometro_maior_10_graus in {normal | lombar | toracica_lombar}"
1,1,1,"outer_training_saved_hyperparameters",5,2,277,"lenke","surrogate",3,0,6,0.59927797833935,13,0.125984251968504,"categorical",,"2 | 4","1 | 3 | 5 | 6","lenke in {2 | 4}","lenke in {1 | 3 | 5 | 6}"
1,1,1,"outer_training_saved_hyperparameters",5,2,277,"imc","surrogate",4,0,1,0.584837545126354,20.9333683608167,0.0944881889763779,"continuous",20.9333683608167,,,"imc >= 20.933368360816701","imc < 20.933368360816701"
1,1,1,"outer_training_saved_hyperparameters",5,2,277,"cifose_toracica","surrogate",5,0,-1,0.574007220216607,13.5,0.0708661417322835,"continuous",13.5,,,"cifose_toracica < 13.5","cifose_toracica >= 13.5"
1,1,1,"outer_training_saved_hyperparameters",10,3,127,"lordose_lombar","surrogate",1,0,-1,0.779527559055118,75.5,0.125,"continuous",75.5,,,"lordose_lombar < 75.5","lordose_lombar >= 75.5"
1,1,1,"outer_training_saved_hyperparameters",10,3,127,"correcao_colete","surrogate",2,0,-1,0.763779527559055,48.7492182614133,0.0624999999999999,"continuous",48.7492182614133,,,"correcao_colete < 48.749218261413347","correcao_colete >= 48.749218261413347"
1,1,1,"outer_training_saved_hyperparameters",10,3,127,"lenke","surrogate",3,0,6,0.763779527559055,15,0.0624999999999999,"categorical",,"1 | 3 | 4 | 5 | 6","2","lenke in {1 | 3 | 4 | 5 | 6}","lenke in {2}"
1,1,1,"outer_training_saved_hyperparameters",21,4,32,"imc","surrogate",1,0,-1,0.875,16.8576789584253,0.333333333333333,"continuous",16.8576789584253,,,"imc < 16.857678958425325","imc >= 16.857678958425325"
1,1,1,"outer_training_saved_hyperparameters",21,4,32,"cifose_toracica","surrogate",2,0,-1,0.84375,41,0.166666666666667,"continuous",41,,,"cifose_toracica < 41","cifose_toracica >= 41"
1,1,1,"outer_training_saved_hyperparameters",11,3,150,"imc","surrogate",1,0,1,0.72,26.8839591621924,0.106382978723404,"continuous",26.8839591621924,,,"imc >= 26.883959162192376","imc < 26.883959162192376"
1,1,1,"outer_training_saved_hyperparameters",11,3,150,"cifose_toracica","surrogate",2,0,1,0.713333333333333,43.5,0.0851063829787236,"continuous",43.5,,,"cifose_toracica >= 43.5","cifose_toracica < 43.5"
1,1,1,"outer_training_saved_hyperparameters",11,3,150,"escoliometro_maior_10_graus","surrogate",3,0,4,0.7,20,0.0425531914893616,"categorical",,"toracica_lombar","normal | toracica | lombar","escoliometro_maior_10_graus in {toracica_lombar}","escoliometro_maior_10_graus in {normal | toracica | lombar}"
1,1,1,"outer_training_saved_hyperparameters",11,3,150,"correcao_colete","surrogate",4,0,-1,0.693333333333333,30.1162790697675,0.021276595744681,"continuous",30.1162790697675,,,"correcao_colete < 30.116279069767451","correcao_colete >= 30.116279069767451"
1,1,1,"outer_training_saved_hyperparameters",22,4,47,"correcao_colete","surrogate",1,0,1,0.893617021276596,30.1162790697675,0.166666666666666,"continuous",30.1162790697675,,,"correcao_colete >= 30.116279069767451","correcao_colete < 30.116279069767451"
1,1,1,"outer_training_saved_hyperparameters",23,4,103,"cifose_toracica","surrogate",1,0,-1,0.854368932038835,5.5,0.166666666666667,"continuous",5.5,,,"cifose_toracica < 5.5","cifose_toracica >= 5.5"
1,1,1,"outer_training_saved_hyperparameters",23,4,103,"imc","surrogate",2,0,-1,0.844660194174757,15.2054925518426,0.111111111111111,"continuous",15.2054925518426,,,"imc < 15.205492551842568","imc >= 15.205492551842568"
1,1,1,"outer_training_saved_hyperparameters",23,4,103,"correcao_colete","surrogate",3,0,1,0.844660194174757,48.7775790101371,0.111111111111111,"continuous",48.7775790101371,,,"correcao_colete >= 48.777579010137146","correcao_colete < 48.777579010137146"
1,1,1,"outer_training_saved_hyperparameters",23,4,103,"lenke","surrogate",4,0,6,0.83495145631068,25,0.0555555555555555,"categorical",,"2","1 | 3 | 4 | 5 | 6","lenke in {2}","lenke in {1 | 3 | 4 | 5 | 6}"
1,1,1,"outer_training_saved_hyperparameters",3,1,219,"idade","surrogate",1,0,-1,0.73972602739726,10.5,0.0338983050847458,"continuous",10.5,,,"idade < 10.5","idade >= 10.5"
1,1,1,"outer_training_saved_hyperparameters",3,1,219,"imc","surrogate",2,0,-1,0.73972602739726,15.5092959672315,0.0338983050847458,"continuous",15.5092959672315,,,"imc < 15.509295967231509","imc >= 15.509295967231509"
1,1,1,"outer_training_saved_hyperparameters",3,1,219,"lordose_lombar","surrogate",3,0,1,0.73972602739726,71.5,0.0338983050847458,"continuous",71.5,,,"lordose_lombar >= 71.5","lordose_lombar < 71.5"
1,1,1,"outer_training_saved_hyperparameters",3,1,219,"lenke","surrogate",4,0,6,0.73972602739726,27,0.0338983050847458,"categorical",,"1","2 | 3 | 4 | 5 | 6","lenke in {1}","lenke in {2 | 3 | 4 | 5 | 6}"
1,1,1,"outer_training_saved_hyperparameters",3,1,219,"cifose_toracica","surrogate",5,0,1,0.735159817351598,56.5,0.0169491525423731,"continuous",56.5,,,"cifose_toracica >= 56.5","cifose_toracica < 56.5"
1,1,1,"outer_training_saved_hyperparameters",6,2,59,"correcao_colete","surrogate",1,0,1,0.813559322033898,53.529900332226,0.388888888888889,"continuous",53.529900332226,,,"correcao_colete >= 53.529900332225949","correcao_colete < 53.529900332225949"
1,1,1,"outer_training_saved_hyperparameters",6,2,59,"lordose_lombar","surrogate",2,0,-1,0.796610169491525,47.5,0.333333333333333,"continuous",47.5,,,"lordose_lombar < 47.5","lordose_lombar >= 47.5"
1,1,1,"outer_training_saved_hyperparameters",6,2,59,"risser","surrogate",3,0,5,0.796610169491525,31,0.333333333333333,"categorical",,"0","1 | 2 | 3 | 4","risser in {0}","risser in {1 | 2 | 3 | 4}"
1,1,1,"outer_training_saved_hyperparameters",6,2,59,"cifose_toracica","surrogate",4,0,-1,0.76271186440678,14.5,0.222222222222222,"continuous",14.5,,,"cifose_toracica < 14.5","cifose_toracica >= 14.5"
1,1,1,"outer_training_saved_hyperparameters",6,2,59,"lenke","surrogate",5,0,6,0.76271186440678,32,0.222222222222222,"categorical",,"3 | 4","1 | 2 | 5 | 6","lenke in {3 | 4}","lenke in {1 | 2 | 5 | 6}"
1,1,1,"outer_training_saved_hyperparameters",12,3,18,"cifose_toracica","surrogate",1,0,1,0.944444444444444,8.5,0.666666666666666,"continuous",8.5,,,"cifose_toracica >= 8.5","cifose_toracica < 8.5"
1,1,1,"outer_training_saved_hyperparameters",12,3,18,"lordose_lombar","surrogate",2,0,-1,0.888888888888889,51.5,0.333333333333333,"continuous",51.5,,,"lordose_lombar < 51.5","lordose_lombar >= 51.5"
1,1,1,"outer_training_saved_hyperparameters",7,2,160,"cifose_toracica","surrogate",1,0,1,0.8625,52,0.12,"continuous",52,,,"cifose_toracica >= 52","cifose_toracica < 52"
1,1,1,"outer_training_saved_hyperparameters",14,3,25,"escoliometro_maior_10_graus","surrogate",1,0,4,0.88,42,0.75,"categorical",,"lombar","normal | toracica | toracica_lombar","escoliometro_maior_10_graus in {lombar}","escoliometro_maior_10_graus in {normal | toracica | toracica_lombar}"
1,1,1,"outer_training_saved_hyperparameters",14,3,25,"imc","surrogate",2,0,-1,0.84,19.4180341598118,0.666666666666667,"continuous",19.4180341598118,,,"imc < 19.418034159811835","imc >= 19.418034159811835"
1,1,1,"outer_training_saved_hyperparameters",14,3,25,"cifose_toracica","surrogate",3,0,1,0.72,29.5,0.416666666666667,"continuous",29.5,,,"cifose_toracica >= 29.5","cifose_toracica < 29.5"
1,1,1,"outer_training_saved_hyperparameters",14,3,25,"correcao_colete","surrogate",4,0,-1,0.68,62.5925925925926,0.333333333333333,"continuous",62.5925925925926,,,"correcao_colete < 62.592592592592595","correcao_colete >= 62.592592592592595"
1,1,1,"outer_training_saved_hyperparameters",14,3,25,"risser","surrogate",5,0,5,0.68,43,0.333333333333333,"categorical",,"4","0 | 1 | 2 | 3","risser in {4}","risser in {0 | 1 | 2 | 3}"
1,1,1,"outer_training_saved_hyperparameters",28,4,12,"lordose_lombar","surrogate",1,0,-1,0.916666666666667,69.5,0.8,"continuous",69.5,,,"lordose_lombar < 69.5","lordose_lombar >= 69.5"
1,1,1,"outer_training_saved_hyperparameters",28,4,12,"risser","surrogate",2,0,5,0.833333333333333,45,0.6,"categorical",,"1 | 2","0 | 3 | 4","risser in {1 | 2}","risser in {0 | 3 | 4}"
1,1,1,"outer_training_saved_hyperparameters",28,4,12,"correcao_colete","surrogate",3,0,1,0.75,58.8989441930619,0.4,"continuous",58.8989441930619,,,"correcao_colete >= 58.898944193061851","correcao_colete < 58.898944193061851"
1,1,1,"outer_training_saved_hyperparameters",28,4,12,"escoliometro_maior_10_graus","surrogate",4,0,4,0.75,46,0.4,"categorical",,"normal","toracica | lombar","escoliometro_maior_10_graus in {normal}","escoliometro_maior_10_graus in {toracica | lombar}"
1,1,1,"outer_training_saved_hyperparameters",28,4,12,"idade","surrogate",5,0,-1,0.666666666666667,11.5,0.2,"continuous",11.5,,,"idade < 11.5","idade >= 11.5"
2,1,2,"outer_training_saved_hyperparameters",1,0,553,"lenke","surrogate",1,0,6,0.625678119349005,4,0.0504587155963303,"categorical",,"1 | 3 | 4 | 5 | 6","2","lenke in {1 | 3 | 4 | 5 | 6}","lenke in {2}"
2,1,2,"outer_training_saved_hyperparameters",1,0,553,"imc","surrogate",2,0,1,0.614828209764919,14.6055076557158,0.0229357798165137,"continuous",14.6055076557158,,,"imc >= 14.605507655715773","imc < 14.605507655715773"
2,1,2,"outer_training_saved_hyperparameters",1,0,553,"cifose_toracica","surrogate",3,0,-1,0.609403254972875,53.5,0.00917431192660543,"continuous",53.5,,,"cifose_toracica < 53.5","cifose_toracica >= 53.5"
2,1,2,"outer_training_saved_hyperparameters",1,0,553,"lordose_lombar","surrogate",4,0,-1,0.609403254972875,65.5,0.00917431192660543,"continuous",65.5,,,"lordose_lombar < 65.5","lordose_lombar >= 65.5"
2,1,2,"outer_training_saved_hyperparameters",2,1,335,"imc","surrogate",1,0,-1,0.832835820895522,14.7826038631566,0.0666666666666667,"continuous",14.7826038631566,,,"imc < 14.782603863156632","imc >= 14.782603863156632"
2,1,2,"outer_training_saved_hyperparameters",5,2,275,"imc","surrogate",1,0,1,0.869090909090909,14.9030813654523,0.0270270270270272,"continuous",14.9030813654523,,,"imc >= 14.903081365452316","imc < 14.903081365452316"
2,1,2,"outer_training_saved_hyperparameters",10,3,238,"cifose_toracica","surrogate",1,0,-1,0.84453781512605,57,0.0512820512820511,"continuous",57,,,"cifose_toracica < 57","cifose_toracica >= 57"
2,1,2,"outer_training_saved_hyperparameters",10,3,238,"lordose_lombar","surrogate",2,0,1,0.84453781512605,23,0.0512820512820511,"continuous",23,,,"lordose_lombar >= 23","lordose_lombar < 23"
2,1,2,"outer_training_saved_hyperparameters",10,3,238,"correcao_colete","surrogate",3,0,-1,0.84453781512605,48.8088485536018,0.0512820512820511,"continuous",48.8088485536018,,,"correcao_colete < 48.808848553601798","correcao_colete >= 48.808848553601798"
2,1,2,"outer_training_saved_hyperparameters",20,4,199,"imc","surrogate",1,0,-1,0.879396984924623,26.8713781415809,0.0400000000000002,"continuous",26.8713781415809,,,"imc < 26.871378141580941","imc >= 26.871378141580941"
2,1,2,"outer_training_saved_hyperparameters",3,1,218,"risser","surrogate",1,0,5,0.596330275229358,17,0.128712871287129,"categorical",,"0 | 2 | 4","1 | 3","risser in {0 | 2 | 4}","risser in {1 | 3}"
2,1,2,"outer_training_saved_hyperparameters",3,1,218,"lordose_lombar","surrogate",2,0,1,0.591743119266055,43.5,0.118811881188119,"continuous",43.5,,,"lordose_lombar >= 43.5","lordose_lombar < 43.5"
2,1,2,"outer_training_saved_hyperparameters",3,1,218,"sexo","surrogate",3,0,2,0.587155963302752,18,0.108910891089109,"categorical",,"feminino","masculino","sexo in {feminino}","sexo in {masculino}"
2,1,2,"outer_training_saved_hyperparameters",3,1,218,"lenke","surrogate",4,0,6,0.577981651376147,19,0.089108910891089,"categorical",,"1 | 3 | 5 | 6","2 | 4","lenke in {1 | 3 | 5 | 6}","lenke in {2 | 4}"
2,1,2,"outer_training_saved_hyperparameters",3,1,218,"imc","surrogate",5,0,1,0.559633027522936,19.8161168509761,0.0495049504950494,"continuous",19.8161168509761,,,"imc >= 19.816116850976105","imc < 19.816116850976105"
2,1,2,"outer_training_saved_hyperparameters",6,2,117,"lordose_lombar","surrogate",1,0,-1,0.752136752136752,49.5,0.462962962962963,"continuous",49.5,,,"lordose_lombar < 49.5","lordose_lombar >= 49.5"
2,1,2,"outer_training_saved_hyperparameters",6,2,117,"lenke","surrogate",2,0,6,0.64957264957265,21,0.240740740740741,"categorical",,"2 | 3 | 4","1 | 5 | 6","lenke in {2 | 3 | 4}","lenke in {1 | 5 | 6}"
2,1,2,"outer_training_saved_hyperparameters",6,2,117,"idade","surrogate",3,0,-1,0.615384615384615,12.5,0.166666666666667,"continuous",12.5,,,"idade < 12.5","idade >= 12.5"
2,1,2,"outer_training_saved_hyperparameters",6,2,117,"imc","surrogate",4,0,1,0.606837606837607,20.1182698122782,0.148148148148148,"continuous",20.1182698122782,,,"imc >= 20.118269812278186","imc < 20.118269812278186"
2,1,2,"outer_training_saved_hyperparameters",6,2,117,"risser","surrogate",5,0,5,0.606837606837607,22,0.148148148148148,"categorical",,"0 | 1 | 2","3 | 4","risser in {0 | 1 | 2}","risser in {3 | 4}"
2,1,2,"outer_training_saved_hyperparameters",12,3,54,"lenke","surrogate",1,0,6,0.814814814814815,25,0.285714285714286,"categorical",,"2 | 3","1 | 4 | 5 | 6","lenke in {2 | 3}","lenke in {1 | 4 | 5 | 6}"
2,1,2,"outer_training_saved_hyperparameters",12,3,54,"idade","surrogate",2,0,-1,0.796296296296296,10.5,0.214285714285714,"continuous",10.5,,,"idade < 10.5","idade >= 10.5"
2,1,2,"outer_training_saved_hyperparameters",12,3,54,"lordose_lombar","surrogate",3,0,1,0.759259259259259,67.5,0.0714285714285717,"continuous",67.5,,,"lordose_lombar >= 67.5","lordose_lombar < 67.5"
2,1,2,"outer_training_saved_hyperparameters",12,3,54,"correcao_colete","surrogate",4,0,-1,0.759259259259259,50.6410256410256,0.0714285714285717,"continuous",50.6410256410256,,,"correcao_colete < 50.641025641025649","correcao_colete >= 50.641025641025649"
2,1,2,"outer_training_saved_hyperparameters",12,3,54,"escoliometro_maior_10_graus","surrogate",5,0,4,0.759259259259259,26,0.0714285714285717,"categorical",,"toracica_lombar","normal | toracica | lombar","escoliometro_maior_10_graus in {toracica_lombar}","escoliometro_maior_10_graus in {normal | toracica | lombar}"
3,1,3,"outer_training_saved_hyperparameters",1,0,553,"lenke","surrogate",1,0,6,0.632911392405063,4,0.0645161290322581,"categorical",,"1 | 3 | 4 | 5 | 6","2","lenke in {1 | 3 | 4 | 5 | 6}","lenke in {2}"
3,1,3,"outer_training_saved_hyperparameters",1,0,553,"imc","surrogate",2,0,1,0.623869801084991,15.8580042573654,0.04147465437788,"continuous",15.8580042573654,,,"imc >= 15.858004257365359","imc < 15.858004257365359"
3,1,3,"outer_training_saved_hyperparameters",1,0,553,"risser","surrogate",3,0,5,0.613019891500904,5,0.0138248847926268,"categorical",,"0 | 1 | 3 | 4","2","risser in {0 | 1 | 3 | 4}","risser in {2}"
3,1,3,"outer_training_saved_hyperparameters",1,0,553,"cifose_toracica","surrogate",4,0,-1,0.61121157323689,53.5,0.00921658986175108,"continuous",53.5,,,"cifose_toracica < 53.5","cifose_toracica >= 53.5"
3,1,3,"outer_training_saved_hyperparameters",1,0,553,"lordose_lombar","surrogate",5,0,-1,0.609403254972875,65.5,0.0046082949308754,"continuous",65.5,,,"lordose_lombar < 65.5","lordose_lombar >= 65.5"
3,1,3,"outer_training_saved_hyperparameters",2,1,336,"imc","surrogate",1,0,-1,0.833333333333333,14.7826038631566,0.0819672131147544,"continuous",14.7826038631566,,,"imc < 14.782603863156632","imc >= 14.782603863156632"
3,1,3,"outer_training_saved_hyperparameters",2,1,336,"cifose_toracica","surrogate",2,0,-1,0.821428571428571,2.5,0.0163934426229508,"continuous",2.5,,,"cifose_toracica < 2.5","cifose_toracica >= 2.5"
3,1,3,"outer_training_saved_hyperparameters",5,2,275,"imc","surrogate",1,0,1,0.865454545454545,14.9030813654523,0.0512820512820516,"continuous",14.9030813654523,,,"imc >= 14.903081365452316","imc < 14.903081365452316"
3,1,3,"outer_training_saved_hyperparameters",3,1,217,"risser","surrogate",1,0,5,0.589861751152074,13,0.118811881188119,"categorical",,"0 | 2 | 4","1 | 3","risser in {0 | 2 | 4}","risser in {1 | 3}"
3,1,3,"outer_training_saved_hyperparameters",3,1,217,"lordose_lombar","surrogate",2,0,1,0.585253456221198,43.5,0.108910891089109,"continuous",43.5,,,"lordose_lombar >= 43.5","lordose_lombar < 43.5"
3,1,3,"outer_training_saved_hyperparameters",3,1,217,"sexo","surrogate",3,0,2,0.580645161290323,14,0.099009900990099,"categorical",,"feminino","masculino","sexo in {feminino}","sexo in {masculino}"
3,1,3,"outer_training_saved_hyperparameters",3,1,217,"imc","surrogate",4,0,1,0.571428571428571,19.8161168509761,0.0792079207920791,"continuous",19.8161168509761,,,"imc >= 19.816116850976105","imc < 19.816116850976105"
3,1,3,"outer_training_saved_hyperparameters",3,1,217,"lenke","surrogate",5,0,6,0.566820276497696,15,0.0693069306930692,"categorical",,"1 | 3 | 5 | 6","2 | 4","lenke in {1 | 3 | 5 | 6}","lenke in {2 | 4}"
4,1,4,"outer_training_saved_hyperparameters",1,0,553,"lenke","surrogate",1,0,6,0.623869801084991,4,0.0502283105022829,"categorical",,"1 | 3 | 4 | 5 | 6","2","lenke in {1 | 3 | 4 | 5 | 6}","lenke in {2}"
4,1,4,"outer_training_saved_hyperparameters",1,0,553,"imc","surrogate",2,0,1,0.614828209764919,14.6055076557158,0.0273972602739724,"continuous",14.6055076557158,,,"imc >= 14.605507655715773","imc < 14.605507655715773"
4,1,4,"outer_training_saved_hyperparameters",1,0,553,"risser","surrogate",3,0,5,0.61121157323689,5,0.0182648401826483,"categorical",,"0 | 1 | 3 | 4","2","risser in {0 | 1 | 3 | 4}","risser in {2}"
4,1,4,"outer_training_saved_hyperparameters",1,0,553,"lordose_lombar","surrogate",4,0,-1,0.607594936708861,81,0.00913242009132413,"continuous",81,,,"lordose_lombar < 81","lordose_lombar >= 81"
4,1,4,"outer_training_saved_hyperparameters",1,0,553,"cifose_toracica","surrogate",5,0,1,0.605786618444846,2.5,0.00456621004566192,"continuous",2.5,,,"cifose_toracica >= 2.5","cifose_toracica < 2.5"
4,1,4,"outer_training_saved_hyperparameters",2,1,334,"imc","surrogate",1,0,-1,0.844311377245509,14.7826038631566,0.0545454545454546,"continuous",14.7826038631566,,,"imc < 14.782603863156632","imc >= 14.782603863156632"
4,1,4,"outer_training_saved_hyperparameters",5,2,279,"imc","surrogate",1,0,1,0.853046594982079,14.9030813654523,0.0238095238095233,"continuous",14.9030813654523,,,"imc >= 14.903081365452316","imc < 14.903081365452316"
4,1,4,"outer_training_saved_hyperparameters",10,3,237,"cifose_toracica","surrogate",1,0,-1,0.839662447257384,57,0.05,"continuous",57,,,"cifose_toracica < 57","cifose_toracica >= 57"
4,1,4,"outer_training_saved_hyperparameters",10,3,237,"lordose_lombar","surrogate",2,0,1,0.839662447257384,23,0.05,"continuous",23,,,"lordose_lombar >= 23","lordose_lombar < 23"
4,1,4,"outer_training_saved_hyperparameters",10,3,237,"correcao_colete","surrogate",3,0,-1,0.839662447257384,48.8088485536018,0.05,"continuous",48.8088485536018,,,"correcao_colete < 48.808848553601798","correcao_colete >= 48.808848553601798"
4,1,4,"outer_training_saved_hyperparameters",3,1,219,"idade","surrogate",1,0,-1,0.753424657534247,10.5,0.0357142857142857,"continuous",10.5,,,"idade < 10.5","idade >= 10.5"
4,1,4,"outer_training_saved_hyperparameters",3,1,219,"imc","surrogate",2,0,-1,0.753424657534247,15.4880303449199,0.0357142857142857,"continuous",15.4880303449199,,,"imc < 15.488030344919917","imc >= 15.488030344919917"
4,1,4,"outer_training_saved_hyperparameters",3,1,219,"cifose_toracica","surrogate",3,0,1,0.753424657534247,56.5,0.0357142857142857,"continuous",56.5,,,"cifose_toracica >= 56.5","cifose_toracica < 56.5"
4,1,4,"outer_training_saved_hyperparameters",6,2,56,"idade","surrogate",1,0,-1,0.678571428571429,11.5,0.181818181818182,"continuous",11.5,,,"idade < 11.5","idade >= 11.5"
4,1,4,"outer_training_saved_hyperparameters",6,2,56,"imc","surrogate",2,0,-1,0.678571428571429,15.8393962241586,0.181818181818182,"continuous",15.8393962241586,,,"imc < 15.839396224158602","imc >= 15.839396224158602"
4,1,4,"outer_training_saved_hyperparameters",6,2,56,"cifose_toracica","surrogate",3,0,1,0.678571428571429,40.5,0.181818181818182,"continuous",40.5,,,"cifose_toracica >= 40.5","cifose_toracica < 40.5"
4,1,4,"outer_training_saved_hyperparameters",6,2,56,"lordose_lombar","surrogate",4,0,-1,0.678571428571429,48.5,0.181818181818182,"continuous",48.5,,,"lordose_lombar < 48.5","lordose_lombar >= 48.5"
4,1,4,"outer_training_saved_hyperparameters",6,2,56,"correcao_colete","surrogate",5,0,-1,0.642857142857143,50.5555555555556,0.0909090909090911,"continuous",50.5555555555556,,,"correcao_colete < 50.55555555555555","correcao_colete >= 50.55555555555555"
5,1,5,"outer_training_saved_hyperparameters",1,0,553,"imc","surrogate",1,0,1,0.7124773960217,13.8495134862118,0.00624999999999976,"continuous",13.8495134862118,,,"imc >= 13.849513486211798","imc < 13.849513486211798"
5,1,5,"outer_training_saved_hyperparameters",2,1,393,"imc","surrogate",1,0,-1,0.847328244274809,14.7005487322722,0.0163934426229506,"continuous",14.7005487322722,,,"imc < 14.700548732272217","imc >= 14.700548732272217"
5,1,5,"outer_training_saved_hyperparameters",2,1,393,"cifose_toracica","surrogate",2,0,-1,0.847328244274809,2.5,0.0163934426229506,"continuous",2.5,,,"cifose_toracica < 2.5","cifose_toracica >= 2.5"
6,1,6,"outer_training_saved_hyperparameters",1,0,553,"lenke","surrogate",1,0,6,0.629294755877034,4,0.0723981900452488,"categorical",,"1 | 3 | 4 | 5 | 6","2","lenke in {1 | 3 | 4 | 5 | 6}","lenke in {2}"
6,1,6,"outer_training_saved_hyperparameters",1,0,553,"imc","surrogate",2,0,1,0.613019891500904,14.6055076557158,0.0316742081447965,"continuous",14.6055076557158,,,"imc >= 14.605507655715773","imc < 14.605507655715773"
6,1,6,"outer_training_saved_hyperparameters",1,0,553,"lordose_lombar","surrogate",3,0,1,0.605786618444846,33.5,0.0135746606334842,"continuous",33.5,,,"lordose_lombar >= 33.5","lordose_lombar < 33.5"
6,1,6,"outer_training_saved_hyperparameters",1,0,553,"cifose_toracica","surrogate",4,0,1,0.603978300180832,2.5,0.00904977375565631,"continuous",2.5,,,"cifose_toracica >= 2.5","cifose_toracica < 2.5"
6,1,6,"outer_training_saved_hyperparameters",1,0,553,"risser","surrogate",5,0,5,0.603978300180832,5,0.00904977375565631,"categorical",,"0 | 1 | 3 | 4","2","risser in {0 | 1 | 3 | 4}","risser in {2}"
6,1,6,"outer_training_saved_hyperparameters",3,1,221,"idade","surrogate",1,0,-1,0.746606334841629,10.5,0.0508474576271189,"continuous",10.5,,,"idade < 10.5","idade >= 10.5"
6,1,6,"outer_training_saved_hyperparameters",3,1,221,"lordose_lombar","surrogate",2,0,1,0.742081447963801,71.5,0.0338983050847461,"continuous",71.5,,,"lordose_lombar >= 71.5","lordose_lombar < 71.5"
6,1,6,"outer_training_saved_hyperparameters",3,1,221,"lenke","surrogate",3,0,6,0.742081447963801,7,0.0338983050847461,"categorical",,"1","2 | 3 | 4 | 5 | 6","lenke in {1}","lenke in {2 | 3 | 4 | 5 | 6}"
6,1,6,"outer_training_saved_hyperparameters",3,1,221,"cifose_toracica","surrogate",4,0,1,0.737556561085973,56.5,0.0169491525423732,"continuous",56.5,,,"cifose_toracica >= 56.5","cifose_toracica < 56.5"
6,1,6,"outer_training_saved_hyperparameters",6,2,59,"idade","surrogate",1,0,-1,0.694915254237288,11.5,0.181818181818182,"continuous",11.5,,,"idade < 11.5","idade >= 11.5"
6,1,6,"outer_training_saved_hyperparameters",6,2,59,"cifose_toracica","surrogate",2,0,1,0.694915254237288,40.5,0.181818181818182,"continuous",40.5,,,"cifose_toracica >= 40.5","cifose_toracica < 40.5"
6,1,6,"outer_training_saved_hyperparameters",6,2,59,"lordose_lombar","surrogate",3,0,-1,0.694915254237288,48.5,0.181818181818182,"continuous",48.5,,,"lordose_lombar < 48.5","lordose_lombar >= 48.5"
6,1,6,"outer_training_saved_hyperparameters",6,2,59,"imc","surrogate",4,0,-1,0.661016949152542,15.8393962241586,0.090909090909091,"continuous",15.8393962241586,,,"imc < 15.839396224158602","imc >= 15.839396224158602"
6,1,6,"outer_training_saved_hyperparameters",6,2,59,"correcao_colete","surrogate",5,0,-1,0.661016949152542,50.5555555555556,0.090909090909091,"continuous",50.5555555555556,,,"correcao_colete < 50.55555555555555","correcao_colete >= 50.55555555555555"
7,1,7,"outer_training_saved_hyperparameters",1,0,553,"lenke","surrogate",1,0,6,0.631103074141049,5,0.0467289719626167,"categorical",,"1 | 3 | 4 | 5 | 6","2","lenke in {1 | 3 | 4 | 5 | 6}","lenke in {2}"
7,1,7,"outer_training_saved_hyperparameters",1,0,553,"imc","surrogate",2,0,1,0.62748643761302,14.6055076557158,0.0373831775700935,"continuous",14.6055076557158,,,"imc >= 14.605507655715773","imc < 14.605507655715773"
7,1,7,"outer_training_saved_hyperparameters",1,0,553,"cifose_toracica","surrogate",3,0,1,0.614828209764919,2.5,0.0046728971962615,"continuous",2.5,,,"cifose_toracica >= 2.5","cifose_toracica < 2.5"
7,1,7,"outer_training_saved_hyperparameters",1,0,553,"lordose_lombar","surrogate",4,0,-1,0.614828209764919,81,0.0046728971962615,"continuous",81,,,"lordose_lombar < 81","lordose_lombar >= 81"
7,1,7,"outer_training_saved_hyperparameters",2,1,339,"imc","surrogate",1,0,-1,0.843657817109145,14.7826038631566,0.0535714285714287,"continuous",14.7826038631566,,,"imc < 14.782603863156632","imc >= 14.782603863156632"
8,1,8,"outer_training_saved_hyperparameters",1,0,554,"lenke","surrogate",1,0,6,0.61913357400722,4,0.0538116591928251,"categorical",,"1 | 3 | 4 | 5 | 6","2","lenke in {1 | 3 | 4 | 5 | 6}","lenke in {2}"
8,1,8,"outer_training_saved_hyperparameters",1,0,554,"imc","surrogate",2,0,1,0.610108303249097,14.6055076557158,0.0313901345291479,"continuous",14.6055076557158,,,"imc >= 14.605507655715773","imc < 14.605507655715773"
8,1,8,"outer_training_saved_hyperparameters",1,0,554,"cifose_toracica","surrogate",3,0,-1,0.602888086642599,53.5,0.0134529147982062,"continuous",53.5,,,"cifose_toracica < 53.5","cifose_toracica >= 53.5"
8,1,8,"outer_training_saved_hyperparameters",1,0,554,"lordose_lombar","surrogate",4,0,-1,0.601083032490975,65.5,0.0089686098654707,"continuous",65.5,,,"lordose_lombar < 65.5","lordose_lombar >= 65.5"
8,1,8,"outer_training_saved_hyperparameters",1,0,554,"risser","surrogate",5,0,5,0.601083032490975,5,0.0089686098654707,"categorical",,"0 | 1 | 3 | 4","2","risser in {0 | 1 | 3 | 4}","risser in {2}"
8,1,8,"outer_training_saved_hyperparameters",2,1,331,"imc","surrogate",1,0,-1,0.830815709969788,14.7826038631566,0.0666666666666667,"continuous",14.7826038631566,,,"imc < 14.782603863156632","imc >= 14.782603863156632"
8,1,8,"outer_training_saved_hyperparameters",2,1,331,"cifose_toracica","surrogate",2,0,-1,0.821752265861027,2.5,0.0166666666666671,"continuous",2.5,,,"cifose_toracica < 2.5","cifose_toracica >= 2.5"
8,1,8,"outer_training_saved_hyperparameters",5,2,271,"imc","surrogate",1,0,1,0.867158671586716,14.9030813654523,0.0270270270270275,"continuous",14.9030813654523,,,"imc >= 14.903081365452316","imc < 14.903081365452316"
8,1,8,"outer_training_saved_hyperparameters",3,1,223,"risser","surrogate",1,0,5,0.587443946188341,14,0.115384615384615,"categorical",,"0 | 2 | 4","1 | 3","risser in {0 | 2 | 4}","risser in {1 | 3}"
8,1,8,"outer_training_saved_hyperparameters",3,1,223,"sexo","surrogate",2,0,2,0.57847533632287,15,0.0961538461538462,"categorical",,"feminino","masculino","sexo in {feminino}","sexo in {masculino}"
8,1,8,"outer_training_saved_hyperparameters",3,1,223,"lordose_lombar","surrogate",3,0,1,0.573991031390135,40.5,0.0865384615384616,"continuous",40.5,,,"lordose_lombar >= 40.5","lordose_lombar < 40.5"
8,1,8,"outer_training_saved_hyperparameters",3,1,223,"imc","surrogate",4,0,-1,0.560538116591928,16.4133360721146,0.0576923076923076,"continuous",16.4133360721146,,,"imc < 16.413336072114554","imc >= 16.413336072114554"
8,1,8,"outer_training_saved_hyperparameters",3,1,223,"lenke","surrogate",5,0,6,0.551569506726457,16,0.0384615384615386,"categorical",,"1 | 3 | 5 | 6","2 | 4","lenke in {1 | 3 | 5 | 6}","lenke in {2 | 4}"
8,1,8,"outer_training_saved_hyperparameters",6,2,119,"correcao_colete","surrogate",1,0,1,0.983193277310924,61.072261072261,0.499999999999998,"continuous",61.072261072261,,,"correcao_colete >= 61.07226107226105","correcao_colete < 61.07226107226105"
9,1,9,"outer_training_saved_hyperparameters",1,0,555,"lenke","surrogate",1,0,6,0.598198198198198,4,0.192028985507246,"categorical",,"3 | 4","1 | 2 | 5 | 6","lenke in {3 | 4}","lenke in {1 | 2 | 5 | 6}"
9,1,9,"outer_training_saved_hyperparameters",1,0,555,"risser","surrogate",2,0,5,0.567567567567568,5,0.130434782608696,"categorical",,"0 | 3 | 4","1 | 2","risser in {0 | 3 | 4}","risser in {1 | 2}"
9,1,9,"outer_training_saved_hyperparameters",1,0,555,"flexibilidade","surrogate",3,0,2,0.554954954954955,6,0.105072463768116,"categorical",,"rigido","flexivel","flexibilidade in {rigido}","flexibilidade in {flexivel}"
9,1,9,"outer_training_saved_hyperparameters",1,0,555,"idade","surrogate",4,0,-1,0.553153153153153,13.5,0.101449275362319,"continuous",13.5,,,"idade < 13.5","idade >= 13.5"
9,1,9,"outer_training_saved_hyperparameters",1,0,555,"imc","surrogate",5,0,1,0.544144144144144,22.6053389023546,0.0833333333333334,"continuous",22.6053389023546,,,"imc >= 22.605338902354568","imc < 22.605338902354568"
9,1,9,"outer_training_saved_hyperparameters",2,1,279,"imc","surrogate",1,0,-1,0.799283154121864,14.7826038631566,0.0666666666666668,"continuous",14.7826038631566,,,"imc < 14.782603863156632","imc >= 14.782603863156632"
9,1,9,"outer_training_saved_hyperparameters",2,1,279,"cifose_toracica","surrogate",2,0,-1,0.788530465949821,2.5,0.0166666666666668,"continuous",2.5,,,"cifose_toracica < 2.5","cifose_toracica >= 2.5"
9,1,9,"outer_training_saved_hyperparameters",5,2,219,"cifose_toracica","surrogate",1,0,-1,0.876712328767123,57,0.0689655172413793,"continuous",57,,,"cifose_toracica < 57","cifose_toracica >= 57"
9,1,9,"outer_training_saved_hyperparameters",5,2,219,"lordose_lombar","surrogate",2,0,-1,0.876712328767123,78.5,0.0689655172413793,"continuous",78.5,,,"lordose_lombar < 78.5","lordose_lombar >= 78.5"
9,1,9,"outer_training_saved_hyperparameters",3,1,276,"lordose_lombar","surrogate",1,0,1,0.655797101449275,40.5,0.0865384615384616,"continuous",40.5,,,"lordose_lombar >= 40.5","lordose_lombar < 40.5"
9,1,9,"outer_training_saved_hyperparameters",3,1,276,"lenke","surrogate",2,0,6,0.648550724637681,12,0.0673076923076923,"categorical",,"1 | 3 | 5 | 6","2 | 4","lenke in {1 | 3 | 5 | 6}","lenke in {2 | 4}"
9,1,9,"outer_training_saved_hyperparameters",3,1,276,"sexo","surrogate",3,0,2,0.644927536231884,13,0.0576923076923077,"categorical",,"feminino","masculino","sexo in {feminino}","sexo in {masculino}"
9,1,9,"outer_training_saved_hyperparameters",3,1,276,"cifose_toracica","surrogate",4,0,1,0.630434782608696,2.5,0.0192307692307693,"continuous",2.5,,,"cifose_toracica >= 2.5","cifose_toracica < 2.5"
9,1,9,"outer_training_saved_hyperparameters",6,2,172,"idade","surrogate",1,0,-1,0.796511627906977,10.5,0.102564102564102,"continuous",10.5,,,"idade < 10.5","idade >= 10.5"
9,1,9,"outer_training_saved_hyperparameters",6,2,172,"imc","surrogate",2,0,-1,0.790697674418605,13.8495134862118,0.0769230769230766,"continuous",13.8495134862118,,,"imc < 13.849513486211798","imc >= 13.849513486211798"
10,1,10,"outer_training_saved_hyperparameters",1,0,555,"imc","surrogate",1,0,1,0.61981981981982,15.8580042573654,0.0452488687782806,"continuous",15.8580042573654,,,"imc >= 15.858004257365359","imc < 15.858004257365359"
10,1,10,"outer_training_saved_hyperparameters",1,0,555,"lordose_lombar","surrogate",2,0,-1,0.612612612612613,65.5,0.0271493212669683,"continuous",65.5,,,"lordose_lombar < 65.5","lordose_lombar >= 65.5"
10,1,10,"outer_training_saved_hyperparameters",1,0,555,"lenke","surrogate",3,0,6,0.610810810810811,4,0.0226244343891403,"categorical",,"1 | 3 | 4 | 5 | 6","2","lenke in {1 | 3 | 4 | 5 | 6}","lenke in {2}"
10,1,10,"outer_training_saved_hyperparameters",1,0,555,"cifose_toracica","surrogate",4,0,-1,0.605405405405405,53,0.00904977375565629,"continuous",53,,,"cifose_toracica < 53","cifose_toracica >= 53"
10,1,10,"outer_training_saved_hyperparameters",1,0,555,"risser","surrogate",5,0,5,0.605405405405405,5,0.00904977375565629,"categorical",,"0 | 1 | 3 | 4","2","risser in {0 | 1 | 3 | 4}","risser in {2}"
10,1,10,"outer_training_saved_hyperparameters",3,1,221,"risser","surrogate",1,0,5,0.588235294117647,7,0.116504854368932,"categorical",,"0 | 2 | 3 | 4","1","risser in {0 | 2 | 3 | 4}","risser in {1}"
10,1,10,"outer_training_saved_hyperparameters",3,1,221,"sexo","surrogate",2,0,2,0.574660633484163,8,0.087378640776699,"categorical",,"feminino","masculino","sexo in {feminino}","sexo in {masculino}"
10,1,10,"outer_training_saved_hyperparameters",3,1,221,"lordose_lombar","surrogate",3,0,1,0.556561085972851,35.5,0.0485436893203884,"continuous",35.5,,,"lordose_lombar >= 35.5","lordose_lombar < 35.5"
10,1,10,"outer_training_saved_hyperparameters",3,1,221,"imc","surrogate",4,0,-1,0.552036199095023,16.4133360721146,0.0388349514563108,"continuous",16.4133360721146,,,"imc < 16.413336072114554","imc >= 16.413336072114554"
10,1,10,"outer_training_saved_hyperparameters",3,1,221,"lenke","surrogate",5,0,6,0.552036199095023,9,0.0388349514563108,"categorical",,"1 | 3 | 5 | 6","2 | 4","lenke in {1 | 3 | 5 | 6}","lenke in {2 | 4}"
11,2,1,"outer_training_saved_hyperparameters",1,0,553,"imc","surrogate",1,0,1,0.708860759493671,13.8495134862118,0.0122699386503067,"continuous",13.8495134862118,,,"imc >= 13.849513486211798","imc < 13.849513486211798"
11,2,1,"outer_training_saved_hyperparameters",1,0,553,"cifose_toracica","surrogate",2,0,1,0.707052441229656,2.5,0.00613496932515314,"continuous",2.5,,,"cifose_toracica >= 2.5","cifose_toracica < 2.5"
11,2,1,"outer_training_saved_hyperparameters",1,0,553,"lordose_lombar","surrogate",3,0,-1,0.707052441229656,81,0.00613496932515314,"continuous",81,,,"lordose_lombar < 81","lordose_lombar >= 81"
11,2,1,"outer_training_saved_hyperparameters",2,1,390,"lordose_lombar","surrogate",1,0,-1,0.715384615384615,72.5,0.0431034482758623,"continuous",72.5,,,"lordose_lombar < 72.5","lordose_lombar >= 72.5"
11,2,1,"outer_training_saved_hyperparameters",2,1,390,"imc","surrogate",2,0,1,0.71025641025641,14.0583641683556,0.0258620689655175,"continuous",14.0583641683556,,,"imc >= 14.058364168355572","imc < 14.058364168355572"
11,2,1,"outer_training_saved_hyperparameters",2,1,390,"lenke","surrogate",3,0,6,0.707692307692308,6,0.0172413793103451,"categorical",,"2 | 3 | 4 | 5 | 6","1","lenke in {2 | 3 | 4 | 5 | 6}","lenke in {1}"
11,2,1,"outer_training_saved_hyperparameters",2,1,390,"cifose_toracica","surrogate",4,0,-1,0.705128205128205,55,0.00862068965517276,"continuous",55,,,"cifose_toracica < 55","cifose_toracica >= 55"
11,2,1,"outer_training_saved_hyperparameters",5,2,116,"idade","surrogate",1,0,-1,0.827586206896552,10.5,0.230769230769231,"continuous",10.5,,,"idade < 10.5","idade >= 10.5"
11,2,1,"outer_training_saved_hyperparameters",5,2,116,"imc","surrogate",2,0,-1,0.793103448275862,15.4192646666809,0.0769230769230771,"continuous",15.4192646666809,,,"imc < 15.419264666680895","imc >= 15.419264666680895"
11,2,1,"outer_training_saved_hyperparameters",11,3,90,"lordose_lombar","surrogate",1,0,-1,0.766666666666667,49.5,0.432432432432433,"continuous",49.5,,,"lordose_lombar < 49.5","lordose_lombar >= 49.5"
11,2,1,"outer_training_saved_hyperparameters",11,3,90,"lenke","surrogate",2,0,6,0.744444444444444,13,0.378378378378378,"categorical",,"2 | 3","1 | 4 | 5 | 6","lenke in {2 | 3}","lenke in {1 | 4 | 5 | 6}"
11,2,1,"outer_training_saved_hyperparameters",11,3,90,"escoliometro_maior_10_graus","surrogate",3,0,4,0.655555555555556,14,0.162162162162162,"categorical",,"toracica","normal | lombar | toracica_lombar","escoliometro_maior_10_graus in {toracica}","escoliometro_maior_10_graus in {normal | lombar | toracica_lombar}"
11,2,1,"outer_training_saved_hyperparameters",11,3,90,"idade","surrogate",4,0,-1,0.633333333333333,11.5,0.108108108108108,"continuous",11.5,,,"idade < 11.5","idade >= 11.5"
11,2,1,"outer_training_saved_hyperparameters",11,3,90,"correcao_colete","surrogate",5,0,1,0.633333333333333,53.4108527131783,0.108108108108108,"continuous",53.4108527131783,,,"correcao_colete >= 53.410852713178301","correcao_colete < 53.410852713178301"
12,2,2,"outer_training_saved_hyperparameters",1,0,553,"imc","surrogate",1,0,1,0.629294755877034,15.7780349420875,0.0509259259259259,"continuous",15.7780349420875,,,"imc >= 15.778034942087451","imc < 15.778034942087451"
12,2,2,"outer_training_saved_hyperparameters",1,0,553,"lenke","surrogate",2,0,6,0.625678119349005,4,0.0416666666666668,"categorical",,"1 | 3 | 4 | 5 | 6","2","lenke in {1 | 3 | 4 | 5 | 6}","lenke in {2}"
12,2,2,"outer_training_saved_hyperparameters",1,0,553,"lordose_lombar","surrogate",3,0,-1,0.61121157323689,81,0.00462962962962974,"continuous",81,,,"lordose_lombar < 81","lordose_lombar >= 81"
13,2,3,"outer_training_saved_hyperparameters",1,0,553,"imc","surrogate",1,0,1,0.636528028933092,15.8580042573654,0.0694444444444446,"continuous",15.8580042573654,,,"imc >= 15.858004257365359","imc < 15.858004257365359"
13,2,3,"outer_training_saved_hyperparameters",1,0,553,"lenke","surrogate",2,0,6,0.632911392405063,4,0.0601851851851854,"categorical",,"1 | 3 | 4 | 5 | 6","2","lenke in {1 | 3 | 4 | 5 | 6}","lenke in {2}"
13,2,3,"outer_training_saved_hyperparameters",1,0,553,"cifose_toracica","surrogate",3,0,-1,0.613019891500904,53.5,0.00925925925925947,"continuous",53.5,,,"cifose_toracica < 53.5","cifose_toracica >= 53.5"
13,2,3,"outer_training_saved_hyperparameters",1,0,553,"risser","surrogate",4,0,5,0.613019891500904,5,0.00925925925925947,"categorical",,"0 | 1 | 3 | 4","2","risser in {0 | 1 | 3 | 4}","risser in {2}"
13,2,3,"outer_training_saved_hyperparameters",1,0,553,"lordose_lombar","surrogate",5,0,-1,0.61121157323689,70.5,0.00462962962962974,"continuous",70.5,,,"lordose_lombar < 70.5","lordose_lombar >= 70.5"
13,2,3,"outer_training_saved_hyperparameters",2,1,337,"imc","surrogate",1,0,-1,0.830860534124629,14.7826038631566,0.0655737704918037,"continuous",14.7826038631566,,,"imc < 14.782603863156632","imc >= 14.782603863156632"
13,2,3,"outer_training_saved_hyperparameters",2,1,337,"cifose_toracica","surrogate",2,0,-1,0.821958456973294,2.5,0.0163934426229508,"continuous",2.5,,,"cifose_toracica < 2.5","cifose_toracica >= 2.5"
13,2,3,"outer_training_saved_hyperparameters",5,2,276,"imc","surrogate",1,0,1,0.855072463768116,14.9030813654523,0.0243902439024391,"continuous",14.9030813654523,,,"imc >= 14.903081365452316","imc < 14.903081365452316"
13,2,3,"outer_training_saved_hyperparameters",5,2,276,"correcao_colete","surrogate",2,0,1,0.855072463768116,29.8648648648648,0.0243902439024391,"continuous",29.8648648648648,,,"correcao_colete >= 29.864864864864849","correcao_colete < 29.864864864864849"
13,2,3,"outer_training_saved_hyperparameters",10,3,235,"lordose_lombar","surrogate",1,0,-1,0.697872340425532,64.5,0.134146341463415,"continuous",64.5,,,"lordose_lombar < 64.5","lordose_lombar >= 64.5"
13,2,3,"outer_training_saved_hyperparameters",10,3,235,"sexo","surrogate",2,0,2,0.685106382978723,13,0.0975609756097559,"categorical",,"feminino","masculino","sexo in {feminino}","sexo in {masculino}"
13,2,3,"outer_training_saved_hyperparameters",10,3,235,"imc","surrogate",3,0,1,0.668085106382979,15.982784950715,0.0487804878048778,"continuous",15.982784950715,,,"imc >= 15.982784950714979","imc < 15.982784950714979"
13,2,3,"outer_training_saved_hyperparameters",10,3,235,"idade","surrogate",4,0,1,0.65531914893617,10.5,0.0121951219512192,"continuous",10.5,,,"idade >= 10.5","idade < 10.5"
13,2,3,"outer_training_saved_hyperparameters",20,4,153,"imc","surrogate",1,0,1,0.803921568627451,15.2763141168675,0.0322580645161289,"continuous",15.2763141168675,,,"imc >= 15.276314116867486","imc < 15.276314116867486"
13,2,3,"outer_training_saved_hyperparameters",21,4,82,"correcao_colete","surrogate",1,0,1,0.695121951219512,31.9090909090909,0.0384615384615382,"continuous",31.9090909090909,,,"correcao_colete >= 31.909090909090899","correcao_colete < 31.909090909090899"
13,2,3,"outer_training_saved_hyperparameters",21,4,82,"lenke","surrogate",2,0,6,0.695121951219512,18,0.0384615384615382,"categorical",,"2 | 3 | 4 | 5 | 6","1","lenke in {2 | 3 | 4 | 5 | 6}","lenke in {1}"
14,2,4,"outer_training_saved_hyperparameters",1,0,553,"lenke","surrogate",1,0,6,0.620253164556962,4,0.0625,"categorical",,"1 | 3 | 4 | 5 | 6","2","lenke in {1 | 3 | 4 | 5 | 6}","lenke in {2}"
14,2,4,"outer_training_saved_hyperparameters",1,0,553,"imc","surrogate",2,0,1,0.616636528028933,15.7820076624604,0.0535714285714287,"continuous",15.7820076624604,,,"imc >= 15.782007662460355","imc < 15.782007662460355"
14,2,4,"outer_training_saved_hyperparameters",1,0,553,"lordose_lombar","surrogate",3,0,-1,0.607594936708861,65.5,0.0312500000000002,"continuous",65.5,,,"lordose_lombar < 65.5","lordose_lombar >= 65.5"
14,2,4,"outer_training_saved_hyperparameters",1,0,553,"risser","surrogate",4,0,5,0.607594936708861,5,0.0312500000000002,"categorical",,"0 | 1 | 3 | 4","2","risser in {0 | 1 | 3 | 4}","risser in {2}"
14,2,4,"outer_training_saved_hyperparameters",1,0,553,"cifose_toracica","surrogate",5,0,-1,0.602169981916817,53.5,0.017857142857143,"continuous",53.5,,,"cifose_toracica < 53.5","cifose_toracica >= 53.5"
14,2,4,"outer_training_saved_hyperparameters",2,1,329,"imc","surrogate",1,0,-1,0.820668693009118,14.7826038631566,0.0634920634920635,"continuous",14.7826038631566,,,"imc < 14.782603863156632","imc >= 14.782603863156632"
14,2,4,"outer_training_saved_hyperparameters",2,1,329,"cifose_toracica","surrogate",2,0,-1,0.814589665653495,2.5,0.031746031746032,"continuous",2.5,,,"cifose_toracica < 2.5","cifose_toracica >= 2.5"
14,2,4,"outer_training_saved_hyperparameters",5,2,266,"imc","surrogate",1,0,1,0.868421052631579,14.9030813654523,0.027777777777778,"continuous",14.9030813654523,,,"imc >= 14.903081365452316","imc < 14.903081365452316"
14,2,4,"outer_training_saved_hyperparameters",5,2,266,"cifose_toracica","surrogate",2,0,1,0.868421052631579,3.5,0.027777777777778,"continuous",3.5,,,"cifose_toracica >= 3.5","cifose_toracica < 3.5"
14,2,4,"outer_training_saved_hyperparameters",10,3,230,"lordose_lombar","surrogate",1,0,-1,0.773913043478261,64.5,0.133333333333333,"continuous",64.5,,,"lordose_lombar < 64.5","lordose_lombar >= 64.5"
14,2,4,"outer_training_saved_hyperparameters",10,3,230,"sexo","surrogate",2,0,2,0.765217391304348,15,0.1,"categorical",,"feminino","masculino","sexo in {feminino}","sexo in {masculino}"
14,2,4,"outer_training_saved_hyperparameters",10,3,230,"imc","surrogate",3,0,1,0.756521739130435,15.982784950715,0.0666666666666667,"continuous",15.982784950715,,,"imc >= 15.982784950714979","imc < 15.982784950714979"
14,2,4,"outer_training_saved_hyperparameters",3,1,224,"sexo","surrogate",1,0,2,0.598214285714286,17,0.0999999999999999,"categorical",,"feminino","masculino","sexo in {feminino}","sexo in {masculino}"
14,2,4,"outer_training_saved_hyperparameters",3,1,224,"risser","surrogate",2,0,5,0.598214285714286,18,0.0999999999999999,"categorical",,"0 | 2 | 3 | 4","1","risser in {0 | 2 | 3 | 4}","risser in {1}"
14,2,4,"outer_training_saved_hyperparameters",3,1,224,"lordose_lombar","surrogate",3,0,1,0.589285714285714,40.5,0.08,"continuous",40.5,,,"lordose_lombar >= 40.5","lordose_lombar < 40.5"
14,2,4,"outer_training_saved_hyperparameters",3,1,224,"lenke","surrogate",4,0,6,0.575892857142857,19,0.0499999999999998,"categorical",,"1 | 3 | 5 | 6","2 | 4","lenke in {1 | 3 | 5 | 6}","lenke in {2 | 4}"
14,2,4,"outer_training_saved_hyperparameters",3,1,224,"cifose_toracica","surrogate",5,0,1,0.5625,6.5,0.0199999999999999,"continuous",6.5,,,"cifose_toracica >= 6.5","cifose_toracica < 6.5"
15,2,5,"outer_training_saved_hyperparameters",1,0,553,"lenke","surrogate",1,0,6,0.623869801084991,4,0.0502283105022829,"categorical",,"1 | 3 | 4 | 5 | 6","2","lenke in {1 | 3 | 4 | 5 | 6}","lenke in {2}"
15,2,5,"outer_training_saved_hyperparameters",1,0,553,"imc","surrogate",2,0,1,0.616636528028933,14.6055076557158,0.0319634703196346,"continuous",14.6055076557158,,,"imc >= 14.605507655715773","imc < 14.605507655715773"
15,2,5,"outer_training_saved_hyperparameters",1,0,553,"risser","surrogate",3,0,5,0.61121157323689,5,0.0182648401826483,"categorical",,"0 | 1 | 3 | 4","2","risser in {0 | 1 | 3 | 4}","risser in {2}"
15,2,5,"outer_training_saved_hyperparameters",1,0,553,"lordose_lombar","surrogate",4,0,-1,0.609403254972875,65.5,0.0136986301369861,"continuous",65.5,,,"lordose_lombar < 65.5","lordose_lombar >= 65.5"
15,2,5,"outer_training_saved_hyperparameters",1,0,553,"cifose_toracica","surrogate",5,0,1,0.605786618444846,2.5,0.00456621004566192,"continuous",2.5,,,"cifose_toracica >= 2.5","cifose_toracica < 2.5"
15,2,5,"outer_training_saved_hyperparameters",2,1,334,"imc","surrogate",1,0,-1,0.832335329341317,14.7826038631566,0.0508474576271187,"continuous",14.7826038631566,,,"imc < 14.782603863156632","imc >= 14.782603863156632"
15,2,5,"outer_training_saved_hyperparameters",2,1,334,"cifose_toracica","surrogate",2,0,-1,0.82934131736527,2.5,0.033898305084746,"continuous",2.5,,,"cifose_toracica < 2.5","cifose_toracica >= 2.5"
15,2,5,"outer_training_saved_hyperparameters",5,2,275,"imc","surrogate",1,0,1,0.865454545454545,14.9030813654523,0.0263157894736844,"continuous",14.9030813654523,,,"imc >= 14.903081365452316","imc < 14.903081365452316"
16,2,6,"outer_training_saved_hyperparameters",1,0,553,"lenke","surrogate",1,0,6,0.625678119349005,4,0.059090909090909,"categorical",,"1 | 3 | 4 | 5 | 6","2","lenke in {1 | 3 | 4 | 5 | 6}","lenke in {2}"
16,2,6,"outer_training_saved_hyperparameters",1,0,553,"imc","surrogate",2,0,1,0.613019891500904,14.0583641683556,0.0272727272727273,"continuous",14.0583641683556,,,"imc >= 14.058364168355572","imc < 14.058364168355572"
16,2,6,"outer_training_saved_hyperparameters",1,0,553,"lordose_lombar","surrogate",3,0,-1,0.609403254972875,65.5,0.018181818181818,"continuous",65.5,,,"lordose_lombar < 65.5","lordose_lombar >= 65.5"
16,2,6,"outer_training_saved_hyperparameters",1,0,553,"risser","surrogate",4,0,5,0.607594936708861,5,0.0136363636363637,"categorical",,"0 | 1 | 3 | 4","2","risser in {0 | 1 | 3 | 4}","risser in {2}"
16,2,6,"outer_training_saved_hyperparameters",1,0,553,"cifose_toracica","surrogate",5,0,-1,0.605786618444846,53.5,0.00909090909090902,"continuous",53.5,,,"cifose_toracica < 53.5","cifose_toracica >= 53.5"
16,2,6,"outer_training_saved_hyperparameters",2,1,333,"imc","surrogate",1,0,-1,0.846846846846847,14.7826038631566,0.0727272727272731,"continuous",14.7826038631566,,,"imc < 14.782603863156632","imc >= 14.782603863156632"
16,2,6,"outer_training_saved_hyperparameters",2,1,333,"cifose_toracica","surrogate",2,0,-1,0.837837837837838,2.5,0.0181818181818184,"continuous",2.5,,,"cifose_toracica < 2.5","cifose_toracica >= 2.5"
16,2,6,"outer_training_saved_hyperparameters",5,2,278,"imc","surrogate",1,0,1,0.856115107913669,14.9030813654523,0.0243902439024389,"continuous",14.9030813654523,,,"imc >= 14.903081365452316","imc < 14.903081365452316"
16,2,6,"outer_training_saved_hyperparameters",5,2,278,"correcao_colete","surrogate",2,0,1,0.856115107913669,29.8648648648648,0.0243902439024389,"continuous",29.8648648648648,,,"correcao_colete >= 29.864864864864849","correcao_colete < 29.864864864864849"
16,2,6,"outer_training_saved_hyperparameters",11,3,41,"lenke","surrogate",1,0,6,0.731707317073171,12,0.266666666666667,"categorical",,"3 | 6","1 | 4","lenke in {3 | 6}","lenke in {1 | 4}"
16,2,6,"outer_training_saved_hyperparameters",11,3,41,"imc","surrogate",2,0,1,0.682926829268293,15.2054925518426,0.133333333333333,"continuous",15.2054925518426,,,"imc >= 15.205492551842568","imc < 15.205492551842568"
16,2,6,"outer_training_saved_hyperparameters",11,3,41,"cifose_toracica","surrogate",3,0,1,0.682926829268293,4.5,0.133333333333333,"continuous",4.5,,,"cifose_toracica >= 4.5","cifose_toracica < 4.5"
16,2,6,"outer_training_saved_hyperparameters",11,3,41,"correcao_colete","surrogate",4,0,-1,0.682926829268293,47.4982381959126,0.133333333333333,"continuous",47.4982381959126,,,"correcao_colete < 47.498238195912599","correcao_colete >= 47.498238195912599"
16,2,6,"outer_training_saved_hyperparameters",11,3,41,"escoliometro_maior_10_graus","surrogate",5,0,4,0.682926829268293,13,0.133333333333333,"categorical",,"normal | lombar | toracica_lombar","toracica","escoliometro_maior_10_graus in {normal | lombar | toracica_lombar}","escoliometro_maior_10_graus in {toracica}"
16,2,6,"outer_training_saved_hyperparameters",3,1,220,"risser","surrogate",1,0,5,0.590909090909091,15,0.166666666666667,"categorical",,"4","0 | 1 | 2 | 3","risser in {4}","risser in {0 | 1 | 2 | 3}"
16,2,6,"outer_training_saved_hyperparameters",3,1,220,"imc","surrogate",2,0,-1,0.568181818181818,16.4133360721146,0.120370370370371,"continuous",16.4133360721146,,,"imc < 16.413336072114554","imc >= 16.413336072114554"
16,2,6,"outer_training_saved_hyperparameters",3,1,220,"lordose_lombar","surrogate",3,0,1,0.568181818181818,43.5,0.120370370370371,"continuous",43.5,,,"lordose_lombar >= 43.5","lordose_lombar < 43.5"
16,2,6,"outer_training_saved_hyperparameters",3,1,220,"sexo","surrogate",4,0,2,0.563636363636364,16,0.111111111111111,"categorical",,"feminino","masculino","sexo in {feminino}","sexo in {masculino}"
16,2,6,"outer_training_saved_hyperparameters",3,1,220,"cifose_toracica","surrogate",5,0,1,0.554545454545455,27.5,0.0925925925925927,"continuous",27.5,,,"cifose_toracica >= 27.5","cifose_toracica < 27.5"
16,2,6,"outer_training_saved_hyperparameters",6,2,112,"lenke","surrogate",1,0,6,0.776785714285714,17,0.137931034482759,"categorical",,"3","1 | 2 | 4 | 5 | 6","lenke in {3}","lenke in {1 | 2 | 4 | 5 | 6}"
16,2,6,"outer_training_saved_hyperparameters",6,2,112,"lordose_lombar","surrogate",2,0,-1,0.75,37.5,0.0344827586206895,"continuous",37.5,,,"lordose_lombar < 37.5","lordose_lombar >= 37.5"
17,2,7,"outer_training_saved_hyperparameters",1,0,553,"lenke","surrogate",1,0,6,0.620253164556962,4,0.0454545454545454,"categorical",,"1 | 3 | 4 | 5 | 6","2","lenke in {1 | 3 | 4 | 5 | 6}","lenke in {2}"
17,2,7,"outer_training_saved_hyperparameters",1,0,553,"imc","surrogate",2,0,1,0.614828209764919,14.6055076557158,0.0318181818181817,"continuous",14.6055076557158,,,"imc >= 14.605507655715773","imc < 14.605507655715773"
17,2,7,"outer_training_saved_hyperparameters",1,0,553,"cifose_toracica","surrogate",3,0,1,0.603978300180832,2.5,0.00454545454545465,"continuous",2.5,,,"cifose_toracica >= 2.5","cifose_toracica < 2.5"
17,2,7,"outer_training_saved_hyperparameters",1,0,553,"risser","surrogate",4,0,5,0.603978300180832,5,0.00454545454545465,"categorical",,"0 | 1 | 3 | 4","2","risser in {0 | 1 | 3 | 4}","risser in {2}"
17,2,7,"outer_training_saved_hyperparameters",2,1,333,"imc","surrogate",1,0,-1,0.834834834834835,14.7826038631566,0.0677966101694912,"continuous",14.7826038631566,,,"imc < 14.782603863156632","imc >= 14.782603863156632"
17,2,7,"outer_training_saved_hyperparameters",5,2,274,"imc","surrogate",1,0,1,0.875912408759124,14.9030813654523,0.028571428571429,"continuous",14.9030813654523,,,"imc >= 14.903081365452316","imc < 14.903081365452316"
17,2,7,"outer_training_saved_hyperparameters",10,3,239,"cifose_toracica","surrogate",1,0,-1,0.841004184100418,57,0.0500000000000001,"continuous",57,,,"cifose_toracica < 57","cifose_toracica >= 57"
17,2,7,"outer_training_saved_hyperparameters",10,3,239,"lordose_lombar","surrogate",2,0,1,0.841004184100418,23,0.0500000000000001,"continuous",23,,,"lordose_lombar >= 23","lordose_lombar < 23"
17,2,7,"outer_training_saved_hyperparameters",10,3,239,"correcao_colete","surrogate",3,0,-1,0.841004184100418,48.8088485536018,0.0500000000000001,"continuous",48.8088485536018,,,"correcao_colete < 48.808848553601798","correcao_colete >= 48.808848553601798"
17,2,7,"outer_training_saved_hyperparameters",20,4,199,"imc","surrogate",1,0,-1,0.884422110552764,26.8713781415809,0.0416666666666669,"continuous",26.8713781415809,,,"imc < 26.871378141580941","imc >= 26.871378141580941"
17,2,7,"outer_training_saved_hyperparameters",21,4,40,"cifose_toracica","surrogate",1,0,-1,0.9,11,0.5,"continuous",11,,,"cifose_toracica < 11","cifose_toracica >= 11"
17,2,7,"outer_training_saved_hyperparameters",21,4,40,"correcao_colete","surrogate",2,0,1,0.85,48.5565356856455,0.25,"continuous",48.5565356856455,,,"correcao_colete >= 48.556535685645549","correcao_colete < 48.556535685645549"
17,2,7,"outer_training_saved_hyperparameters",11,3,35,"lordose_lombar","surrogate",1,0,-1,0.742857142857143,57,0.25,"continuous",57,,,"lordose_lombar < 57","lordose_lombar >= 57"
17,2,7,"outer_training_saved_hyperparameters",11,3,35,"cifose_toracica","surrogate",2,0,1,0.714285714285714,4.5,0.166666666666667,"continuous",4.5,,,"cifose_toracica >= 4.5","cifose_toracica < 4.5"
17,2,7,"outer_training_saved_hyperparameters",11,3,35,"lenke","surrogate",3,0,6,0.714285714285714,16,0.166666666666667,"categorical",,"3 | 4 | 6","1","lenke in {3 | 4 | 6}","lenke in {1}"
17,2,7,"outer_training_saved_hyperparameters",11,3,35,"idade","surrogate",4,0,-1,0.685714285714286,14.5,0.0833333333333334,"continuous",14.5,,,"idade < 14.5","idade >= 14.5"
17,2,7,"outer_training_saved_hyperparameters",22,4,23,"idade","surrogate",1,0,-1,0.652173913043478,12.5,0.2,"continuous",12.5,,,"idade < 12.5","idade >= 12.5"
17,2,7,"outer_training_saved_hyperparameters",22,4,23,"imc","surrogate",2,0,1,0.652173913043478,15.2869475701509,0.2,"continuous",15.2869475701509,,,"imc >= 15.286947570150939","imc < 15.286947570150939"
17,2,7,"outer_training_saved_hyperparameters",22,4,23,"cifose_toracica","surrogate",3,0,-1,0.652173913043478,9.5,0.2,"continuous",9.5,,,"cifose_toracica < 9.5","cifose_toracica >= 9.5"
17,2,7,"outer_training_saved_hyperparameters",22,4,23,"correcao_colete","surrogate",4,0,1,0.652173913043478,37.0426829268293,0.2,"continuous",37.0426829268293,,,"correcao_colete >= 37.042682926829251","correcao_colete < 37.042682926829251"
17,2,7,"outer_training_saved_hyperparameters",22,4,23,"lenke","surrogate",5,0,6,0.652173913043478,17,0.2,"categorical",,"3 | 6","4","lenke in {3 | 6}","lenke in {4}"
18,2,8,"outer_training_saved_hyperparameters",1,0,554,"lenke","surrogate",1,0,6,0.629963898916967,4,0.0552995391705068,"categorical",,"1 | 3 | 4 | 5 | 6","2","lenke in {1 | 3 | 4 | 5 | 6}","lenke in {2}"
18,2,8,"outer_training_saved_hyperparameters",1,0,554,"imc","surrogate",2,0,1,0.617328519855596,14.8450899396287,0.0230414746543779,"continuous",14.8450899396287,,,"imc >= 14.845089939628723","imc < 14.845089939628723"
18,2,8,"outer_training_saved_hyperparameters",1,0,554,"lordose_lombar","surrogate",3,0,1,0.613718411552347,32.5,0.0138248847926266,"continuous",32.5,,,"lordose_lombar >= 32.5","lordose_lombar < 32.5"
18,2,8,"outer_training_saved_hyperparameters",1,0,554,"cifose_toracica","surrogate",4,0,-1,0.611913357400722,53.5,0.00921658986175128,"continuous",53.5,,,"cifose_toracica < 53.5","cifose_toracica >= 53.5"
18,2,8,"outer_training_saved_hyperparameters",1,0,554,"risser","surrogate",5,0,5,0.611913357400722,5,0.00921658986175128,"categorical",,"0 | 1 | 3 | 4","2","risser in {0 | 1 | 3 | 4}","risser in {2}"
18,2,8,"outer_training_saved_hyperparameters",2,1,337,"imc","surrogate",1,0,-1,0.830860534124629,14.7578432702142,0.0338983050847463,"continuous",14.7578432702142,,,"imc < 14.75784327021422","imc >= 14.75784327021422"
18,2,8,"outer_training_saved_hyperparameters",2,1,337,"cifose_toracica","surrogate",2,0,-1,0.827893175074184,2.5,0.0169491525423735,"continuous",2.5,,,"cifose_toracica < 2.5","cifose_toracica >= 2.5"
18,2,8,"outer_training_saved_hyperparameters",5,2,278,"idade","surrogate",1,0,-1,0.70863309352518,14.5,0.213592233009709,"continuous",14.5,,,"idade < 14.5","idade >= 14.5"
18,2,8,"outer_training_saved_hyperparameters",5,2,278,"lordose_lombar","surrogate",2,0,1,0.643884892086331,25.5,0.0388349514563107,"continuous",25.5,,,"lordose_lombar >= 25.5","lordose_lombar < 25.5"
18,2,8,"outer_training_saved_hyperparameters",5,2,278,"correcao_colete","surrogate",3,0,-1,0.643884892086331,48.2120051085568,0.0388349514563107,"continuous",48.2120051085568,,,"correcao_colete < 48.212005108556802","correcao_colete >= 48.212005108556802"
18,2,8,"outer_training_saved_hyperparameters",5,2,278,"cifose_toracica","surrogate",4,0,1,0.640287769784173,3.5,0.0291262135922331,"continuous",3.5,,,"cifose_toracica >= 3.5","cifose_toracica < 3.5"
18,2,8,"outer_training_saved_hyperparameters",5,2,278,"imc","surrogate",5,0,1,0.636690647482014,14.9030813654523,0.0194174757281555,"continuous",14.9030813654523,,,"imc >= 14.903081365452316","imc < 14.903081365452316"
18,2,8,"outer_training_saved_hyperparameters",10,3,175,"imc","surrogate",1,0,-1,0.885714285714286,30.5103624645341,0.0909090909090903,"continuous",30.5103624645341,,,"imc < 30.510362464534104","imc >= 30.510362464534104"
18,2,8,"outer_training_saved_hyperparameters",10,3,175,"cifose_toracica","surrogate",2,0,-1,0.885714285714286,56.5,0.0909090909090903,"continuous",56.5,,,"cifose_toracica < 56.5","cifose_toracica >= 56.5"
18,2,8,"outer_training_saved_hyperparameters",11,3,103,"lordose_lombar","surrogate",1,0,-1,0.883495145631068,30,0.250000000000001,"continuous",30,,,"lordose_lombar < 30","lordose_lombar >= 30"
18,2,8,"outer_training_saved_hyperparameters",11,3,103,"correcao_colete","surrogate",2,0,1,0.864077669902913,48.7775790101371,0.125,"continuous",48.7775790101371,,,"correcao_colete >= 48.777579010137146","correcao_colete < 48.777579010137146"
18,2,8,"outer_training_saved_hyperparameters",3,1,217,"risser","surrogate",1,0,5,0.599078341013825,16,0.147058823529412,"categorical",,"0 | 3 | 4","1 | 2","risser in {0 | 3 | 4}","risser in {1 | 2}"
18,2,8,"outer_training_saved_hyperparameters",3,1,217,"sexo","surrogate",2,0,2,0.580645161290323,17,0.107843137254902,"categorical",,"feminino","masculino","sexo in {feminino}","sexo in {masculino}"
18,2,8,"outer_training_saved_hyperparameters",3,1,217,"lenke","surrogate",3,0,6,0.580645161290323,18,0.107843137254902,"categorical",,"1 | 3 | 5 | 6","2 | 4","lenke in {1 | 3 | 5 | 6}","lenke in {2 | 4}"
18,2,8,"outer_training_saved_hyperparameters",3,1,217,"lordose_lombar","surrogate",4,0,1,0.571428571428571,42.5,0.0882352941176469,"continuous",42.5,,,"lordose_lombar >= 42.5","lordose_lombar < 42.5"
18,2,8,"outer_training_saved_hyperparameters",3,1,217,"imc","surrogate",5,0,1,0.56221198156682,19.8161168509761,0.0686274509803921,"continuous",19.8161168509761,,,"imc >= 19.816116850976105","imc < 19.816116850976105"
19,2,9,"outer_training_saved_hyperparameters",1,0,555,"lenke","surrogate",1,0,6,0.634234234234234,4,0.0558139534883721,"categorical",,"1 | 3 | 4 | 5 | 6","2","lenke in {1 | 3 | 4 | 5 | 6}","lenke in {2}"
19,2,9,"outer_training_saved_hyperparameters",1,0,555,"imc","surrogate",2,0,1,0.621621621621622,14.0583641683556,0.0232558139534884,"continuous",14.0583641683556,,,"imc >= 14.058364168355572","imc < 14.058364168355572"
19,2,9,"outer_training_saved_hyperparameters",1,0,555,"cifose_toracica","surrogate",3,0,-1,0.616216216216216,53.5,0.00930232558139554,"continuous",53.5,,,"cifose_toracica < 53.5","cifose_toracica >= 53.5"
19,2,9,"outer_training_saved_hyperparameters",1,0,555,"lordose_lombar","surrogate",4,0,-1,0.616216216216216,65.5,0.00930232558139554,"continuous",65.5,,,"lordose_lombar < 65.5","lordose_lombar >= 65.5"
19,2,9,"outer_training_saved_hyperparameters",1,0,555,"risser","surrogate",5,0,5,0.614414414414414,5,0.00465116279069791,"categorical",,"0 | 1 | 3 | 4","2","risser in {0 | 1 | 3 | 4}","risser in {2}"
19,2,9,"outer_training_saved_hyperparameters",2,1,340,"imc","surrogate",1,0,-1,0.841176470588235,14.7826038631566,0.0689655172413791,"continuous",14.7826038631566,,,"imc < 14.782603863156632","imc >= 14.782603863156632"
19,2,9,"outer_training_saved_hyperparameters",2,1,340,"cifose_toracica","surrogate",2,0,-1,0.832352941176471,2.5,0.0172413793103448,"continuous",2.5,,,"cifose_toracica < 2.5","cifose_toracica >= 2.5"
19,2,9,"outer_training_saved_hyperparameters",5,2,282,"imc","surrogate",1,0,1,0.865248226950355,14.9030813654523,0.0256410256410261,"continuous",14.9030813654523,,,"imc >= 14.903081365452316","imc < 14.903081365452316"
19,2,9,"outer_training_saved_hyperparameters",10,3,243,"cifose_toracica","surrogate",1,0,-1,0.847736625514403,57,0.0512820512820517,"continuous",57,,,"cifose_toracica < 57","cifose_toracica >= 57"
19,2,9,"outer_training_saved_hyperparameters",10,3,243,"lordose_lombar","surrogate",2,0,1,0.847736625514403,23,0.0512820512820517,"continuous",23,,,"lordose_lombar >= 23","lordose_lombar < 23"
19,2,9,"outer_training_saved_hyperparameters",10,3,243,"correcao_colete","surrogate",3,0,-1,0.847736625514403,48.8088485536018,0.0512820512820517,"continuous",48.8088485536018,,,"correcao_colete < 48.808848553601798","correcao_colete >= 48.808848553601798"
19,2,9,"outer_training_saved_hyperparameters",3,1,215,"risser","surrogate",1,0,5,0.576744186046512,15,0.116504854368932,"categorical",,"0 | 4","1 | 2 | 3","risser in {0 | 4}","risser in {1 | 2 | 3}"
19,2,9,"outer_training_saved_hyperparameters",3,1,215,"imc","surrogate",2,0,-1,0.567441860465116,16.4133360721146,0.0970873786407766,"continuous",16.4133360721146,,,"imc < 16.413336072114554","imc >= 16.413336072114554"
19,2,9,"outer_training_saved_hyperparameters",3,1,215,"lordose_lombar","surrogate",3,0,1,0.567441860465116,43.5,0.0970873786407766,"continuous",43.5,,,"lordose_lombar >= 43.5","lordose_lombar < 43.5"
19,2,9,"outer_training_saved_hyperparameters",3,1,215,"sexo","surrogate",4,0,2,0.558139534883721,16,0.0776699029126214,"categorical",,"feminino","masculino","sexo in {feminino}","sexo in {masculino}"
19,2,9,"outer_training_saved_hyperparameters",3,1,215,"lenke","surrogate",5,0,6,0.558139534883721,17,0.0776699029126214,"categorical",,"1 | 3 | 5 | 6","2 | 4","lenke in {1 | 3 | 5 | 6}","lenke in {2 | 4}"
20,2,10,"outer_training_saved_hyperparameters",1,0,555,"lenke","surrogate",1,0,6,0.627027027027027,4,0.0504587155963303,"categorical",,"1 | 3 | 4 | 5 | 6","2","lenke in {1 | 3 | 4 | 5 | 6}","lenke in {2}"
20,2,10,"outer_training_saved_hyperparameters",1,0,555,"imc","surrogate",2,0,1,0.621621621621622,15.7780349420875,0.0366972477064219,"continuous",15.7780349420875,,,"imc >= 15.778034942087451","imc < 15.778034942087451"
20,2,10,"outer_training_saved_hyperparameters",1,0,555,"cifose_toracica","surrogate",3,0,-1,0.610810810810811,53,0.00917431192660541,"continuous",53,,,"cifose_toracica < 53","cifose_toracica >= 53"
20,2,10,"outer_training_saved_hyperparameters",1,0,555,"lordose_lombar","surrogate",4,0,-1,0.609009009009009,65.5,0.00458715596330271,"continuous",65.5,,,"lordose_lombar < 65.5","lordose_lombar >= 65.5"
20,2,10,"outer_training_saved_hyperparameters",1,0,555,"risser","surrogate",5,0,5,0.609009009009009,5,0.00458715596330271,"categorical",,"0 | 1 | 3 | 4","2","risser in {0 | 1 | 3 | 4}","risser in {2}"
20,2,10,"outer_training_saved_hyperparameters",2,1,337,"imc","surrogate",1,0,-1,0.679525222551929,15.3910290725691,0.0608695652173915,"continuous",15.3910290725691,,,"imc < 15.391029072569115","imc >= 15.391029072569115"
20,2,10,"outer_training_saved_hyperparameters",2,1,337,"idade","surrogate",2,0,1,0.664688427299703,16.5,0.017391304347826,"continuous",16.5,,,"idade >= 16.5","idade < 16.5"
20,2,10,"outer_training_saved_hyperparameters",2,1,337,"escoliometro_maior_10_graus","surrogate",3,0,4,0.664688427299703,8,0.017391304347826,"categorical",,"toracica_lombar","normal | toracica | lombar","escoliometro_maior_10_graus in {toracica_lombar}","escoliometro_maior_10_graus in {normal | toracica | lombar}"
20,2,10,"outer_training_saved_hyperparameters",2,1,337,"cifose_toracica","surrogate",4,0,1,0.661721068249258,50.5,0.00869565217391302,"continuous",50.5,,,"cifose_toracica >= 50.5","cifose_toracica < 50.5"
20,2,10,"outer_training_saved_hyperparameters",5,2,222,"idade","surrogate",1,0,-1,0.707207207207207,12.5,0.35,"continuous",12.5,,,"idade < 12.5","idade >= 12.5"
20,2,10,"outer_training_saved_hyperparameters",5,2,222,"imc","surrogate",2,0,1,0.603603603603604,20.7802016462396,0.12,"continuous",20.7802016462396,,,"imc >= 20.78020164623964","imc < 20.78020164623964"
20,2,10,"outer_training_saved_hyperparameters",5,2,222,"lenke","surrogate",3,0,6,0.594594594594595,12,0.1,"categorical",,"2 | 4","1 | 3 | 5 | 6","lenke in {2 | 4}","lenke in {1 | 3 | 5 | 6}"
20,2,10,"outer_training_saved_hyperparameters",5,2,222,"escoliometro_maior_10_graus","surrogate",4,0,4,0.585585585585586,13,0.0799999999999999,"categorical",,"normal | toracica","lombar | toracica_lombar","escoliometro_maior_10_graus in {normal | toracica}","escoliometro_maior_10_graus in {lombar | toracica_lombar}"
20,2,10,"outer_training_saved_hyperparameters",5,2,222,"cifose_toracica","surrogate",5,0,-1,0.576576576576577,13.5,0.0599999999999999,"continuous",13.5,,,"cifose_toracica < 13.5","cifose_toracica >= 13.5"
20,2,10,"outer_training_saved_hyperparameters",11,3,122,"cifose_toracica","surrogate",1,0,-1,0.918032786885246,5.5,0.285714285714286,"continuous",5.5,,,"cifose_toracica < 5.5","cifose_toracica >= 5.5"
20,2,10,"outer_training_saved_hyperparameters",11,3,122,"correcao_colete","surrogate",2,0,1,0.901639344262295,48.7775790101371,0.142857142857143,"continuous",48.7775790101371,,,"correcao_colete >= 48.777579010137146","correcao_colete < 48.777579010137146"
20,2,10,"outer_training_saved_hyperparameters",23,4,108,"cifose_toracica","surrogate",1,0,1,0.722222222222222,43.5,0.142857142857143,"continuous",43.5,,,"cifose_toracica >= 43.5","cifose_toracica < 43.5"
20,2,10,"outer_training_saved_hyperparameters",23,4,108,"imc","surrogate",2,0,1,0.703703703703704,26.8839591621924,0.0857142857142858,"continuous",26.8839591621924,,,"imc >= 26.883959162192376","imc < 26.883959162192376"
20,2,10,"outer_training_saved_hyperparameters",23,4,108,"lenke","surrogate",3,0,6,0.694444444444444,18,0.0571428571428571,"categorical",,"2","1 | 3 | 4 | 5 | 6","lenke in {2}","lenke in {1 | 3 | 4 | 5 | 6}"
20,2,10,"outer_training_saved_hyperparameters",23,4,108,"correcao_colete","surrogate",4,0,1,0.685185185185185,48.0015673981191,0.0285714285714287,"continuous",48.0015673981191,,,"correcao_colete >= 48.0015673981191","correcao_colete < 48.0015673981191"
21,3,1,"outer_training_saved_hyperparameters",1,0,553,"lenke","surrogate",1,0,6,0.625678119349005,5,0.0675675675675675,"categorical",,"1 | 3 | 4 | 5 | 6","2","lenke in {1 | 3 | 4 | 5 | 6}","lenke in {2}"
21,3,1,"outer_training_saved_hyperparameters",1,0,553,"imc","surrogate",2,0,1,0.609403254972875,14.6055076557158,0.0270270270270268,"continuous",14.6055076557158,,,"imc >= 14.605507655715773","imc < 14.605507655715773"
21,3,1,"outer_training_saved_hyperparameters",1,0,553,"cifose_toracica","surrogate",3,0,-1,0.602169981916817,53.5,0.00900900900900894,"continuous",53.5,,,"cifose_toracica < 53.5","cifose_toracica >= 53.5"
21,3,1,"outer_training_saved_hyperparameters",1,0,553,"lordose_lombar","surrogate",4,0,-1,0.600361663652803,70.5,0.00450450450450433,"continuous",70.5,,,"lordose_lombar < 70.5","lordose_lombar >= 70.5"
21,3,1,"outer_training_saved_hyperparameters",2,1,331,"imc","surrogate",1,0,-1,0.842900302114804,14.7826038631566,0.0714285714285715,"continuous",14.7826038631566,,,"imc < 14.782603863156632","imc >= 14.782603863156632"
21,3,1,"outer_training_saved_hyperparameters",2,1,331,"idade","surrogate",2,0,1,0.833836858006042,16.5,0.0178571428571434,"continuous",16.5,,,"idade >= 16.5","idade < 16.5"
21,3,1,"outer_training_saved_hyperparameters",2,1,331,"cifose_toracica","surrogate",3,0,-1,0.833836858006042,2.5,0.0178571428571434,"continuous",2.5,,,"cifose_toracica < 2.5","cifose_toracica >= 2.5"
21,3,1,"outer_training_saved_hyperparameters",5,2,275,"imc","surrogate",1,0,1,0.865454545454545,14.9030813654523,0.0263157894736844,"continuous",14.9030813654523,,,"imc >= 14.903081365452316","imc < 14.903081365452316"
22,3,2,"outer_training_saved_hyperparameters",1,0,553,"lenke","surrogate",1,0,6,0.613019891500904,4,0.0272727272727273,"categorical",,"1 | 3 | 4 | 5 | 6","2","lenke in {1 | 3 | 4 | 5 | 6}","lenke in {2}"
22,3,2,"outer_training_saved_hyperparameters",1,0,553,"imc","surrogate",2,0,1,0.61121157323689,14.0583641683556,0.0227272727272727,"continuous",14.0583641683556,,,"imc >= 14.058364168355572","imc < 14.058364168355572"
22,3,2,"outer_training_saved_hyperparameters",1,0,553,"cifose_toracica","surrogate",3,0,-1,0.607594936708861,53.5,0.0136363636363637,"continuous",53.5,,,"cifose_toracica < 53.5","cifose_toracica >= 53.5"
22,3,2,"outer_training_saved_hyperparameters",1,0,553,"lordose_lombar","surrogate",4,0,1,0.607594936708861,31.5,0.0136363636363637,"continuous",31.5,,,"lordose_lombar >= 31.5","lordose_lombar < 31.5"
22,3,2,"outer_training_saved_hyperparameters",1,0,553,"risser","surrogate",5,0,5,0.605786618444846,5,0.00909090909090902,"categorical",,"0 | 1 | 3 | 4","2","risser in {0 | 1 | 3 | 4}","risser in {2}"
22,3,2,"outer_training_saved_hyperparameters",2,1,333,"imc","surrogate",1,0,-1,0.828828828828829,14.7826038631566,0.065573770491803,"continuous",14.7826038631566,,,"imc < 14.782603863156632","imc >= 14.782603863156632"
22,3,2,"outer_training_saved_hyperparameters",2,1,333,"cifose_toracica","surrogate",2,0,-1,0.825825825825826,2.5,0.0491803278688526,"continuous",2.5,,,"cifose_toracica < 2.5","cifose_toracica >= 2.5"
22,3,2,"outer_training_saved_hyperparameters",2,1,333,"lordose_lombar","surrogate",3,0,-1,0.822822822822823,33.5,0.0327868852459015,"continuous",33.5,,,"lordose_lombar < 33.5","lordose_lombar >= 33.5"
22,3,2,"outer_training_saved_hyperparameters",2,1,333,"idade","surrogate",4,0,1,0.81981981981982,16.5,0.0163934426229505,"continuous",16.5,,,"idade >= 16.5","idade < 16.5"
22,3,2,"outer_training_saved_hyperparameters",5,2,272,"idade","surrogate",1,0,-1,0.691176470588235,12.5,0.338582677165354,"continuous",12.5,,,"idade < 12.5","idade >= 12.5"
22,3,2,"outer_training_saved_hyperparameters",5,2,272,"escoliometro_maior_10_graus","surrogate",2,0,4,0.599264705882353,12,0.141732283464567,"categorical",,"toracica","normal | lombar | toracica_lombar","escoliometro_maior_10_graus in {toracica}","escoliometro_maior_10_graus in {normal | lombar | toracica_lombar}"
22,3,2,"outer_training_saved_hyperparameters",5,2,272,"lenke","surrogate",3,0,6,0.584558823529412,13,0.110236220472441,"categorical",,"1 | 2 | 4","3 | 5 | 6","lenke in {1 | 2 | 4}","lenke in {3 | 5 | 6}"
22,3,2,"outer_training_saved_hyperparameters",5,2,272,"imc","surrogate",4,0,1,0.580882352941177,20.9333683608167,0.10236220472441,"continuous",20.9333683608167,,,"imc >= 20.933368360816701","imc < 20.933368360816701"
22,3,2,"outer_training_saved_hyperparameters",5,2,272,"cifose_toracica","surrogate",5,0,-1,0.573529411764706,13.5,0.0866141732283464,"continuous",13.5,,,"cifose_toracica < 13.5","cifose_toracica >= 13.5"
22,3,2,"outer_training_saved_hyperparameters",10,3,127,"imc","surrogate",1,0,-1,0.874015748031496,25.8046832553148,0.111111111111111,"continuous",25.8046832553148,,,"imc < 25.804683255314806","imc >= 25.804683255314806"
22,3,2,"outer_training_saved_hyperparameters",10,3,127,"cifose_toracica","surrogate",2,0,-1,0.874015748031496,56.5,0.111111111111111,"continuous",56.5,,,"cifose_toracica < 56.5","cifose_toracica >= 56.5"
22,3,2,"outer_training_saved_hyperparameters",10,3,127,"lordose_lombar","surrogate",3,0,-1,0.874015748031496,78.5,0.111111111111111,"continuous",78.5,,,"lordose_lombar < 78.5","lordose_lombar >= 78.5"
22,3,2,"outer_training_saved_hyperparameters",11,3,145,"imc","surrogate",1,0,1,0.717241379310345,26.8839591621924,0.108695652173913,"continuous",26.8839591621924,,,"imc >= 26.883959162192376","imc < 26.883959162192376"
22,3,2,"outer_training_saved_hyperparameters",11,3,145,"cifose_toracica","surrogate",2,0,1,0.710344827586207,43.5,0.0869565217391303,"continuous",43.5,,,"cifose_toracica >= 43.5","cifose_toracica < 43.5"
22,3,2,"outer_training_saved_hyperparameters",11,3,145,"escoliometro_maior_10_graus","surrogate",3,0,4,0.703448275862069,17,0.0652173913043476,"categorical",,"toracica_lombar","normal | toracica | lombar","escoliometro_maior_10_graus in {toracica_lombar}","escoliometro_maior_10_graus in {normal | toracica | lombar}"
22,3,2,"outer_training_saved_hyperparameters",11,3,145,"lenke","surrogate",4,0,6,0.689655172413793,18,0.0217391304347827,"categorical",,"2","1 | 3 | 4 | 5 | 6","lenke in {2}","lenke in {1 | 3 | 4 | 5 | 6}"
22,3,2,"outer_training_saved_hyperparameters",22,4,46,"correcao_colete","surrogate",1,0,-1,0.804347826086957,44.4139194139194,0.307692307692308,"continuous",44.4139194139194,,,"correcao_colete < 44.413919413919402","correcao_colete >= 44.413919413919402"
22,3,2,"outer_training_saved_hyperparameters",22,4,46,"escoliometro_maior_10_graus","surrogate",2,0,4,0.760869565217391,21,0.153846153846154,"categorical",,"normal | lombar | toracica_lombar","toracica","escoliometro_maior_10_graus in {normal | lombar | toracica_lombar}","escoliometro_maior_10_graus in {toracica}"
22,3,2,"outer_training_saved_hyperparameters",23,4,99,"lenke","surrogate",1,0,6,0.676767676767677,24,0.288888888888889,"categorical",,"1 | 3","2 | 4 | 5 | 6","lenke in {1 | 3}","lenke in {2 | 4 | 5 | 6}"
22,3,2,"outer_training_saved_hyperparameters",23,4,99,"cifose_toracica","surrogate",2,0,-1,0.666666666666667,16.5,0.266666666666667,"continuous",16.5,,,"cifose_toracica < 16.5","cifose_toracica >= 16.5"
22,3,2,"outer_training_saved_hyperparameters",23,4,99,"idade","surrogate",3,0,1,0.656565656565657,13.5,0.244444444444445,"continuous",13.5,,,"idade >= 13.5","idade < 13.5"
22,3,2,"outer_training_saved_hyperparameters",23,4,99,"lordose_lombar","surrogate",4,0,-1,0.656565656565657,45,0.244444444444445,"continuous",45,,,"lordose_lombar < 45","lordose_lombar >= 45"
22,3,2,"outer_training_saved_hyperparameters",23,4,99,"correcao_colete","surrogate",5,0,1,0.575757575757576,39.3398268398268,0.0666666666666668,"continuous",39.3398268398268,,,"correcao_colete >= 39.339826839826848","correcao_colete < 39.339826839826848"
22,3,2,"outer_training_saved_hyperparameters",3,1,220,"risser","surrogate",1,0,5,0.595454545454545,26,0.144230769230769,"categorical",,"2 | 4","0 | 1 | 3","risser in {2 | 4}","risser in {0 | 1 | 3}"
22,3,2,"outer_training_saved_hyperparameters",3,1,220,"lordose_lombar","surrogate",2,0,1,0.577272727272727,43.5,0.105769230769231,"continuous",43.5,,,"lordose_lombar >= 43.5","lordose_lombar < 43.5"
22,3,2,"outer_training_saved_hyperparameters",3,1,220,"sexo","surrogate",3,0,2,0.572727272727273,27,0.0961538461538463,"categorical",,"feminino","masculino","sexo in {feminino}","sexo in {masculino}"
22,3,2,"outer_training_saved_hyperparameters",3,1,220,"imc","surrogate",4,0,1,0.563636363636364,19.8161168509761,0.0769230769230769,"continuous",19.8161168509761,,,"imc >= 19.816116850976105","imc < 19.816116850976105"
22,3,2,"outer_training_saved_hyperparameters",3,1,220,"lenke","surrogate",5,0,6,0.563636363636364,28,0.0769230769230769,"categorical",,"1 | 3 | 5 | 6","2 | 4","lenke in {1 | 3 | 5 | 6}","lenke in {2 | 4}"
22,3,2,"outer_training_saved_hyperparameters",13,3,98,"lordose_lombar","surrogate",1,0,-1,0.755102040816326,71.5,0.2,"continuous",71.5,,,"lordose_lombar < 71.5","lordose_lombar >= 71.5"
22,3,2,"outer_training_saved_hyperparameters",13,3,98,"escoliometro_maior_10_graus","surrogate",2,0,4,0.755102040816326,32,0.2,"categorical",,"normal | lombar | toracica_lombar","toracica","escoliometro_maior_10_graus in {normal | lombar | toracica_lombar}","escoliometro_maior_10_graus in {toracica}"
22,3,2,"outer_training_saved_hyperparameters",13,3,98,"imc","surrogate",3,0,1,0.724489795918367,15.9573787222874,0.1,"continuous",15.9573787222874,,,"imc >= 15.957378722287384","imc < 15.957378722287384"
22,3,2,"outer_training_saved_hyperparameters",26,4,68,"lenke","surrogate",1,0,6,0.838235294117647,34,0.45,"categorical",,"3","6","lenke in {3}","lenke in {6}"
22,3,2,"outer_training_saved_hyperparameters",26,4,68,"imc","surrogate",2,0,-1,0.735294117647059,16.4420377187687,0.1,"continuous",16.4420377187687,,,"imc < 16.442037718768688","imc >= 16.442037718768688"
22,3,2,"outer_training_saved_hyperparameters",26,4,68,"idade","surrogate",3,0,-1,0.720588235294118,12.5,0.0499999999999998,"continuous",12.5,,,"idade < 12.5","idade >= 12.5"
22,3,2,"outer_training_saved_hyperparameters",26,4,68,"lordose_lombar","surrogate",4,0,-1,0.720588235294118,48,0.0499999999999998,"continuous",48,,,"lordose_lombar < 48","lordose_lombar >= 48"
22,3,2,"outer_training_saved_hyperparameters",26,4,68,"risser","surrogate",5,0,5,0.720588235294118,35,0.0499999999999998,"categorical",,"0","1 | 2 | 3 | 4","risser in {0}","risser in {1 | 2 | 3 | 4}"
23,3,3,"outer_training_saved_hyperparameters",1,0,553,"lenke","surrogate",1,0,6,0.629294755877034,4,0.0552995391705068,"categorical",,"1 | 3 | 4 | 5 | 6","2","lenke in {1 | 3 | 4 | 5 | 6}","lenke in {2}"
23,3,3,"outer_training_saved_hyperparameters",1,0,553,"imc","surrogate",2,0,1,0.622061482820977,15.7780349420875,0.0368663594470046,"continuous",15.7780349420875,,,"imc >= 15.778034942087451","imc < 15.778034942087451"
23,3,3,"outer_training_saved_hyperparameters",1,0,553,"risser","surrogate",3,0,5,0.613019891500904,5,0.0138248847926268,"categorical",,"0 | 1 | 3 | 4","2","risser in {0 | 1 | 3 | 4}","risser in {2}"
23,3,3,"outer_training_saved_hyperparameters",1,0,553,"cifose_toracica","surrogate",4,0,-1,0.609403254972875,53.5,0.0046082949308754,"continuous",53.5,,,"cifose_toracica < 53.5","cifose_toracica >= 53.5"
23,3,3,"outer_training_saved_hyperparameters",1,0,553,"lordose_lombar","surrogate",5,0,-1,0.609403254972875,81,0.0046082949308754,"continuous",81,,,"lordose_lombar < 81","lordose_lombar >= 81"
23,3,3,"outer_training_saved_hyperparameters",2,1,336,"imc","surrogate",1,0,-1,0.842261904761905,14.7826038631566,0.0862068965517244,"continuous",14.7826038631566,,,"imc < 14.782603863156632","imc >= 14.782603863156632"
23,3,3,"outer_training_saved_hyperparameters",2,1,336,"cifose_toracica","surrogate",2,0,-1,0.830357142857143,2.5,0.0172413793103454,"continuous",2.5,,,"cifose_toracica < 2.5","cifose_toracica >= 2.5"
23,3,3,"outer_training_saved_hyperparameters",5,2,278,"imc","surrogate",1,0,1,0.856115107913669,14.9030813654523,0.0476190476190473,"continuous",14.9030813654523,,,"imc >= 14.903081365452316","imc < 14.903081365452316"
24,3,4,"outer_training_saved_hyperparameters",1,0,553,"lenke","surrogate",1,0,6,0.632911392405063,4,0.0601851851851854,"categorical",,"1 | 3 | 4 | 5 | 6","2","lenke in {1 | 3 | 4 | 5 | 6}","lenke in {2}"
24,3,4,"outer_training_saved_hyperparameters",1,0,553,"imc","surrogate",2,0,1,0.623869801084991,15.7780349420875,0.037037037037037,"continuous",15.7780349420875,,,"imc >= 15.778034942087451","imc < 15.778034942087451"
24,3,4,"outer_training_saved_hyperparameters",1,0,553,"lordose_lombar","surrogate",3,0,-1,0.613019891500904,65.5,0.00925925925925947,"continuous",65.5,,,"lordose_lombar < 65.5","lordose_lombar >= 65.5"
24,3,4,"outer_training_saved_hyperparameters",1,0,553,"risser","surrogate",4,0,5,0.613019891500904,5,0.00925925925925947,"categorical",,"0 | 1 | 3 | 4","2","risser in {0 | 1 | 3 | 4}","risser in {2}"
24,3,4,"outer_training_saved_hyperparameters",1,0,553,"cifose_toracica","surrogate",5,0,-1,0.61121157323689,53.5,0.00462962962962974,"continuous",53.5,,,"cifose_toracica < 53.5","cifose_toracica >= 53.5"
24,3,4,"outer_training_saved_hyperparameters",2,1,337,"imc","surrogate",1,0,1,0.830860534124629,26.9598585710169,0.0500000000000005,"continuous",26.9598585710169,,,"imc >= 26.95985857101693","imc < 26.95985857101693"
24,3,4,"outer_training_saved_hyperparameters",2,1,337,"cifose_toracica","surrogate",2,0,-1,0.824925816023739,2.5,0.0166666666666666,"continuous",2.5,,,"cifose_toracica < 2.5","cifose_toracica >= 2.5"
24,3,4,"outer_training_saved_hyperparameters",5,2,277,"imc","surrogate",1,0,1,0.859205776173285,14.9030813654523,0.0250000000000003,"continuous",14.9030813654523,,,"imc >= 14.903081365452316","imc < 14.903081365452316"
24,3,4,"outer_training_saved_hyperparameters",3,1,216,"idade","surrogate",1,0,-1,0.763888888888889,10.5,0.0377358490566035,"continuous",10.5,,,"idade < 10.5","idade >= 10.5"
24,3,4,"outer_training_saved_hyperparameters",6,2,53,"lordose_lombar","surrogate",1,0,-1,0.811320754716981,47.5,0.411764705882353,"continuous",47.5,,,"lordose_lombar < 47.5","lordose_lombar >= 47.5"
24,3,4,"outer_training_saved_hyperparameters",6,2,53,"lenke","surrogate",2,0,6,0.811320754716981,15,0.411764705882353,"categorical",,"3 | 4","1 | 2 | 5 | 6","lenke in {3 | 4}","lenke in {1 | 2 | 5 | 6}"
24,3,4,"outer_training_saved_hyperparameters",6,2,53,"risser","surrogate",3,0,5,0.811320754716981,16,0.411764705882353,"categorical",,"0","1 | 2 | 3 | 4","risser in {0}","risser in {1 | 2 | 3 | 4}"
24,3,4,"outer_training_saved_hyperparameters",6,2,53,"correcao_colete","surrogate",4,0,1,0.773584905660377,53.529900332226,0.294117647058824,"continuous",53.529900332226,,,"correcao_colete >= 53.529900332225949","correcao_colete < 53.529900332225949"
24,3,4,"outer_training_saved_hyperparameters",6,2,53,"cifose_toracica","surrogate",5,0,-1,0.754716981132076,14.5,0.235294117647059,"continuous",14.5,,,"cifose_toracica < 14.5","cifose_toracica >= 14.5"
25,3,5,"outer_training_saved_hyperparameters",1,0,553,"lenke","surrogate",1,0,6,0.622061482820977,4,0.05,"categorical",,"1 | 3 | 4 | 5 | 6","2","lenke in {1 | 3 | 4 | 5 | 6}","lenke in {2}"
25,3,5,"outer_training_saved_hyperparameters",1,0,553,"imc","surrogate",2,0,1,0.616636528028933,15.8580042573654,0.0363636363636364,"continuous",15.8580042573654,,,"imc >= 15.858004257365359","imc < 15.858004257365359"
25,3,5,"outer_training_saved_hyperparameters",1,0,553,"lordose_lombar","surrogate",3,0,-1,0.609403254972875,65.5,0.018181818181818,"continuous",65.5,,,"lordose_lombar < 65.5","lordose_lombar >= 65.5"
25,3,5,"outer_training_saved_hyperparameters",1,0,553,"cifose_toracica","surrogate",4,0,-1,0.605786618444846,53,0.00909090909090902,"continuous",53,,,"cifose_toracica < 53","cifose_toracica >= 53"
25,3,5,"outer_training_saved_hyperparameters",1,0,553,"risser","surrogate",5,0,5,0.603978300180832,5,0.00454545454545465,"categorical",,"0 | 1 | 3 | 4","2","risser in {0 | 1 | 3 | 4}","risser in {2}"
25,3,5,"outer_training_saved_hyperparameters",2,1,333,"imc","surrogate",1,0,-1,0.822822822822823,14.7826038631566,0.0634920634920633,"continuous",14.7826038631566,,,"imc < 14.782603863156632","imc >= 14.782603863156632"
25,3,5,"outer_training_saved_hyperparameters",2,1,333,"cifose_toracica","surrogate",2,0,-1,0.813813813813814,2.5,0.0158730158730155,"continuous",2.5,,,"cifose_toracica < 2.5","cifose_toracica >= 2.5"
25,3,5,"outer_training_saved_hyperparameters",5,2,270,"lordose_lombar","surrogate",1,0,1,0.859259259259259,23,0.0500000000000001,"continuous",23,,,"lordose_lombar >= 23","lordose_lombar < 23"
25,3,5,"outer_training_saved_hyperparameters",5,2,270,"correcao_colete","surrogate",2,0,-1,0.859259259259259,48.8088485536018,0.0500000000000001,"continuous",48.8088485536018,,,"correcao_colete < 48.808848553601798","correcao_colete >= 48.808848553601798"
25,3,5,"outer_training_saved_hyperparameters",10,3,230,"imc","surrogate",1,0,1,0.834782608695652,14.9030813654523,0.0256410256410255,"continuous",14.9030813654523,,,"imc >= 14.903081365452316","imc < 14.903081365452316"
25,3,5,"outer_training_saved_hyperparameters",11,3,40,"correcao_colete","surrogate",1,0,1,0.85,48.661028893587,0.25,"continuous",48.661028893587,,,"correcao_colete >= 48.661028893587044","correcao_colete < 48.661028893587044"
25,3,5,"outer_training_saved_hyperparameters",11,3,40,"cifose_toracica","surrogate",2,0,-1,0.825,11,0.125,"continuous",11,,,"cifose_toracica < 11","cifose_toracica >= 11"
25,3,5,"outer_training_saved_hyperparameters",3,1,220,"risser","surrogate",1,0,5,0.6,17,0.128712871287129,"categorical",,"0 | 2 | 4","1 | 3","risser in {0 | 2 | 4}","risser in {1 | 3}"
25,3,5,"outer_training_saved_hyperparameters",3,1,220,"sexo","surrogate",2,0,2,0.590909090909091,18,0.108910891089109,"categorical",,"feminino","masculino","sexo in {feminino}","sexo in {masculino}"
25,3,5,"outer_training_saved_hyperparameters",3,1,220,"lordose_lombar","surrogate",3,0,1,0.586363636363636,43.5,0.0990099009900989,"continuous",43.5,,,"lordose_lombar >= 43.5","lordose_lombar < 43.5"
25,3,5,"outer_training_saved_hyperparameters",3,1,220,"imc","surrogate",4,0,-1,0.568181818181818,16.8100200521458,0.0594059405940595,"continuous",16.8100200521458,,,"imc < 16.810020052145809","imc >= 16.810020052145809"
25,3,5,"outer_training_saved_hyperparameters",3,1,220,"lenke","surrogate",5,0,6,0.563636363636364,19,0.0495049504950495,"categorical",,"1 | 3 | 5 | 6","2 | 4","lenke in {1 | 3 | 5 | 6}","lenke in {2 | 4}"
25,3,5,"outer_training_saved_hyperparameters",12,3,22,"imc","surrogate",1,0,1,0.863636363636364,14.8000599652624,0.625,"continuous",14.8000599652624,,,"imc >= 14.800059965262447","imc < 14.800059965262447"
25,3,5,"outer_training_saved_hyperparameters",12,3,22,"idade","surrogate",2,0,1,0.727272727272727,10.5,0.25,"continuous",10.5,,,"idade >= 10.5","idade < 10.5"
25,3,5,"outer_training_saved_hyperparameters",12,3,22,"correcao_colete","surrogate",3,0,1,0.727272727272727,51.564027370479,0.25,"continuous",51.564027370479,,,"correcao_colete >= 51.564027370478954","correcao_colete < 51.564027370478954"
25,3,5,"outer_training_saved_hyperparameters",12,3,22,"lordose_lombar","surrogate",4,0,1,0.681818181818182,47.5,0.125,"continuous",47.5,,,"lordose_lombar >= 47.5","lordose_lombar < 47.5"
25,3,5,"outer_training_saved_hyperparameters",12,3,22,"risser","surrogate",5,0,5,0.681818181818182,23,0.125,"categorical",,"1 | 2 | 3 | 4","0","risser in {1 | 2 | 3 | 4}","risser in {0}"
26,3,6,"outer_training_saved_hyperparameters",1,0,553,"lenke","surrogate",1,0,6,0.632911392405063,4,0.0469483568075119,"categorical",,"1 | 3 | 4 | 5 | 6","2","lenke in {1 | 3 | 4 | 5 | 6}","lenke in {2}"
26,3,6,"outer_training_saved_hyperparameters",1,0,553,"imc","surrogate",2,0,1,0.62748643761302,14.6055076557158,0.0328638497652584,"continuous",14.6055076557158,,,"imc >= 14.605507655715773","imc < 14.605507655715773"
26,3,6,"outer_training_saved_hyperparameters",1,0,553,"cifose_toracica","surrogate",3,0,-1,0.618444846292948,53.5,0.00938967136150256,"continuous",53.5,,,"cifose_toracica < 53.5","cifose_toracica >= 53.5"
26,3,6,"outer_training_saved_hyperparameters",1,0,553,"lordose_lombar","surrogate",4,0,-1,0.616636528028933,81,0.00469483568075128,"continuous",81,,,"lordose_lombar < 81","lordose_lombar >= 81"
26,3,6,"outer_training_saved_hyperparameters",2,1,340,"imc","surrogate",1,0,-1,0.844117647058824,14.7826038631566,0.070175438596491,"continuous",14.7826038631566,,,"imc < 14.782603863156632","imc >= 14.782603863156632"
26,3,6,"outer_training_saved_hyperparameters",5,2,283,"idade","surrogate",1,0,-1,0.692579505300353,12.5,0.345864661654135,"continuous",12.5,,,"idade < 12.5","idade >= 12.5"
26,3,6,"outer_training_saved_hyperparameters",5,2,283,"escoliometro_maior_10_graus","surrogate",2,0,4,0.604240282685512,11,0.157894736842105,"categorical",,"toracica | toracica_lombar","normal | lombar","escoliometro_maior_10_graus in {toracica | toracica_lombar}","escoliometro_maior_10_graus in {normal | lombar}"
26,3,6,"outer_training_saved_hyperparameters",5,2,283,"lenke","surrogate",3,0,6,0.583038869257951,12,0.112781954887218,"categorical",,"1 | 2 | 4","3 | 5 | 6","lenke in {1 | 2 | 4}","lenke in {3 | 5 | 6}"
26,3,6,"outer_training_saved_hyperparameters",5,2,283,"imc","surrogate",4,0,1,0.575971731448763,20.7802016462396,0.0977443609022556,"continuous",20.7802016462396,,,"imc >= 20.78020164623964","imc < 20.78020164623964"
26,3,6,"outer_training_saved_hyperparameters",5,2,283,"flexibilidade","surrogate",5,0,2,0.568904593639576,13,0.0827067669172934,"categorical",,"rigido","flexivel","flexibilidade in {rigido}","flexibilidade in {flexivel}"
26,3,6,"outer_training_saved_hyperparameters",11,3,150,"lordose_lombar","surrogate",1,0,-1,0.926666666666667,30.5,0.3125,"continuous",30.5,,,"lordose_lombar < 30.5","lordose_lombar >= 30.5"
26,3,6,"outer_training_saved_hyperparameters",11,3,150,"correcao_colete","surrogate",2,0,1,0.906666666666667,48.7775790101371,0.125,"continuous",48.7775790101371,,,"correcao_colete >= 48.777579010137146","correcao_colete < 48.777579010137146"
26,3,6,"outer_training_saved_hyperparameters",23,4,134,"cifose_toracica","surrogate",1,0,1,0.694029850746269,43.5,0.108695652173913,"continuous",43.5,,,"cifose_toracica >= 43.5","cifose_toracica < 43.5"
26,3,6,"outer_training_saved_hyperparameters",23,4,134,"imc","surrogate",2,0,1,0.686567164179104,26.8839591621924,0.0869565217391304,"continuous",26.8839591621924,,,"imc >= 26.883959162192376","imc < 26.883959162192376"
26,3,6,"outer_training_saved_hyperparameters",23,4,134,"correcao_colete","surrogate",3,0,-1,0.671641791044776,30.1162790697675,0.0434782608695653,"continuous",30.1162790697675,,,"correcao_colete < 30.116279069767451","correcao_colete >= 30.116279069767451"
26,3,6,"outer_training_saved_hyperparameters",23,4,134,"lenke","surrogate",4,0,6,0.671641791044776,17,0.0434782608695653,"categorical",,"2","1 | 3 | 4 | 5 | 6","lenke in {2}","lenke in {1 | 3 | 4 | 5 | 6}"
27,3,7,"outer_training_saved_hyperparameters",1,0,553,"lenke","surrogate",1,0,6,0.631103074141049,4,0.0684931506849314,"categorical",,"1 | 3 | 4 | 5 | 6","2","lenke in {1 | 3 | 4 | 5 | 6}","lenke in {2}"
27,3,7,"outer_training_saved_hyperparameters",1,0,553,"imc","surrogate",2,0,1,0.614828209764919,15.8580042573654,0.0273972602739724,"continuous",15.8580042573654,,,"imc >= 15.858004257365359","imc < 15.858004257365359"
27,3,7,"outer_training_saved_hyperparameters",1,0,553,"risser","surrogate",3,0,5,0.61121157323689,5,0.0182648401826483,"categorical",,"0 | 1 | 3 | 4","2","risser in {0 | 1 | 3 | 4}","risser in {2}"
27,3,7,"outer_training_saved_hyperparameters",1,0,553,"cifose_toracica","surrogate",4,0,-1,0.607594936708861,53.5,0.00913242009132413,"continuous",53.5,,,"cifose_toracica < 53.5","cifose_toracica >= 53.5"
27,3,7,"outer_training_saved_hyperparameters",1,0,553,"lordose_lombar","surrogate",5,0,1,0.605786618444846,31.5,0.00456621004566192,"continuous",31.5,,,"lordose_lombar >= 31.5","lordose_lombar < 31.5"
27,3,7,"outer_training_saved_hyperparameters",2,1,334,"imc","surrogate",1,0,-1,0.82934131736527,14.7826038631566,0.0655737704918038,"continuous",14.7826038631566,,,"imc < 14.782603863156632","imc >= 14.782603863156632"
27,3,7,"outer_training_saved_hyperparameters",2,1,334,"cifose_toracica","surrogate",2,0,-1,0.820359281437126,2.5,0.0163934426229512,"continuous",2.5,,,"cifose_toracica < 2.5","cifose_toracica >= 2.5"
27,3,7,"outer_training_saved_hyperparameters",5,2,273,"imc","surrogate",1,0,1,0.857142857142857,14.9030813654523,0.0249999999999999,"continuous",14.9030813654523,,,"imc >= 14.903081365452316","imc < 14.903081365452316"
27,3,7,"outer_training_saved_hyperparameters",3,1,219,"risser","surrogate",1,0,5,0.593607305936073,10,0.11,"categorical",,"0 | 3 | 4","1 | 2","risser in {0 | 3 | 4}","risser in {1 | 2}"
27,3,7,"outer_training_saved_hyperparameters",3,1,219,"lordose_lombar","surrogate",2,0,1,0.589041095890411,43.5,0.1,"continuous",43.5,,,"lordose_lombar >= 43.5","lordose_lombar < 43.5"
27,3,7,"outer_training_saved_hyperparameters",3,1,219,"sexo","surrogate",3,0,2,0.589041095890411,11,0.1,"categorical",,"feminino","masculino","sexo in {feminino}","sexo in {masculino}"
27,3,7,"outer_training_saved_hyperparameters",3,1,219,"lenke","surrogate",4,0,6,0.5662100456621,12,0.0499999999999999,"categorical",,"1 | 3 | 4 | 5 | 6","2","lenke in {1 | 3 | 4 | 5 | 6}","lenke in {2}"
27,3,7,"outer_training_saved_hyperparameters",3,1,219,"imc","surrogate",5,0,1,0.561643835616438,19.8161168509761,0.04,"continuous",19.8161168509761,,,"imc >= 19.816116850976105","imc < 19.816116850976105"
27,3,7,"outer_training_saved_hyperparameters",6,2,119,"lenke","surrogate",1,0,6,0.798319327731092,15,0.111111111111111,"categorical",,"3","1 | 2 | 4 | 5 | 6","lenke in {3}","lenke in {1 | 2 | 4 | 5 | 6}"
28,3,8,"outer_training_saved_hyperparameters",1,0,554,"lenke","surrogate",1,0,6,0.624548736462094,4,0.0458715596330276,"categorical",,"1 | 3 | 4 | 5 | 6","2","lenke in {1 | 3 | 4 | 5 | 6}","lenke in {2}"
28,3,8,"outer_training_saved_hyperparameters",1,0,554,"imc","surrogate",2,0,1,0.620938628158845,14.9123670640279,0.0366972477064223,"continuous",14.9123670640279,,,"imc >= 14.91236706402788","imc < 14.91236706402788"
28,3,8,"outer_training_saved_hyperparameters",1,0,554,"risser","surrogate",3,0,5,0.615523465703971,5,0.0229357798165138,"categorical",,"0 | 1 | 3 | 4","2","risser in {0 | 1 | 3 | 4}","risser in {2}"
28,3,8,"outer_training_saved_hyperparameters",1,0,554,"cifose_toracica","surrogate",4,0,-1,0.608303249097473,53.5,0.00458715596330282,"continuous",53.5,,,"cifose_toracica < 53.5","cifose_toracica >= 53.5"
28,3,8,"outer_training_saved_hyperparameters",1,0,554,"lordose_lombar","surrogate",5,0,-1,0.608303249097473,81,0.00458715596330282,"continuous",81,,,"lordose_lombar < 81","lordose_lombar >= 81"
28,3,8,"outer_training_saved_hyperparameters",2,1,336,"imc","surrogate",1,0,1,0.833333333333333,26.9598585710169,0.0508474576271191,"continuous",26.9598585710169,,,"imc >= 26.95985857101693","imc < 26.95985857101693"
28,3,8,"outer_training_saved_hyperparameters",2,1,336,"cifose_toracica","surrogate",2,0,-1,0.827380952380952,2.5,0.0169491525423728,"continuous",2.5,,,"cifose_toracica < 2.5","cifose_toracica >= 2.5"
28,3,8,"outer_training_saved_hyperparameters",11,3,39,"escoliometro_maior_10_graus","surrogate",1,0,4,0.846153846153846,12,0.333333333333333,"categorical",,"toracica_lombar","normal | toracica | lombar","escoliometro_maior_10_graus in {toracica_lombar}","escoliometro_maior_10_graus in {normal | toracica | lombar}"
28,3,8,"outer_training_saved_hyperparameters",11,3,39,"correcao_colete","surrogate",2,0,-1,0.794871794871795,30.2677942212826,0.111111111111111,"continuous",30.2677942212826,,,"correcao_colete < 30.2677942212826","correcao_colete >= 30.2677942212826"
28,3,8,"outer_training_saved_hyperparameters",3,1,218,"risser","surrogate",1,0,5,0.596330275229358,13,0.10204081632653,"categorical",,"0 | 2 | 4","1 | 3","risser in {0 | 2 | 4}","risser in {1 | 3}"
28,3,8,"outer_training_saved_hyperparameters",3,1,218,"sexo","surrogate",2,0,2,0.587155963302752,14,0.0816326530612245,"categorical",,"feminino","masculino","sexo in {feminino}","sexo in {masculino}"
28,3,8,"outer_training_saved_hyperparameters",3,1,218,"lordose_lombar","surrogate",3,0,1,0.577981651376147,38.5,0.0612244897959182,"continuous",38.5,,,"lordose_lombar >= 38.5","lordose_lombar < 38.5"
28,3,8,"outer_training_saved_hyperparameters",3,1,218,"lenke","surrogate",4,0,6,0.568807339449541,15,0.0408163265306122,"categorical",,"1 | 3 | 5 | 6","2 | 4","lenke in {1 | 3 | 5 | 6}","lenke in {2 | 4}"
28,3,8,"outer_training_saved_hyperparameters",3,1,218,"cifose_toracica","surrogate",5,0,1,0.564220183486238,6.5,0.030612244897959,"continuous",6.5,,,"cifose_toracica >= 6.5","cifose_toracica < 6.5"
28,3,8,"outer_training_saved_hyperparameters",12,3,23,"imc","surrogate",1,0,1,0.739130434782609,15.4192646666809,0.333333333333333,"continuous",15.4192646666809,,,"imc >= 15.419264666680895","imc < 15.419264666680895"
28,3,8,"outer_training_saved_hyperparameters",12,3,23,"lenke","surrogate",2,0,6,0.739130434782609,19,0.333333333333333,"categorical",,"2","1 | 3 | 4 | 5 | 6","lenke in {2}","lenke in {1 | 3 | 4 | 5 | 6}"
28,3,8,"outer_training_saved_hyperparameters",12,3,23,"idade","surrogate",3,0,-1,0.695652173913043,10.5,0.222222222222222,"continuous",10.5,,,"idade < 10.5","idade >= 10.5"
28,3,8,"outer_training_saved_hyperparameters",12,3,23,"lordose_lombar","surrogate",4,0,-1,0.695652173913043,51.5,0.222222222222222,"continuous",51.5,,,"lordose_lombar < 51.5","lordose_lombar >= 51.5"
28,3,8,"outer_training_saved_hyperparameters",12,3,23,"correcao_colete","surrogate",5,0,-1,0.695652173913043,51.6685205784204,0.222222222222222,"continuous",51.6685205784204,,,"correcao_colete < 51.668520578420448","correcao_colete >= 51.668520578420448"
29,3,9,"outer_training_saved_hyperparameters",1,0,555,"lenke","surrogate",1,0,6,0.628828828828829,4,0.0593607305936073,"categorical",,"1 | 3 | 4 | 5 | 6","2","lenke in {1 | 3 | 4 | 5 | 6}","lenke in {2}"
29,3,9,"outer_training_saved_hyperparameters",1,0,555,"imc","surrogate",2,0,1,0.621621621621622,15.8580042573654,0.0410958904109588,"continuous",15.8580042573654,,,"imc >= 15.858004257365359","imc < 15.858004257365359"
29,3,9,"outer_training_saved_hyperparameters",1,0,555,"cifose_toracica","surrogate",3,0,-1,0.609009009009009,53.5,0.00913242009132411,"continuous",53.5,,,"cifose_toracica < 53.5","cifose_toracica >= 53.5"
29,3,9,"outer_training_saved_hyperparameters",1,0,555,"lordose_lombar","surrogate",4,0,1,0.607207207207207,31.5,0.00456621004566205,"continuous",31.5,,,"lordose_lombar >= 31.5","lordose_lombar < 31.5"
29,3,9,"outer_training_saved_hyperparameters",2,1,336,"imc","surrogate",1,0,-1,0.839285714285714,14.7826038631566,0.0689655172413797,"continuous",14.7826038631566,,,"imc < 14.782603863156632","imc >= 14.782603863156632"
29,3,9,"outer_training_saved_hyperparameters",2,1,336,"cifose_toracica","surrogate",2,0,-1,0.830357142857143,2.5,0.0172413793103454,"continuous",2.5,,,"cifose_toracica < 2.5","cifose_toracica >= 2.5"
29,3,9,"outer_training_saved_hyperparameters",5,2,278,"correcao_colete","surrogate",1,0,1,0.856115107913669,29.8648648648648,0.0243902439024389,"continuous",29.8648648648648,,,"correcao_colete >= 29.864864864864849","correcao_colete < 29.864864864864849"
29,3,9,"outer_training_saved_hyperparameters",3,1,219,"risser","surrogate",1,0,5,0.593607305936073,10,0.144230769230769,"categorical",,"0 | 2 | 3 | 4","1","risser in {0 | 2 | 3 | 4}","risser in {1}"
29,3,9,"outer_training_saved_hyperparameters",3,1,219,"lordose_lombar","surrogate",2,0,1,0.584474885844749,43.5,0.125,"continuous",43.5,,,"lordose_lombar >= 43.5","lordose_lombar < 43.5"
29,3,9,"outer_training_saved_hyperparameters",3,1,219,"lenke","surrogate",3,0,6,0.575342465753425,11,0.105769230769231,"categorical",,"1 | 3 | 5 | 6","2 | 4","lenke in {1 | 3 | 5 | 6}","lenke in {2 | 4}"
29,3,9,"outer_training_saved_hyperparameters",3,1,219,"sexo","surrogate",4,0,2,0.570776255707763,12,0.0961538461538462,"categorical",,"feminino","masculino","sexo in {feminino}","sexo in {masculino}"
29,3,9,"outer_training_saved_hyperparameters",3,1,219,"imc","surrogate",5,0,-1,0.557077625570776,16.8100200521458,0.0673076923076922,"continuous",16.8100200521458,,,"imc < 16.810020052145809","imc >= 16.810020052145809"
29,3,9,"outer_training_saved_hyperparameters",6,2,115,"correcao_colete","surrogate",1,0,1,0.982608695652174,61.072261072261,0.5,"continuous",61.072261072261,,,"correcao_colete >= 61.07226107226105","correcao_colete < 61.07226107226105"
30,3,10,"outer_training_saved_hyperparameters",1,0,555,"lenke","surrogate",1,0,6,0.61981981981982,4,0.0538116591928251,"categorical",,"1 | 3 | 4 | 5 | 6","2","lenke in {1 | 3 | 4 | 5 | 6}","lenke in {2}"
30,3,10,"outer_training_saved_hyperparameters",1,0,555,"imc","surrogate",2,0,1,0.616216216216216,15.7780349420875,0.0448430493273544,"continuous",15.7780349420875,,,"imc >= 15.778034942087451","imc < 15.778034942087451"
30,3,10,"outer_training_saved_hyperparameters",1,0,555,"risser","surrogate",3,0,5,0.607207207207207,5,0.0224215246636772,"categorical",,"0 | 1 | 3 | 4","2","risser in {0 | 1 | 3 | 4}","risser in {2}"
30,3,10,"outer_training_saved_hyperparameters",1,0,555,"cifose_toracica","surrogate",4,0,-1,0.601801801801802,53.5,0.00896860986547076,"continuous",53.5,,,"cifose_toracica < 53.5","cifose_toracica >= 53.5"
30,3,10,"outer_training_saved_hyperparameters",1,0,555,"lordose_lombar","surrogate",5,0,-1,0.6,80.5,0.00448430493273538,"continuous",80.5,,,"lordose_lombar < 80.5","lordose_lombar >= 80.5"
30,3,10,"outer_training_saved_hyperparameters",2,1,332,"imc","surrogate",1,0,-1,0.846385542168675,14.7826038631566,0.0555555555555556,"continuous",14.7826038631566,,,"imc < 14.782603863156632","imc >= 14.782603863156632"
30,3,10,"outer_training_saved_hyperparameters",5,2,278,"lordose_lombar","surrogate",1,0,-1,0.802158273381295,37.5,0.0833333333333333,"continuous",37.5,,,"lordose_lombar < 37.5","lordose_lombar >= 37.5"
30,3,10,"outer_training_saved_hyperparameters",5,2,278,"correcao_colete","surrogate",2,0,1,0.79136690647482,48.8088485536018,0.0333333333333331,"continuous",48.8088485536018,,,"correcao_colete >= 48.808848553601798","correcao_colete < 48.808848553601798"
30,3,10,"outer_training_saved_hyperparameters",11,3,218,"idade","surrogate",1,0,-1,0.688073394495413,14.5,0.19047619047619,"continuous",14.5,,,"idade < 14.5","idade >= 14.5"
30,3,10,"outer_training_saved_hyperparameters",11,3,218,"correcao_colete","surrogate",2,0,1,0.623853211009174,29.8648648648648,0.023809523809524,"continuous",29.8648648648648,,,"correcao_colete >= 29.864864864864849","correcao_colete < 29.864864864864849"
30,3,10,"outer_training_saved_hyperparameters",11,3,218,"imc","surrogate",3,0,1,0.619266055045872,14.9253035876745,0.0119047619047618,"continuous",14.9253035876745,,,"imc >= 14.925303587674538","imc < 14.925303587674538"
31,4,1,"outer_training_saved_hyperparameters",1,0,553,"lenke","surrogate",1,0,6,0.634719710669078,4,0.0604651162790697,"categorical",,"1 | 3 | 4 | 5 | 6","2","lenke in {1 | 3 | 4 | 5 | 6}","lenke in {2}"
31,4,1,"outer_training_saved_hyperparameters",1,0,553,"imc","surrogate",2,0,1,0.623869801084991,14.6055076557158,0.0325581395348836,"continuous",14.6055076557158,,,"imc >= 14.605507655715773","imc < 14.605507655715773"
31,4,1,"outer_training_saved_hyperparameters",1,0,553,"cifose_toracica","surrogate",3,0,-1,0.614828209764919,53.5,0.00930232558139528,"continuous",53.5,,,"cifose_toracica < 53.5","cifose_toracica >= 53.5"
31,4,1,"outer_training_saved_hyperparameters",1,0,553,"lordose_lombar","surrogate",4,0,-1,0.613019891500904,81,0.00465116279069778,"continuous",81,,,"lordose_lombar < 81","lordose_lombar >= 81"
31,4,1,"outer_training_saved_hyperparameters",2,1,338,"imc","surrogate",1,0,-1,0.831360946745562,14.7826038631566,0.0655737704918036,"continuous",14.7826038631566,,,"imc < 14.782603863156632","imc >= 14.782603863156632"
31,4,1,"outer_training_saved_hyperparameters",5,2,277,"imc","surrogate",1,0,1,0.870036101083033,14.9030813654523,0.0270270270270274,"continuous",14.9030813654523,,,"imc >= 14.903081365452316","imc < 14.903081365452316"
31,4,1,"outer_training_saved_hyperparameters",10,3,240,"cifose_toracica","surrogate",1,0,-1,0.833333333333333,57,0.0476190476190481,"continuous",57,,,"cifose_toracica < 57","cifose_toracica >= 57"
31,4,1,"outer_training_saved_hyperparameters",10,3,240,"lordose_lombar","surrogate",2,0,1,0.833333333333333,23,0.0476190476190481,"continuous",23,,,"lordose_lombar >= 23","lordose_lombar < 23"
31,4,1,"outer_training_saved_hyperparameters",10,3,240,"correcao_colete","surrogate",3,0,-1,0.833333333333333,48.8088485536018,0.0476190476190481,"continuous",48.8088485536018,,,"correcao_colete < 48.808848553601798","correcao_colete >= 48.808848553601798"
31,4,1,"outer_training_saved_hyperparameters",20,4,198,"imc","surrogate",1,0,-1,0.893939393939394,26.8713781415809,0.0454545454545457,"continuous",26.8713781415809,,,"imc < 26.871378141580941","imc >= 26.871378141580941"
31,4,1,"outer_training_saved_hyperparameters",21,4,42,"cifose_toracica","surrogate",1,0,-1,0.785714285714286,11,0.307692307692308,"continuous",11,,,"cifose_toracica < 11","cifose_toracica >= 11"
31,4,1,"outer_training_saved_hyperparameters",21,4,42,"idade","surrogate",2,0,-1,0.738095238095238,12.5,0.153846153846154,"continuous",12.5,,,"idade < 12.5","idade >= 12.5"
31,4,1,"outer_training_saved_hyperparameters",21,4,42,"correcao_colete","surrogate",3,0,1,0.738095238095238,48.5565356856455,0.153846153846154,"continuous",48.5565356856455,,,"correcao_colete >= 48.556535685645549","correcao_colete < 48.556535685645549"
31,4,1,"outer_training_saved_hyperparameters",3,1,215,"idade","surrogate",1,0,-1,0.734883720930233,10.5,0.0338983050847457,"continuous",10.5,,,"idade < 10.5","idade >= 10.5"
31,4,1,"outer_training_saved_hyperparameters",3,1,215,"cifose_toracica","surrogate",2,0,1,0.730232558139535,56.5,0.0169491525423728,"continuous",56.5,,,"cifose_toracica >= 56.5","cifose_toracica < 56.5"
31,4,1,"outer_training_saved_hyperparameters",6,2,59,"lordose_lombar","surrogate",1,0,-1,0.796610169491525,47.5,0.4,"continuous",47.5,,,"lordose_lombar < 47.5","lordose_lombar >= 47.5"
31,4,1,"outer_training_saved_hyperparameters",6,2,59,"correcao_colete","surrogate",2,0,1,0.779661016949153,53.529900332226,0.35,"continuous",53.529900332226,,,"correcao_colete >= 53.529900332225949","correcao_colete < 53.529900332225949"
31,4,1,"outer_training_saved_hyperparameters",6,2,59,"risser","surrogate",3,0,5,0.779661016949153,21,0.35,"categorical",,"0","1 | 2 | 3 | 4","risser in {0}","risser in {1 | 2 | 3 | 4}"
31,4,1,"outer_training_saved_hyperparameters",6,2,59,"cifose_toracica","surrogate",4,0,-1,0.745762711864407,14.5,0.25,"continuous",14.5,,,"cifose_toracica < 14.5","cifose_toracica >= 14.5"
31,4,1,"outer_training_saved_hyperparameters",6,2,59,"lenke","surrogate",5,0,6,0.745762711864407,22,0.25,"categorical",,"3 | 4","1 | 2 | 5 | 6","lenke in {3 | 4}","lenke in {1 | 2 | 5 | 6}"
32,4,2,"outer_training_saved_hyperparameters",1,0,553,"lenke","surrogate",1,0,6,0.625678119349005,4,0.0633484162895928,"categorical",,"1 | 3 | 4 | 5 | 6","2","lenke in {1 | 3 | 4 | 5 | 6}","lenke in {2}"
32,4,2,"outer_training_saved_hyperparameters",1,0,553,"imc","surrogate",2,0,1,0.622061482820977,15.8580042573654,0.0542986425339368,"continuous",15.8580042573654,,,"imc >= 15.858004257365359","imc < 15.858004257365359"
32,4,2,"outer_training_saved_hyperparameters",1,0,553,"risser","surrogate",3,0,5,0.613019891500904,5,0.0316742081447965,"categorical",,"0 | 1 | 3 | 4","2","risser in {0 | 1 | 3 | 4}","risser in {2}"
32,4,2,"outer_training_saved_hyperparameters",1,0,553,"lordose_lombar","surrogate",4,0,1,0.605786618444846,31.5,0.0135746606334842,"continuous",31.5,,,"lordose_lombar >= 31.5","lordose_lombar < 31.5"
32,4,2,"outer_training_saved_hyperparameters",1,0,553,"cifose_toracica","surrogate",5,0,-1,0.602169981916817,53.5,0.00452488687782816,"continuous",53.5,,,"cifose_toracica < 53.5","cifose_toracica >= 53.5"
32,4,2,"outer_training_saved_hyperparameters",2,1,332,"imc","surrogate",1,0,-1,0.840361445783133,14.7826038631566,0.0535714285714286,"continuous",14.7826038631566,,,"imc < 14.782603863156632","imc >= 14.782603863156632"
32,4,2,"outer_training_saved_hyperparameters",2,1,332,"cifose_toracica","surrogate",2,0,-1,0.83433734939759,2.5,0.0178571428571431,"continuous",2.5,,,"cifose_toracica < 2.5","cifose_toracica >= 2.5"
32,4,2,"outer_training_saved_hyperparameters",5,2,276,"idade","surrogate",1,0,-1,0.713768115942029,12.5,0.362903225806452,"continuous",12.5,,,"idade < 12.5","idade >= 12.5"
32,4,2,"outer_training_saved_hyperparameters",5,2,276,"lenke","surrogate",2,0,6,0.61231884057971,10,0.137096774193549,"categorical",,"2 | 4","1 | 3 | 5 | 6","lenke in {2 | 4}","lenke in {1 | 3 | 5 | 6}"
32,4,2,"outer_training_saved_hyperparameters",5,2,276,"escoliometro_maior_10_graus","surrogate",3,0,4,0.605072463768116,11,0.120967741935484,"categorical",,"toracica","normal | lombar | toracica_lombar","escoliometro_maior_10_graus in {toracica}","escoliometro_maior_10_graus in {normal | lombar | toracica_lombar}"
32,4,2,"outer_training_saved_hyperparameters",5,2,276,"imc","surrogate",4,0,1,0.601449275362319,20.7802016462396,0.112903225806452,"continuous",20.7802016462396,,,"imc >= 20.78020164623964","imc < 20.78020164623964"
32,4,2,"outer_training_saved_hyperparameters",5,2,276,"correcao_colete","surrogate",5,0,-1,0.579710144927536,30.8608058608059,0.0645161290322581,"continuous",30.8608058608059,,,"correcao_colete < 30.860805860805897","correcao_colete >= 30.860805860805897"
32,4,2,"outer_training_saved_hyperparameters",10,3,124,"imc","surrogate",1,0,-1,0.951612903225806,25.8046832553148,0.250000000000001,"continuous",25.8046832553148,,,"imc < 25.804683255314806","imc >= 25.804683255314806"
32,4,2,"outer_training_saved_hyperparameters",10,3,124,"cifose_toracica","surrogate",2,0,-1,0.951612903225806,47.5,0.250000000000001,"continuous",47.5,,,"cifose_toracica < 47.5","cifose_toracica >= 47.5"
32,4,2,"outer_training_saved_hyperparameters",11,3,152,"cifose_toracica","surrogate",1,0,-1,0.907894736842105,2.5,0.125,"continuous",2.5,,,"cifose_toracica < 2.5","cifose_toracica >= 2.5"
32,4,2,"outer_training_saved_hyperparameters",11,3,152,"correcao_colete","surrogate",2,0,1,0.907894736842105,48.7775790101371,0.125,"continuous",48.7775790101371,,,"correcao_colete >= 48.777579010137146","correcao_colete < 48.777579010137146"
32,4,2,"outer_training_saved_hyperparameters",23,4,136,"cifose_toracica","surrogate",1,0,1,0.698529411764706,43.5,0.127659574468085,"continuous",43.5,,,"cifose_toracica >= 43.5","cifose_toracica < 43.5"
32,4,2,"outer_training_saved_hyperparameters",23,4,136,"imc","surrogate",2,0,1,0.683823529411765,26.8839591621924,0.0851063829787234,"continuous",26.8839591621924,,,"imc >= 26.883959162192376","imc < 26.883959162192376"
32,4,2,"outer_training_saved_hyperparameters",23,4,136,"escoliometro_maior_10_graus","surrogate",3,0,4,0.676470588235294,16,0.0638297872340426,"categorical",,"toracica_lombar","normal | toracica | lombar","escoliometro_maior_10_graus in {toracica_lombar}","escoliometro_maior_10_graus in {normal | toracica | lombar}"
32,4,2,"outer_training_saved_hyperparameters",23,4,136,"lenke","surrogate",4,0,6,0.669117647058823,17,0.0425531914893615,"categorical",,"2","1 | 3 | 4 | 5 | 6","lenke in {2}","lenke in {1 | 3 | 4 | 5 | 6}"
32,4,2,"outer_training_saved_hyperparameters",23,4,136,"idade","surrogate",5,0,-1,0.661764705882353,11.5,0.0212765957446808,"continuous",11.5,,,"idade < 11.5","idade >= 11.5"
32,4,2,"outer_training_saved_hyperparameters",3,1,221,"lordose_lombar","surrogate",1,0,1,0.592760180995475,43.5,0.108910891089109,"continuous",43.5,,,"lordose_lombar >= 43.5","lordose_lombar < 43.5"
32,4,2,"outer_training_saved_hyperparameters",3,1,221,"risser","surrogate",2,0,5,0.588235294117647,19,0.0990099009900991,"categorical",,"0 | 2 | 3 | 4","1","risser in {0 | 2 | 3 | 4}","risser in {1}"
32,4,2,"outer_training_saved_hyperparameters",3,1,221,"sexo","surrogate",3,0,2,0.583710407239819,20,0.0891089108910893,"categorical",,"feminino","masculino","sexo in {feminino}","sexo in {masculino}"
32,4,2,"outer_training_saved_hyperparameters",3,1,221,"lenke","surrogate",4,0,6,0.570135746606335,21,0.0594059405940594,"categorical",,"1 | 3 | 5 | 6","2 | 4","lenke in {1 | 3 | 5 | 6}","lenke in {2 | 4}"
32,4,2,"outer_training_saved_hyperparameters",3,1,221,"cifose_toracica","surrogate",5,0,1,0.552036199095023,6.5,0.01980198019802,"continuous",6.5,,,"cifose_toracica >= 6.5","cifose_toracica < 6.5"
32,4,2,"outer_training_saved_hyperparameters",26,4,22,"lenke","surrogate",1,0,6,0.772727272727273,27,0.375,"categorical",,"2","1 | 3 | 4 | 5 | 6","lenke in {2}","lenke in {1 | 3 | 4 | 5 | 6}"
32,4,2,"outer_training_saved_hyperparameters",26,4,22,"idade","surrogate",2,0,-1,0.727272727272727,10.5,0.25,"continuous",10.5,,,"idade < 10.5","idade >= 10.5"
32,4,2,"outer_training_saved_hyperparameters",26,4,22,"imc","surrogate",3,0,1,0.727272727272727,15.4192646666809,0.25,"continuous",15.4192646666809,,,"imc >= 15.419264666680895","imc < 15.419264666680895"
32,4,2,"outer_training_saved_hyperparameters",26,4,22,"lordose_lombar","surrogate",4,0,-1,0.727272727272727,51.5,0.25,"continuous",51.5,,,"lordose_lombar < 51.5","lordose_lombar >= 51.5"
32,4,2,"outer_training_saved_hyperparameters",26,4,22,"correcao_colete","surrogate",5,0,-1,0.727272727272727,51.6685205784204,0.25,"continuous",51.6685205784204,,,"correcao_colete < 51.668520578420448","correcao_colete >= 51.668520578420448"
33,4,3,"outer_training_saved_hyperparameters",1,0,553,"lenke","surrogate",1,0,6,0.620253164556962,4,0.0497737556561086,"categorical",,"1 | 3 | 4 | 5 | 6","2","lenke in {1 | 3 | 4 | 5 | 6}","lenke in {2}"
33,4,3,"outer_training_saved_hyperparameters",1,0,553,"imc","surrogate",2,0,1,0.614828209764919,15.7780349420875,0.0361990950226244,"continuous",15.7780349420875,,,"imc >= 15.778034942087451","imc < 15.778034942087451"
33,4,3,"outer_training_saved_hyperparameters",1,0,553,"lordose_lombar","surrogate",3,0,1,0.605786618444846,31.5,0.0135746606334842,"continuous",31.5,,,"lordose_lombar >= 31.5","lordose_lombar < 31.5"
33,4,3,"outer_training_saved_hyperparameters",1,0,553,"cifose_toracica","surrogate",4,0,1,0.602169981916817,2.5,0.00452488687782816,"continuous",2.5,,,"cifose_toracica >= 2.5","cifose_toracica < 2.5"
33,4,3,"outer_training_saved_hyperparameters",3,1,221,"risser","surrogate",1,0,5,0.597285067873303,6,0.11,"categorical",,"0 | 2 | 3 | 4","1","risser in {0 | 2 | 3 | 4}","risser in {1}"
33,4,3,"outer_training_saved_hyperparameters",3,1,221,"lordose_lombar","surrogate",2,0,1,0.592760180995475,43.5,0.0999999999999999,"continuous",43.5,,,"lordose_lombar >= 43.5","lordose_lombar < 43.5"
33,4,3,"outer_training_saved_hyperparameters",3,1,221,"sexo","surrogate",3,0,2,0.583710407239819,7,0.08,"categorical",,"feminino","masculino","sexo in {feminino}","sexo in {masculino}"
33,4,3,"outer_training_saved_hyperparameters",3,1,221,"lenke","surrogate",4,0,6,0.579185520361991,8,0.07,"categorical",,"1 | 3 | 4 | 5 | 6","2","lenke in {1 | 3 | 4 | 5 | 6}","lenke in {2}"
33,4,3,"outer_training_saved_hyperparameters",3,1,221,"imc","surrogate",5,0,1,0.574660633484163,19.8161168509761,0.0599999999999998,"continuous",19.8161168509761,,,"imc >= 19.816116850976105","imc < 19.816116850976105"
34,4,4,"outer_training_saved_hyperparameters",1,0,553,"lenke","surrogate",1,0,6,0.622061482820977,4,0.0412844036697249,"categorical",,"1 | 3 | 4 | 5 | 6","2","lenke in {1 | 3 | 4 | 5 | 6}","lenke in {2}"
34,4,4,"outer_training_saved_hyperparameters",1,0,553,"imc","surrogate",2,0,1,0.616636528028933,14.6055076557158,0.0275229357798166,"continuous",14.6055076557158,,,"imc >= 14.605507655715773","imc < 14.605507655715773"
34,4,4,"outer_training_saved_hyperparameters",1,0,553,"risser","surrogate",3,0,5,0.614828209764919,5,0.0229357798165137,"categorical",,"0 | 1 | 3 | 4","2","risser in {0 | 1 | 3 | 4}","risser in {2}"
34,4,4,"outer_training_saved_hyperparameters",1,0,553,"cifose_toracica","surrogate",4,0,-1,0.609403254972875,53.5,0.00917431192660543,"continuous",53.5,,,"cifose_toracica < 53.5","cifose_toracica >= 53.5"
34,4,4,"outer_training_saved_hyperparameters",2,1,335,"imc","surrogate",1,0,-1,0.832835820895522,14.7826038631566,0.0666666666666667,"continuous",14.7826038631566,,,"imc < 14.782603863156632","imc >= 14.782603863156632"
34,4,4,"outer_training_saved_hyperparameters",2,1,335,"cifose_toracica","surrogate",2,0,-1,0.823880597014925,2.5,0.0166666666666662,"continuous",2.5,,,"cifose_toracica < 2.5","cifose_toracica >= 2.5"
34,4,4,"outer_training_saved_hyperparameters",10,3,234,"lordose_lombar","surrogate",1,0,-1,0.688034188034188,66.5,0.109756097560976,"continuous",66.5,,,"lordose_lombar < 66.5","lordose_lombar >= 66.5"
34,4,4,"outer_training_saved_hyperparameters",10,3,234,"imc","surrogate",2,0,1,0.683760683760684,15.982784950715,0.0975609756097561,"continuous",15.982784950715,,,"imc >= 15.982784950714979","imc < 15.982784950714979"
34,4,4,"outer_training_saved_hyperparameters",10,3,234,"sexo","surrogate",3,0,2,0.675213675213675,13,0.0731707317073171,"categorical",,"feminino","masculino","sexo in {feminino}","sexo in {masculino}"
34,4,4,"outer_training_saved_hyperparameters",10,3,234,"idade","surrogate",4,0,1,0.658119658119658,10.5,0.0243902439024389,"continuous",10.5,,,"idade >= 10.5","idade < 10.5"
34,4,4,"outer_training_saved_hyperparameters",20,4,152,"lordose_lombar","surrogate",1,0,1,0.802631578947368,23,0.0625000000000002,"continuous",23,,,"lordose_lombar >= 23","lordose_lombar < 23"
34,4,4,"outer_training_saved_hyperparameters",20,4,152,"correcao_colete","surrogate",2,0,-1,0.802631578947368,48.7775790101371,0.0625000000000002,"continuous",48.7775790101371,,,"correcao_colete < 48.777579010137146","correcao_colete >= 48.777579010137146"
34,4,4,"outer_training_saved_hyperparameters",20,4,152,"imc","surrogate",3,0,1,0.796052631578947,15.2763141168675,0.0312499999999998,"continuous",15.2763141168675,,,"imc >= 15.276314116867486","imc < 15.276314116867486"
34,4,4,"outer_training_saved_hyperparameters",21,4,82,"lordose_lombar","surrogate",1,0,1,0.939024390243902,78,0.285714285714285,"continuous",78,,,"lordose_lombar >= 78","lordose_lombar < 78"
34,4,4,"outer_training_saved_hyperparameters",11,3,41,"escoliometro_maior_10_graus","surrogate",1,0,4,0.853658536585366,20,0.4,"categorical",,"toracica_lombar","normal | toracica | lombar","escoliometro_maior_10_graus in {toracica_lombar}","escoliometro_maior_10_graus in {normal | toracica | lombar}"
34,4,4,"outer_training_saved_hyperparameters",11,3,41,"correcao_colete","surrogate",2,0,1,0.780487804878049,45.9830866807611,0.1,"continuous",45.9830866807611,,,"correcao_colete >= 45.983086680761105","correcao_colete < 45.983086680761105"
34,4,4,"outer_training_saved_hyperparameters",3,1,218,"risser","surrogate",1,0,5,0.596330275229358,22,0.128712871287129,"categorical",,"0 | 2 | 4","1 | 3","risser in {0 | 2 | 4}","risser in {1 | 3}"
34,4,4,"outer_training_saved_hyperparameters",3,1,218,"lordose_lombar","surrogate",2,0,1,0.591743119266055,42.5,0.118811881188119,"continuous",42.5,,,"lordose_lombar >= 42.5","lordose_lombar < 42.5"
34,4,4,"outer_training_saved_hyperparameters",3,1,218,"sexo","surrogate",3,0,2,0.58256880733945,23,0.0990099009900989,"categorical",,"feminino","masculino","sexo in {feminino}","sexo in {masculino}"
34,4,4,"outer_training_saved_hyperparameters",3,1,218,"lenke","surrogate",4,0,6,0.564220183486238,24,0.0594059405940593,"categorical",,"1 | 3 | 5 | 6","2 | 4","lenke in {1 | 3 | 5 | 6}","lenke in {2 | 4}"
34,4,4,"outer_training_saved_hyperparameters",3,1,218,"imc","surrogate",5,0,-1,0.555045871559633,16.4133360721146,0.0396039603960396,"continuous",16.4133360721146,,,"imc < 16.413336072114554","imc >= 16.413336072114554"
34,4,4,"outer_training_saved_hyperparameters",13,3,110,"cifose_toracica","surrogate",1,0,-1,0.827272727272727,6.5,0.0499999999999997,"continuous",6.5,,,"cifose_toracica < 6.5","cifose_toracica >= 6.5"
34,4,4,"outer_training_saved_hyperparameters",26,4,20,"lenke","surrogate",1,0,6,0.9,30,0.8,"categorical",,"2 | 4 | 6","1 | 3 | 5","lenke in {2 | 4 | 6}","lenke in {1 | 3 | 5}"
34,4,4,"outer_training_saved_hyperparameters",26,4,20,"cifose_toracica","surrogate",2,0,-1,0.8,21,0.6,"continuous",21,,,"cifose_toracica < 21","cifose_toracica >= 21"
34,4,4,"outer_training_saved_hyperparameters",26,4,20,"lordose_lombar","surrogate",3,0,-1,0.75,51.5,0.5,"continuous",51.5,,,"lordose_lombar < 51.5","lordose_lombar >= 51.5"
34,4,4,"outer_training_saved_hyperparameters",26,4,20,"escoliometro_maior_10_graus","surrogate",4,0,4,0.75,31,0.5,"categorical",,"toracica | lombar","normal","escoliometro_maior_10_graus in {toracica | lombar}","escoliometro_maior_10_graus in {normal}"
34,4,4,"outer_training_saved_hyperparameters",26,4,20,"correcao_colete","surrogate",5,0,1,0.65,53.393665158371,0.3,"continuous",53.393665158371,,,"correcao_colete >= 53.393665158371","correcao_colete < 53.393665158371"
35,4,5,"outer_training_saved_hyperparameters",1,0,553,"lenke","surrogate",1,0,6,0.620253164556962,4,0.0410958904109587,"categorical",,"1 | 3 | 4 | 5 | 6","2","lenke in {1 | 3 | 4 | 5 | 6}","lenke in {2}"
35,4,5,"outer_training_saved_hyperparameters",1,0,553,"imc","surrogate",2,0,1,0.616636528028933,14.6055076557158,0.0319634703196346,"continuous",14.6055076557158,,,"imc >= 14.605507655715773","imc < 14.605507655715773"
35,4,5,"outer_training_saved_hyperparameters",1,0,553,"lordose_lombar","surrogate",3,0,-1,0.61121157323689,65.5,0.0182648401826483,"continuous",65.5,,,"lordose_lombar < 65.5","lordose_lombar >= 65.5"
35,4,5,"outer_training_saved_hyperparameters",1,0,553,"cifose_toracica","surrogate",4,0,-1,0.605786618444846,53.5,0.00456621004566192,"continuous",53.5,,,"cifose_toracica < 53.5","cifose_toracica >= 53.5"
35,4,5,"outer_training_saved_hyperparameters",1,0,553,"risser","surrogate",5,0,5,0.605786618444846,5,0.00456621004566192,"categorical",,"0 | 1 | 3 | 4","2","risser in {0 | 1 | 3 | 4}","risser in {2}"
35,4,5,"outer_training_saved_hyperparameters",2,1,334,"imc","surrogate",1,0,-1,0.850299401197605,14.7826038631566,0.0740740740740746,"continuous",14.7826038631566,,,"imc < 14.782603863156632","imc >= 14.782603863156632"
35,4,5,"outer_training_saved_hyperparameters",2,1,334,"cifose_toracica","surrogate",2,0,-1,0.841317365269461,2.5,0.018518518518519,"continuous",2.5,,,"cifose_toracica < 2.5","cifose_toracica >= 2.5"
35,4,5,"outer_training_saved_hyperparameters",5,2,280,"imc","surrogate",1,0,1,0.860714285714286,14.9030813654523,0.0250000000000007,"continuous",14.9030813654523,,,"imc >= 14.903081365452316","imc < 14.903081365452316"
35,4,5,"outer_training_saved_hyperparameters",3,1,219,"risser","surrogate",1,0,5,0.593607305936073,13,0.118811881188119,"categorical",,"0 | 2 | 3 | 4","1","risser in {0 | 2 | 3 | 4}","risser in {1}"
35,4,5,"outer_training_saved_hyperparameters",3,1,219,"lordose_lombar","surrogate",2,0,1,0.584474885844749,43.5,0.099009900990099,"continuous",43.5,,,"lordose_lombar >= 43.5","lordose_lombar < 43.5"
35,4,5,"outer_training_saved_hyperparameters",3,1,219,"sexo","surrogate",3,0,2,0.584474885844749,14,0.099009900990099,"categorical",,"feminino","masculino","sexo in {feminino}","sexo in {masculino}"
35,4,5,"outer_training_saved_hyperparameters",3,1,219,"imc","surrogate",4,0,1,0.570776255707763,19.8161168509761,0.0693069306930694,"continuous",19.8161168509761,,,"imc >= 19.816116850976105","imc < 19.816116850976105"
35,4,5,"outer_training_saved_hyperparameters",3,1,219,"lenke","surrogate",5,0,6,0.557077625570776,15,0.0396039603960396,"categorical",,"1 | 3 | 5 | 6","2 | 4","lenke in {1 | 3 | 5 | 6}","lenke in {2 | 4}"
35,4,5,"outer_training_saved_hyperparameters",6,2,118,"lenke","surrogate",1,0,6,0.771186440677966,17,0.0689655172413796,"categorical",,"3","1 | 2 | 4 | 5 | 6","lenke in {3}","lenke in {1 | 2 | 4 | 5 | 6}"
36,4,6,"outer_training_saved_hyperparameters",1,0,553,"lenke","surrogate",1,0,6,0.614828209764919,4,0.0533333333333332,"categorical",,"1 | 3 | 4 | 5 | 6","2","lenke in {1 | 3 | 4 | 5 | 6}","lenke in {2}"
36,4,6,"outer_training_saved_hyperparameters",1,0,553,"imc","surrogate",2,0,1,0.609403254972875,15.7780349420875,0.0399999999999998,"continuous",15.7780349420875,,,"imc >= 15.778034942087451","imc < 15.778034942087451"
36,4,6,"outer_training_saved_hyperparameters",1,0,553,"lordose_lombar","surrogate",3,0,-1,0.609403254972875,65.5,0.0399999999999998,"continuous",65.5,,,"lordose_lombar < 65.5","lordose_lombar >= 65.5"
36,4,6,"outer_training_saved_hyperparameters",1,0,553,"cifose_toracica","surrogate",4,0,-1,0.598553345388788,53.5,0.0133333333333334,"continuous",53.5,,,"cifose_toracica < 53.5","cifose_toracica >= 53.5"
36,4,6,"outer_training_saved_hyperparameters",1,0,553,"risser","surrogate",5,0,5,0.596745027124774,5,0.00888888888888882,"categorical",,"0 | 1 | 3 | 4","2","risser in {0 | 1 | 3 | 4}","risser in {2}"
36,4,6,"outer_training_saved_hyperparameters",2,1,328,"imc","surrogate",1,0,-1,0.829268292682927,14.7826038631566,0.0508474576271187,"continuous",14.7826038631566,,,"imc < 14.782603863156632","imc >= 14.782603863156632"
36,4,6,"outer_training_saved_hyperparameters",2,1,328,"cifose_toracica","surrogate",2,0,-1,0.823170731707317,2.5,0.0169491525423729,"continuous",2.5,,,"cifose_toracica < 2.5","cifose_toracica >= 2.5"
36,4,6,"outer_training_saved_hyperparameters",5,2,269,"imc","surrogate",1,0,1,0.87360594795539,14.9030813654523,0.0285714285714287,"continuous",14.9030813654523,,,"imc >= 14.903081365452316","imc < 14.903081365452316"
36,4,6,"outer_training_saved_hyperparameters",5,2,269,"correcao_colete","surrogate",2,0,1,0.87360594795539,29.8648648648648,0.0285714285714287,"continuous",29.8648648648648,,,"correcao_colete >= 29.864864864864849","correcao_colete < 29.864864864864849"
37,4,7,"outer_training_saved_hyperparameters",1,0,553,"imc","surrogate",1,0,1,0.62748643761302,15.8580042573654,0.0550458715596332,"continuous",15.8580042573654,,,"imc >= 15.858004257365359","imc < 15.858004257365359"
37,4,7,"outer_training_saved_hyperparameters",1,0,553,"lenke","surrogate",2,0,6,0.625678119349005,4,0.0504587155963303,"categorical",,"1 | 3 | 4 | 5 | 6","2","lenke in {1 | 3 | 4 | 5 | 6}","lenke in {2}"
37,4,7,"outer_training_saved_hyperparameters",1,0,553,"risser","surrogate",3,0,5,0.616636528028933,5,0.0275229357798166,"categorical",,"0 | 1 | 3 | 4","2","risser in {0 | 1 | 3 | 4}","risser in {2}"
37,4,7,"outer_training_saved_hyperparameters",1,0,553,"cifose_toracica","surrogate",4,0,-1,0.609403254972875,53.5,0.00917431192660543,"continuous",53.5,,,"cifose_toracica < 53.5","cifose_toracica >= 53.5"
37,4,7,"outer_training_saved_hyperparameters",1,0,553,"lordose_lombar","surrogate",5,0,-1,0.607594936708861,81,0.00458715596330286,"continuous",81,,,"lordose_lombar < 81","lordose_lombar >= 81"
37,4,7,"outer_training_saved_hyperparameters",2,1,335,"imc","surrogate",1,0,-1,0.832835820895522,14.7826038631566,0.0666666666666667,"continuous",14.7826038631566,,,"imc < 14.782603863156632","imc >= 14.782603863156632"
37,4,7,"outer_training_saved_hyperparameters",2,1,335,"cifose_toracica","surrogate",2,0,-1,0.823880597014925,2.5,0.0166666666666662,"continuous",2.5,,,"cifose_toracica < 2.5","cifose_toracica >= 2.5"
37,4,7,"outer_training_saved_hyperparameters",5,2,275,"idade","surrogate",1,0,-1,0.705454545454545,12.5,0.3671875,"continuous",12.5,,,"idade < 12.5","idade >= 12.5"
37,4,7,"outer_training_saved_hyperparameters",5,2,275,"escoliometro_maior_10_graus","surrogate",2,0,4,0.589090909090909,11,0.1171875,"categorical",,"toracica","normal | lombar | toracica_lombar","escoliometro_maior_10_graus in {toracica}","escoliometro_maior_10_graus in {normal | lombar | toracica_lombar}"
37,4,7,"outer_training_saved_hyperparameters",5,2,275,"imc","surrogate",3,0,1,0.585454545454545,20.7802016462396,0.109375,"continuous",20.7802016462396,,,"imc >= 20.78020164623964","imc < 20.78020164623964"
37,4,7,"outer_training_saved_hyperparameters",5,2,275,"lenke","surrogate",4,0,6,0.585454545454545,12,0.109375,"categorical",,"1 | 2 | 4","3 | 5 | 6","lenke in {1 | 2 | 4}","lenke in {3 | 5 | 6}"
37,4,7,"outer_training_saved_hyperparameters",5,2,275,"flexibilidade","surrogate",5,0,2,0.578181818181818,13,0.0937499999999999,"categorical",,"rigido","flexivel","flexibilidade in {rigido}","flexibilidade in {flexivel}"
37,4,7,"outer_training_saved_hyperparameters",10,3,128,"imc","surrogate",1,0,-1,0.953125,25.8046832553148,0.25,"continuous",25.8046832553148,,,"imc < 25.804683255314806","imc >= 25.804683255314806"
37,4,7,"outer_training_saved_hyperparameters",10,3,128,"cifose_toracica","surrogate",2,0,-1,0.953125,47.5,0.25,"continuous",47.5,,,"cifose_toracica < 47.5","cifose_toracica >= 47.5"
37,4,7,"outer_training_saved_hyperparameters",11,3,147,"lordose_lombar","surrogate",1,0,-1,0.918367346938776,30.5,0.294117647058824,"continuous",30.5,,,"lordose_lombar < 30.5","lordose_lombar >= 30.5"
37,4,7,"outer_training_saved_hyperparameters",11,3,147,"correcao_colete","surrogate",2,0,1,0.897959183673469,48.7775790101371,0.11764705882353,"continuous",48.7775790101371,,,"correcao_colete >= 48.777579010137146","correcao_colete < 48.777579010137146"
37,4,7,"outer_training_saved_hyperparameters",23,4,130,"imc","surrogate",1,0,1,0.7,26.8839591621924,0.113636363636364,"continuous",26.8839591621924,,,"imc >= 26.883959162192376","imc < 26.883959162192376"
37,4,7,"outer_training_saved_hyperparameters",23,4,130,"cifose_toracica","surrogate",2,0,1,0.684615384615385,43.5,0.0681818181818183,"continuous",43.5,,,"cifose_toracica >= 43.5","cifose_toracica < 43.5"
37,4,7,"outer_training_saved_hyperparameters",23,4,130,"lenke","surrogate",3,0,6,0.676923076923077,20,0.0454545454545456,"categorical",,"2","1 | 3 | 4 | 5 | 6","lenke in {2}","lenke in {1 | 3 | 4 | 5 | 6}"
37,4,7,"outer_training_saved_hyperparameters",23,4,130,"escoliometro_maior_10_graus","surrogate",4,0,4,0.676923076923077,21,0.0454545454545456,"categorical",,"toracica_lombar","normal | toracica | lombar","escoliometro_maior_10_graus in {toracica_lombar}","escoliometro_maior_10_graus in {normal | toracica | lombar}"
37,4,7,"outer_training_saved_hyperparameters",23,4,130,"correcao_colete","surrogate",5,0,-1,0.669230769230769,30.1162790697675,0.0227272727272726,"continuous",30.1162790697675,,,"correcao_colete < 30.116279069767451","correcao_colete >= 30.116279069767451"
37,4,7,"outer_training_saved_hyperparameters",3,1,218,"risser","surrogate",1,0,5,0.591743119266055,23,0.127450980392157,"categorical",,"0 | 2 | 4","1 | 3","risser in {0 | 2 | 4}","risser in {1 | 3}"
37,4,7,"outer_training_saved_hyperparameters",3,1,218,"lordose_lombar","surrogate",2,0,1,0.573394495412844,42.5,0.088235294117647,"continuous",42.5,,,"lordose_lombar >= 42.5","lordose_lombar < 42.5"
37,4,7,"outer_training_saved_hyperparameters",3,1,218,"sexo","surrogate",3,0,2,0.573394495412844,24,0.088235294117647,"categorical",,"feminino","masculino","sexo in {feminino}","sexo in {masculino}"
37,4,7,"outer_training_saved_hyperparameters",3,1,218,"imc","surrogate",4,0,1,0.564220183486238,19.8161168509761,0.068627450980392,"continuous",19.8161168509761,,,"imc >= 19.816116850976105","imc < 19.816116850976105"
37,4,7,"outer_training_saved_hyperparameters",3,1,218,"lenke","surrogate",5,0,6,0.559633027522936,25,0.0588235294117646,"categorical",,"1 | 3 | 5 | 6","2 | 4","lenke in {1 | 3 | 5 | 6}","lenke in {2 | 4}"
37,4,7,"outer_training_saved_hyperparameters",26,4,22,"imc","surrogate",1,0,1,0.772727272727273,15.4192646666809,0.444444444444444,"continuous",15.4192646666809,,,"imc >= 15.419264666680895","imc < 15.419264666680895"
37,4,7,"outer_training_saved_hyperparameters",26,4,22,"lordose_lombar","surrogate",2,0,-1,0.727272727272727,51.5,0.333333333333333,"continuous",51.5,,,"lordose_lombar < 51.5","lordose_lombar >= 51.5"
37,4,7,"outer_training_saved_hyperparameters",26,4,22,"lenke","surrogate",3,0,6,0.727272727272727,30,0.333333333333333,"categorical",,"2","1 | 3 | 4 | 5 | 6","lenke in {2}","lenke in {1 | 3 | 4 | 5 | 6}"
37,4,7,"outer_training_saved_hyperparameters",26,4,22,"idade","surrogate",4,0,-1,0.681818181818182,10.5,0.222222222222222,"continuous",10.5,,,"idade < 10.5","idade >= 10.5"
37,4,7,"outer_training_saved_hyperparameters",26,4,22,"correcao_colete","surrogate",5,0,-1,0.681818181818182,51.6685205784204,0.222222222222222,"continuous",51.6685205784204,,,"correcao_colete < 51.668520578420448","correcao_colete >= 51.668520578420448"
38,4,8,"outer_training_saved_hyperparameters",1,0,554,"lenke","surrogate",1,0,6,0.635379061371841,4,0.0516431924882631,"categorical",,"1 | 3 | 4 | 5 | 6","2","lenke in {1 | 3 | 4 | 5 | 6}","lenke in {2}"
38,4,8,"outer_training_saved_hyperparameters",1,0,554,"imc","surrogate",2,0,1,0.628158844765343,15.7780349420875,0.0328638497652584,"continuous",15.7780349420875,,,"imc >= 15.778034942087451","imc < 15.778034942087451"
38,4,8,"outer_training_saved_hyperparameters",1,0,554,"cifose_toracica","surrogate",3,0,1,0.61913357400722,2.5,0.00938967136150248,"continuous",2.5,,,"cifose_toracica >= 2.5","cifose_toracica < 2.5"
38,4,8,"outer_training_saved_hyperparameters",1,0,554,"lordose_lombar","surrogate",4,0,-1,0.61913357400722,81,0.00938967136150248,"continuous",81,,,"lordose_lombar < 81","lordose_lombar >= 81"
38,4,8,"outer_training_saved_hyperparameters",2,1,341,"imc","surrogate",1,0,-1,0.841642228739003,14.7826038631566,0.0689655172413793,"continuous",14.7826038631566,,,"imc < 14.782603863156632","imc >= 14.782603863156632"
38,4,8,"outer_training_saved_hyperparameters",2,1,341,"cifose_toracica","surrogate",2,0,-1,0.832844574780059,2.5,0.0172413793103448,"continuous",2.5,,,"cifose_toracica < 2.5","cifose_toracica >= 2.5"
38,4,8,"outer_training_saved_hyperparameters",5,2,283,"imc","surrogate",1,0,1,0.862190812720848,14.9030813654523,0.0250000000000002,"continuous",14.9030813654523,,,"imc >= 14.903081365452316","imc < 14.903081365452316"
38,4,8,"outer_training_saved_hyperparameters",10,3,243,"cifose_toracica","surrogate",1,0,-1,0.888888888888889,57,0.068965517241379,"continuous",57,,,"cifose_toracica < 57","cifose_toracica >= 57"
38,4,8,"outer_training_saved_hyperparameters",10,3,243,"imc","surrogate",2,0,-1,0.88477366255144,26.8839591621924,0.0344827586206895,"continuous",26.8839591621924,,,"imc < 26.883959162192376","imc >= 26.883959162192376"
38,4,8,"outer_training_saved_hyperparameters",20,4,214,"lordose_lombar","surrogate",1,0,1,0.850467289719626,23,0.0588235294117647,"continuous",23,,,"lordose_lombar >= 23","lordose_lombar < 23"
38,4,8,"outer_training_saved_hyperparameters",20,4,214,"correcao_colete","surrogate",2,0,-1,0.850467289719626,48.8088485536018,0.0588235294117647,"continuous",48.8088485536018,,,"correcao_colete < 48.808848553601798","correcao_colete >= 48.808848553601798"
39,4,9,"outer_training_saved_hyperparameters",1,0,555,"lenke","surrogate",1,0,6,0.634234234234234,4,0.077272727272727,"categorical",,"1 | 3 | 4 | 5 | 6","2","lenke in {1 | 3 | 4 | 5 | 6}","lenke in {2}"
39,4,9,"outer_training_saved_hyperparameters",1,0,555,"imc","surrogate",2,0,1,0.614414414414414,14.6055076557158,0.0272727272727273,"continuous",14.6055076557158,,,"imc >= 14.605507655715773","imc < 14.605507655715773"
39,4,9,"outer_training_saved_hyperparameters",1,0,555,"cifose_toracica","surrogate",3,0,-1,0.610810810810811,53.5,0.018181818181818,"continuous",53.5,,,"cifose_toracica < 53.5","cifose_toracica >= 53.5"
39,4,9,"outer_training_saved_hyperparameters",1,0,555,"lordose_lombar","surrogate",4,0,1,0.605405405405405,32.5,0.0045454545454545,"continuous",32.5,,,"lordose_lombar >= 32.5","lordose_lombar < 32.5"
39,4,9,"outer_training_saved_hyperparameters",1,0,555,"risser","surrogate",5,0,5,0.605405405405405,5,0.0045454545454545,"categorical",,"0 | 1 | 3 | 4","2","risser in {0 | 1 | 3 | 4}","risser in {2}"
39,4,9,"outer_training_saved_hyperparameters",2,1,335,"imc","surrogate",1,0,-1,0.835820895522388,14.7826038631566,0.0517241379310344,"continuous",14.7826038631566,,,"imc < 14.782603863156632","imc >= 14.782603863156632"
39,4,9,"outer_training_saved_hyperparameters",2,1,335,"cifose_toracica","surrogate",2,0,-1,0.829850746268657,2.5,0.017241379310345,"continuous",2.5,,,"cifose_toracica < 2.5","cifose_toracica >= 2.5"
39,4,9,"outer_training_saved_hyperparameters",5,2,277,"imc","surrogate",1,0,1,0.855595667870036,14.9030813654523,0.0243902439024386,"continuous",14.9030813654523,,,"imc >= 14.903081365452316","imc < 14.903081365452316"
39,4,9,"outer_training_saved_hyperparameters",10,3,236,"lordose_lombar","surrogate",1,0,1,0.847457627118644,23,0.0526315789473683,"continuous",23,,,"lordose_lombar >= 23","lordose_lombar < 23"
39,4,9,"outer_training_saved_hyperparameters",10,3,236,"correcao_colete","surrogate",2,0,-1,0.847457627118644,48.8088485536018,0.0526315789473683,"continuous",48.8088485536018,,,"correcao_colete < 48.808848553601798","correcao_colete >= 48.808848553601798"
39,4,9,"outer_training_saved_hyperparameters",3,1,220,"sexo","surrogate",1,0,2,0.590909090909091,13,0.12621359223301,"categorical",,"feminino","masculino","sexo in {feminino}","sexo in {masculino}"
39,4,9,"outer_training_saved_hyperparameters",3,1,220,"lordose_lombar","surrogate",2,0,1,0.581818181818182,43.5,0.106796116504854,"continuous",43.5,,,"lordose_lombar >= 43.5","lordose_lombar < 43.5"
39,4,9,"outer_training_saved_hyperparameters",3,1,220,"risser","surrogate",3,0,5,0.577272727272727,14,0.0970873786407766,"categorical",,"0 | 2 | 3 | 4","1","risser in {0 | 2 | 3 | 4}","risser in {1}"
39,4,9,"outer_training_saved_hyperparameters",3,1,220,"imc","surrogate",4,0,-1,0.554545454545455,16.4133360721146,0.0485436893203883,"continuous",16.4133360721146,,,"imc < 16.413336072114554","imc >= 16.413336072114554"
39,4,9,"outer_training_saved_hyperparameters",3,1,220,"lenke","surrogate",5,0,6,0.554545454545455,15,0.0485436893203883,"categorical",,"1 | 3 | 4 | 5 | 6","2","lenke in {1 | 3 | 4 | 5 | 6}","lenke in {2}"
40,4,10,"outer_training_saved_hyperparameters",1,0,555,"lenke","surrogate",1,0,6,0.627027027027027,4,0.0460829493087559,"categorical",,"1 | 3 | 4 | 5 | 6","2","lenke in {1 | 3 | 4 | 5 | 6}","lenke in {2}"
40,4,10,"outer_training_saved_hyperparameters",1,0,555,"imc","surrogate",2,0,1,0.61981981981982,14.0583641683556,0.0276497695852535,"continuous",14.0583641683556,,,"imc >= 14.058364168355572","imc < 14.058364168355572"
40,4,10,"outer_training_saved_hyperparameters",1,0,555,"cifose_toracica","surrogate",3,0,-1,0.610810810810811,53,0.00460829493087553,"continuous",53,,,"cifose_toracica < 53","cifose_toracica >= 53"
40,4,10,"outer_training_saved_hyperparameters",1,0,555,"lordose_lombar","surrogate",4,0,1,0.610810810810811,32.5,0.00460829493087553,"continuous",32.5,,,"lordose_lombar >= 32.5","lordose_lombar < 32.5"
40,4,10,"outer_training_saved_hyperparameters",1,0,555,"risser","surrogate",5,0,5,0.610810810810811,5,0.00460829493087553,"categorical",,"0 | 1 | 3 | 4","2","risser in {0 | 1 | 3 | 4}","risser in {2}"
40,4,10,"outer_training_saved_hyperparameters",2,1,338,"imc","surrogate",1,0,-1,0.819526627218935,14.7826038631566,0.0468749999999997,"continuous",14.7826038631566,,,"imc < 14.782603863156632","imc >= 14.782603863156632"
40,4,10,"outer_training_saved_hyperparameters",5,2,274,"idade","surrogate",1,0,-1,0.715328467153285,14.5,0.1875,"continuous",14.5,,,"idade < 14.5","idade >= 14.5"
40,4,10,"outer_training_saved_hyperparameters",5,2,274,"lordose_lombar","surrogate",2,0,1,0.664233576642336,25.5,0.0416666666666666,"continuous",25.5,,,"lordose_lombar >= 25.5","lordose_lombar < 25.5"
40,4,10,"outer_training_saved_hyperparameters",5,2,274,"cifose_toracica","surrogate",3,0,1,0.656934306569343,2.5,0.0208333333333333,"continuous",2.5,,,"cifose_toracica >= 2.5","cifose_toracica < 2.5"
40,4,10,"outer_training_saved_hyperparameters",5,2,274,"correcao_colete","surrogate",4,0,-1,0.656934306569343,48.8088485536018,0.0208333333333333,"continuous",48.8088485536018,,,"correcao_colete < 48.808848553601798","correcao_colete >= 48.808848553601798"
40,4,10,"outer_training_saved_hyperparameters",5,2,274,"imc","surrogate",5,0,1,0.653284671532847,14.9030813654523,0.0104166666666668,"continuous",14.9030813654523,,,"imc >= 14.903081365452316","imc < 14.903081365452316"
40,4,10,"outer_training_saved_hyperparameters",11,3,96,"lordose_lombar","surrogate",1,0,-1,0.895833333333333,30.5,0.333333333333334,"continuous",30.5,,,"lordose_lombar < 30.5","lordose_lombar >= 30.5"
40,4,10,"outer_training_saved_hyperparameters",11,3,96,"correcao_colete","surrogate",2,0,-1,0.864583333333333,30.1162790697675,0.133333333333334,"continuous",30.1162790697675,,,"correcao_colete < 30.116279069767451","correcao_colete >= 30.116279069767451"
40,4,10,"outer_training_saved_hyperparameters",3,1,217,"imc","surrogate",1,0,-1,0.71889400921659,16.3591211230679,0.0615384615384616,"continuous",16.3591211230679,,,"imc < 16.359121123067872","imc >= 16.359121123067872"
40,4,10,"outer_training_saved_hyperparameters",3,1,217,"idade","surrogate",2,0,-1,0.714285714285714,10.5,0.0461538461538463,"continuous",10.5,,,"idade < 10.5","idade >= 10.5"
40,4,10,"outer_training_saved_hyperparameters",3,1,217,"lordose_lombar","surrogate",3,0,1,0.714285714285714,69.5,0.0461538461538463,"continuous",69.5,,,"lordose_lombar >= 69.5","lordose_lombar < 69.5"
40,4,10,"outer_training_saved_hyperparameters",3,1,217,"lenke","surrogate",4,0,6,0.709677419354839,15,0.030769230769231,"categorical",,"1","2 | 3 | 4 | 5 | 6","lenke in {1}","lenke in {2 | 3 | 4 | 5 | 6}"
40,4,10,"outer_training_saved_hyperparameters",3,1,217,"cifose_toracica","surrogate",5,0,1,0.705069124423963,56.5,0.0153846153846153,"continuous",56.5,,,"cifose_toracica >= 56.5","cifose_toracica < 56.5"
40,4,10,"outer_training_saved_hyperparameters",6,2,65,"cifose_toracica","surrogate",1,0,-1,0.815384615384615,12.5,0.368421052631579,"continuous",12.5,,,"cifose_toracica < 12.5","cifose_toracica >= 12.5"
40,4,10,"outer_training_saved_hyperparameters",6,2,65,"lordose_lombar","surrogate",2,0,-1,0.815384615384615,47.5,0.368421052631579,"continuous",47.5,,,"lordose_lombar < 47.5","lordose_lombar >= 47.5"
40,4,10,"outer_training_saved_hyperparameters",6,2,65,"risser","surrogate",3,0,5,0.815384615384615,18,0.368421052631579,"categorical",,"0","1 | 2 | 3 | 4","risser in {0}","risser in {1 | 2 | 3 | 4}"
40,4,10,"outer_training_saved_hyperparameters",6,2,65,"lenke","surrogate",4,0,6,0.784615384615385,19,0.263157894736842,"categorical",,"3 | 4","1 | 2 | 5 | 6","lenke in {3 | 4}","lenke in {1 | 2 | 5 | 6}"
40,4,10,"outer_training_saved_hyperparameters",6,2,65,"escoliometro_maior_10_graus","surrogate",5,0,4,0.738461538461539,20,0.105263157894737,"categorical",,"toracica_lombar","normal | toracica | lombar","escoliometro_maior_10_graus in {toracica_lombar}","escoliometro_maior_10_graus in {normal | toracica | lombar}"
40,4,10,"outer_training_saved_hyperparameters",13,3,46,"correcao_colete","surrogate",1,0,1,0.847826086956522,55.5727554179566,0.222222222222222,"continuous",55.5727554179566,,,"correcao_colete >= 55.57275541795665","correcao_colete < 55.57275541795665"
41,5,1,"outer_training_saved_hyperparameters",1,0,553,"lenke","surrogate",1,0,6,0.622061482820977,5,0.0412844036697249,"categorical",,"1 | 3 | 4 | 5 | 6","2","lenke in {1 | 3 | 4 | 5 | 6}","lenke in {2}"
41,5,1,"outer_training_saved_hyperparameters",1,0,553,"imc","surrogate",2,0,1,0.620253164556962,15.8580042573654,0.036697247706422,"continuous",15.8580042573654,,,"imc >= 15.858004257365359","imc < 15.858004257365359"
41,5,1,"outer_training_saved_hyperparameters",1,0,553,"lordose_lombar","surrogate",3,0,-1,0.61121157323689,65.5,0.0137614678899083,"continuous",65.5,,,"lordose_lombar < 65.5","lordose_lombar >= 65.5"
41,5,1,"outer_training_saved_hyperparameters",1,0,553,"cifose_toracica","surrogate",4,0,-1,0.609403254972875,53.5,0.00917431192660543,"continuous",53.5,,,"cifose_toracica < 53.5","cifose_toracica >= 53.5"
41,5,1,"outer_training_saved_hyperparameters",1,0,553,"risser","surrogate",5,0,5,0.609403254972875,6,0.00917431192660543,"categorical",,"0 | 1 | 3 | 4","2","risser in {0 | 1 | 3 | 4}","risser in {2}"
41,5,1,"outer_training_saved_hyperparameters",2,1,335,"imc","surrogate",1,0,-1,0.832835820895522,14.7826038631566,0.0508474576271192,"continuous",14.7826038631566,,,"imc < 14.782603863156632","imc >= 14.782603863156632"
41,5,1,"outer_training_saved_hyperparameters",2,1,335,"cifose_toracica","surrogate",2,0,-1,0.829850746268657,2.5,0.0338983050847461,"continuous",2.5,,,"cifose_toracica < 2.5","cifose_toracica >= 2.5"
41,5,1,"outer_training_saved_hyperparameters",5,2,276,"imc","surrogate",1,0,1,0.86231884057971,14.9030813654523,0.0256410256410258,"continuous",14.9030813654523,,,"imc >= 14.903081365452316","imc < 14.903081365452316"
41,5,1,"outer_training_saved_hyperparameters",10,3,237,"cifose_toracica","surrogate",1,0,-1,0.835443037974684,57,0.0487804878048781,"continuous",57,,,"cifose_toracica < 57","cifose_toracica >= 57"
41,5,1,"outer_training_saved_hyperparameters",10,3,237,"lordose_lombar","surrogate",2,0,1,0.835443037974684,23,0.0487804878048781,"continuous",23,,,"lordose_lombar >= 23","lordose_lombar < 23"
41,5,1,"outer_training_saved_hyperparameters",10,3,237,"correcao_colete","surrogate",3,0,-1,0.835443037974684,48.8088485536018,0.0487804878048781,"continuous",48.8088485536018,,,"correcao_colete < 48.808848553601798","correcao_colete >= 48.808848553601798"
41,5,1,"outer_training_saved_hyperparameters",11,3,39,"escoliometro_maior_10_graus","surrogate",1,0,4,0.897435897435897,16,0.428571428571429,"categorical",,"toracica_lombar","normal | toracica | lombar","escoliometro_maior_10_graus in {toracica_lombar}","escoliometro_maior_10_graus in {normal | toracica | lombar}"
41,5,1,"outer_training_saved_hyperparameters",3,1,218,"risser","surrogate",1,0,5,0.591743119266055,18,0.135922330097087,"categorical",,"0 | 2 | 4","1 | 3","risser in {0 | 2 | 4}","risser in {1 | 3}"
41,5,1,"outer_training_saved_hyperparameters",3,1,218,"imc","surrogate",2,0,1,0.577981651376147,19.8161168509761,0.106796116504854,"continuous",19.8161168509761,,,"imc >= 19.816116850976105","imc < 19.816116850976105"
41,5,1,"outer_training_saved_hyperparameters",3,1,218,"lenke","surrogate",3,0,6,0.573394495412844,19,0.0970873786407768,"categorical",,"1 | 3 | 5 | 6","2 | 4","lenke in {1 | 3 | 5 | 6}","lenke in {2 | 4}"
41,5,1,"outer_training_saved_hyperparameters",3,1,218,"lordose_lombar","surrogate",4,0,1,0.564220183486238,43.5,0.0776699029126214,"continuous",43.5,,,"lordose_lombar >= 43.5","lordose_lombar < 43.5"
41,5,1,"outer_training_saved_hyperparameters",3,1,218,"sexo","surrogate",5,0,2,0.564220183486238,20,0.0776699029126214,"categorical",,"feminino","masculino","sexo in {feminino}","sexo in {masculino}"
42,5,2,"outer_training_saved_hyperparameters",1,0,553,"lenke","surrogate",1,0,6,0.625678119349005,4,0.059090909090909,"categorical",,"1 | 3 | 4 | 5 | 6","2","lenke in {1 | 3 | 4 | 5 | 6}","lenke in {2}"
42,5,2,"outer_training_saved_hyperparameters",1,0,553,"imc","surrogate",2,0,1,0.614828209764919,14.6055076557158,0.0318181818181817,"continuous",14.6055076557158,,,"imc >= 14.605507655715773","imc < 14.605507655715773"
42,5,2,"outer_training_saved_hyperparameters",1,0,553,"risser","surrogate",3,0,5,0.613019891500904,5,0.0272727272727273,"categorical",,"0 | 1 | 3 | 4","2","risser in {0 | 1 | 3 | 4}","risser in {2}"
42,5,2,"outer_training_saved_hyperparameters",1,0,553,"cifose_toracica","surrogate",4,0,-1,0.603978300180832,53.5,0.00454545454545465,"continuous",53.5,,,"cifose_toracica < 53.5","cifose_toracica >= 53.5"
42,5,2,"outer_training_saved_hyperparameters",1,0,553,"lordose_lombar","surrogate",5,0,1,0.603978300180832,33.5,0.00454545454545465,"continuous",33.5,,,"lordose_lombar >= 33.5","lordose_lombar < 33.5"
42,5,2,"outer_training_saved_hyperparameters",2,1,333,"imc","surrogate",1,0,-1,0.840840840840841,14.7826038631566,0.0701754385964916,"continuous",14.7826038631566,,,"imc < 14.782603863156632","imc >= 14.782603863156632"
42,5,2,"outer_training_saved_hyperparameters",2,1,333,"cifose_toracica","surrogate",2,0,-1,0.831831831831832,2.5,0.0175438596491231,"continuous",2.5,,,"cifose_toracica < 2.5","cifose_toracica >= 2.5"
42,5,2,"outer_training_saved_hyperparameters",5,2,276,"idade","surrogate",1,0,-1,0.706521739130435,12.5,0.362204724409449,"continuous",12.5,,,"idade < 12.5","idade >= 12.5"
42,5,2,"outer_training_saved_hyperparameters",5,2,276,"escoliometro_maior_10_graus","surrogate",2,0,4,0.601449275362319,9,0.133858267716536,"categorical",,"toracica","normal | lombar | toracica_lombar","escoliometro_maior_10_graus in {toracica}","escoliometro_maior_10_graus in {normal | lombar | toracica_lombar}"
42,5,2,"outer_training_saved_hyperparameters",5,2,276,"imc","surrogate",3,0,1,0.597826086956522,20.4767920072464,0.125984251968504,"continuous",20.4767920072464,,,"imc >= 20.476792007246431","imc < 20.476792007246431"
42,5,2,"outer_training_saved_hyperparameters",5,2,276,"lenke","surrogate",4,0,6,0.58695652173913,10,0.10236220472441,"categorical",,"2 | 4","1 | 3 | 5 | 6","lenke in {2 | 4}","lenke in {1 | 3 | 5 | 6}"
42,5,2,"outer_training_saved_hyperparameters",5,2,276,"correcao_colete","surrogate",5,0,-1,0.579710144927536,30.8608058608059,0.0866141732283466,"continuous",30.8608058608059,,,"correcao_colete < 30.860805860805897","correcao_colete >= 30.860805860805897"
42,5,2,"outer_training_saved_hyperparameters",10,3,127,"imc","surrogate",1,0,-1,0.858267716535433,25.8046832553148,0.1,"continuous",25.8046832553148,,,"imc < 25.804683255314806","imc >= 25.804683255314806"
42,5,2,"outer_training_saved_hyperparameters",10,3,127,"cifose_toracica","surrogate",2,0,-1,0.858267716535433,56.5,0.1,"continuous",56.5,,,"cifose_toracica < 56.5","cifose_toracica >= 56.5"
42,5,2,"outer_training_saved_hyperparameters",10,3,127,"lordose_lombar","surrogate",3,0,-1,0.858267716535433,78.5,0.1,"continuous",78.5,,,"lordose_lombar < 78.5","lordose_lombar >= 78.5"
42,5,2,"outer_training_saved_hyperparameters",11,3,149,"lordose_lombar","surrogate",1,0,1,0.778523489932886,23,0.0571428571428571,"continuous",23,,,"lordose_lombar >= 23","lordose_lombar < 23"
42,5,2,"outer_training_saved_hyperparameters",11,3,149,"lenke","surrogate",2,0,6,0.778523489932886,13,0.0571428571428571,"categorical",,"2 | 3 | 4 | 5 | 6","1","lenke in {2 | 3 | 4 | 5 | 6}","lenke in {1}"
42,5,2,"outer_training_saved_hyperparameters",11,3,149,"cifose_toracica","surrogate",3,0,1,0.771812080536913,5.5,0.0285714285714285,"continuous",5.5,,,"cifose_toracica >= 5.5","cifose_toracica < 5.5"
42,5,2,"outer_training_saved_hyperparameters",3,1,220,"idade","surrogate",1,0,-1,0.740909090909091,10.5,0.033898305084746,"continuous",10.5,,,"idade < 10.5","idade >= 10.5"
42,5,2,"outer_training_saved_hyperparameters",3,1,220,"cifose_toracica","surrogate",2,0,1,0.736363636363636,56.5,0.0169491525423728,"continuous",56.5,,,"cifose_toracica >= 56.5","cifose_toracica < 56.5"
42,5,2,"outer_training_saved_hyperparameters",3,1,220,"lordose_lombar","surrogate",3,0,1,0.736363636363636,71.5,0.0169491525423728,"continuous",71.5,,,"lordose_lombar >= 71.5","lordose_lombar < 71.5"
42,5,2,"outer_training_saved_hyperparameters",3,1,220,"lenke","surrogate",4,0,6,0.736363636363636,15,0.0169491525423728,"categorical",,"1","2 | 3 | 4 | 5 | 6","lenke in {1}","lenke in {2 | 3 | 4 | 5 | 6}"
42,5,2,"outer_training_saved_hyperparameters",6,2,59,"lordose_lombar","surrogate",1,0,-1,0.830508474576271,47.5,0.473684210526316,"continuous",47.5,,,"lordose_lombar < 47.5","lordose_lombar >= 47.5"
42,5,2,"outer_training_saved_hyperparameters",6,2,59,"risser","surrogate",2,0,5,0.813559322033898,18,0.421052631578948,"categorical",,"0","1 | 2 | 3 | 4","risser in {0}","risser in {1 | 2 | 3 | 4}"
42,5,2,"outer_training_saved_hyperparameters",6,2,59,"correcao_colete","surrogate",3,0,1,0.796610169491525,53.529900332226,0.368421052631579,"continuous",53.529900332226,,,"correcao_colete >= 53.529900332225949","correcao_colete < 53.529900332225949"
42,5,2,"outer_training_saved_hyperparameters",6,2,59,"lenke","surrogate",4,0,6,0.76271186440678,19,0.263157894736842,"categorical",,"3 | 4","1 | 2 | 5 | 6","lenke in {3 | 4}","lenke in {1 | 2 | 5 | 6}"
42,5,2,"outer_training_saved_hyperparameters",6,2,59,"cifose_toracica","surrogate",5,0,-1,0.745762711864407,14.5,0.210526315789474,"continuous",14.5,,,"cifose_toracica < 14.5","cifose_toracica >= 14.5"
43,5,3,"outer_training_saved_hyperparameters",1,0,553,"lenke","surrogate",1,0,6,0.623869801084991,4,0.0588235294117647,"categorical",,"1 | 3 | 4 | 5 | 6","2","lenke in {1 | 3 | 4 | 5 | 6}","lenke in {2}"
43,5,3,"outer_training_saved_hyperparameters",1,0,553,"imc","surrogate",2,0,1,0.620253164556962,15.7780349420875,0.0497737556561086,"continuous",15.7780349420875,,,"imc >= 15.778034942087451","imc < 15.778034942087451"
43,5,3,"outer_training_saved_hyperparameters",1,0,553,"lordose_lombar","surrogate",3,0,1,0.603978300180832,32.5,0.00904977375565631,"continuous",32.5,,,"lordose_lombar >= 32.5","lordose_lombar < 32.5"
43,5,3,"outer_training_saved_hyperparameters",1,0,553,"cifose_toracica","surrogate",4,0,-1,0.602169981916817,53.5,0.00452488687782816,"continuous",53.5,,,"cifose_toracica < 53.5","cifose_toracica >= 53.5"
43,5,3,"outer_training_saved_hyperparameters",2,1,332,"imc","surrogate",1,0,-1,0.825301204819277,14.7826038631566,0.0645161290322583,"continuous",14.7826038631566,,,"imc < 14.782603863156632","imc >= 14.782603863156632"
43,5,3,"outer_training_saved_hyperparameters",2,1,332,"cifose_toracica","surrogate",2,0,-1,0.816265060240964,2.5,0.0161290322580647,"continuous",2.5,,,"cifose_toracica < 2.5","cifose_toracica >= 2.5"
43,5,3,"outer_training_saved_hyperparameters",5,2,270,"lordose_lombar","surrogate",1,0,-1,0.896296296296296,25.5,0.124999999999999,"continuous",25.5,,,"lordose_lombar < 25.5","lordose_lombar >= 25.5"
43,5,3,"outer_training_saved_hyperparameters",5,2,270,"correcao_colete","surrogate",2,0,1,0.888888888888889,48.8088485536018,0.0624999999999992,"continuous",48.8088485536018,,,"correcao_colete >= 48.808848553601798","correcao_colete < 48.808848553601798"
43,5,3,"outer_training_saved_hyperparameters",11,3,238,"idade","surrogate",1,0,-1,0.722689075630252,14.5,0.214285714285714,"continuous",14.5,,,"idade < 14.5","idade >= 14.5"
43,5,3,"outer_training_saved_hyperparameters",11,3,238,"correcao_colete","surrogate",2,0,-1,0.684873949579832,44.7822141560799,0.107142857142857,"continuous",44.7822141560799,,,"correcao_colete < 44.782214156079903","correcao_colete >= 44.782214156079903"
43,5,3,"outer_training_saved_hyperparameters",11,3,238,"imc","surrogate",3,0,1,0.65546218487395,14.9030813654523,0.0238095238095237,"continuous",14.9030813654523,,,"imc >= 14.903081365452316","imc < 14.903081365452316"
43,5,3,"outer_training_saved_hyperparameters",11,3,238,"lordose_lombar","surrogate",4,0,-1,0.65546218487395,79.5,0.0238095238095237,"continuous",79.5,,,"lordose_lombar < 79.5","lordose_lombar >= 79.5"
43,5,3,"outer_training_saved_hyperparameters",3,1,221,"sexo","surrogate",1,0,2,0.597285067873303,14,0.11,"categorical",,"feminino","masculino","sexo in {feminino}","sexo in {masculino}"
43,5,3,"outer_training_saved_hyperparameters",3,1,221,"risser","surrogate",2,0,5,0.597285067873303,15,0.11,"categorical",,"0 | 2 | 4","1 | 3","risser in {0 | 2 | 4}","risser in {1 | 3}"
43,5,3,"outer_training_saved_hyperparameters",3,1,221,"lordose_lombar","surrogate",3,0,1,0.588235294117647,43.5,0.0899999999999999,"continuous",43.5,,,"lordose_lombar >= 43.5","lordose_lombar < 43.5"
43,5,3,"outer_training_saved_hyperparameters",3,1,221,"lenke","surrogate",4,0,6,0.574660633484163,16,0.0599999999999998,"categorical",,"1 | 3 | 5 | 6","2 | 4","lenke in {1 | 3 | 5 | 6}","lenke in {2 | 4}"
43,5,3,"outer_training_saved_hyperparameters",3,1,221,"cifose_toracica","surrogate",5,0,1,0.561085972850679,6.5,0.0299999999999999,"continuous",6.5,,,"cifose_toracica >= 6.5","cifose_toracica < 6.5"
44,5,4,"outer_training_saved_hyperparameters",1,0,553,"lenke","surrogate",1,0,6,0.640144665461121,4,0.0523809523809524,"categorical",,"1 | 3 | 4 | 5 | 6","2","lenke in {1 | 3 | 4 | 5 | 6}","lenke in {2}"
44,5,4,"outer_training_saved_hyperparameters",1,0,553,"imc","surrogate",2,0,1,0.631103074141049,14.6055076557158,0.0285714285714286,"continuous",14.6055076557158,,,"imc >= 14.605507655715773","imc < 14.605507655715773"
44,5,4,"outer_training_saved_hyperparameters",1,0,553,"lordose_lombar","surrogate",3,0,-1,0.623869801084991,81,0.00952380952380945,"continuous",81,,,"lordose_lombar < 81","lordose_lombar >= 81"
44,5,4,"outer_training_saved_hyperparameters",1,0,553,"cifose_toracica","surrogate",4,0,-1,0.622061482820977,53.5,0.00476190476190487,"continuous",53.5,,,"cifose_toracica < 53.5","cifose_toracica >= 53.5"
44,5,4,"outer_training_saved_hyperparameters",2,1,343,"imc","surrogate",1,0,-1,0.845481049562682,14.7826038631566,0.070175438596491,"continuous",14.7826038631566,,,"imc < 14.782603863156632","imc >= 14.782603863156632"
44,5,4,"outer_training_saved_hyperparameters",2,1,343,"cifose_toracica","surrogate",2,0,-1,0.836734693877551,2.5,0.0175438596491227,"continuous",2.5,,,"cifose_toracica < 2.5","cifose_toracica >= 2.5"
44,5,4,"outer_training_saved_hyperparameters",5,2,286,"imc","surrogate",1,0,1,0.856643356643357,14.9030813654523,0.0238095238095241,"continuous",14.9030813654523,,,"imc >= 14.903081365452316","imc < 14.903081365452316"
45,5,5,"outer_training_saved_hyperparameters",1,0,553,"lenke","surrogate",1,0,6,0.618444846292948,4,0.0538116591928252,"categorical",,"1 | 3 | 4 | 5 | 6","2","lenke in {1 | 3 | 4 | 5 | 6}","lenke in {2}"
45,5,5,"outer_training_saved_hyperparameters",1,0,553,"risser","surrogate",2,0,5,0.613019891500904,5,0.0403587443946189,"categorical",,"0 | 1 | 3 | 4","2","risser in {0 | 1 | 3 | 4}","risser in {2}"
45,5,5,"outer_training_saved_hyperparameters",1,0,553,"imc","surrogate",3,0,1,0.61121157323689,15.7780349420875,0.0358744394618834,"continuous",15.7780349420875,,,"imc >= 15.778034942087451","imc < 15.778034942087451"
45,5,5,"outer_training_saved_hyperparameters",1,0,553,"lordose_lombar","surrogate",4,0,-1,0.605786618444846,65.5,0.0224215246636771,"continuous",65.5,,,"lordose_lombar < 65.5","lordose_lombar >= 65.5"
45,5,5,"outer_training_saved_hyperparameters",1,0,553,"cifose_toracica","surrogate",5,0,-1,0.600361663652803,53.5,0.00896860986547078,"continuous",53.5,,,"cifose_toracica < 53.5","cifose_toracica >= 53.5"
45,5,5,"outer_training_saved_hyperparameters",2,1,330,"imc","surrogate",1,0,-1,0.836363636363636,14.7826038631566,0.0689655172413791,"continuous",14.7826038631566,,,"imc < 14.782603863156632","imc >= 14.782603863156632"
45,5,5,"outer_training_saved_hyperparameters",2,1,330,"cifose_toracica","surrogate",2,0,-1,0.827272727272727,2.5,0.0172413793103449,"continuous",2.5,,,"cifose_toracica < 2.5","cifose_toracica >= 2.5"
45,5,5,"outer_training_saved_hyperparameters",5,2,272,"imc","surrogate",1,0,1,0.86764705882353,14.9030813654523,0.0270270270270269,"continuous",14.9030813654523,,,"imc >= 14.903081365452316","imc < 14.903081365452316"
45,5,5,"outer_training_saved_hyperparameters",5,2,272,"correcao_colete","surrogate",2,0,1,0.86764705882353,29.8648648648648,0.0270270270270269,"continuous",29.8648648648648,,,"correcao_colete >= 29.864864864864849","correcao_colete < 29.864864864864849"
45,5,5,"outer_training_saved_hyperparameters",10,3,235,"cifose_toracica","surrogate",1,0,-1,0.846808510638298,57,0.0526315789473685,"continuous",57,,,"cifose_toracica < 57","cifose_toracica >= 57"
45,5,5,"outer_training_saved_hyperparameters",10,3,235,"lordose_lombar","surrogate",2,0,1,0.846808510638298,23,0.0526315789473685,"continuous",23,,,"lordose_lombar >= 23","lordose_lombar < 23"
45,5,5,"outer_training_saved_hyperparameters",10,3,235,"correcao_colete","surrogate",3,0,-1,0.846808510638298,48.8088485536018,0.0526315789473685,"continuous",48.8088485536018,,,"correcao_colete < 48.808848553601798","correcao_colete >= 48.808848553601798"
45,5,5,"outer_training_saved_hyperparameters",3,1,223,"risser","surrogate",1,0,5,0.591928251121076,14,0.107843137254902,"categorical",,"0 | 2 | 3 | 4","1","risser in {0 | 2 | 3 | 4}","risser in {1}"
45,5,5,"outer_training_saved_hyperparameters",3,1,223,"lordose_lombar","surrogate",2,0,1,0.582959641255605,43.5,0.0882352941176471,"continuous",43.5,,,"lordose_lombar >= 43.5","lordose_lombar < 43.5"
45,5,5,"outer_training_saved_hyperparameters",3,1,223,"sexo","surrogate",3,0,2,0.582959641255605,15,0.0882352941176471,"categorical",,"feminino","masculino","sexo in {feminino}","sexo in {masculino}"
45,5,5,"outer_training_saved_hyperparameters",3,1,223,"lenke","surrogate",4,0,6,0.573991031390135,16,0.0686274509803921,"categorical",,"1 | 3 | 5 | 6","2 | 4","lenke in {1 | 3 | 5 | 6}","lenke in {2 | 4}"
45,5,5,"outer_training_saved_hyperparameters",3,1,223,"imc","surrogate",5,0,-1,0.551569506726457,16.4133360721146,0.019607843137255,"continuous",16.4133360721146,,,"imc < 16.413336072114554","imc >= 16.413336072114554"
46,5,6,"outer_training_saved_hyperparameters",1,0,553,"lenke","surrogate",1,0,6,0.636528028933092,4,0.0518867924528302,"categorical",,"1 | 3 | 4 | 5 | 6","2","lenke in {1 | 3 | 4 | 5 | 6}","lenke in {2}"
46,5,6,"outer_training_saved_hyperparameters",1,0,553,"imc","surrogate",2,0,1,0.632911392405063,15.8580042573654,0.0424528301886793,"continuous",15.8580042573654,,,"imc >= 15.858004257365359","imc < 15.858004257365359"
46,5,6,"outer_training_saved_hyperparameters",1,0,553,"cifose_toracica","surrogate",3,0,-1,0.620253164556962,53.5,0.00943396226415087,"continuous",53.5,,,"cifose_toracica < 53.5","cifose_toracica >= 53.5"
46,5,6,"outer_training_saved_hyperparameters",2,1,341,"imc","surrogate",1,0,-1,0.829912023460411,14.7826038631566,0.0491803278688524,"continuous",14.7826038631566,,,"imc < 14.782603863156632","imc >= 14.782603863156632"
46,5,6,"outer_training_saved_hyperparameters",2,1,341,"cifose_toracica","surrogate",2,0,-1,0.824046920821114,2.5,0.0163934426229508,"continuous",2.5,,,"cifose_toracica < 2.5","cifose_toracica >= 2.5"
46,5,6,"outer_training_saved_hyperparameters",5,2,280,"idade","surrogate",1,0,-1,0.7,12.5,0.348837209302326,"continuous",12.5,,,"idade < 12.5","idade >= 12.5"
46,5,6,"outer_training_saved_hyperparameters",5,2,280,"escoliometro_maior_10_graus","surrogate",2,0,4,0.603571428571429,10,0.13953488372093,"categorical",,"toracica","normal | lombar | toracica_lombar","escoliometro_maior_10_graus in {toracica}","escoliometro_maior_10_graus in {normal | lombar | toracica_lombar}"
46,5,6,"outer_training_saved_hyperparameters",5,2,280,"lenke","surrogate",3,0,6,0.582142857142857,11,0.0930232558139536,"categorical",,"2 | 4","1 | 3 | 5 | 6","lenke in {2 | 4}","lenke in {1 | 3 | 5 | 6}"
46,5,6,"outer_training_saved_hyperparameters",5,2,280,"imc","surrogate",4,0,1,0.578571428571429,20.9333683608167,0.0852713178294575,"continuous",20.9333683608167,,,"imc >= 20.933368360816701","imc < 20.933368360816701"
46,5,6,"outer_training_saved_hyperparameters",5,2,280,"cifose_toracica","surrogate",5,0,-1,0.578571428571429,13.5,0.0852713178294575,"continuous",13.5,,,"cifose_toracica < 13.5","cifose_toracica >= 13.5"
46,5,6,"outer_training_saved_hyperparameters",10,3,129,"lenke","surrogate",1,0,6,0.844961240310077,13,0.130434782608695,"categorical",,"1 | 3 | 4 | 5 | 6","2","lenke in {1 | 3 | 4 | 5 | 6}","lenke in {2}"
46,5,6,"outer_training_saved_hyperparameters",10,3,129,"correcao_colete","surrogate",2,0,-1,0.837209302325581,48.7492182614133,0.0869565217391306,"continuous",48.7492182614133,,,"correcao_colete < 48.749218261413347","correcao_colete >= 48.749218261413347"
46,5,6,"outer_training_saved_hyperparameters",20,4,106,"imc","surrogate",1,0,-1,0.89622641509434,25.1611408444772,0.153846153846154,"continuous",25.1611408444772,,,"imc < 25.161140844477213","imc >= 25.161140844477213"
46,5,6,"outer_training_saved_hyperparameters",20,4,106,"cifose_toracica","surrogate",2,0,-1,0.89622641509434,56,0.153846153846154,"continuous",56,,,"cifose_toracica < 56","cifose_toracica >= 56"
46,5,6,"outer_training_saved_hyperparameters",20,4,106,"lordose_lombar","surrogate",3,0,-1,0.89622641509434,78.5,0.153846153846154,"continuous",78.5,,,"lordose_lombar < 78.5","lordose_lombar >= 78.5"
46,5,6,"outer_training_saved_hyperparameters",21,4,23,"lenke","surrogate",1,0,6,0.782608695652174,17,0.5,"categorical",,"1 | 2 | 5 | 6","3","lenke in {1 | 2 | 5 | 6}","lenke in {3}"
46,5,6,"outer_training_saved_hyperparameters",21,4,23,"escoliometro_maior_10_graus","surrogate",2,0,4,0.782608695652174,18,0.5,"categorical",,"lombar","normal | toracica | toracica_lombar","escoliometro_maior_10_graus in {lombar}","escoliometro_maior_10_graus in {normal | toracica | toracica_lombar}"
46,5,6,"outer_training_saved_hyperparameters",21,4,23,"imc","surrogate",3,0,-1,0.739130434782609,16.4077816476147,0.4,"continuous",16.4077816476147,,,"imc < 16.407781647614726","imc >= 16.407781647614726"
46,5,6,"outer_training_saved_hyperparameters",21,4,23,"correcao_colete","surrogate",4,0,1,0.739130434782609,37.3399715504979,0.4,"continuous",37.3399715504979,,,"correcao_colete >= 37.33997155049785","correcao_colete < 37.33997155049785"
46,5,6,"outer_training_saved_hyperparameters",21,4,23,"lordose_lombar","surrogate",5,0,1,0.695652173913043,53.5,0.3,"continuous",53.5,,,"lordose_lombar >= 53.5","lordose_lombar < 53.5"
46,5,6,"outer_training_saved_hyperparameters",11,3,151,"lordose_lombar","surrogate",1,0,1,0.741721854304636,23,0.0487804878048783,"continuous",23,,,"lordose_lombar >= 23","lordose_lombar < 23"
46,5,6,"outer_training_saved_hyperparameters",11,3,151,"escoliometro_maior_10_graus","surrogate",2,0,4,0.741721854304636,20,0.0487804878048783,"categorical",,"normal | toracica | lombar","toracica_lombar","escoliometro_maior_10_graus in {normal | toracica | lombar}","escoliometro_maior_10_graus in {toracica_lombar}"
46,5,6,"outer_training_saved_hyperparameters",11,3,151,"imc","surrogate",3,0,1,0.735099337748344,15.6408763467338,0.0243902439024391,"continuous",15.6408763467338,,,"imc >= 15.640876346733801","imc < 15.640876346733801"
46,5,6,"outer_training_saved_hyperparameters",11,3,151,"lenke","surrogate",4,0,6,0.735099337748344,21,0.0243902439024391,"categorical",,"2 | 3 | 4 | 5 | 6","1","lenke in {2 | 3 | 4 | 5 | 6}","lenke in {1}"
46,5,6,"outer_training_saved_hyperparameters",3,1,212,"risser","surrogate",1,0,5,0.599056603773585,23,0.123711340206186,"categorical",,"0 | 2 | 3 | 4","1","risser in {0 | 2 | 3 | 4}","risser in {1}"
46,5,6,"outer_training_saved_hyperparameters",3,1,212,"lordose_lombar","surrogate",2,0,1,0.594339622641509,43.5,0.11340206185567,"continuous",43.5,,,"lordose_lombar >= 43.5","lordose_lombar < 43.5"
46,5,6,"outer_training_saved_hyperparameters",3,1,212,"sexo","surrogate",3,0,2,0.594339622641509,24,0.11340206185567,"categorical",,"feminino","masculino","sexo in {feminino}","sexo in {masculino}"
46,5,6,"outer_training_saved_hyperparameters",3,1,212,"lenke","surrogate",4,0,6,0.566037735849057,25,0.0515463917525772,"categorical",,"1 | 3 | 5 | 6","2 | 4","lenke in {1 | 3 | 5 | 6}","lenke in {2 | 4}"
46,5,6,"outer_training_saved_hyperparameters",3,1,212,"cifose_toracica","surrogate",5,0,1,0.55188679245283,6.5,0.0206185567010309,"continuous",6.5,,,"cifose_toracica >= 6.5","cifose_toracica < 6.5"
46,5,6,"outer_training_saved_hyperparameters",26,4,20,"imc","surrogate",1,0,1,0.75,14.6165236928105,0.444444444444444,"continuous",14.6165236928105,,,"imc >= 14.616523692810457","imc < 14.616523692810457"
46,5,6,"outer_training_saved_hyperparameters",26,4,20,"idade","surrogate",2,0,1,0.7,13.5,0.333333333333333,"continuous",13.5,,,"idade >= 13.5","idade < 13.5"
46,5,6,"outer_training_saved_hyperparameters",26,4,20,"lordose_lombar","surrogate",3,0,-1,0.7,51.5,0.333333333333333,"continuous",51.5,,,"lordose_lombar < 51.5","lordose_lombar >= 51.5"
46,5,6,"outer_training_saved_hyperparameters",26,4,20,"lenke","surrogate",4,0,6,0.7,31,0.333333333333333,"categorical",,"2","1 | 3 | 4 | 5 | 6","lenke in {2}","lenke in {1 | 3 | 4 | 5 | 6}"
46,5,6,"outer_training_saved_hyperparameters",26,4,20,"risser","surrogate",5,0,5,0.7,32,0.333333333333333,"categorical",,"1 | 3 | 4","0 | 2","risser in {1 | 3 | 4}","risser in {0 | 2}"
47,5,7,"outer_training_saved_hyperparameters",1,0,553,"lenke","surrogate",1,0,6,0.625678119349005,4,0.0547945205479451,"categorical",,"1 | 3 | 4 | 5 | 6","2","lenke in {1 | 3 | 4 | 5 | 6}","lenke in {2}"
47,5,7,"outer_training_saved_hyperparameters",1,0,553,"imc","surrogate",2,0,1,0.616636528028933,14.6055076557158,0.0319634703196346,"continuous",14.6055076557158,,,"imc >= 14.605507655715773","imc < 14.605507655715773"
47,5,7,"outer_training_saved_hyperparameters",1,0,553,"lordose_lombar","surrogate",3,0,1,0.607594936708861,31.5,0.00913242009132413,"continuous",31.5,,,"lordose_lombar >= 31.5","lordose_lombar < 31.5"
47,5,7,"outer_training_saved_hyperparameters",1,0,553,"cifose_toracica","surrogate",4,0,1,0.605786618444846,2.5,0.00456621004566192,"continuous",2.5,,,"cifose_toracica >= 2.5","cifose_toracica < 2.5"
47,5,7,"outer_training_saved_hyperparameters",2,1,334,"imc","surrogate",1,0,-1,0.826347305389222,14.7826038631566,0.064516129032258,"continuous",14.7826038631566,,,"imc < 14.782603863156632","imc >= 14.782603863156632"
47,5,7,"outer_training_saved_hyperparameters",2,1,334,"cifose_toracica","surrogate",2,0,-1,0.817365269461078,2.5,0.0161290322580643,"continuous",2.5,,,"cifose_toracica < 2.5","cifose_toracica >= 2.5"
47,5,7,"outer_training_saved_hyperparameters",5,2,272,"idade","surrogate",1,0,-1,0.716911764705882,14.5,0.222222222222222,"continuous",14.5,,,"idade < 14.5","idade >= 14.5"
47,5,7,"outer_training_saved_hyperparameters",5,2,272,"correcao_colete","surrogate",2,0,-1,0.654411764705882,48.2120051085568,0.0505050505050506,"continuous",48.2120051085568,,,"correcao_colete < 48.212005108556802","correcao_colete >= 48.212005108556802"
47,5,7,"outer_training_saved_hyperparameters",5,2,272,"cifose_toracica","surrogate",3,0,1,0.643382352941177,3.5,0.0202020202020204,"continuous",3.5,,,"cifose_toracica >= 3.5","cifose_toracica < 3.5"
47,5,7,"outer_training_saved_hyperparameters",5,2,272,"lordose_lombar","surrogate",4,0,1,0.643382352941177,25.5,0.0202020202020204,"continuous",25.5,,,"lordose_lombar >= 25.5","lordose_lombar < 25.5"
47,5,7,"outer_training_saved_hyperparameters",5,2,272,"imc","surrogate",5,0,1,0.639705882352941,14.9030813654523,0.0101010101010101,"continuous",14.9030813654523,,,"imc >= 14.903081365452316","imc < 14.903081365452316"
47,5,7,"outer_training_saved_hyperparameters",10,3,173,"cifose_toracica","surrogate",1,0,-1,0.890173410404624,56.5,0.0952380952380952,"continuous",56.5,,,"cifose_toracica < 56.5","cifose_toracica >= 56.5"
47,5,7,"outer_training_saved_hyperparameters",10,3,173,"lordose_lombar","surrogate",2,0,-1,0.890173410404624,78.5,0.0952380952380952,"continuous",78.5,,,"lordose_lombar < 78.5","lordose_lombar >= 78.5"
47,5,7,"outer_training_saved_hyperparameters",10,3,173,"imc","surrogate",3,0,-1,0.884393063583815,26.6046505085982,0.0476190476190471,"continuous",26.6046505085982,,,"imc < 26.604650508598162","imc >= 26.604650508598162"
47,5,7,"outer_training_saved_hyperparameters",21,4,21,"lordose_lombar","surrogate",1,0,1,0.80952380952381,61,0.428571428571429,"continuous",61,,,"lordose_lombar >= 61","lordose_lombar < 61"
47,5,7,"outer_training_saved_hyperparameters",21,4,21,"lenke","surrogate",2,0,6,0.80952380952381,16,0.428571428571429,"categorical",,"3 | 5","2 | 4 | 6","lenke in {3 | 5}","lenke in {2 | 4 | 6}"
47,5,7,"outer_training_saved_hyperparameters",21,4,21,"cifose_toracica","surrogate",3,0,1,0.761904761904762,56.5,0.285714285714286,"continuous",56.5,,,"cifose_toracica >= 56.5","cifose_toracica < 56.5"
47,5,7,"outer_training_saved_hyperparameters",21,4,21,"idade","surrogate",4,0,1,0.714285714285714,14.5,0.142857142857143,"continuous",14.5,,,"idade >= 14.5","idade < 14.5"
47,5,7,"outer_training_saved_hyperparameters",21,4,21,"correcao_colete","surrogate",5,0,1,0.714285714285714,45.4780361757105,0.142857142857143,"continuous",45.4780361757105,,,"correcao_colete >= 45.47803617571055","correcao_colete < 45.47803617571055"
47,5,7,"outer_training_saved_hyperparameters",11,3,99,"lordose_lombar","surrogate",1,0,-1,0.888888888888889,30.5,0.214285714285714,"continuous",30.5,,,"lordose_lombar < 30.5","lordose_lombar >= 30.5"
47,5,7,"outer_training_saved_hyperparameters",11,3,99,"imc","surrogate",2,0,-1,0.868686868686869,16.1388691068839,0.0714285714285719,"continuous",16.1388691068839,,,"imc < 16.138869106883856","imc >= 16.138869106883856"
47,5,7,"outer_training_saved_hyperparameters",23,4,85,"escoliometro_maior_10_graus","surrogate",1,0,4,0.764705882352941,18,0.166666666666666,"categorical",,"toracica_lombar","normal | toracica | lombar","escoliometro_maior_10_graus in {toracica_lombar}","escoliometro_maior_10_graus in {normal | toracica | lombar}"
47,5,7,"outer_training_saved_hyperparameters",23,4,85,"cifose_toracica","surrogate",2,0,1,0.741176470588235,44.5,0.0833333333333334,"continuous",44.5,,,"cifose_toracica >= 44.5","cifose_toracica < 44.5"
47,5,7,"outer_training_saved_hyperparameters",23,4,85,"lenke","surrogate",3,0,6,0.741176470588235,19,0.0833333333333334,"categorical",,"2","1 | 3 | 4 | 5 | 6","lenke in {2}","lenke in {1 | 3 | 4 | 5 | 6}"
47,5,7,"outer_training_saved_hyperparameters",23,4,85,"correcao_colete","surrogate",4,0,1,0.729411764705882,47.8221415607985,0.0416666666666665,"continuous",47.8221415607985,,,"correcao_colete >= 47.822141560798549","correcao_colete < 47.822141560798549"
47,5,7,"outer_training_saved_hyperparameters",3,1,219,"risser","surrogate",1,0,5,0.602739726027397,20,0.147058823529412,"categorical",,"0 | 2 | 4","1 | 3","risser in {0 | 2 | 4}","risser in {1 | 3}"
47,5,7,"outer_training_saved_hyperparameters",3,1,219,"lordose_lombar","surrogate",2,0,1,0.589041095890411,43.5,0.117647058823529,"continuous",43.5,,,"lordose_lombar >= 43.5","lordose_lombar < 43.5"
47,5,7,"outer_training_saved_hyperparameters",3,1,219,"sexo","surrogate",3,0,2,0.575342465753425,21,0.0882352941176469,"categorical",,"feminino","masculino","sexo in {feminino}","sexo in {masculino}"
47,5,7,"outer_training_saved_hyperparameters",3,1,219,"cifose_toracica","surrogate",4,0,1,0.561643835616438,9.5,0.0588235294117647,"continuous",9.5,,,"cifose_toracica >= 9.5","cifose_toracica < 9.5"
47,5,7,"outer_training_saved_hyperparameters",3,1,219,"lenke","surrogate",5,0,6,0.561643835616438,22,0.0588235294117647,"categorical",,"1 | 3 | 4 | 5 | 6","2","lenke in {1 | 3 | 4 | 5 | 6}","lenke in {2}"
47,5,7,"outer_training_saved_hyperparameters",26,4,21,"idade","surrogate",1,0,-1,0.761904761904762,10.5,0.285714285714286,"continuous",10.5,,,"idade < 10.5","idade >= 10.5"
47,5,7,"outer_training_saved_hyperparameters",26,4,21,"correcao_colete","surrogate",2,0,1,0.761904761904762,56.9047619047619,0.285714285714286,"continuous",56.9047619047619,,,"correcao_colete >= 56.904761904761898","correcao_colete < 56.904761904761898"
47,5,7,"outer_training_saved_hyperparameters",26,4,21,"lenke","surrogate",3,0,6,0.761904761904762,28,0.285714285714286,"categorical",,"2","1 | 3 | 4 | 5 | 6","lenke in {2}","lenke in {1 | 3 | 4 | 5 | 6}"
47,5,7,"outer_training_saved_hyperparameters",26,4,21,"imc","surrogate",4,0,1,0.714285714285714,15.4192646666809,0.142857142857143,"continuous",15.4192646666809,,,"imc >= 15.419264666680895","imc < 15.419264666680895"
47,5,7,"outer_training_saved_hyperparameters",26,4,21,"lordose_lombar","surrogate",5,0,-1,0.714285714285714,51.5,0.142857142857143,"continuous",51.5,,,"lordose_lombar < 51.5","lordose_lombar >= 51.5"
48,5,8,"outer_training_saved_hyperparameters",1,0,554,"lenke","surrogate",1,0,6,0.622743682310469,4,0.0499999999999999,"categorical",,"1 | 3 | 4 | 5 | 6","2","lenke in {1 | 3 | 4 | 5 | 6}","lenke in {2}"
48,5,8,"outer_training_saved_hyperparameters",1,0,554,"imc","surrogate",2,0,1,0.613718411552347,14.0583641683556,0.0272727272727271,"continuous",14.0583641683556,,,"imc >= 14.058364168355572","imc < 14.058364168355572"
48,5,8,"outer_training_saved_hyperparameters",1,0,554,"risser","surrogate",3,0,5,0.611913357400722,5,0.0227272727272728,"categorical",,"0 | 1 | 3 | 4","2","risser in {0 | 1 | 3 | 4}","risser in {2}"
48,5,8,"outer_training_saved_hyperparameters",1,0,554,"cifose_toracica","surrogate",4,0,-1,0.610108303249097,53.5,0.0181818181818182,"continuous",53.5,,,"cifose_toracica < 53.5","cifose_toracica >= 53.5"
48,5,8,"outer_training_saved_hyperparameters",1,0,554,"lordose_lombar","surrogate",5,0,1,0.606498194945848,31.5,0.00909090909090894,"continuous",31.5,,,"lordose_lombar >= 31.5","lordose_lombar < 31.5"
48,5,8,"outer_training_saved_hyperparameters",2,1,334,"imc","surrogate",1,0,-1,0.841317365269461,14.7826038631566,0.0701754385964912,"continuous",14.7826038631566,,,"imc < 14.782603863156632","imc >= 14.782603863156632"
48,5,8,"outer_training_saved_hyperparameters",5,2,277,"imc","surrogate",1,0,1,0.855595667870036,14.9030813654523,0.0243902439024386,"continuous",14.9030813654523,,,"imc >= 14.903081365452316","imc < 14.903081365452316"
48,5,8,"outer_training_saved_hyperparameters",11,3,41,"correcao_colete","surrogate",1,0,1,0.878048780487805,47.4982381959126,0.285714285714286,"continuous",47.4982381959126,,,"correcao_colete >= 47.498238195912599","correcao_colete < 47.498238195912599"
48,5,8,"outer_training_saved_hyperparameters",11,3,41,"lenke","surrogate",2,0,6,0.878048780487805,15,0.285714285714286,"categorical",,"1","3 | 4 | 6","lenke in {1}","lenke in {3 | 4 | 6}"
49,5,9,"outer_training_saved_hyperparameters",1,0,555,"lenke","surrogate",1,0,6,0.623423423423423,4,0.0499999999999998,"categorical",,"1 | 3 | 4 | 5 | 6","2","lenke in {1 | 3 | 4 | 5 | 6}","lenke in {2}"
49,5,9,"outer_training_saved_hyperparameters",1,0,555,"imc","surrogate",2,0,1,0.612612612612613,14.6055076557158,0.0227272727272725,"continuous",14.6055076557158,,,"imc >= 14.605507655715773","imc < 14.605507655715773"
49,5,9,"outer_training_saved_hyperparameters",1,0,555,"cifose_toracica","surrogate",3,0,-1,0.607207207207207,53.5,0.009090909090909,"continuous",53.5,,,"cifose_toracica < 53.5","cifose_toracica >= 53.5"
49,5,9,"outer_training_saved_hyperparameters",1,0,555,"lordose_lombar","surrogate",4,0,-1,0.607207207207207,65.5,0.009090909090909,"continuous",65.5,,,"lordose_lombar < 65.5","lordose_lombar >= 65.5"
49,5,9,"outer_training_saved_hyperparameters",1,0,555,"risser","surrogate",5,0,5,0.605405405405405,5,0.0045454545454545,"categorical",,"0 | 1 | 3 | 4","2","risser in {0 | 1 | 3 | 4}","risser in {2}"
49,5,9,"outer_training_saved_hyperparameters",2,1,335,"imc","surrogate",1,0,-1,0.832835820895522,14.7826038631566,0.0508474576271192,"continuous",14.7826038631566,,,"imc < 14.782603863156632","imc >= 14.782603863156632"
49,5,9,"outer_training_saved_hyperparameters",2,1,335,"cifose_toracica","surrogate",2,0,-1,0.826865671641791,2.5,0.016949152542373,"continuous",2.5,,,"cifose_toracica < 2.5","cifose_toracica >= 2.5"
49,5,9,"outer_training_saved_hyperparameters",5,2,276,"imc","surrogate",1,0,1,0.855072463768116,14.9030813654523,0.0243902439024391,"continuous",14.9030813654523,,,"imc >= 14.903081365452316","imc < 14.903081365452316"
49,5,9,"outer_training_saved_hyperparameters",10,3,235,"cifose_toracica","surrogate",1,0,-1,0.897872340425532,57,0.076923076923077,"continuous",57,,,"cifose_toracica < 57","cifose_toracica >= 57"
49,5,9,"outer_training_saved_hyperparameters",10,3,235,"imc","surrogate",2,0,-1,0.893617021276596,26.8839591621924,0.0384615384615385,"continuous",26.8839591621924,,,"imc < 26.883959162192376","imc >= 26.883959162192376"
49,5,9,"outer_training_saved_hyperparameters",10,3,235,"lordose_lombar","surrogate",3,0,-1,0.893617021276596,78.5,0.0384615384615385,"continuous",78.5,,,"lordose_lombar < 78.5","lordose_lombar >= 78.5"
49,5,9,"outer_training_saved_hyperparameters",11,3,41,"escoliometro_maior_10_graus","surrogate",1,0,4,0.829268292682927,15,0.3,"categorical",,"toracica_lombar","normal | toracica | lombar","escoliometro_maior_10_graus in {toracica_lombar}","escoliometro_maior_10_graus in {normal | toracica | lombar}"
49,5,9,"outer_training_saved_hyperparameters",11,3,41,"correcao_colete","surrogate",2,0,-1,0.780487804878049,30.2677942212826,0.1,"continuous",30.2677942212826,,,"correcao_colete < 30.2677942212826","correcao_colete >= 30.2677942212826"
49,5,9,"outer_training_saved_hyperparameters",3,1,220,"risser","surrogate",1,0,5,0.595454545454545,17,0.127450980392157,"categorical",,"0 | 3 | 4","1 | 2","risser in {0 | 3 | 4}","risser in {1 | 2}"
49,5,9,"outer_training_saved_hyperparameters",3,1,220,"sexo","surrogate",2,0,2,0.581818181818182,18,0.0980392156862744,"categorical",,"feminino","masculino","sexo in {feminino}","sexo in {masculino}"
49,5,9,"outer_training_saved_hyperparameters",3,1,220,"lordose_lombar","surrogate",3,0,1,0.577272727272727,42.5,0.088235294117647,"continuous",42.5,,,"lordose_lombar >= 42.5","lordose_lombar < 42.5"
49,5,9,"outer_training_saved_hyperparameters",3,1,220,"lenke","surrogate",4,0,6,0.559090909090909,19,0.0490196078431372,"categorical",,"1 | 3 | 5 | 6","2 | 4","lenke in {1 | 3 | 5 | 6}","lenke in {2 | 4}"
49,5,9,"outer_training_saved_hyperparameters",3,1,220,"imc","surrogate",5,0,-1,0.554545454545455,16.4133360721146,0.0392156862745098,"continuous",16.4133360721146,,,"imc < 16.413336072114554","imc >= 16.413336072114554"
49,5,9,"outer_training_saved_hyperparameters",6,2,118,"correcao_colete","surrogate",1,0,1,0.983050847457627,61.072261072261,0.500000000000002,"continuous",61.072261072261,,,"correcao_colete >= 61.07226107226105","correcao_colete < 61.07226107226105"
50,5,10,"outer_training_saved_hyperparameters",1,0,555,"lenke","surrogate",1,0,6,0.621621621621622,4,0.0624999999999999,"categorical",,"1 | 3 | 4 | 5 | 6","2","lenke in {1 | 3 | 4 | 5 | 6}","lenke in {2}"
50,5,10,"outer_training_saved_hyperparameters",1,0,555,"imc","surrogate",2,0,1,0.61981981981982,15.7780349420875,0.0580357142857142,"continuous",15.7780349420875,,,"imc >= 15.778034942087451","imc < 15.778034942087451"
50,5,10,"outer_training_saved_hyperparameters",1,0,555,"risser","surrogate",3,0,5,0.605405405405405,5,0.0223214285714286,"categorical",,"0 | 1 | 3 | 4","2","risser in {0 | 1 | 3 | 4}","risser in {2}"
50,5,10,"outer_training_saved_hyperparameters",1,0,555,"cifose_toracica","surrogate",4,0,-1,0.6,53.5,0.00892857142857134,"continuous",53.5,,,"cifose_toracica < 53.5","cifose_toracica >= 53.5"
50,5,10,"outer_training_saved_hyperparameters",1,0,555,"lordose_lombar","surrogate",5,0,-1,0.6,65.5,0.00892857142857134,"continuous",65.5,,,"lordose_lombar < 65.5","lordose_lombar >= 65.5"
50,5,10,"outer_training_saved_hyperparameters",2,1,331,"imc","surrogate",1,0,-1,0.83987915407855,14.7826038631566,0.0535714285714288,"continuous",14.7826038631566,,,"imc < 14.782603863156632","imc >= 14.782603863156632"
50,5,10,"outer_training_saved_hyperparameters",2,1,331,"cifose_toracica","surrogate",2,0,-1,0.833836858006042,2.5,0.0178571428571434,"continuous",2.5,,,"cifose_toracica < 2.5","cifose_toracica >= 2.5"
50,5,10,"outer_training_saved_hyperparameters",5,2,275,"idade","surrogate",1,0,-1,0.690909090909091,12.5,0.325396825396825,"continuous",12.5,,,"idade < 12.5","idade >= 12.5"
50,5,10,"outer_training_saved_hyperparameters",5,2,275,"escoliometro_maior_10_graus","surrogate",2,0,4,0.6,12,0.126984126984127,"categorical",,"toracica","normal | lombar | toracica_lombar","escoliometro_maior_10_graus in {toracica}","escoliometro_maior_10_graus in {normal | lombar | toracica_lombar}"
50,5,10,"outer_training_saved_hyperparameters",5,2,275,"lenke","surrogate",3,0,6,0.592727272727273,13,0.111111111111111,"categorical",,"2 | 4","1 | 3 | 5 | 6","lenke in {2 | 4}","lenke in {1 | 3 | 5 | 6}"
50,5,10,"outer_training_saved_hyperparameters",5,2,275,"imc","surrogate",4,0,1,0.585454545454545,20.3652962873486,0.0952380952380951,"continuous",20.3652962873486,,,"imc >= 20.365296287348571","imc < 20.365296287348571"
50,5,10,"outer_training_saved_hyperparameters",5,2,275,"cifose_toracica","surrogate",5,0,-1,0.581818181818182,13.5,0.0873015873015871,"continuous",13.5,,,"cifose_toracica < 13.5","cifose_toracica >= 13.5"
50,5,10,"outer_training_saved_hyperparameters",10,3,126,"lordose_lombar","surrogate",1,0,-1,0.801587301587302,73.5,0.137931034482759,"continuous",73.5,,,"lordose_lombar < 73.5","lordose_lombar >= 73.5"
50,5,10,"outer_training_saved_hyperparameters",10,3,126,"imc","surrogate",2,0,-1,0.785714285714286,25.8046832553148,0.0689655172413791,"continuous",25.8046832553148,,,"imc < 25.804683255314806","imc >= 25.804683255314806"
50,5,10,"outer_training_saved_hyperparameters",10,3,126,"sexo","surrogate",3,0,2,0.777777777777778,16,0.0344827586206895,"categorical",,"feminino","masculino","sexo in {feminino}","sexo in {masculino}"
50,5,10,"outer_training_saved_hyperparameters",21,4,29,"imc","surrogate",1,0,1,0.862068965517241,23.672345982637,0.5,"continuous",23.672345982637,,,"imc >= 23.67234598263704","imc < 23.67234598263704"
50,5,10,"outer_training_saved_hyperparameters",21,4,29,"idade","surrogate",2,0,1,0.793103448275862,14.5,0.25,"continuous",14.5,,,"idade >= 14.5","idade < 14.5"
50,5,10,"outer_training_saved_hyperparameters",21,4,29,"cifose_toracica","surrogate",3,0,1,0.793103448275862,56.5,0.25,"continuous",56.5,,,"cifose_toracica >= 56.5","cifose_toracica < 56.5"
50,5,10,"outer_training_saved_hyperparameters",21,4,29,"lordose_lombar","surrogate",4,0,-1,0.793103448275862,43.5,0.25,"continuous",43.5,,,"lordose_lombar < 43.5","lordose_lombar >= 43.5"
50,5,10,"outer_training_saved_hyperparameters",11,3,149,"cifose_toracica","surrogate",1,0,-1,0.906040268456376,5.5,0.176470588235294,"continuous",5.5,,,"cifose_toracica < 5.5","cifose_toracica >= 5.5"
50,5,10,"outer_training_saved_hyperparameters",11,3,149,"correcao_colete","surrogate",2,0,1,0.899328859060403,48.7775790101371,0.117647058823529,"continuous",48.7775790101371,,,"correcao_colete >= 48.777579010137146","correcao_colete < 48.777579010137146"
50,5,10,"outer_training_saved_hyperparameters",23,4,132,"cifose_toracica","surrogate",1,0,1,0.704545454545455,43.5,0.133333333333334,"continuous",43.5,,,"cifose_toracica >= 43.5","cifose_toracica < 43.5"
50,5,10,"outer_training_saved_hyperparameters",23,4,132,"imc","surrogate",2,0,1,0.68939393939394,26.8839591621924,0.0888888888888891,"continuous",26.8839591621924,,,"imc >= 26.883959162192376","imc < 26.883959162192376"
50,5,10,"outer_training_saved_hyperparameters",23,4,132,"lenke","surrogate",3,0,6,0.674242424242424,22,0.0444444444444444,"categorical",,"2","1 | 3 | 4 | 5 | 6","lenke in {2}","lenke in {1 | 3 | 4 | 5 | 6}"
50,5,10,"outer_training_saved_hyperparameters",23,4,132,"escoliometro_maior_10_graus","surrogate",4,0,4,0.674242424242424,23,0.0444444444444444,"categorical",,"toracica_lombar","normal | toracica | lombar","escoliometro_maior_10_graus in {toracica_lombar}","escoliometro_maior_10_graus in {normal | toracica | lombar}"
50,5,10,"outer_training_saved_hyperparameters",23,4,132,"correcao_colete","surrogate",5,0,-1,0.666666666666667,30.1162790697675,0.0222222222222222,"continuous",30.1162790697675,,,"correcao_colete < 30.116279069767451","correcao_colete >= 30.116279069767451"
50,5,10,"outer_training_saved_hyperparameters",3,1,224,"lordose_lombar","surrogate",1,0,1,0.575892857142857,43.5,0.12037037037037,"continuous",43.5,,,"lordose_lombar >= 43.5","lordose_lombar < 43.5"
50,5,10,"outer_training_saved_hyperparameters",3,1,224,"sexo","surrogate",2,0,2,0.571428571428571,25,0.111111111111111,"categorical",,"feminino","masculino","sexo in {feminino}","sexo in {masculino}"
50,5,10,"outer_training_saved_hyperparameters",3,1,224,"risser","surrogate",3,0,5,0.571428571428571,26,0.111111111111111,"categorical",,"0 | 4","1 | 2 | 3","risser in {0 | 4}","risser in {1 | 2 | 3}"
50,5,10,"outer_training_saved_hyperparameters",3,1,224,"imc","surrogate",4,0,-1,0.566964285714286,16.4133360721146,0.101851851851852,"continuous",16.4133360721146,,,"imc < 16.413336072114554","imc >= 16.413336072114554"
50,5,10,"outer_training_saved_hyperparameters",3,1,224,"idade","surrogate",5,0,-1,0.553571428571429,13.5,0.074074074074074,"continuous",13.5,,,"idade < 13.5","idade >= 13.5"
50,5,10,"outer_training_saved_hyperparameters",26,4,23,"imc","surrogate",1,0,1,0.739130434782609,15.4192646666809,0.333333333333333,"continuous",15.4192646666809,,,"imc >= 15.419264666680895","imc < 15.419264666680895"
50,5,10,"outer_training_saved_hyperparameters",26,4,23,"lenke","surrogate",2,0,6,0.739130434782609,30,0.333333333333333,"categorical",,"2","1 | 3 | 4 | 5 | 6","lenke in {2}","lenke in {1 | 3 | 4 | 5 | 6}"
50,5,10,"outer_training_saved_hyperparameters",26,4,23,"idade","surrogate",3,0,-1,0.695652173913043,10.5,0.222222222222222,"continuous",10.5,,,"idade < 10.5","idade >= 10.5"
50,5,10,"outer_training_saved_hyperparameters",26,4,23,"lordose_lombar","surrogate",4,0,-1,0.695652173913043,51.5,0.222222222222222,"continuous",51.5,,,"lordose_lombar < 51.5","lordose_lombar >= 51.5"
50,5,10,"outer_training_saved_hyperparameters",26,4,23,"correcao_colete","surrogate",5,0,-1,0.695652173913043,51.6685205784204,0.222222222222222,"continuous",51.6685205784204,,,"correcao_colete < 51.668520578420448","correcao_colete >= 51.668520578420448"
