"model","term","x","component_residual_smooth"
"linear","idade",10,1.15283890177651
"linear","idade",10,1.15283890177651
"linear","idade",10,1.15283890177651
"linear","idade",10,1.15283890177651
"linear","idade",10,1.15283890177651
"linear","idade",10,1.15283890177651
"linear","idade",10,1.15283890177651
"linear","idade",10,1.15283890177651
"linear","idade",10,1.15283890177651
"linear","idade",10,1.15283890177651
"linear","idade",10,1.15283890177651
"linear","idade",10,1.15283890177651
"linear","idade",10,1.15283890177651
"linear","idade",10,1.15283890177651
"linear","idade",10,1.15283890177651
"linear","idade",10,1.15283890177651
"linear","idade",10,1.15283890177651
"linear","idade",10,1.15283890177651
"linear","idade",10,1.15283890177651
"linear","idade",10,1.15283890177651
"linear","idade",10,1.15283890177651
"linear","idade",10,1.15283890177651
"linear","idade",10,1.15283890177651
"linear","idade",10,1.15283890177651
"linear","idade",10,1.15283890177651
"linear","idade",10,1.15283890177651
"linear","idade",10,1.15283890177651
"linear","idade",10,1.15283890177651
"linear","idade",10,1.15283890177651
"linear","idade",11,1.16679865516687
"linear","idade",11,1.16679865516687
"linear","idade",11,1.16679865516687
"linear","idade",11,1.16679865516687
"linear","idade",11,1.16679865516687
"linear","idade",11,1.16679865516687
"linear","idade",11,1.16679865516687
"linear","idade",11,1.16679865516687
"linear","idade",11,1.16679865516687
"linear","idade",11,1.16679865516687
"linear","idade",11,1.16679865516687
"linear","idade",11,1.16679865516687
"linear","idade",11,1.16679865516687
"linear","idade",11,1.16679865516687
"linear","idade",11,1.16679865516687
"linear","idade",11,1.16679865516687
"linear","idade",11,1.16679865516687
"linear","idade",11,1.16679865516687
"linear","idade",11,1.16679865516687
"linear","idade",11,1.16679865516687
"linear","idade",11,1.16679865516687
"linear","idade",11,1.16679865516687
"linear","idade",11,1.16679865516687
"linear","idade",11,1.16679865516687
"linear","idade",11,1.16679865516687
"linear","idade",11,1.16679865516687
"linear","idade",11,1.16679865516687
"linear","idade",11,1.16679865516687
"linear","idade",11,1.16679865516687
"linear","idade",11,1.16679865516687
"linear","idade",11,1.16679865516687
"linear","idade",11,1.16679865516687
"linear","idade",11,1.16679865516687
"linear","idade",11,1.16679865516687
"linear","idade",11,1.16679865516687
"linear","idade",11,1.16679865516687
"linear","idade",11,1.16679865516687
"linear","idade",11,1.16679865516687
"linear","idade",11,1.16679865516687
"linear","idade",11,1.16679865516687
"linear","idade",11,1.16679865516687
"linear","idade",11,1.16679865516687
"linear","idade",11,1.16679865516687
"linear","idade",11,1.16679865516687
"linear","idade",11,1.16679865516687
"linear","idade",11,1.16679865516687
"linear","idade",11,1.16679865516687
"linear","idade",11,1.16679865516687
"linear","idade",11,1.16679865516687
"linear","idade",11,1.16679865516687
"linear","idade",11,1.16679865516687
"linear","idade",11,1.16679865516687
"linear","idade",11,1.16679865516687
"linear","idade",11,1.16679865516687
"linear","idade",11,1.16679865516687
"linear","idade",11,1.16679865516687
"linear","idade",11,1.16679865516687
"linear","idade",11,1.16679865516687
"linear","idade",11,1.16679865516687
"linear","idade",11,1.16679865516687
"linear","idade",11,1.16679865516687
"linear","idade",11,1.16679865516687
"linear","idade",11,1.16679865516687
"linear","idade",11,1.16679865516687
"linear","idade",11,1.16679865516687
"linear","idade",11,1.16679865516687
"linear","idade",11,1.16679865516687
"linear","idade",11,1.16679865516687
"linear","idade",11,1.16679865516687
"linear","idade",11,1.16679865516687
"linear","idade",12,1.09115704720866
"linear","idade",12,1.09115704720866
"linear","idade",12,1.09115704720866
"linear","idade",12,1.09115704720866
"linear","idade",12,1.09115704720866
"linear","idade",12,1.09115704720866
"linear","idade",12,1.09115704720866
"linear","idade",12,1.09115704720866
"linear","idade",12,1.09115704720866
"linear","idade",12,1.09115704720866
"linear","idade",12,1.09115704720866
"linear","idade",12,1.09115704720866
"linear","idade",12,1.09115704720866
"linear","idade",12,1.09115704720866
"linear","idade",12,1.09115704720866
"linear","idade",12,1.09115704720866
"linear","idade",12,1.09115704720866
"linear","idade",12,1.09115704720866
"linear","idade",12,1.09115704720866
"linear","idade",12,1.09115704720866
"linear","idade",12,1.09115704720866
"linear","idade",12,1.09115704720866
"linear","idade",12,1.09115704720866
"linear","idade",12,1.09115704720866
"linear","idade",12,1.09115704720866
"linear","idade",12,1.09115704720866
"linear","idade",12,1.09115704720866
"linear","idade",12,1.09115704720866
"linear","idade",12,1.09115704720866
"linear","idade",12,1.09115704720866
"linear","idade",12,1.09115704720866
"linear","idade",12,1.09115704720866
"linear","idade",12,1.09115704720866
"linear","idade",12,1.09115704720866
"linear","idade",12,1.09115704720866
"linear","idade",12,1.09115704720866
"linear","idade",12,1.09115704720866
"linear","idade",12,1.09115704720866
"linear","idade",12,1.09115704720866
"linear","idade",12,1.09115704720866
"linear","idade",12,1.09115704720866
"linear","idade",12,1.09115704720866
"linear","idade",12,1.09115704720866
"linear","idade",12,1.09115704720866
"linear","idade",12,1.09115704720866
"linear","idade",12,1.09115704720866
"linear","idade",12,1.09115704720866
"linear","idade",12,1.09115704720866
"linear","idade",12,1.09115704720866
"linear","idade",12,1.09115704720866
"linear","idade",12,1.09115704720866
"linear","idade",12,1.09115704720866
"linear","idade",12,1.09115704720866
"linear","idade",12,1.09115704720866
"linear","idade",12,1.09115704720866
"linear","idade",12,1.09115704720866
"linear","idade",12,1.09115704720866
"linear","idade",12,1.09115704720866
"linear","idade",12,1.09115704720866
"linear","idade",12,1.09115704720866
"linear","idade",12,1.09115704720866
"linear","idade",12,1.09115704720866
"linear","idade",12,1.09115704720866
"linear","idade",12,1.09115704720866
"linear","idade",12,1.09115704720866
"linear","idade",12,1.09115704720866
"linear","idade",12,1.09115704720866
"linear","idade",12,1.09115704720866
"linear","idade",12,1.09115704720866
"linear","idade",12,1.09115704720866
"linear","idade",12,1.09115704720866
"linear","idade",12,1.09115704720866
"linear","idade",12,1.09115704720866
"linear","idade",12,1.09115704720866
"linear","idade",12,1.09115704720866
"linear","idade",12,1.09115704720866
"linear","idade",12,1.09115704720866
"linear","idade",12,1.09115704720866
"linear","idade",12,1.09115704720866
"linear","idade",12,1.09115704720866
"linear","idade",12,1.09115704720866
"linear","idade",12,1.09115704720866
"linear","idade",12,1.09115704720866
"linear","idade",12,1.09115704720866
"linear","idade",12,1.09115704720866
"linear","idade",12,1.09115704720866
"linear","idade",12,1.09115704720866
"linear","idade",12,1.09115704720866
"linear","idade",12,1.09115704720866
"linear","idade",12,1.09115704720866
"linear","idade",12,1.09115704720866
"linear","idade",12,1.09115704720866
"linear","idade",12,1.09115704720866
"linear","idade",12,1.09115704720866
"linear","idade",12,1.09115704720866
"linear","idade",12,1.09115704720866
"linear","idade",12,1.09115704720866
"linear","idade",12,1.09115704720866
"linear","idade",12,1.09115704720866
"linear","idade",12,1.09115704720866
"linear","idade",12,1.09115704720866
"linear","idade",12,1.09115704720866
"linear","idade",12,1.09115704720866
"linear","idade",12,1.09115704720866
"linear","idade",12,1.09115704720866
"linear","idade",12,1.09115704720866
"linear","idade",12,1.09115704720866
"linear","idade",12,1.09115704720866
"linear","idade",12,1.09115704720866
"linear","idade",12,1.09115704720866
"linear","idade",12,1.09115704720866
"linear","idade",12,1.09115704720866
"linear","idade",12,1.09115704720866
"linear","idade",12,1.09115704720866
"linear","idade",12,1.09115704720866
"linear","idade",12,1.09115704720866
"linear","idade",12,1.09115704720866
"linear","idade",12,1.09115704720866
"linear","idade",12,1.09115704720866
"linear","idade",13,0.868540903247898
"linear","idade",13,0.868540903247898
"linear","idade",13,0.868540903247898
"linear","idade",13,0.868540903247898
"linear","idade",13,0.868540903247898
"linear","idade",13,0.868540903247898
"linear","idade",13,0.868540903247898
"linear","idade",13,0.868540903247898
"linear","idade",13,0.868540903247898
"linear","idade",13,0.868540903247898
"linear","idade",13,0.868540903247898
"linear","idade",13,0.868540903247898
"linear","idade",13,0.868540903247898
"linear","idade",13,0.868540903247898
"linear","idade",13,0.868540903247898
"linear","idade",13,0.868540903247898
"linear","idade",13,0.868540903247898
"linear","idade",13,0.868540903247898
"linear","idade",13,0.868540903247898
"linear","idade",13,0.868540903247898
"linear","idade",13,0.868540903247898
"linear","idade",13,0.868540903247898
"linear","idade",13,0.868540903247898
"linear","idade",13,0.868540903247898
"linear","idade",13,0.868540903247898
"linear","idade",13,0.868540903247898
"linear","idade",13,0.868540903247898
"linear","idade",13,0.868540903247898
"linear","idade",13,0.868540903247898
"linear","idade",13,0.868540903247898
"linear","idade",13,0.868540903247898
"linear","idade",13,0.868540903247898
"linear","idade",13,0.868540903247898
"linear","idade",13,0.868540903247898
"linear","idade",13,0.868540903247898
"linear","idade",13,0.868540903247898
"linear","idade",13,0.868540903247898
"linear","idade",13,0.868540903247898
"linear","idade",13,0.868540903247898
"linear","idade",13,0.868540903247898
"linear","idade",13,0.868540903247898
"linear","idade",13,0.868540903247898
"linear","idade",13,0.868540903247898
"linear","idade",13,0.868540903247898
"linear","idade",13,0.868540903247898
"linear","idade",13,0.868540903247898
"linear","idade",13,0.868540903247898
"linear","idade",13,0.868540903247898
"linear","idade",13,0.868540903247898
"linear","idade",13,0.868540903247898
"linear","idade",13,0.868540903247898
"linear","idade",13,0.868540903247898
"linear","idade",13,0.868540903247898
"linear","idade",13,0.868540903247898
"linear","idade",13,0.868540903247898
"linear","idade",13,0.868540903247898
"linear","idade",13,0.868540903247898
"linear","idade",13,0.868540903247898
"linear","idade",13,0.868540903247898
"linear","idade",13,0.868540903247898
"linear","idade",13,0.868540903247898
"linear","idade",13,0.868540903247898
"linear","idade",13,0.868540903247898
"linear","idade",13,0.868540903247898
"linear","idade",13,0.868540903247898
"linear","idade",13,0.868540903247898
"linear","idade",13,0.868540903247898
"linear","idade",13,0.868540903247898
"linear","idade",13,0.868540903247898
"linear","idade",13,0.868540903247898
"linear","idade",13,0.868540903247898
"linear","idade",13,0.868540903247898
"linear","idade",13,0.868540903247898
"linear","idade",13,0.868540903247898
"linear","idade",13,0.868540903247898
"linear","idade",13,0.868540903247898
"linear","idade",13,0.868540903247898
"linear","idade",13,0.868540903247898
"linear","idade",13,0.868540903247898
"linear","idade",13,0.868540903247898
"linear","idade",13,0.868540903247898
"linear","idade",13,0.868540903247898
"linear","idade",13,0.868540903247898
"linear","idade",13,0.868540903247898
"linear","idade",13,0.868540903247898
"linear","idade",13,0.868540903247898
"linear","idade",13,0.868540903247898
"linear","idade",13,0.868540903247898
"linear","idade",13,0.868540903247898
"linear","idade",13,0.868540903247898
"linear","idade",13,0.868540903247898
"linear","idade",13,0.868540903247898
"linear","idade",13,0.868540903247898
"linear","idade",13,0.868540903247898
"linear","idade",13,0.868540903247898
"linear","idade",13,0.868540903247898
"linear","idade",13,0.868540903247898
"linear","idade",13,0.868540903247898
"linear","idade",13,0.868540903247898
"linear","idade",13,0.868540903247898
"linear","idade",13,0.868540903247898
"linear","idade",13,0.868540903247898
"linear","idade",13,0.868540903247898
"linear","idade",13,0.868540903247898
"linear","idade",13,0.868540903247898
"linear","idade",13,0.868540903247898
"linear","idade",13,0.868540903247898
"linear","idade",13,0.868540903247898
"linear","idade",13,0.868540903247898
"linear","idade",13,0.868540903247898
"linear","idade",13,0.868540903247898
"linear","idade",13,0.868540903247898
"linear","idade",13,0.868540903247898
"linear","idade",13,0.868540903247898
"linear","idade",13,0.868540903247898
"linear","idade",13,0.868540903247898
"linear","idade",13,0.868540903247898
"linear","idade",13,0.868540903247898
"linear","idade",13,0.868540903247898
"linear","idade",13,0.868540903247898
"linear","idade",13,0.868540903247898
"linear","idade",13,0.868540903247898
"linear","idade",13,0.868540903247898
"linear","idade",13,0.868540903247898
"linear","idade",13,0.868540903247898
"linear","idade",13,0.868540903247898
"linear","idade",13,0.868540903247898
"linear","idade",13,0.868540903247898
"linear","idade",13,0.868540903247898
"linear","idade",13,0.868540903247898
"linear","idade",13,0.868540903247898
"linear","idade",13,0.868540903247898
"linear","idade",13,0.868540903247898
"linear","idade",13,0.868540903247898
"linear","idade",13,0.868540903247898
"linear","idade",13,0.868540903247898
"linear","idade",13,0.868540903247898
"linear","idade",13,0.868540903247898
"linear","idade",13,0.868540903247898
"linear","idade",13,0.868540903247898
"linear","idade",13,0.868540903247898
"linear","idade",13,0.868540903247898
"linear","idade",13,0.868540903247898
"linear","idade",13,0.868540903247898
"linear","idade",13,0.868540903247898
"linear","idade",13,0.868540903247898
"linear","idade",13,0.868540903247898
"linear","idade",13,0.868540903247898
"linear","idade",13,0.868540903247898
"linear","idade",13,0.868540903247898
"linear","idade",13,0.868540903247898
"linear","idade",13,0.868540903247898
"linear","idade",13,0.868540903247898
"linear","idade",13,0.868540903247898
"linear","idade",13,0.868540903247898
"linear","idade",13,0.868540903247898
"linear","idade",13,0.868540903247898
"linear","idade",13,0.868540903247898
"linear","idade",14,0.972995453432488
"linear","idade",14,0.972995453432488
"linear","idade",14,0.972995453432488
"linear","idade",14,0.972995453432488
"linear","idade",14,0.972995453432488
"linear","idade",14,0.972995453432488
"linear","idade",14,0.972995453432488
"linear","idade",14,0.972995453432488
"linear","idade",14,0.972995453432488
"linear","idade",14,0.972995453432488
"linear","idade",14,0.972995453432488
"linear","idade",14,0.972995453432488
"linear","idade",14,0.972995453432488
"linear","idade",14,0.972995453432488
"linear","idade",14,0.972995453432488
"linear","idade",14,0.972995453432488
"linear","idade",14,0.972995453432488
"linear","idade",14,0.972995453432488
"linear","idade",14,0.972995453432488
"linear","idade",14,0.972995453432488
"linear","idade",14,0.972995453432488
"linear","idade",14,0.972995453432488
"linear","idade",14,0.972995453432488
"linear","idade",14,0.972995453432488
"linear","idade",14,0.972995453432488
"linear","idade",14,0.972995453432488
"linear","idade",14,0.972995453432488
"linear","idade",14,0.972995453432488
"linear","idade",14,0.972995453432488
"linear","idade",14,0.972995453432488
"linear","idade",14,0.972995453432488
"linear","idade",14,0.972995453432488
"linear","idade",14,0.972995453432488
"linear","idade",14,0.972995453432488
"linear","idade",14,0.972995453432488
"linear","idade",14,0.972995453432488
"linear","idade",14,0.972995453432488
"linear","idade",14,0.972995453432488
"linear","idade",14,0.972995453432488
"linear","idade",14,0.972995453432488
"linear","idade",14,0.972995453432488
"linear","idade",14,0.972995453432488
"linear","idade",14,0.972995453432488
"linear","idade",14,0.972995453432488
"linear","idade",14,0.972995453432488
"linear","idade",14,0.972995453432488
"linear","idade",14,0.972995453432488
"linear","idade",14,0.972995453432488
"linear","idade",14,0.972995453432488
"linear","idade",14,0.972995453432488
"linear","idade",14,0.972995453432488
"linear","idade",14,0.972995453432488
"linear","idade",14,0.972995453432488
"linear","idade",14,0.972995453432488
"linear","idade",14,0.972995453432488
"linear","idade",14,0.972995453432488
"linear","idade",14,0.972995453432488
"linear","idade",14,0.972995453432488
"linear","idade",14,0.972995453432488
"linear","idade",14,0.972995453432488
"linear","idade",14,0.972995453432488
"linear","idade",14,0.972995453432488
"linear","idade",14,0.972995453432488
"linear","idade",14,0.972995453432488
"linear","idade",14,0.972995453432488
"linear","idade",14,0.972995453432488
"linear","idade",14,0.972995453432488
"linear","idade",14,0.972995453432488
"linear","idade",14,0.972995453432488
"linear","idade",14,0.972995453432488
"linear","idade",14,0.972995453432488
"linear","idade",14,0.972995453432488
"linear","idade",14,0.972995453432488
"linear","idade",14,0.972995453432488
"linear","idade",14,0.972995453432488
"linear","idade",14,0.972995453432488
"linear","idade",14,0.972995453432488
"linear","idade",14,0.972995453432488
"linear","idade",14,0.972995453432488
"linear","idade",14,0.972995453432488
"linear","idade",14,0.972995453432488
"linear","idade",14,0.972995453432488
"linear","idade",14,0.972995453432488
"linear","idade",14,0.972995453432488
"linear","idade",14,0.972995453432488
"linear","idade",14,0.972995453432488
"linear","idade",14,0.972995453432488
"linear","idade",14,0.972995453432488
"linear","idade",14,0.972995453432488
"linear","idade",14,0.972995453432488
"linear","idade",14,0.972995453432488
"linear","idade",14,0.972995453432488
"linear","idade",14,0.972995453432488
"linear","idade",14,0.972995453432488
"linear","idade",14,0.972995453432488
"linear","idade",14,0.972995453432488
"linear","idade",14,0.972995453432488
"linear","idade",14,0.972995453432488
"linear","idade",14,0.972995453432488
"linear","idade",14,0.972995453432488
"linear","idade",14,0.972995453432488
"linear","idade",14,0.972995453432488
"linear","idade",15,1.1024617468153
"linear","idade",15,1.1024617468153
"linear","idade",15,1.1024617468153
"linear","idade",15,1.1024617468153
"linear","idade",15,1.1024617468153
"linear","idade",15,1.1024617468153
"linear","idade",15,1.1024617468153
"linear","idade",15,1.1024617468153
"linear","idade",15,1.1024617468153
"linear","idade",15,1.1024617468153
"linear","idade",15,1.1024617468153
"linear","idade",15,1.1024617468153
"linear","idade",15,1.1024617468153
"linear","idade",15,1.1024617468153
"linear","idade",15,1.1024617468153
"linear","idade",15,1.1024617468153
"linear","idade",15,1.1024617468153
"linear","idade",15,1.1024617468153
"linear","idade",15,1.1024617468153
"linear","idade",15,1.1024617468153
"linear","idade",15,1.1024617468153
"linear","idade",15,1.1024617468153
"linear","idade",15,1.1024617468153
"linear","idade",15,1.1024617468153
"linear","idade",15,1.1024617468153
"linear","idade",15,1.1024617468153
"linear","idade",15,1.1024617468153
"linear","idade",15,1.1024617468153
"linear","idade",15,1.1024617468153
"linear","idade",15,1.1024617468153
"linear","idade",15,1.1024617468153
"linear","idade",15,1.1024617468153
"linear","idade",15,1.1024617468153
"linear","idade",15,1.1024617468153
"linear","idade",15,1.1024617468153
"linear","idade",15,1.1024617468153
"linear","idade",15,1.1024617468153
"linear","idade",15,1.1024617468153
"linear","idade",15,1.1024617468153
"linear","idade",15,1.1024617468153
"linear","idade",15,1.1024617468153
"linear","idade",15,1.1024617468153
"linear","idade",15,1.1024617468153
"linear","idade",15,1.1024617468153
"linear","idade",15,1.1024617468153
"linear","idade",15,1.1024617468153
"linear","idade",15,1.1024617468153
"linear","idade",15,1.1024617468153
"linear","idade",15,1.1024617468153
"linear","idade",15,1.1024617468153
"linear","idade",15,1.1024617468153
"linear","idade",15,1.1024617468153
"linear","idade",15,1.1024617468153
"linear","idade",15,1.1024617468153
"linear","idade",15,1.1024617468153
"linear","idade",15,1.1024617468153
"linear","idade",15,1.1024617468153
"linear","idade",15,1.1024617468153
"linear","idade",15,1.1024617468153
"linear","idade",15,1.1024617468153
"linear","idade",15,1.1024617468153
"linear","idade",15,1.1024617468153
"linear","idade",15,1.1024617468153
"linear","idade",15,1.1024617468153
"linear","idade",15,1.1024617468153
"linear","idade",15,1.1024617468153
"linear","idade",15,1.1024617468153
"linear","idade",15,1.1024617468153
"linear","idade",15,1.1024617468153
"linear","idade",15,1.1024617468153
"linear","idade",15,1.1024617468153
"linear","idade",15,1.1024617468153
"linear","idade",15,1.1024617468153
"linear","idade",15,1.1024617468153
"linear","idade",15,1.1024617468153
"linear","idade",15,1.1024617468153
"linear","idade",15,1.1024617468153
"linear","idade",15,1.1024617468153
"linear","idade",15,1.1024617468153
"linear","idade",15,1.1024617468153
"linear","idade",15,1.1024617468153
"linear","idade",16,1.28018272126195
"linear","idade",16,1.28018272126195
"linear","idade",16,1.28018272126195
"linear","idade",16,1.28018272126195
"linear","idade",16,1.28018272126195
"linear","idade",16,1.28018272126195
"linear","idade",16,1.28018272126195
"linear","idade",16,1.28018272126195
"linear","idade",16,1.28018272126195
"linear","idade",16,1.28018272126195
"linear","idade",16,1.28018272126195
"linear","idade",16,1.28018272126195
"linear","idade",16,1.28018272126195
"linear","idade",16,1.28018272126195
"linear","idade",16,1.28018272126195
"linear","idade",16,1.28018272126195
"linear","idade",16,1.28018272126195
"linear","idade",16,1.28018272126195
"linear","idade",16,1.28018272126195
"linear","idade",16,1.28018272126195
"linear","idade",16,1.28018272126195
"linear","idade",16,1.28018272126195
"linear","idade",16,1.28018272126195
"linear","idade",16,1.28018272126195
"linear","idade",16,1.28018272126195
"linear","idade",16,1.28018272126195
"linear","idade",16,1.28018272126195
"linear","idade",16,1.28018272126195
"linear","idade",16,1.28018272126195
"linear","idade",16,1.28018272126195
"linear","idade",16,1.28018272126195
"linear","idade",17,1.42668443691418
"linear","idade",17,1.42668443691418
"linear","idade",17,1.42668443691418
"linear","idade",17,1.42668443691418
"linear","idade",17,1.42668443691418
"linear","idade",17,1.42668443691418
"linear","idade",17,1.42668443691418
"linear","idade",17,1.42668443691418
"linear","idade",17,1.42668443691418
"linear","idade",17,1.42668443691418
"linear","idade",17,1.42668443691418
"linear","idade",17,1.42668443691418
"linear","idade",17,1.42668443691418
"linear","idade",17,1.42668443691418
"linear","idade",17,1.42668443691418
"linear","idade",17,1.42668443691418
"linear","idade",17,1.42668443691418
"linear","idade",17,1.42668443691418
"linear","idade",17,1.42668443691418
"linear","idade",17,1.42668443691418
"linear","idade",17,1.42668443691418
"linear","idade",17,1.42668443691418
"linear","idade",17,1.42668443691418
"linear","idade",17,1.42668443691418
"linear","idade",18,1.58517060883411
"linear","imc",13.2590930940554,-0.0110454318738562
"linear","imc",13.735691987513,0.0238879693044559
"linear","imc",13.735691987513,0.0238879693044559
"linear","imc",13.735691987513,0.0238879693044559
"linear","imc",13.9633349849106,0.0405048835494976
"linear","imc",13.9633349849106,0.0405048835494976
"linear","imc",14.1533933518006,0.0545647859724614
"linear","imc",14.3854227715915,0.0717997723786055
"linear","imc",14.5243282498184,0.0819950432015835
"linear","imc",14.5243282498184,0.0819950432015835
"linear","imc",14.5681581685744,0.0852120357750213
"linear","imc",14.6428571428571,0.0905955534829201
"linear","imc",14.6428571428571,0.0905955534829201
"linear","imc",14.692378328742,0.0941645205763367
"linear","imc",14.692378328742,0.0941645205763367
"linear","imc",14.7087191358025,0.0953421943665898
"linear","imc",14.7087191358025,0.0953421943665898
"linear","imc",14.8173504816861,0.102998866266259
"linear","imc",14.8728293975713,0.10690919116214
"linear","imc",14.8728293975713,0.10690919116214
"linear","imc",14.8914007947224,0.108218160443041
"linear","imc",14.8914007947224,0.108218160443041
"linear","imc",14.9333333333333,0.111092284716917
"linear","imc",14.9333333333333,0.111092284716917
"linear","imc",14.9777777777778,0.114138579094704
"linear","imc",14.9777777777778,0.114138579094704
"linear","imc",15.0531286894923,0.119303252915839
"linear","imc",15.0531286894923,0.119303252915839
"linear","imc",15.0551394482291,0.119441073584127
"linear","imc",15.2416896501669,0.131967431656554
"linear","imc",15.2439024390244,0.132116014640004
"linear","imc",15.2439024390244,0.132116014640004
"linear","imc",15.4006243496358,0.142529747510166
"linear","imc",15.4164469146821,0.143581112728154
"linear","imc",15.437904983726,0.145006941433665
"linear","imc",15.437904983726,0.145006941433665
"linear","imc",15.5381557061138,0.151756816633369
"linear","imc",15.5381557061138,0.151756816633369
"linear","imc",15.5381557061138,0.151756816633369
"linear","imc",15.580686950737,0.154620442814374
"linear","imc",15.580686950737,0.154620442814374
"linear","imc",15.580686950737,0.154620442814374
"linear","imc",15.6012818350481,0.156007095155034
"linear","imc",15.6012818350481,0.156007095155034
"linear","imc",15.6192949004016,0.157219913778229
"linear","imc",15.6192949004016,0.157219913778229
"linear","imc",15.7004340946894,0.16293567476364
"linear","imc",15.7004340946894,0.16293567476364
"linear","imc",15.7004340946894,0.16293567476364
"linear","imc",15.7010657427306,0.162980170512726
"linear","imc",15.7010657427306,0.162980170512726
"linear","imc",15.7426694439994,0.165910897329131
"linear","imc",15.7426694439994,0.165910897329131
"linear","imc",15.7430481389186,0.165937574074735
"linear","imc",15.7752341311134,0.168204880770086
"linear","imc",15.7752341311134,0.168204880770086
"linear","imc",15.7808357530615,0.16859948084551
"linear","imc",15.7887811938073,0.169159188649184
"linear","imc",15.8221589335865,0.17151044668774
"linear","imc",15.8221589335865,0.17151044668774
"linear","imc",15.8221589335865,0.17151044668774
"linear","imc",15.8566335147307,0.174132932547769
"linear","imc",15.8566335147307,0.174132932547769
"linear","imc",15.8566335147307,0.174132932547769
"linear","imc",15.859375,0.174341477687855
"linear","imc",15.8944485166467,0.177009524649259
"linear","imc",15.96556990143,0.182419737616294
"linear","imc",15.96556990143,0.182419737616294
"linear","imc",16,0.185038839681133
"linear","imc",16,0.185038839681133
"linear","imc",16.0036579789666,0.185317102615673
"linear","imc",16.0145429362881,0.186145122731223
"linear","imc",16.0145429362881,0.186145122731223
"linear","imc",16.0199359202563,0.186555367721317
"linear","imc",16.0199359202563,0.186555367721317
"linear","imc",16.025641025641,0.186989355828055
"linear","imc",16.037956497043,0.187987833205028
"linear","imc",16.037956497043,0.187987833205028
"linear","imc",16.058123929844,0.189622908692291
"linear","imc",16.058123929844,0.189622908692291
"linear","imc",16.0590277777778,0.18969618820264
"linear","imc",16.0590277777778,0.18969618820264
"linear","imc",16.1362284354551,0.195955234865346
"linear","imc",16.1362284354551,0.195955234865346
"linear","imc",16.1362284354551,0.195955234865346
"linear","imc",16.149843912591,0.19705911026347
"linear","imc",16.149843912591,0.19705911026347
"linear","imc",16.149843912591,0.19705911026347
"linear","imc",16.2578022935114,0.20634154586571
"linear","imc",16.2578022935114,0.20634154586571
"linear","imc",16.328125,0.212388005517946
"linear","imc",16.336379098928,0.213097706247996
"linear","imc",16.336379098928,0.213097706247996
"linear","imc",16.3608033240997,0.215404793080537
"linear","imc",16.3608033240997,0.215404793080537
"linear","imc",16.3901172461357,0.218173755578389
"linear","imc",16.3901172461357,0.218173755578389
"linear","imc",16.3959723776089,0.21872682518979
"linear","imc",16.3959723776089,0.21872682518979
"linear","imc",16.4195909176206,0.220957807842537
"linear","imc",16.4195909176206,0.220957807842537
"linear","imc",16.4365548980934,0.222560207742684
"linear","imc",16.4365548980934,0.222560207742684
"linear","imc",16.4939581914016,0.227982462950583
"linear","imc",16.5289256198347,0.231285449765467
"linear","imc",16.5289256198347,0.231285449765467
"linear","imc",16.5289256198347,0.231285449765467
"linear","imc",16.6137671097005,0.241428267167029
"linear","imc",16.6137671097005,0.241428267167029
"linear","imc",16.6267299134432,0.242977972995899
"linear","imc",16.6267299134432,0.242977972995899
"linear","imc",16.643598615917,0.244994629813964
"linear","imc",16.643598615917,0.244994629813964
"linear","imc",16.673240345656,0.248538304644348
"linear","imc",16.673240345656,0.248538304644348
"linear","imc",16.7285665241409,0.255152560556014
"linear","imc",16.7285665241409,0.255152560556014
"linear","imc",16.7285665241409,0.255152560556014
"linear","imc",16.732570239334,0.255631205523182
"linear","imc",16.732570239334,0.255631205523182
"linear","imc",16.732570239334,0.255631205523182
"linear","imc",16.7958132175747,0.264924545909994
"linear","imc",16.8110438669356,0.267162637991683
"linear","imc",16.8110438669356,0.267162637991683
"linear","imc",16.8242268867169,0.269099837876335
"linear","imc",16.8242268867169,0.269099837876335
"linear","imc",16.8242268867169,0.269099837876335
"linear","imc",16.8413666067278,0.271618461391972
"linear","imc",16.8642845697805,0.27498617805469
"linear","imc",16.875,0.2765607740524
"linear","imc",16.8901546616036,0.278787699991797
"linear","imc",16.8901546616036,0.278787699991797
"linear","imc",16.8911310301338,0.27893117402396
"linear","imc",16.8911310301338,0.27893117402396
"linear","imc",16.8990634755463,0.280096819876971
"linear","imc",16.8990634755463,0.280096819876971
"linear","imc",16.901027582477,0.280385438705037
"linear","imc",16.9204152249135,0.283234386769662
"linear","imc",16.9204152249135,0.283234386769662
"linear","imc",16.9204152249135,0.283234386769662
"linear","imc",16.9370318792578,0.285676147565993
"linear","imc",16.9370318792578,0.285676147565993
"linear","imc",16.9370318792578,0.285676147565993
"linear","imc",16.9370318792578,0.285676147565993
"linear","imc",16.9667590027701,0.290184465498088
"linear","imc",16.9667590027701,0.290184465498088
"linear","imc",17.0123075764989,0.29709221261456
"linear","imc",17.0123075764989,0.29709221261456
"linear","imc",17.0123075764989,0.29709221261456
"linear","imc",17.0318046541647,0.300049075387636
"linear","imc",17.0318046541647,0.300049075387636
"linear","imc",17.063550036523,0.304863475828628
"linear","imc",17.0940170940171,0.30948400971856
"linear","imc",17.0940170940171,0.30948400971856
"linear","imc",17.0992784104511,0.310281923691499
"linear","imc",17.1163461105356,0.312870355038335
"linear","imc",17.1163461105356,0.312870355038335
"linear","imc",17.1163461105356,0.312870355038335
"linear","imc",17.1467764060357,0.315925259499792
"linear","imc",17.1875,0.320013510594422
"linear","imc",17.1875,0.320013510594422
"linear","imc",17.19723183391,0.320990491670069
"linear","imc",17.19723183391,0.320990491670069
"linear","imc",17.258382642998,0.327129435654494
"linear","imc",17.258382642998,0.327129435654494
"linear","imc",17.258382642998,0.327129435654494
"linear","imc",17.258382642998,0.327129435654494
"linear","imc",17.283950617284,0.329696210555389
"linear","imc",17.3130193905817,0.332614431485454
"linear","imc",17.3130193905817,0.332614431485454
"linear","imc",17.3252640322772,0.332793056238273
"linear","imc",17.3252640322772,0.332793056238273
"linear","imc",17.3313259339659,0.332881487220387
"linear","imc",17.3313259339659,0.332881487220387
"linear","imc",17.3333333333333,0.332910771149206
"linear","imc",17.3404542996214,0.333014651758756
"linear","imc",17.3510482140841,0.33316919571352
"linear","imc",17.3604413409976,0.333306222587386
"linear","imc",17.3604413409976,0.333306222587386
"linear","imc",17.3611111111111,0.333315993189412
"linear","imc",17.3611111111111,0.333315993189412
"linear","imc",17.425092132671,0.334249347912689
"linear","imc",17.4638395792242,0.334814595409111
"linear","imc",17.4638395792242,0.334814595409111
"linear","imc",17.4747174301011,0.334973281426426
"linear","imc",17.4747174301011,0.334973281426426
"linear","imc",17.4747174301011,0.334973281426426
"linear","imc",17.4817898022893,0.335076453145565
"linear","imc",17.4817898022893,0.335076453145565
"linear","imc",17.5063898322888,0.335435318222004
"linear","imc",17.5146311247811,0.33555554214288
"linear","imc",17.5696511169278,0.331990518279512
"linear","imc",17.5696511169278,0.331990518279512
"linear","imc",17.5696511169278,0.331990518279512
"linear","imc",17.5696511169278,0.331990518279512
"linear","imc",17.5766983199416,0.331533894315499
"linear","imc",17.578125,0.331441452491078
"linear","imc",17.6047728495281,0.329714803399204
"linear","imc",17.6047728495281,0.329714803399204
"linear","imc",17.6252319109462,0.328389157223481
"linear","imc",17.6252319109462,0.328389157223481
"linear","imc",17.6464409509471,0.327014916138156
"linear","imc",17.6464409509471,0.327014916138156
"linear","imc",17.6611796982167,0.326059918078682
"linear","imc",17.6611796982167,0.326059918078682
"linear","imc",17.6812626082829,0.324758644653546
"linear","imc",17.6812626082829,0.324758644653546
"linear","imc",17.7095631641086,0.322924908352818
"linear","imc",17.7095631641086,0.322924908352818
"linear","imc",17.7289139518845,0.321069949043415
"linear","imc",17.7315296566077,0.320819208562809
"linear","imc",17.7315296566077,0.320819208562809
"linear","imc",17.7333333333333,0.320646308783631
"linear","imc",17.7333333333333,0.320646308783631
"linear","imc",17.7848076848887,0.31571199661406
"linear","imc",17.8062365685716,0.313657831804952
"linear","imc",17.8062365685716,0.313657831804952
"linear","imc",17.9247015610652,0.301477029851612
"linear","imc",17.9391227190309,0.299994218217386
"linear","imc",17.9391227190309,0.299994218217386
"linear","imc",17.985063252553,0.295270522814349
"linear","imc",17.985063252553,0.295270522814349
"linear","imc",17.985063252553,0.295270522814349
"linear","imc",17.9981634527089,0.293923534642655
"linear","imc",18.0645161290323,0.289840460016524
"linear","imc",18.066167337875,0.289738851320361
"linear","imc",18.0699730872741,0.289504660935494
"linear","imc",18.0699730872741,0.289504660935494
"linear","imc",18.0802103879027,0.288874698969335
"linear","imc",18.0802103879027,0.288874698969335
"linear","imc",18.0802103879027,0.288874698969335
"linear","imc",18.0802103879027,0.288874698969335
"linear","imc",18.1312194299207,0.285735809376515
"linear","imc",18.1312194299207,0.285735809376515
"linear","imc",18.1448686311511,0.284895892883333
"linear","imc",18.1786703601108,0.282815871556655
"linear","imc",18.1811421772754,0.28266376595211
"linear","imc",18.1811421772754,0.28266376595211
"linear","imc",18.1954827736245,0.281781303807088
"linear","imc",18.1954827736245,0.281781303807088
"linear","imc",18.2114512471655,0.281540271077061
"linear","imc",18.2114512471655,0.281540271077061
"linear","imc",18.2448138239551,0.281036686752385
"linear","imc",18.2448138239551,0.281036686752385
"linear","imc",18.2448138239551,0.281036686752385
"linear","imc",18.2563187147552,0.280863028623381
"linear","imc",18.2615047479912,0.280784749146906
"linear","imc",18.2615047479912,0.280784749146906
"linear","imc",18.2663034770069,0.280712315751671
"linear","imc",18.2663034770069,0.280712315751671
"linear","imc",18.2898948331047,0.280356221041012
"linear","imc",18.2898948331047,0.280356221041012
"linear","imc",18.2898948331047,0.280356221041012
"linear","imc",18.2898948331047,0.280356221041012
"linear","imc",18.3142559833507,0.279988506836191
"linear","imc",18.3142559833507,0.279988506836191
"linear","imc",18.3654729109275,0.279215423808209
"linear","imc",18.4202447261085,0.279428540025269
"linear","imc",18.4202447261085,0.279428540025269
"linear","imc",18.4202447261085,0.279428540025269
"linear","imc",18.4425458240807,0.279515313224594
"linear","imc",18.4425458240807,0.279515313224594
"linear","imc",18.4425458240807,0.279515313224594
"linear","imc",18.4645286686103,0.279600848105095
"linear","imc",18.4645286686103,0.279600848105095
"linear","imc",18.491124260355,0.279704331107883
"linear","imc",18.491124260355,0.279704331107883
"linear","imc",18.4971592122688,0.279727813004872
"linear","imc",18.4997362976186,0.279737840400878
"linear","imc",18.4997362976186,0.279737840400878
"linear","imc",18.5077660037741,0.279769083853269
"linear","imc",18.5077660037741,0.279769083853269
"linear","imc",18.5121107266436,0.279785989097309
"linear","imc",18.5121107266436,0.279785989097309
"linear","imc",18.5121107266436,0.279785989097309
"linear","imc",18.5403058947625,0.279895696025023
"linear","imc",18.5493460166468,0.27993087098812
"linear","imc",18.5493460166468,0.27993087098812
"linear","imc",18.557722625107,0.279963464231578
"linear","imc",18.557722625107,0.279963464231578
"linear","imc",18.5910367469641,0.278977297746853
"linear","imc",18.5910367469641,0.278977297746853
"linear","imc",18.5910367469641,0.278977297746853
"linear","imc",18.5910367469641,0.278977297746853
"linear","imc",18.5949616141353,0.278861113610955
"linear","imc",18.6267987815553,0.277918668013475
"linear","imc",18.6267987815553,0.277918668013475
"linear","imc",18.6372069488953,0.277610564866044
"linear","imc",18.6372069488953,0.277610564866044
"linear","imc",18.6644854253421,0.276803065891839
"linear","imc",18.6644854253421,0.276803065891839
"linear","imc",18.6833910793386,0.276243419672642
"linear","imc",18.6833910793386,0.276243419672642
"linear","imc",18.7111111111111,0.275422849753172
"linear","imc",18.7721123829344,0.275152002138324
"linear","imc",18.7721123829344,0.275152002138324
"linear","imc",18.7721123829344,0.275152002138324
"linear","imc",18.796189499765,0.275045098962848
"linear","imc",18.796189499765,0.275045098962848
"linear","imc",18.796189499765,0.275045098962848
"linear","imc",18.8271110398974,0.274907806327105
"linear","imc",18.8480350818013,0.274814902906025
"linear","imc",18.8480350818013,0.274814902906025
"linear","imc",18.8995579942082,0.274586139512766
"linear","imc",18.8995579942082,0.274586139512766
"linear","imc",18.9315894771417,0.273725848762055
"linear","imc",18.9386056191467,0.273537411589631
"linear","imc",18.9386056191467,0.273537411589631
"linear","imc",18.9619274241523,0.27291104242721
"linear","imc",18.9745319615449,0.272572514018819
"linear","imc",18.9745319615449,0.272572514018819
"linear","imc",18.9745319615449,0.272572514018819
"linear","imc",19.0047666009204,0.271760482285546
"linear","imc",19.0047666009204,0.271760482285546
"linear","imc",19.0311418685121,0.271052104256227
"linear","imc",19.0311418685121,0.271052104256227
"linear","imc",19.0443213296399,0.270698134740326
"linear","imc",19.0443213296399,0.270698134740326
"linear","imc",19.0447514020099,0.270686584001861
"linear","imc",19.0447514020099,0.270686584001861
"linear","imc",19.0447514020099,0.270686584001861
"linear","imc",19.0519737844841,0.270492607692567
"linear","imc",19.0519737844841,0.270492607692567
"linear","imc",19.0519737844841,0.270492607692567
"linear","imc",19.0521120627087,0.270488893862711
"linear","imc",19.0521120627087,0.270488893862711
"linear","imc",19.0677106576332,0.270069952068306
"linear","imc",19.0677106576332,0.270069952068306
"linear","imc",19.1000918273646,0.269200269547677
"linear","imc",19.1000918273646,0.269200269547677
"linear","imc",19.140625,0.270432017893285
"linear","imc",19.140625,0.270432017893285
"linear","imc",19.1511918197052,0.270753129265624
"linear","imc",19.1570881226054,0.270932309943332
"linear","imc",19.1735537190083,0.271432677168743
"linear","imc",19.1735537190083,0.271432677168743
"linear","imc",19.185360094451,0.271791456964986
"linear","imc",19.185360094451,0.271791456964986
"linear","imc",19.185360094451,0.271791456964986
"linear","imc",19.2043895747599,0.272369737157833
"linear","imc",19.2043895747599,0.272369737157833
"linear","imc",19.2043895747599,0.272369737157833
"linear","imc",19.2239231043076,0.272963334725943
"linear","imc",19.2299890462088,0.273147670503666
"linear","imc",19.2299890462088,0.273147670503666
"linear","imc",19.2307692307692,0.273171379258227
"linear","imc",19.2307692307692,0.273171379258227
"linear","imc",19.3118569741946,0.27455720222074
"linear","imc",19.3337299226651,0.27493101992694
"linear","imc",19.3472991689751,0.275162923940124
"linear","imc",19.3472991689751,0.275162923940124
"linear","imc",19.3568053650358,0.275325388749609
"linear","imc",19.3568053650358,0.275325388749609
"linear","imc",19.375,0.275636342561649
"linear","imc",19.3877551020408,0.275854332513653
"linear","imc",19.3877551020408,0.275854332513653
"linear","imc",19.3922674347844,0.275931450140391
"linear","imc",19.3922674347844,0.275931450140391
"linear","imc",19.4217000909774,0.276434466367962
"linear","imc",19.4217000909774,0.276434466367962
"linear","imc",19.4217000909774,0.276434466367962
"linear","imc",19.4797086368366,0.276681273263422
"linear","imc",19.4797086368366,0.276681273263422
"linear","imc",19.4869614512472,0.276712131554756
"linear","imc",19.4875889098563,0.276714801180568
"linear","imc",19.4875889098563,0.276714801180568
"linear","imc",19.5139762262161,0.276827070356322
"linear","imc",19.5139762262161,0.276827070356322
"linear","imc",19.5166878645673,0.276838607467504
"linear","imc",19.5166878645673,0.276838607467504
"linear","imc",19.5208518189885,0.276856323696178
"linear","imc",19.5208518189885,0.276856323696178
"linear","imc",19.53125,0.276900564466842
"linear","imc",19.53125,0.276900564466842
"linear","imc",19.5629552549428,0.277035459686612
"linear","imc",19.5629552549428,0.277035459686612
"linear","imc",19.5629552549428,0.277035459686612
"linear","imc",19.5918367346939,0.277158340690575
"linear","imc",19.5918367346939,0.277158340690575
"linear","imc",19.5964581216432,0.277178003141147
"linear","imc",19.6214540237864,0.277284352316356
"linear","imc",19.6214540237864,0.277284352316356
"linear","imc",19.6214540237864,0.277284352316356
"linear","imc",19.6282647011697,0.277313329463017
"linear","imc",19.6282647011697,0.277313329463017
"linear","imc",19.6510560146924,0.278349852353036
"linear","imc",19.6510560146924,0.278349852353036
"linear","imc",19.6641156462585,0.278943789470352
"linear","imc",19.6913476134255,0.280182268212737
"linear","imc",19.6913476134255,0.280182268212737
"linear","imc",19.7359764922591,0.282211938614174
"linear","imc",19.7359764922591,0.282211938614174
"linear","imc",19.7359764922591,0.282211938614174
"linear","imc",19.7680788897005,0.283671918958851
"linear","imc",19.7680788897005,0.283671918958851
"linear","imc",19.7776986669831,0.284109415434882
"linear","imc",19.8347107438017,0.286702259527485
"linear","imc",19.8641548122517,0.28716825563352
"linear","imc",19.8641548122517,0.28716825563352
"linear","imc",19.8680606458084,0.287230071249502
"linear","imc",19.8961937716263,0.287675319741706
"linear","imc",19.9487261656786,0.288506722885284
"linear","imc",19.9593554942662,0.288674947794149
"linear","imc",19.9923106497501,0.289196512066265
"linear","imc",19.9923106497501,0.289196512066265
"linear","imc",20.0288415318058,0.289774667521136
"linear","imc",20.0609544384862,0.292151182100779
"linear","imc",20.0842241658568,0.293873257492804
"linear","imc",20.0842241658568,0.293873257492804
"linear","imc",20.0842241658568,0.293873257492804
"linear","imc",20.1732526403228,0.300461806753622
"linear","imc",20.1732526403228,0.300461806753622
"linear","imc",20.1745537476426,0.300558095157103
"linear","imc",20.1745537476426,0.300558095157103
"linear","imc",20.2059037122474,0.302878148234082
"linear","imc",20.2059037122474,0.302878148234082
"linear","imc",20.2442289748063,0.306547386500762
"linear","imc",20.2442289748063,0.306547386500762
"linear","imc",20.2693572361605,0.308953151575289
"linear","imc",20.2847985719502,0.310431496050581
"linear","imc",20.2847985719502,0.310431496050581
"linear","imc",20.2924269896995,0.311161836313141
"linear","imc",20.2924269896995,0.311161836313141
"linear","imc",20.3222528668892,0.314017348385731
"linear","imc",20.3222528668892,0.314017348385731
"linear","imc",20.3222528668892,0.314017348385731
"linear","imc",20.3747769185009,0.3190459704284
"linear","imc",20.422419460881,0.321535774445889
"linear","imc",20.4381655849977,0.322358668463021
"linear","imc",20.4541189716645,0.3231923940417
"linear","imc",20.4541189716645,0.3231923940417
"linear","imc",20.4541189716645,0.3231923940417
"linear","imc",20.5049339997437,0.325847992478303
"linear","imc",20.5049339997437,0.325847992478303
"linear","imc",20.5049339997437,0.325847992478303
"linear","imc",20.5126274982122,0.326250055475752
"linear","imc",20.5126274982122,0.326250055475752
"linear","imc",20.546875,0.32803983333563
"linear","imc",20.546875,0.32803983333563
"linear","imc",20.6131310030262,0.329738565612336
"linear","imc",20.6131310030262,0.329738565612336
"linear","imc",20.6575400021008,0.330877164330317
"linear","imc",20.6611570247934,0.330969900881164
"linear","imc",20.6611570247934,0.330969900881164
"linear","imc",20.6888888888889,0.331680915890832
"linear","imc",20.7094955037342,0.332209247214071
"linear","imc",20.7094955037342,0.332209247214071
"linear","imc",20.7094955037342,0.332209247214071
"linear","imc",20.7285474775187,0.332697719221503
"linear","imc",20.7465794170137,0.33316003865269
"linear","imc",20.7465794170137,0.33316003865269
"linear","imc",20.7475501931118,0.333184928302172
"linear","imc",20.7756232686981,0.333142803385338
"linear","imc",20.7847800237812,0.333129063261099
"linear","imc",20.7847800237812,0.333129063261099
"linear","imc",20.8061389976662,0.33309701315687
"linear","imc",20.8061389976662,0.33309701315687
"linear","imc",20.8061389976662,0.33309701315687
"linear","imc",20.8098734291248,0.333091409473935
"linear","imc",20.8098734291248,0.333091409473935
"linear","imc",20.8333333333333,0.333056206828942
"linear","imc",20.84330811708,0.333041239215776
"linear","imc",20.8538790269559,0.33302537708845
"linear","imc",20.8538790269559,0.33302537708845
"linear","imc",20.862188365651,0.333012908550744
"linear","imc",20.862188365651,0.333012908550744
"linear","imc",20.9266438330385,0.332916190213104
"linear","imc",20.9266438330385,0.332916190213104
"linear","imc",20.9266438330385,0.332916190213104
"linear","imc",20.9324806662701,0.332907431781428
"linear","imc",20.9324806662701,0.332907431781428
"linear","imc",20.9342560553633,0.332904767729972
"linear","imc",20.9342560553633,0.332904767729972
"linear","imc",21.023693683003,0.330675006495192
"linear","imc",21.023693683003,0.330675006495192
"linear","imc",21.038916655987,0.330295483961628
"linear","imc",21.038916655987,0.330295483961628
"linear","imc",21.0640021604105,0.329670079567589
"linear","imc",21.0640021604105,0.329670079567589
"linear","imc",21.080131525607,0.329267959853484
"linear","imc",21.080131525607,0.329267959853484
"linear","imc",21.0828132906055,0.329201101017977
"linear","imc",21.0828132906055,0.329201101017977
"linear","imc",21.1072664359862,0.328591461908833
"linear","imc",21.1072664359862,0.328591461908833
"linear","imc",21.1148330761414,0.328402818701932
"linear","imc",21.1148330761414,0.328402818701932
"linear","imc",21.2278876170656,0.32603222871952
"linear","imc",21.2278876170656,0.32603222871952
"linear","imc",21.2584689034038,0.325390983436933
"linear","imc",21.2653844706237,0.325245974008386
"linear","imc",21.2653844706237,0.325245974008386
"linear","imc",21.2787537019757,0.324965640590049
"linear","imc",21.2787537019757,0.324965640590049
"linear","imc",21.3039485766759,0.324437340558189
"linear","imc",21.3398994562429,0.324378131611148
"linear","imc",21.3398994562429,0.324378131611148
"linear","imc",21.4201383032552,0.324245983032293
"linear","imc",21.4201383032552,0.324245983032293
"linear","imc",21.4902855137933,0.324130454774742
"linear","imc",21.4902855137933,0.324130454774742
"linear","imc",21.5138585105239,0.324821229805798
"linear","imc",21.5138585105239,0.324821229805798
"linear","imc",21.6812622969793,0.32972677308946
"linear","imc",21.8207117557767,0.337002731822482
"linear","imc",21.8207117557767,0.337002731822482
"linear","imc",21.875,0.339835292293231
"linear","imc",21.875,0.339835292293231
"linear","imc",21.875,0.339835292293231
"linear","imc",21.8864089728631,0.340430570442419
"linear","imc",21.8864089728631,0.340430570442419
"linear","imc",21.9115526357955,0.342995570156052
"linear","imc",21.9138056975895,0.343225413471713
"linear","imc",21.9363474122546,0.345524978647091
"linear","imc",21.9363474122546,0.345524978647091
"linear","imc",21.9428007889546,0.346183311899171
"linear","imc",21.9428007889546,0.346183311899171
"linear","imc",21.953125,0.347236523535281
"linear","imc",21.953125,0.347236523535281
"linear","imc",21.9555555555556,0.347484473657772
"linear","imc",21.9555555555556,0.347484473657772
"linear","imc",21.9773511187082,0.34970792110834
"linear","imc",21.9773511187082,0.34970792110834
"linear","imc",22.0323563150192,0.355319208261095
"linear","imc",22.0323563150192,0.355319208261095
"linear","imc",22.1161208954552,0.369011605080317
"linear","imc",22.1161208954552,0.369011605080317
"linear","imc",22.1369539551358,0.37241703633325
"linear","imc",22.1827861579414,0.379908898700947
"linear","imc",22.1827861579414,0.379908898700947
"linear","imc",22.1827861579414,0.379908898700947
"linear","imc",22.1827861579414,0.379908898700947
"linear","imc",22.2290619335864,0.387473268747932
"linear","imc",22.2290619335864,0.387473268747932
"linear","imc",22.2599436750125,0.394162959034039
"linear","imc",22.2599436750125,0.394162959034039
"linear","imc",22.3081499107674,0.404605530345327
"linear","imc",22.3081499107674,0.404605530345327
"linear","imc",22.323582299022,0.407948537994198
"linear","imc",22.323582299022,0.407948537994198
"linear","imc",22.3742603550296,0.418926562008934
"linear","imc",22.3742603550296,0.418926562008934
"linear","imc",22.4112977500987,0.426949707420247
"linear","imc",22.4112977500987,0.426949707420247
"linear","imc",22.4460853831483,0.433687005893405
"linear","imc",22.4460853831483,0.433687005893405
"linear","imc",22.5161264148647,0.44725180736661
"linear","imc",22.5215080401784,0.448294063272815
"linear","imc",22.5934903047091,0.462234822054119
"linear","imc",22.5934903047091,0.462234822054119
"linear","imc",22.6171875,0.46682424259398
"linear","imc",22.6171875,0.46682424259398
"linear","imc",22.734375,0.479950705134608
"linear","imc",22.734375,0.479950705134608
"linear","imc",22.7355734112491,0.480084942151094
"linear","imc",22.7355734112491,0.480084942151094
"linear","imc",22.759555785124,0.482771267333421
"linear","imc",22.8099030470914,0.488410789025059
"linear","imc",22.8328793462586,0.489294891680644
"linear","imc",22.8658536585366,0.490563706855746
"linear","imc",22.8658536585366,0.490563706855746
"linear","imc",22.887902695595,0.491412129487892
"linear","imc",22.887902695595,0.491412129487892
"linear","imc",22.8928199791883,0.491601341138189
"linear","imc",22.9214498099289,0.492702985454466
"linear","imc",23.107067249223,0.492651637521132
"linear","imc",23.107067249223,0.492651637521132
"linear","imc",23.1084345786212,0.49265125927252
"linear","imc",23.1084345786212,0.49265125927252
"linear","imc",23.5116873630387,0.466454039907543
"linear","imc",23.5116873630387,0.466454039907543
"linear","imc",23.5883292204964,0.459868016550161
"linear","imc",23.7387593354671,0.446618241400697
"linear","imc",23.7387593354671,0.446618241400697
"linear","imc",23.8330046022354,0.438323390818724
"linear","imc",23.8330046022354,0.438323390818724
"linear","imc",24.0831611570248,0.417098724205524
"linear","imc",24.0831611570248,0.417098724205524
"linear","imc",24.1634988144078,0.410718917735613
"linear","imc",24.1634988144078,0.410718917735613
"linear","imc",24.1888816017901,0.408703209580297
"linear","imc",24.2382271468144,0.404784561244476
"linear","imc",24.2382271468144,0.404784561244476
"linear","imc",24.2971799482479,0.400296623617052
"linear","imc",24.2971799482479,0.400296623617052
"linear","imc",24.8015873015873,0.366254282673589
"linear","imc",24.8015873015873,0.366254282673589
"linear","imc",24.9218780139655,0.359199067411056
"linear","imc",24.9218780139655,0.359199067411056
"linear","imc",25.5842647699231,0.325925024986564
"linear","imc",25.6367009613763,0.323677645596096
"linear","imc",25.78125,0.317482372420989
"linear","imc",25.8572020023336,0.314363416255644
"linear","imc",26.0251017407065,0.306674302397032
"linear","imc",26.0251017407065,0.306674302397032
"linear","imc",26.253619875019,0.289802984336506
"linear","imc",26.253619875019,0.289802984336506
"linear","imc",26.253619875019,0.289802984336506
"linear","imc",26.7870751409846,0.20011571576976
"linear","imc",26.7870751409846,0.20011571576976
"linear","imc",26.8122371822075,0.193856282230854
"linear","imc",26.9556811421773,0.158172454911937
"linear","imc",26.9556811421773,0.158172454911937
"linear","imc",26.9556811421773,0.158172454911937
"linear","imc",26.9640359998566,0.156094059287855
"linear","imc",26.9640359998566,0.156094059287855
"linear","imc",27.2024983563445,0.0890656750397917
"linear","imc",27.4910011471065,0.000423955548848076
"linear","imc",27.5723208415516,-0.025439006464247
"linear","imc",27.7366863905325,-0.0783292078886274
"linear","imc",27.7366863905325,-0.0783292078886274
"linear","imc",28.2416963783074,-0.241711596174027
"linear","imc",28.2416963783074,-0.241711596174027
"linear","imc",34.0650437868909,-1.96602260967736
"linear","imc",34.0650437868909,-1.96602260967736
"linear","cifose_toracica",0,0.51733964140577
"linear","cifose_toracica",2,0.366438633086467
"linear","cifose_toracica",2,0.366438633086467
"linear","cifose_toracica",2,0.366438633086467
"linear","cifose_toracica",2,0.366438633086467
"linear","cifose_toracica",2,0.366438633086467
"linear","cifose_toracica",2,0.366438633086467
"linear","cifose_toracica",2,0.366438633086467
"linear","cifose_toracica",2,0.366438633086467
"linear","cifose_toracica",2,0.366438633086467
"linear","cifose_toracica",3,0.295458089587429
"linear","cifose_toracica",3,0.295458089587429
"linear","cifose_toracica",3,0.295458089587429
"linear","cifose_toracica",4,0.227653421162536
"linear","cifose_toracica",4,0.227653421162536
"linear","cifose_toracica",4,0.227653421162536
"linear","cifose_toracica",4,0.227653421162536
"linear","cifose_toracica",4,0.227653421162536
"linear","cifose_toracica",4,0.227653421162536
"linear","cifose_toracica",5,0.16329867666717
"linear","cifose_toracica",5,0.16329867666717
"linear","cifose_toracica",5,0.16329867666717
"linear","cifose_toracica",6,0.10240998936344
"linear","cifose_toracica",6,0.10240998936344
"linear","cifose_toracica",6,0.10240998936344
"linear","cifose_toracica",6,0.10240998936344
"linear","cifose_toracica",6,0.10240998936344
"linear","cifose_toracica",6,0.10240998936344
"linear","cifose_toracica",6,0.10240998936344
"linear","cifose_toracica",6,0.10240998936344
"linear","cifose_toracica",6,0.10240998936344
"linear","cifose_toracica",6,0.10240998936344
"linear","cifose_toracica",6,0.10240998936344
"linear","cifose_toracica",6,0.10240998936344
"linear","cifose_toracica",7,0.0446652585631025
"linear","cifose_toracica",7,0.0446652585631025
"linear","cifose_toracica",7,0.0446652585631025
"linear","cifose_toracica",7,0.0446652585631025
"linear","cifose_toracica",8,-0.0103434005503967
"linear","cifose_toracica",8,-0.0103434005503967
"linear","cifose_toracica",8,-0.0103434005503967
"linear","cifose_toracica",8,-0.0103434005503967
"linear","cifose_toracica",8,-0.0103434005503967
"linear","cifose_toracica",8,-0.0103434005503967
"linear","cifose_toracica",8,-0.0103434005503967
"linear","cifose_toracica",8,-0.0103434005503967
"linear","cifose_toracica",8,-0.0103434005503967
"linear","cifose_toracica",8,-0.0103434005503967
"linear","cifose_toracica",8,-0.0103434005503967
"linear","cifose_toracica",8,-0.0103434005503967
"linear","cifose_toracica",8,-0.0103434005503967
"linear","cifose_toracica",8,-0.0103434005503967
"linear","cifose_toracica",8,-0.0103434005503967
"linear","cifose_toracica",8,-0.0103434005503967
"linear","cifose_toracica",8,-0.0103434005503967
"linear","cifose_toracica",8,-0.0103434005503967
"linear","cifose_toracica",8,-0.0103434005503967
"linear","cifose_toracica",9,-0.0631404323277937
"linear","cifose_toracica",9,-0.0631404323277937
"linear","cifose_toracica",9,-0.0631404323277937
"linear","cifose_toracica",9,-0.0631404323277937
"linear","cifose_toracica",9,-0.0631404323277937
"linear","cifose_toracica",9,-0.0631404323277937
"linear","cifose_toracica",9,-0.0631404323277937
"linear","cifose_toracica",9,-0.0631404323277937
"linear","cifose_toracica",10,-0.114118135078793
"linear","cifose_toracica",10,-0.114118135078793
"linear","cifose_toracica",10,-0.114118135078793
"linear","cifose_toracica",10,-0.114118135078793
"linear","cifose_toracica",10,-0.114118135078793
"linear","cifose_toracica",10,-0.114118135078793
"linear","cifose_toracica",10,-0.114118135078793
"linear","cifose_toracica",10,-0.114118135078793
"linear","cifose_toracica",10,-0.114118135078793
"linear","cifose_toracica",10,-0.114118135078793
"linear","cifose_toracica",10,-0.114118135078793
"linear","cifose_toracica",10,-0.114118135078793
"linear","cifose_toracica",10,-0.114118135078793
"linear","cifose_toracica",10,-0.114118135078793
"linear","cifose_toracica",10,-0.114118135078793
"linear","cifose_toracica",11,-0.163811639915917
"linear","cifose_toracica",11,-0.163811639915917
"linear","cifose_toracica",11,-0.163811639915917
"linear","cifose_toracica",11,-0.163811639915917
"linear","cifose_toracica",11,-0.163811639915917
"linear","cifose_toracica",11,-0.163811639915917
"linear","cifose_toracica",11,-0.163811639915917
"linear","cifose_toracica",11,-0.163811639915917
"linear","cifose_toracica",12,-0.212679521859248
"linear","cifose_toracica",12,-0.212679521859248
"linear","cifose_toracica",12,-0.212679521859248
"linear","cifose_toracica",12,-0.212679521859248
"linear","cifose_toracica",12,-0.212679521859248
"linear","cifose_toracica",12,-0.212679521859248
"linear","cifose_toracica",12,-0.212679521859248
"linear","cifose_toracica",12,-0.212679521859248
"linear","cifose_toracica",12,-0.212679521859248
"linear","cifose_toracica",12,-0.212679521859248
"linear","cifose_toracica",12,-0.212679521859248
"linear","cifose_toracica",12,-0.212679521859248
"linear","cifose_toracica",12,-0.212679521859248
"linear","cifose_toracica",12,-0.212679521859248
"linear","cifose_toracica",12,-0.212679521859248
"linear","cifose_toracica",12,-0.212679521859248
"linear","cifose_toracica",12,-0.212679521859248
"linear","cifose_toracica",12,-0.212679521859248
"linear","cifose_toracica",12,-0.212679521859248
"linear","cifose_toracica",12,-0.212679521859248
"linear","cifose_toracica",12,-0.212679521859248
"linear","cifose_toracica",12,-0.212679521859248
"linear","cifose_toracica",12,-0.212679521859248
"linear","cifose_toracica",12,-0.212679521859248
"linear","cifose_toracica",12,-0.212679521859248
"linear","cifose_toracica",12,-0.212679521859248
"linear","cifose_toracica",13,-0.259633575980821
"linear","cifose_toracica",13,-0.259633575980821
"linear","cifose_toracica",13,-0.259633575980821
"linear","cifose_toracica",13,-0.259633575980821
"linear","cifose_toracica",13,-0.259633575980821
"linear","cifose_toracica",13,-0.259633575980821
"linear","cifose_toracica",13,-0.259633575980821
"linear","cifose_toracica",13,-0.259633575980821
"linear","cifose_toracica",13,-0.259633575980821
"linear","cifose_toracica",13,-0.259633575980821
"linear","cifose_toracica",13,-0.259633575980821
"linear","cifose_toracica",13,-0.259633575980821
"linear","cifose_toracica",13,-0.259633575980821
"linear","cifose_toracica",13,-0.259633575980821
"linear","cifose_toracica",13,-0.259633575980821
"linear","cifose_toracica",13,-0.259633575980821
"linear","cifose_toracica",13,-0.259633575980821
"linear","cifose_toracica",13,-0.259633575980821
"linear","cifose_toracica",14,-0.300243559216481
"linear","cifose_toracica",14,-0.300243559216481
"linear","cifose_toracica",14,-0.300243559216481
"linear","cifose_toracica",14,-0.300243559216481
"linear","cifose_toracica",14,-0.300243559216481
"linear","cifose_toracica",14,-0.300243559216481
"linear","cifose_toracica",14,-0.300243559216481
"linear","cifose_toracica",14,-0.300243559216481
"linear","cifose_toracica",14,-0.300243559216481
"linear","cifose_toracica",14,-0.300243559216481
"linear","cifose_toracica",14,-0.300243559216481
"linear","cifose_toracica",14,-0.300243559216481
"linear","cifose_toracica",14,-0.300243559216481
"linear","cifose_toracica",14,-0.300243559216481
"linear","cifose_toracica",14,-0.300243559216481
"linear","cifose_toracica",14,-0.300243559216481
"linear","cifose_toracica",14,-0.300243559216481
"linear","cifose_toracica",14,-0.300243559216481
"linear","cifose_toracica",14,-0.300243559216481
"linear","cifose_toracica",14,-0.300243559216481
"linear","cifose_toracica",14,-0.300243559216481
"linear","cifose_toracica",14,-0.300243559216481
"linear","cifose_toracica",14,-0.300243559216481
"linear","cifose_toracica",14,-0.300243559216481
"linear","cifose_toracica",14,-0.300243559216481
"linear","cifose_toracica",14,-0.300243559216481
"linear","cifose_toracica",14,-0.300243559216481
"linear","cifose_toracica",14,-0.300243559216481
"linear","cifose_toracica",14,-0.300243559216481
"linear","cifose_toracica",15,-0.311801208347264
"linear","cifose_toracica",15,-0.311801208347264
"linear","cifose_toracica",15,-0.311801208347264
"linear","cifose_toracica",15,-0.311801208347264
"linear","cifose_toracica",15,-0.311801208347264
"linear","cifose_toracica",15,-0.311801208347264
"linear","cifose_toracica",15,-0.311801208347264
"linear","cifose_toracica",15,-0.311801208347264
"linear","cifose_toracica",15,-0.311801208347264
"linear","cifose_toracica",15,-0.311801208347264
"linear","cifose_toracica",16,-0.329483847162484
"linear","cifose_toracica",16,-0.329483847162484
"linear","cifose_toracica",16,-0.329483847162484
"linear","cifose_toracica",16,-0.329483847162484
"linear","cifose_toracica",16,-0.329483847162484
"linear","cifose_toracica",16,-0.329483847162484
"linear","cifose_toracica",16,-0.329483847162484
"linear","cifose_toracica",16,-0.329483847162484
"linear","cifose_toracica",16,-0.329483847162484
"linear","cifose_toracica",16,-0.329483847162484
"linear","cifose_toracica",16,-0.329483847162484
"linear","cifose_toracica",16,-0.329483847162484
"linear","cifose_toracica",17,-0.328432569609412
"linear","cifose_toracica",17,-0.328432569609412
"linear","cifose_toracica",17,-0.328432569609412
"linear","cifose_toracica",17,-0.328432569609412
"linear","cifose_toracica",17,-0.328432569609412
"linear","cifose_toracica",17,-0.328432569609412
"linear","cifose_toracica",17,-0.328432569609412
"linear","cifose_toracica",17,-0.328432569609412
"linear","cifose_toracica",17,-0.328432569609412
"linear","cifose_toracica",17,-0.328432569609412
"linear","cifose_toracica",17,-0.328432569609412
"linear","cifose_toracica",17,-0.328432569609412
"linear","cifose_toracica",17,-0.328432569609412
"linear","cifose_toracica",17,-0.328432569609412
"linear","cifose_toracica",17,-0.328432569609412
"linear","cifose_toracica",17,-0.328432569609412
"linear","cifose_toracica",17,-0.328432569609412
"linear","cifose_toracica",17,-0.328432569609412
"linear","cifose_toracica",18,-0.321643141090566
"linear","cifose_toracica",18,-0.321643141090566
"linear","cifose_toracica",18,-0.321643141090566
"linear","cifose_toracica",18,-0.321643141090566
"linear","cifose_toracica",18,-0.321643141090566
"linear","cifose_toracica",18,-0.321643141090566
"linear","cifose_toracica",18,-0.321643141090566
"linear","cifose_toracica",18,-0.321643141090566
"linear","cifose_toracica",18,-0.321643141090566
"linear","cifose_toracica",18,-0.321643141090566
"linear","cifose_toracica",18,-0.321643141090566
"linear","cifose_toracica",18,-0.321643141090566
"linear","cifose_toracica",18,-0.321643141090566
"linear","cifose_toracica",18,-0.321643141090566
"linear","cifose_toracica",18,-0.321643141090566
"linear","cifose_toracica",18,-0.321643141090566
"linear","cifose_toracica",18,-0.321643141090566
"linear","cifose_toracica",18,-0.321643141090566
"linear","cifose_toracica",18,-0.321643141090566
"linear","cifose_toracica",18,-0.321643141090566
"linear","cifose_toracica",18,-0.321643141090566
"linear","cifose_toracica",18,-0.321643141090566
"linear","cifose_toracica",18,-0.321643141090566
"linear","cifose_toracica",18,-0.321643141090566
"linear","cifose_toracica",18,-0.321643141090566
"linear","cifose_toracica",18,-0.321643141090566
"linear","cifose_toracica",18,-0.321643141090566
"linear","cifose_toracica",18,-0.321643141090566
"linear","cifose_toracica",18,-0.321643141090566
"linear","cifose_toracica",18,-0.321643141090566
"linear","cifose_toracica",18,-0.321643141090566
"linear","cifose_toracica",18,-0.321643141090566
"linear","cifose_toracica",18,-0.321643141090566
"linear","cifose_toracica",18,-0.321643141090566
"linear","cifose_toracica",18,-0.321643141090566
"linear","cifose_toracica",18,-0.321643141090566
"linear","cifose_toracica",18,-0.321643141090566
"linear","cifose_toracica",18,-0.321643141090566
"linear","cifose_toracica",18,-0.321643141090566
"linear","cifose_toracica",18,-0.321643141090566
"linear","cifose_toracica",18,-0.321643141090566
"linear","cifose_toracica",18,-0.321643141090566
"linear","cifose_toracica",18,-0.321643141090566
"linear","cifose_toracica",19,-0.335770391537577
"linear","cifose_toracica",19,-0.335770391537577
"linear","cifose_toracica",19,-0.335770391537577
"linear","cifose_toracica",19,-0.335770391537577
"linear","cifose_toracica",19,-0.335770391537577
"linear","cifose_toracica",19,-0.335770391537577
"linear","cifose_toracica",19,-0.335770391537577
"linear","cifose_toracica",19,-0.335770391537577
"linear","cifose_toracica",19,-0.335770391537577
"linear","cifose_toracica",19,-0.335770391537577
"linear","cifose_toracica",19,-0.335770391537577
"linear","cifose_toracica",19,-0.335770391537577
"linear","cifose_toracica",19,-0.335770391537577
"linear","cifose_toracica",19,-0.335770391537577
"linear","cifose_toracica",19,-0.335770391537577
"linear","cifose_toracica",19,-0.335770391537577
"linear","cifose_toracica",19,-0.335770391537577
"linear","cifose_toracica",19,-0.335770391537577
"linear","cifose_toracica",19,-0.335770391537577
"linear","cifose_toracica",19,-0.335770391537577
"linear","cifose_toracica",19,-0.335770391537577
"linear","cifose_toracica",20,-0.38504105730199
"linear","cifose_toracica",20,-0.38504105730199
"linear","cifose_toracica",20,-0.38504105730199
"linear","cifose_toracica",20,-0.38504105730199
"linear","cifose_toracica",20,-0.38504105730199
"linear","cifose_toracica",20,-0.38504105730199
"linear","cifose_toracica",20,-0.38504105730199
"linear","cifose_toracica",20,-0.38504105730199
"linear","cifose_toracica",20,-0.38504105730199
"linear","cifose_toracica",20,-0.38504105730199
"linear","cifose_toracica",20,-0.38504105730199
"linear","cifose_toracica",20,-0.38504105730199
"linear","cifose_toracica",20,-0.38504105730199
"linear","cifose_toracica",20,-0.38504105730199
"linear","cifose_toracica",20,-0.38504105730199
"linear","cifose_toracica",20,-0.38504105730199
"linear","cifose_toracica",20,-0.38504105730199
"linear","cifose_toracica",20,-0.38504105730199
"linear","cifose_toracica",20,-0.38504105730199
"linear","cifose_toracica",20,-0.38504105730199
"linear","cifose_toracica",20,-0.38504105730199
"linear","cifose_toracica",20,-0.38504105730199
"linear","cifose_toracica",20,-0.38504105730199
"linear","cifose_toracica",20,-0.38504105730199
"linear","cifose_toracica",21,-0.465798256892081
"linear","cifose_toracica",21,-0.465798256892081
"linear","cifose_toracica",21,-0.465798256892081
"linear","cifose_toracica",21,-0.465798256892081
"linear","cifose_toracica",21,-0.465798256892081
"linear","cifose_toracica",21,-0.465798256892081
"linear","cifose_toracica",21,-0.465798256892081
"linear","cifose_toracica",21,-0.465798256892081
"linear","cifose_toracica",21,-0.465798256892081
"linear","cifose_toracica",21,-0.465798256892081
"linear","cifose_toracica",21,-0.465798256892081
"linear","cifose_toracica",21,-0.465798256892081
"linear","cifose_toracica",21,-0.465798256892081
"linear","cifose_toracica",22,-0.523689945276332
"linear","cifose_toracica",22,-0.523689945276332
"linear","cifose_toracica",22,-0.523689945276332
"linear","cifose_toracica",22,-0.523689945276332
"linear","cifose_toracica",22,-0.523689945276332
"linear","cifose_toracica",22,-0.523689945276332
"linear","cifose_toracica",22,-0.523689945276332
"linear","cifose_toracica",22,-0.523689945276332
"linear","cifose_toracica",22,-0.523689945276332
"linear","cifose_toracica",22,-0.523689945276332
"linear","cifose_toracica",22,-0.523689945276332
"linear","cifose_toracica",22,-0.523689945276332
"linear","cifose_toracica",22,-0.523689945276332
"linear","cifose_toracica",22,-0.523689945276332
"linear","cifose_toracica",22,-0.523689945276332
"linear","cifose_toracica",22,-0.523689945276332
"linear","cifose_toracica",22,-0.523689945276332
"linear","cifose_toracica",22,-0.523689945276332
"linear","cifose_toracica",22,-0.523689945276332
"linear","cifose_toracica",22,-0.523689945276332
"linear","cifose_toracica",22,-0.523689945276332
"linear","cifose_toracica",23,-0.675380027507504
"linear","cifose_toracica",23,-0.675380027507504
"linear","cifose_toracica",23,-0.675380027507504
"linear","cifose_toracica",23,-0.675380027507504
"linear","cifose_toracica",23,-0.675380027507504
"linear","cifose_toracica",23,-0.675380027507504
"linear","cifose_toracica",23,-0.675380027507504
"linear","cifose_toracica",23,-0.675380027507504
"linear","cifose_toracica",23,-0.675380027507504
"linear","cifose_toracica",23,-0.675380027507504
"linear","cifose_toracica",23,-0.675380027507504
"linear","cifose_toracica",23,-0.675380027507504
"linear","cifose_toracica",23,-0.675380027507504
"linear","cifose_toracica",23,-0.675380027507504
"linear","cifose_toracica",23,-0.675380027507504
"linear","cifose_toracica",23,-0.675380027507504
"linear","cifose_toracica",23,-0.675380027507504
"linear","cifose_toracica",23,-0.675380027507504
"linear","cifose_toracica",23,-0.675380027507504
"linear","cifose_toracica",23,-0.675380027507504
"linear","cifose_toracica",23,-0.675380027507504
"linear","cifose_toracica",23,-0.675380027507504
"linear","cifose_toracica",23,-0.675380027507504
"linear","cifose_toracica",23,-0.675380027507504
"linear","cifose_toracica",23,-0.675380027507504
"linear","cifose_toracica",23,-0.675380027507504
"linear","cifose_toracica",23,-0.675380027507504
"linear","cifose_toracica",23,-0.675380027507504
"linear","cifose_toracica",23,-0.675380027507504
"linear","cifose_toracica",23,-0.675380027507504
"linear","cifose_toracica",23,-0.675380027507504
"linear","cifose_toracica",23,-0.675380027507504
"linear","cifose_toracica",23,-0.675380027507504
"linear","cifose_toracica",23,-0.675380027507504
"linear","cifose_toracica",23,-0.675380027507504
"linear","cifose_toracica",23,-0.675380027507504
"linear","cifose_toracica",23,-0.675380027507504
"linear","cifose_toracica",24,-0.782839769738931
"linear","cifose_toracica",24,-0.782839769738931
"linear","cifose_toracica",24,-0.782839769738931
"linear","cifose_toracica",24,-0.782839769738931
"linear","cifose_toracica",24,-0.782839769738931
"linear","cifose_toracica",24,-0.782839769738931
"linear","cifose_toracica",24,-0.782839769738931
"linear","cifose_toracica",24,-0.782839769738931
"linear","cifose_toracica",24,-0.782839769738931
"linear","cifose_toracica",24,-0.782839769738931
"linear","cifose_toracica",24,-0.782839769738931
"linear","cifose_toracica",24,-0.782839769738931
"linear","cifose_toracica",24,-0.782839769738931
"linear","cifose_toracica",24,-0.782839769738931
"linear","cifose_toracica",24,-0.782839769738931
"linear","cifose_toracica",24,-0.782839769738931
"linear","cifose_toracica",24,-0.782839769738931
"linear","cifose_toracica",24,-0.782839769738931
"linear","cifose_toracica",24,-0.782839769738931
"linear","cifose_toracica",25,-0.888671824764484
"linear","cifose_toracica",25,-0.888671824764484
"linear","cifose_toracica",25,-0.888671824764484
"linear","cifose_toracica",25,-0.888671824764484
"linear","cifose_toracica",25,-0.888671824764484
"linear","cifose_toracica",25,-0.888671824764484
"linear","cifose_toracica",25,-0.888671824764484
"linear","cifose_toracica",25,-0.888671824764484
"linear","cifose_toracica",25,-0.888671824764484
"linear","cifose_toracica",25,-0.888671824764484
"linear","cifose_toracica",25,-0.888671824764484
"linear","cifose_toracica",25,-0.888671824764484
"linear","cifose_toracica",25,-0.888671824764484
"linear","cifose_toracica",26,-1.01662684519467
"linear","cifose_toracica",26,-1.01662684519467
"linear","cifose_toracica",26,-1.01662684519467
"linear","cifose_toracica",26,-1.01662684519467
"linear","cifose_toracica",26,-1.01662684519467
"linear","cifose_toracica",26,-1.01662684519467
"linear","cifose_toracica",26,-1.01662684519467
"linear","cifose_toracica",26,-1.01662684519467
"linear","cifose_toracica",26,-1.01662684519467
"linear","cifose_toracica",26,-1.01662684519467
"linear","cifose_toracica",26,-1.01662684519467
"linear","cifose_toracica",27,-1.15541864684869
"linear","cifose_toracica",27,-1.15541864684869
"linear","cifose_toracica",27,-1.15541864684869
"linear","cifose_toracica",27,-1.15541864684869
"linear","cifose_toracica",27,-1.15541864684869
"linear","cifose_toracica",27,-1.15541864684869
"linear","cifose_toracica",27,-1.15541864684869
"linear","cifose_toracica",27,-1.15541864684869
"linear","cifose_toracica",27,-1.15541864684869
"linear","cifose_toracica",27,-1.15541864684869
"linear","cifose_toracica",27,-1.15541864684869
"linear","cifose_toracica",27,-1.15541864684869
"linear","cifose_toracica",27,-1.15541864684869
"linear","cifose_toracica",28,-1.29196124542852
"linear","cifose_toracica",28,-1.29196124542852
"linear","cifose_toracica",28,-1.29196124542852
"linear","cifose_toracica",28,-1.29196124542852
"linear","cifose_toracica",28,-1.29196124542852
"linear","cifose_toracica",28,-1.29196124542852
"linear","cifose_toracica",28,-1.29196124542852
"linear","cifose_toracica",28,-1.29196124542852
"linear","cifose_toracica",28,-1.29196124542852
"linear","cifose_toracica",28,-1.29196124542852
"linear","cifose_toracica",28,-1.29196124542852
"linear","cifose_toracica",28,-1.29196124542852
"linear","cifose_toracica",28,-1.29196124542852
"linear","cifose_toracica",28,-1.29196124542852
"linear","cifose_toracica",28,-1.29196124542852
"linear","cifose_toracica",28,-1.29196124542852
"linear","cifose_toracica",28,-1.29196124542852
"linear","cifose_toracica",28,-1.29196124542852
"linear","cifose_toracica",28,-1.29196124542852
"linear","cifose_toracica",28,-1.29196124542852
"linear","cifose_toracica",29,-1.39652424353689
"linear","cifose_toracica",29,-1.39652424353689
"linear","cifose_toracica",29,-1.39652424353689
"linear","cifose_toracica",29,-1.39652424353689
"linear","cifose_toracica",29,-1.39652424353689
"linear","cifose_toracica",29,-1.39652424353689
"linear","cifose_toracica",29,-1.39652424353689
"linear","cifose_toracica",29,-1.39652424353689
"linear","cifose_toracica",29,-1.39652424353689
"linear","cifose_toracica",29,-1.39652424353689
"linear","cifose_toracica",29,-1.39652424353689
"linear","cifose_toracica",29,-1.39652424353689
"linear","cifose_toracica",29,-1.39652424353689
"linear","cifose_toracica",29,-1.39652424353689
"linear","cifose_toracica",29,-1.39652424353689
"linear","cifose_toracica",30,-1.50507425164232
"linear","cifose_toracica",30,-1.50507425164232
"linear","cifose_toracica",30,-1.50507425164232
"linear","cifose_toracica",30,-1.50507425164232
"linear","cifose_toracica",30,-1.50507425164232
"linear","cifose_toracica",30,-1.50507425164232
"linear","cifose_toracica",30,-1.50507425164232
"linear","cifose_toracica",30,-1.50507425164232
"linear","cifose_toracica",30,-1.50507425164232
"linear","cifose_toracica",30,-1.50507425164232
"linear","cifose_toracica",30,-1.50507425164232
"linear","cifose_toracica",30,-1.50507425164232
"linear","cifose_toracica",30,-1.50507425164232
"linear","cifose_toracica",30,-1.50507425164232
"linear","cifose_toracica",30,-1.50507425164232
"linear","cifose_toracica",30,-1.50507425164232
"linear","cifose_toracica",30,-1.50507425164232
"linear","cifose_toracica",30,-1.50507425164232
"linear","cifose_toracica",30,-1.50507425164232
"linear","cifose_toracica",30,-1.50507425164232
"linear","cifose_toracica",30,-1.50507425164232
"linear","cifose_toracica",30,-1.50507425164232
"linear","cifose_toracica",31,-1.55851098252812
"linear","cifose_toracica",31,-1.55851098252812
"linear","cifose_toracica",31,-1.55851098252812
"linear","cifose_toracica",31,-1.55851098252812
"linear","cifose_toracica",31,-1.55851098252812
"linear","cifose_toracica",31,-1.55851098252812
"linear","cifose_toracica",31,-1.55851098252812
"linear","cifose_toracica",31,-1.55851098252812
"linear","cifose_toracica",31,-1.55851098252812
"linear","cifose_toracica",31,-1.55851098252812
"linear","cifose_toracica",32,-1.61733865369347
"linear","cifose_toracica",32,-1.61733865369347
"linear","cifose_toracica",32,-1.61733865369347
"linear","cifose_toracica",32,-1.61733865369347
"linear","cifose_toracica",32,-1.61733865369347
"linear","cifose_toracica",32,-1.61733865369347
"linear","cifose_toracica",32,-1.61733865369347
"linear","cifose_toracica",32,-1.61733865369347
"linear","cifose_toracica",32,-1.61733865369347
"linear","cifose_toracica",32,-1.61733865369347
"linear","cifose_toracica",32,-1.61733865369347
"linear","cifose_toracica",32,-1.61733865369347
"linear","cifose_toracica",32,-1.61733865369347
"linear","cifose_toracica",32,-1.61733865369347
"linear","cifose_toracica",32,-1.61733865369347
"linear","cifose_toracica",32,-1.61733865369347
"linear","cifose_toracica",32,-1.61733865369347
"linear","cifose_toracica",32,-1.61733865369347
"linear","cifose_toracica",32,-1.61733865369347
"linear","cifose_toracica",32,-1.61733865369347
"linear","cifose_toracica",32,-1.61733865369347
"linear","cifose_toracica",32,-1.61733865369347
"linear","cifose_toracica",33,-1.59656911128379
"linear","cifose_toracica",33,-1.59656911128379
"linear","cifose_toracica",33,-1.59656911128379
"linear","cifose_toracica",33,-1.59656911128379
"linear","cifose_toracica",33,-1.59656911128379
"linear","cifose_toracica",33,-1.59656911128379
"linear","cifose_toracica",33,-1.59656911128379
"linear","cifose_toracica",33,-1.59656911128379
"linear","cifose_toracica",33,-1.59656911128379
"linear","cifose_toracica",33,-1.59656911128379
"linear","cifose_toracica",33,-1.59656911128379
"linear","cifose_toracica",33,-1.59656911128379
"linear","cifose_toracica",33,-1.59656911128379
"linear","cifose_toracica",33,-1.59656911128379
"linear","cifose_toracica",33,-1.59656911128379
"linear","cifose_toracica",33,-1.59656911128379
"linear","cifose_toracica",34,-1.55839466459047
"linear","cifose_toracica",34,-1.55839466459047
"linear","cifose_toracica",34,-1.55839466459047
"linear","cifose_toracica",34,-1.55839466459047
"linear","cifose_toracica",34,-1.55839466459047
"linear","cifose_toracica",34,-1.55839466459047
"linear","cifose_toracica",34,-1.55839466459047
"linear","cifose_toracica",34,-1.55839466459047
"linear","cifose_toracica",34,-1.55839466459047
"linear","cifose_toracica",34,-1.55839466459047
"linear","cifose_toracica",34,-1.55839466459047
"linear","cifose_toracica",34,-1.55839466459047
"linear","cifose_toracica",35,-1.52373569634507
"linear","cifose_toracica",35,-1.52373569634507
"linear","cifose_toracica",35,-1.52373569634507
"linear","cifose_toracica",36,-1.48867429975585
"linear","cifose_toracica",36,-1.48867429975585
"linear","cifose_toracica",36,-1.48867429975585
"linear","cifose_toracica",36,-1.48867429975585
"linear","cifose_toracica",37,-1.45126504937301
"linear","cifose_toracica",37,-1.45126504937301
"linear","cifose_toracica",37,-1.45126504937301
"linear","cifose_toracica",37,-1.45126504937301
"linear","cifose_toracica",37,-1.45126504937301
"linear","cifose_toracica",37,-1.45126504937301
"linear","cifose_toracica",37,-1.45126504937301
"linear","cifose_toracica",37,-1.45126504937301
"linear","cifose_toracica",38,-1.41012525493859
"linear","cifose_toracica",38,-1.41012525493859
"linear","cifose_toracica",38,-1.41012525493859
"linear","cifose_toracica",38,-1.41012525493859
"linear","cifose_toracica",38,-1.41012525493859
"linear","cifose_toracica",38,-1.41012525493859
"linear","cifose_toracica",38,-1.41012525493859
"linear","cifose_toracica",38,-1.41012525493859
"linear","cifose_toracica",38,-1.41012525493859
"linear","cifose_toracica",39,-1.34751388383678
"linear","cifose_toracica",39,-1.34751388383678
"linear","cifose_toracica",39,-1.34751388383678
"linear","cifose_toracica",39,-1.34751388383678
"linear","cifose_toracica",39,-1.34751388383678
"linear","cifose_toracica",39,-1.34751388383678
"linear","cifose_toracica",39,-1.34751388383678
"linear","cifose_toracica",40,-1.2747617631864
"linear","cifose_toracica",40,-1.2747617631864
"linear","cifose_toracica",40,-1.2747617631864
"linear","cifose_toracica",40,-1.2747617631864
"linear","cifose_toracica",40,-1.2747617631864
"linear","cifose_toracica",41,-1.19502612965105
"linear","cifose_toracica",41,-1.19502612965105
"linear","cifose_toracica",41,-1.19502612965105
"linear","cifose_toracica",41,-1.19502612965105
"linear","cifose_toracica",41,-1.19502612965105
"linear","cifose_toracica",41,-1.19502612965105
"linear","cifose_toracica",42,-1.1019309633164
"linear","cifose_toracica",42,-1.1019309633164
"linear","cifose_toracica",42,-1.1019309633164
"linear","cifose_toracica",42,-1.1019309633164
"linear","cifose_toracica",43,-0.99722961415987
"linear","cifose_toracica",43,-0.99722961415987
"linear","cifose_toracica",43,-0.99722961415987
"linear","cifose_toracica",44,-0.885842262749982
"linear","cifose_toracica",44,-0.885842262749982
"linear","cifose_toracica",44,-0.885842262749982
"linear","cifose_toracica",44,-0.885842262749982
"linear","cifose_toracica",46,-0.662745230228955
"linear","cifose_toracica",46,-0.662745230228955
"linear","cifose_toracica",46,-0.662745230228955
"linear","cifose_toracica",46,-0.662745230228955
"linear","cifose_toracica",46,-0.662745230228955
"linear","cifose_toracica",46,-0.662745230228955
"linear","cifose_toracica",46,-0.662745230228955
"linear","cifose_toracica",46,-0.662745230228955
"linear","cifose_toracica",46,-0.662745230228955
"linear","cifose_toracica",48,-0.451176912971111
"linear","cifose_toracica",49,-0.349741519818484
"linear","cifose_toracica",49,-0.349741519818484
"linear","cifose_toracica",49,-0.349741519818484
"linear","cifose_toracica",49,-0.349741519818484
"linear","cifose_toracica",50,-0.250368619651326
"linear","cifose_toracica",50,-0.250368619651326
"linear","cifose_toracica",51,-0.152145556460435
"linear","cifose_toracica",51,-0.152145556460435
"linear","cifose_toracica",51,-0.152145556460435
"linear","cifose_toracica",51,-0.152145556460435
"linear","cifose_toracica",52,-0.0543388515078053
"linear","cifose_toracica",55,0.241938552392191
"linear","cifose_toracica",55,0.241938552392191
"linear","cifose_toracica",58,0.549248537940768
"linear","cifose_toracica",58,0.549248537940768
"linear","cifose_toracica",59,0.654544291351163
"linear","cifose_toracica",62,0.978892696395927
"linear","cifose_toracica",62,0.978892696395927
"linear","cifose_toracica",68,1.6600702035293
"linear","lordose_lombar",17,2.17520974509321
"linear","lordose_lombar",21,1.76141037107875
"linear","lordose_lombar",21,1.76141037107875
"linear","lordose_lombar",25,1.35109539081914
"linear","lordose_lombar",25,1.35109539081914
"linear","lordose_lombar",25,1.35109539081914
"linear","lordose_lombar",25,1.35109539081914
"linear","lordose_lombar",26,1.24724906828769
"linear","lordose_lombar",26,1.24724906828769
"linear","lordose_lombar",26,1.24724906828769
"linear","lordose_lombar",26,1.24724906828769
"linear","lordose_lombar",27,1.14235455453115
"linear","lordose_lombar",27,1.14235455453115
"linear","lordose_lombar",27,1.14235455453115
"linear","lordose_lombar",28,1.03621631876234
"linear","lordose_lombar",28,1.03621631876234
"linear","lordose_lombar",28,1.03621631876234
"linear","lordose_lombar",31,0.711063836892585
"linear","lordose_lombar",32,0.601011110656504
"linear","lordose_lombar",32,0.601011110656504
"linear","lordose_lombar",32,0.601011110656504
"linear","lordose_lombar",32,0.601011110656504
"linear","lordose_lombar",33,0.490796071299523
"linear","lordose_lombar",33,0.490796071299523
"linear","lordose_lombar",34,0.381198217271848
"linear","lordose_lombar",34,0.381198217271848
"linear","lordose_lombar",34,0.381198217271848
"linear","lordose_lombar",35,0.273378523019357
"linear","lordose_lombar",35,0.273378523019357
"linear","lordose_lombar",35,0.273378523019357
"linear","lordose_lombar",35,0.273378523019357
"linear","lordose_lombar",36,0.169043330141665
"linear","lordose_lombar",36,0.169043330141665
"linear","lordose_lombar",36,0.169043330141665
"linear","lordose_lombar",36,0.169043330141665
"linear","lordose_lombar",36,0.169043330141665
"linear","lordose_lombar",36,0.169043330141665
"linear","lordose_lombar",36,0.169043330141665
"linear","lordose_lombar",36,0.169043330141665
"linear","lordose_lombar",36,0.169043330141665
"linear","lordose_lombar",36,0.169043330141665
"linear","lordose_lombar",37,0.0706519374498534
"linear","lordose_lombar",37,0.0706519374498534
"linear","lordose_lombar",37,0.0706519374498534
"linear","lordose_lombar",37,0.0706519374498534
"linear","lordose_lombar",38,-0.0194533089396655
"linear","lordose_lombar",38,-0.0194533089396655
"linear","lordose_lombar",38,-0.0194533089396655
"linear","lordose_lombar",38,-0.0194533089396655
"linear","lordose_lombar",38,-0.0194533089396655
"linear","lordose_lombar",38,-0.0194533089396655
"linear","lordose_lombar",38,-0.0194533089396655
"linear","lordose_lombar",38,-0.0194533089396655
"linear","lordose_lombar",38,-0.0194533089396655
"linear","lordose_lombar",38,-0.0194533089396655
"linear","lordose_lombar",38,-0.0194533089396655
"linear","lordose_lombar",38,-0.0194533089396655
"linear","lordose_lombar",38,-0.0194533089396655
"linear","lordose_lombar",38,-0.0194533089396655
"linear","lordose_lombar",38,-0.0194533089396655
"linear","lordose_lombar",38,-0.0194533089396655
"linear","lordose_lombar",38,-0.0194533089396655
"linear","lordose_lombar",39,-0.102031236008816
"linear","lordose_lombar",39,-0.102031236008816
"linear","lordose_lombar",40,-0.179981008667292
"linear","lordose_lombar",40,-0.179981008667292
"linear","lordose_lombar",40,-0.179981008667292
"linear","lordose_lombar",40,-0.179981008667292
"linear","lordose_lombar",40,-0.179981008667292
"linear","lordose_lombar",40,-0.179981008667292
"linear","lordose_lombar",40,-0.179981008667292
"linear","lordose_lombar",41,-0.256351310549746
"linear","lordose_lombar",41,-0.256351310549746
"linear","lordose_lombar",41,-0.256351310549746
"linear","lordose_lombar",41,-0.256351310549746
"linear","lordose_lombar",41,-0.256351310549746
"linear","lordose_lombar",41,-0.256351310549746
"linear","lordose_lombar",42,-0.33752804692214
"linear","lordose_lombar",42,-0.33752804692214
"linear","lordose_lombar",42,-0.33752804692214
"linear","lordose_lombar",42,-0.33752804692214
"linear","lordose_lombar",42,-0.33752804692214
"linear","lordose_lombar",42,-0.33752804692214
"linear","lordose_lombar",42,-0.33752804692214
"linear","lordose_lombar",42,-0.33752804692214
"linear","lordose_lombar",42,-0.33752804692214
"linear","lordose_lombar",42,-0.33752804692214
"linear","lordose_lombar",42,-0.33752804692214
"linear","lordose_lombar",43,-0.428142427678963
"linear","lordose_lombar",43,-0.428142427678963
"linear","lordose_lombar",43,-0.428142427678963
"linear","lordose_lombar",43,-0.428142427678963
"linear","lordose_lombar",43,-0.428142427678963
"linear","lordose_lombar",43,-0.428142427678963
"linear","lordose_lombar",43,-0.428142427678963
"linear","lordose_lombar",43,-0.428142427678963
"linear","lordose_lombar",43,-0.428142427678963
"linear","lordose_lombar",43,-0.428142427678963
"linear","lordose_lombar",43,-0.428142427678963
"linear","lordose_lombar",43,-0.428142427678963
"linear","lordose_lombar",43,-0.428142427678963
"linear","lordose_lombar",43,-0.428142427678963
"linear","lordose_lombar",43,-0.428142427678963
"linear","lordose_lombar",43,-0.428142427678963
"linear","lordose_lombar",43,-0.428142427678963
"linear","lordose_lombar",43,-0.428142427678963
"linear","lordose_lombar",43,-0.428142427678963
"linear","lordose_lombar",44,-0.522164448411419
"linear","lordose_lombar",44,-0.522164448411419
"linear","lordose_lombar",44,-0.522164448411419
"linear","lordose_lombar",44,-0.522164448411419
"linear","lordose_lombar",44,-0.522164448411419
"linear","lordose_lombar",44,-0.522164448411419
"linear","lordose_lombar",44,-0.522164448411419
"linear","lordose_lombar",44,-0.522164448411419
"linear","lordose_lombar",44,-0.522164448411419
"linear","lordose_lombar",44,-0.522164448411419
"linear","lordose_lombar",44,-0.522164448411419
"linear","lordose_lombar",44,-0.522164448411419
"linear","lordose_lombar",44,-0.522164448411419
"linear","lordose_lombar",44,-0.522164448411419
"linear","lordose_lombar",44,-0.522164448411419
"linear","lordose_lombar",44,-0.522164448411419
"linear","lordose_lombar",45,-0.612250272221541
"linear","lordose_lombar",45,-0.612250272221541
"linear","lordose_lombar",45,-0.612250272221541
"linear","lordose_lombar",45,-0.612250272221541
"linear","lordose_lombar",45,-0.612250272221541
"linear","lordose_lombar",45,-0.612250272221541
"linear","lordose_lombar",45,-0.612250272221541
"linear","lordose_lombar",46,-0.704516768256302
"linear","lordose_lombar",46,-0.704516768256302
"linear","lordose_lombar",46,-0.704516768256302
"linear","lordose_lombar",46,-0.704516768256302
"linear","lordose_lombar",46,-0.704516768256302
"linear","lordose_lombar",46,-0.704516768256302
"linear","lordose_lombar",46,-0.704516768256302
"linear","lordose_lombar",46,-0.704516768256302
"linear","lordose_lombar",46,-0.704516768256302
"linear","lordose_lombar",46,-0.704516768256302
"linear","lordose_lombar",46,-0.704516768256302
"linear","lordose_lombar",46,-0.704516768256302
"linear","lordose_lombar",46,-0.704516768256302
"linear","lordose_lombar",46,-0.704516768256302
"linear","lordose_lombar",46,-0.704516768256302
"linear","lordose_lombar",46,-0.704516768256302
"linear","lordose_lombar",46,-0.704516768256302
"linear","lordose_lombar",46,-0.704516768256302
"linear","lordose_lombar",46,-0.704516768256302
"linear","lordose_lombar",47,-0.779463060492408
"linear","lordose_lombar",47,-0.779463060492408
"linear","lordose_lombar",47,-0.779463060492408
"linear","lordose_lombar",47,-0.779463060492408
"linear","lordose_lombar",47,-0.779463060492408
"linear","lordose_lombar",47,-0.779463060492408
"linear","lordose_lombar",47,-0.779463060492408
"linear","lordose_lombar",47,-0.779463060492408
"linear","lordose_lombar",47,-0.779463060492408
"linear","lordose_lombar",47,-0.779463060492408
"linear","lordose_lombar",47,-0.779463060492408
"linear","lordose_lombar",47,-0.779463060492408
"linear","lordose_lombar",47,-0.779463060492408
"linear","lordose_lombar",47,-0.779463060492408
"linear","lordose_lombar",48,-0.875099893193763
"linear","lordose_lombar",48,-0.875099893193763
"linear","lordose_lombar",48,-0.875099893193763
"linear","lordose_lombar",48,-0.875099893193763
"linear","lordose_lombar",48,-0.875099893193763
"linear","lordose_lombar",48,-0.875099893193763
"linear","lordose_lombar",48,-0.875099893193763
"linear","lordose_lombar",48,-0.875099893193763
"linear","lordose_lombar",48,-0.875099893193763
"linear","lordose_lombar",48,-0.875099893193763
"linear","lordose_lombar",48,-0.875099893193763
"linear","lordose_lombar",48,-0.875099893193763
"linear","lordose_lombar",48,-0.875099893193763
"linear","lordose_lombar",48,-0.875099893193763
"linear","lordose_lombar",48,-0.875099893193763
"linear","lordose_lombar",49,-0.969144512175228
"linear","lordose_lombar",49,-0.969144512175228
"linear","lordose_lombar",49,-0.969144512175228
"linear","lordose_lombar",49,-0.969144512175228
"linear","lordose_lombar",49,-0.969144512175228
"linear","lordose_lombar",49,-0.969144512175228
"linear","lordose_lombar",49,-0.969144512175228
"linear","lordose_lombar",49,-0.969144512175228
"linear","lordose_lombar",49,-0.969144512175228
"linear","lordose_lombar",49,-0.969144512175228
"linear","lordose_lombar",49,-0.969144512175228
"linear","lordose_lombar",49,-0.969144512175228
"linear","lordose_lombar",49,-0.969144512175228
"linear","lordose_lombar",49,-0.969144512175228
"linear","lordose_lombar",49,-0.969144512175228
"linear","lordose_lombar",49,-0.969144512175228
"linear","lordose_lombar",49,-0.969144512175228
"linear","lordose_lombar",49,-0.969144512175228
"linear","lordose_lombar",50,-0.996657577660962
"linear","lordose_lombar",50,-0.996657577660962
"linear","lordose_lombar",50,-0.996657577660962
"linear","lordose_lombar",50,-0.996657577660962
"linear","lordose_lombar",50,-0.996657577660962
"linear","lordose_lombar",50,-0.996657577660962
"linear","lordose_lombar",50,-0.996657577660962
"linear","lordose_lombar",50,-0.996657577660962
"linear","lordose_lombar",50,-0.996657577660962
"linear","lordose_lombar",50,-0.996657577660962
"linear","lordose_lombar",50,-0.996657577660962
"linear","lordose_lombar",50,-0.996657577660962
"linear","lordose_lombar",50,-0.996657577660962
"linear","lordose_lombar",50,-0.996657577660962
"linear","lordose_lombar",50,-0.996657577660962
"linear","lordose_lombar",50,-0.996657577660962
"linear","lordose_lombar",50,-0.996657577660962
"linear","lordose_lombar",50,-0.996657577660962
"linear","lordose_lombar",51,-0.994136637553642
"linear","lordose_lombar",51,-0.994136637553642
"linear","lordose_lombar",51,-0.994136637553642
"linear","lordose_lombar",51,-0.994136637553642
"linear","lordose_lombar",51,-0.994136637553642
"linear","lordose_lombar",51,-0.994136637553642
"linear","lordose_lombar",51,-0.994136637553642
"linear","lordose_lombar",51,-0.994136637553642
"linear","lordose_lombar",52,-1.01145135796206
"linear","lordose_lombar",52,-1.01145135796206
"linear","lordose_lombar",52,-1.01145135796206
"linear","lordose_lombar",52,-1.01145135796206
"linear","lordose_lombar",52,-1.01145135796206
"linear","lordose_lombar",52,-1.01145135796206
"linear","lordose_lombar",52,-1.01145135796206
"linear","lordose_lombar",52,-1.01145135796206
"linear","lordose_lombar",52,-1.01145135796206
"linear","lordose_lombar",52,-1.01145135796206
"linear","lordose_lombar",52,-1.01145135796206
"linear","lordose_lombar",52,-1.01145135796206
"linear","lordose_lombar",52,-1.01145135796206
"linear","lordose_lombar",52,-1.01145135796206
"linear","lordose_lombar",52,-1.01145135796206
"linear","lordose_lombar",52,-1.01145135796206
"linear","lordose_lombar",53,-1.01262468440726
"linear","lordose_lombar",53,-1.01262468440726
"linear","lordose_lombar",53,-1.01262468440726
"linear","lordose_lombar",53,-1.01262468440726
"linear","lordose_lombar",53,-1.01262468440726
"linear","lordose_lombar",53,-1.01262468440726
"linear","lordose_lombar",53,-1.01262468440726
"linear","lordose_lombar",53,-1.01262468440726
"linear","lordose_lombar",53,-1.01262468440726
"linear","lordose_lombar",53,-1.01262468440726
"linear","lordose_lombar",53,-1.01262468440726
"linear","lordose_lombar",53,-1.01262468440726
"linear","lordose_lombar",53,-1.01262468440726
"linear","lordose_lombar",53,-1.01262468440726
"linear","lordose_lombar",53,-1.01262468440726
"linear","lordose_lombar",53,-1.01262468440726
"linear","lordose_lombar",53,-1.01262468440726
"linear","lordose_lombar",53,-1.01262468440726
"linear","lordose_lombar",53,-1.01262468440726
"linear","lordose_lombar",53,-1.01262468440726
"linear","lordose_lombar",53,-1.01262468440726
"linear","lordose_lombar",53,-1.01262468440726
"linear","lordose_lombar",53,-1.01262468440726
"linear","lordose_lombar",53,-1.01262468440726
"linear","lordose_lombar",53,-1.01262468440726
"linear","lordose_lombar",53,-1.01262468440726
"linear","lordose_lombar",53,-1.01262468440726
"linear","lordose_lombar",53,-1.01262468440726
"linear","lordose_lombar",53,-1.01262468440726
"linear","lordose_lombar",53,-1.01262468440726
"linear","lordose_lombar",53,-1.01262468440726
"linear","lordose_lombar",53,-1.01262468440726
"linear","lordose_lombar",53,-1.01262468440726
"linear","lordose_lombar",53,-1.01262468440726
"linear","lordose_lombar",53,-1.01262468440726
"linear","lordose_lombar",53,-1.01262468440726
"linear","lordose_lombar",53,-1.01262468440726
"linear","lordose_lombar",53,-1.01262468440726
"linear","lordose_lombar",53,-1.01262468440726
"linear","lordose_lombar",54,-0.925849628923463
"linear","lordose_lombar",54,-0.925849628923463
"linear","lordose_lombar",54,-0.925849628923463
"linear","lordose_lombar",54,-0.925849628923463
"linear","lordose_lombar",54,-0.925849628923463
"linear","lordose_lombar",54,-0.925849628923463
"linear","lordose_lombar",54,-0.925849628923463
"linear","lordose_lombar",54,-0.925849628923463
"linear","lordose_lombar",54,-0.925849628923463
"linear","lordose_lombar",54,-0.925849628923463
"linear","lordose_lombar",54,-0.925849628923463
"linear","lordose_lombar",54,-0.925849628923463
"linear","lordose_lombar",54,-0.925849628923463
"linear","lordose_lombar",54,-0.925849628923463
"linear","lordose_lombar",54,-0.925849628923463
"linear","lordose_lombar",54,-0.925849628923463
"linear","lordose_lombar",54,-0.925849628923463
"linear","lordose_lombar",54,-0.925849628923463
"linear","lordose_lombar",54,-0.925849628923463
"linear","lordose_lombar",54,-0.925849628923463
"linear","lordose_lombar",54,-0.925849628923463
"linear","lordose_lombar",54,-0.925849628923463
"linear","lordose_lombar",54,-0.925849628923463
"linear","lordose_lombar",54,-0.925849628923463
"linear","lordose_lombar",54,-0.925849628923463
"linear","lordose_lombar",55,-0.812550476041654
"linear","lordose_lombar",55,-0.812550476041654
"linear","lordose_lombar",55,-0.812550476041654
"linear","lordose_lombar",55,-0.812550476041654
"linear","lordose_lombar",55,-0.812550476041654
"linear","lordose_lombar",55,-0.812550476041654
"linear","lordose_lombar",55,-0.812550476041654
"linear","lordose_lombar",55,-0.812550476041654
"linear","lordose_lombar",55,-0.812550476041654
"linear","lordose_lombar",55,-0.812550476041654
"linear","lordose_lombar",55,-0.812550476041654
"linear","lordose_lombar",55,-0.812550476041654
"linear","lordose_lombar",55,-0.812550476041654
"linear","lordose_lombar",55,-0.812550476041654
"linear","lordose_lombar",55,-0.812550476041654
"linear","lordose_lombar",55,-0.812550476041654
"linear","lordose_lombar",55,-0.812550476041654
"linear","lordose_lombar",55,-0.812550476041654
"linear","lordose_lombar",55,-0.812550476041654
"linear","lordose_lombar",55,-0.812550476041654
"linear","lordose_lombar",55,-0.812550476041654
"linear","lordose_lombar",55,-0.812550476041654
"linear","lordose_lombar",55,-0.812550476041654
"linear","lordose_lombar",55,-0.812550476041654
"linear","lordose_lombar",55,-0.812550476041654
"linear","lordose_lombar",56,-0.670823266100076
"linear","lordose_lombar",56,-0.670823266100076
"linear","lordose_lombar",56,-0.670823266100076
"linear","lordose_lombar",56,-0.670823266100076
"linear","lordose_lombar",56,-0.670823266100076
"linear","lordose_lombar",56,-0.670823266100076
"linear","lordose_lombar",56,-0.670823266100076
"linear","lordose_lombar",56,-0.670823266100076
"linear","lordose_lombar",56,-0.670823266100076
"linear","lordose_lombar",56,-0.670823266100076
"linear","lordose_lombar",56,-0.670823266100076
"linear","lordose_lombar",56,-0.670823266100076
"linear","lordose_lombar",56,-0.670823266100076
"linear","lordose_lombar",56,-0.670823266100076
"linear","lordose_lombar",56,-0.670823266100076
"linear","lordose_lombar",56,-0.670823266100076
"linear","lordose_lombar",56,-0.670823266100076
"linear","lordose_lombar",56,-0.670823266100076
"linear","lordose_lombar",56,-0.670823266100076
"linear","lordose_lombar",56,-0.670823266100076
"linear","lordose_lombar",56,-0.670823266100076
"linear","lordose_lombar",56,-0.670823266100076
"linear","lordose_lombar",56,-0.670823266100076
"linear","lordose_lombar",56,-0.670823266100076
"linear","lordose_lombar",57,-0.545935503855647
"linear","lordose_lombar",57,-0.545935503855647
"linear","lordose_lombar",57,-0.545935503855647
"linear","lordose_lombar",57,-0.545935503855647
"linear","lordose_lombar",57,-0.545935503855647
"linear","lordose_lombar",57,-0.545935503855647
"linear","lordose_lombar",57,-0.545935503855647
"linear","lordose_lombar",57,-0.545935503855647
"linear","lordose_lombar",57,-0.545935503855647
"linear","lordose_lombar",57,-0.545935503855647
"linear","lordose_lombar",57,-0.545935503855647
"linear","lordose_lombar",57,-0.545935503855647
"linear","lordose_lombar",57,-0.545935503855647
"linear","lordose_lombar",57,-0.545935503855647
"linear","lordose_lombar",57,-0.545935503855647
"linear","lordose_lombar",58,-0.444615521105029
"linear","lordose_lombar",58,-0.444615521105029
"linear","lordose_lombar",58,-0.444615521105029
"linear","lordose_lombar",58,-0.444615521105029
"linear","lordose_lombar",58,-0.444615521105029
"linear","lordose_lombar",58,-0.444615521105029
"linear","lordose_lombar",58,-0.444615521105029
"linear","lordose_lombar",58,-0.444615521105029
"linear","lordose_lombar",58,-0.444615521105029
"linear","lordose_lombar",58,-0.444615521105029
"linear","lordose_lombar",58,-0.444615521105029
"linear","lordose_lombar",58,-0.444615521105029
"linear","lordose_lombar",58,-0.444615521105029
"linear","lordose_lombar",58,-0.444615521105029
"linear","lordose_lombar",58,-0.444615521105029
"linear","lordose_lombar",58,-0.444615521105029
"linear","lordose_lombar",58,-0.444615521105029
"linear","lordose_lombar",58,-0.444615521105029
"linear","lordose_lombar",58,-0.444615521105029
"linear","lordose_lombar",58,-0.444615521105029
"linear","lordose_lombar",58,-0.444615521105029
"linear","lordose_lombar",58,-0.444615521105029
"linear","lordose_lombar",58,-0.444615521105029
"linear","lordose_lombar",58,-0.444615521105029
"linear","lordose_lombar",58,-0.444615521105029
"linear","lordose_lombar",58,-0.444615521105029
"linear","lordose_lombar",58,-0.444615521105029
"linear","lordose_lombar",58,-0.444615521105029
"linear","lordose_lombar",58,-0.444615521105029
"linear","lordose_lombar",58,-0.444615521105029
"linear","lordose_lombar",58,-0.444615521105029
"linear","lordose_lombar",58,-0.444615521105029
"linear","lordose_lombar",58,-0.444615521105029
"linear","lordose_lombar",58,-0.444615521105029
"linear","lordose_lombar",59,-0.342358061267724
"linear","lordose_lombar",59,-0.342358061267724
"linear","lordose_lombar",59,-0.342358061267724
"linear","lordose_lombar",59,-0.342358061267724
"linear","lordose_lombar",59,-0.342358061267724
"linear","lordose_lombar",60,-0.252072769141416
"linear","lordose_lombar",60,-0.252072769141416
"linear","lordose_lombar",60,-0.252072769141416
"linear","lordose_lombar",60,-0.252072769141416
"linear","lordose_lombar",60,-0.252072769141416
"linear","lordose_lombar",60,-0.252072769141416
"linear","lordose_lombar",60,-0.252072769141416
"linear","lordose_lombar",60,-0.252072769141416
"linear","lordose_lombar",60,-0.252072769141416
"linear","lordose_lombar",60,-0.252072769141416
"linear","lordose_lombar",60,-0.252072769141416
"linear","lordose_lombar",60,-0.252072769141416
"linear","lordose_lombar",60,-0.252072769141416
"linear","lordose_lombar",61,-0.175370037494936
"linear","lordose_lombar",61,-0.175370037494936
"linear","lordose_lombar",61,-0.175370037494936
"linear","lordose_lombar",61,-0.175370037494936
"linear","lordose_lombar",61,-0.175370037494936
"linear","lordose_lombar",61,-0.175370037494936
"linear","lordose_lombar",61,-0.175370037494936
"linear","lordose_lombar",61,-0.175370037494936
"linear","lordose_lombar",61,-0.175370037494936
"linear","lordose_lombar",61,-0.175370037494936
"linear","lordose_lombar",61,-0.175370037494936
"linear","lordose_lombar",61,-0.175370037494936
"linear","lordose_lombar",61,-0.175370037494936
"linear","lordose_lombar",62,-0.160926832706575
"linear","lordose_lombar",62,-0.160926832706575
"linear","lordose_lombar",62,-0.160926832706575
"linear","lordose_lombar",62,-0.160926832706575
"linear","lordose_lombar",62,-0.160926832706575
"linear","lordose_lombar",62,-0.160926832706575
"linear","lordose_lombar",62,-0.160926832706575
"linear","lordose_lombar",62,-0.160926832706575
"linear","lordose_lombar",62,-0.160926832706575
"linear","lordose_lombar",62,-0.160926832706575
"linear","lordose_lombar",62,-0.160926832706575
"linear","lordose_lombar",62,-0.160926832706575
"linear","lordose_lombar",62,-0.160926832706575
"linear","lordose_lombar",62,-0.160926832706575
"linear","lordose_lombar",62,-0.160926832706575
"linear","lordose_lombar",62,-0.160926832706575
"linear","lordose_lombar",62,-0.160926832706575
"linear","lordose_lombar",62,-0.160926832706575
"linear","lordose_lombar",62,-0.160926832706575
"linear","lordose_lombar",62,-0.160926832706575
"linear","lordose_lombar",62,-0.160926832706575
"linear","lordose_lombar",63,-0.167845559956038
"linear","lordose_lombar",63,-0.167845559956038
"linear","lordose_lombar",63,-0.167845559956038
"linear","lordose_lombar",63,-0.167845559956038
"linear","lordose_lombar",63,-0.167845559956038
"linear","lordose_lombar",63,-0.167845559956038
"linear","lordose_lombar",63,-0.167845559956038
"linear","lordose_lombar",63,-0.167845559956038
"linear","lordose_lombar",63,-0.167845559956038
"linear","lordose_lombar",63,-0.167845559956038
"linear","lordose_lombar",63,-0.167845559956038
"linear","lordose_lombar",63,-0.167845559956038
"linear","lordose_lombar",63,-0.167845559956038
"linear","lordose_lombar",63,-0.167845559956038
"linear","lordose_lombar",63,-0.167845559956038
"linear","lordose_lombar",63,-0.167845559956038
"linear","lordose_lombar",63,-0.167845559956038
"linear","lordose_lombar",64,-0.144766243636656
"linear","lordose_lombar",64,-0.144766243636656
"linear","lordose_lombar",64,-0.144766243636656
"linear","lordose_lombar",64,-0.144766243636656
"linear","lordose_lombar",64,-0.144766243636656
"linear","lordose_lombar",64,-0.144766243636656
"linear","lordose_lombar",64,-0.144766243636656
"linear","lordose_lombar",64,-0.144766243636656
"linear","lordose_lombar",64,-0.144766243636656
"linear","lordose_lombar",64,-0.144766243636656
"linear","lordose_lombar",64,-0.144766243636656
"linear","lordose_lombar",64,-0.144766243636656
"linear","lordose_lombar",64,-0.144766243636656
"linear","lordose_lombar",64,-0.144766243636656
"linear","lordose_lombar",64,-0.144766243636656
"linear","lordose_lombar",64,-0.144766243636656
"linear","lordose_lombar",64,-0.144766243636656
"linear","lordose_lombar",64,-0.144766243636656
"linear","lordose_lombar",64,-0.144766243636656
"linear","lordose_lombar",64,-0.144766243636656
"linear","lordose_lombar",64,-0.144766243636656
"linear","lordose_lombar",65,-0.162100840138504
"linear","lordose_lombar",65,-0.162100840138504
"linear","lordose_lombar",65,-0.162100840138504
"linear","lordose_lombar",65,-0.162100840138504
"linear","lordose_lombar",65,-0.162100840138504
"linear","lordose_lombar",65,-0.162100840138504
"linear","lordose_lombar",65,-0.162100840138504
"linear","lordose_lombar",65,-0.162100840138504
"linear","lordose_lombar",65,-0.162100840138504
"linear","lordose_lombar",65,-0.162100840138504
"linear","lordose_lombar",65,-0.162100840138504
"linear","lordose_lombar",66,-0.183722223291971
"linear","lordose_lombar",66,-0.183722223291971
"linear","lordose_lombar",66,-0.183722223291971
"linear","lordose_lombar",66,-0.183722223291971
"linear","lordose_lombar",66,-0.183722223291971
"linear","lordose_lombar",66,-0.183722223291971
"linear","lordose_lombar",66,-0.183722223291971
"linear","lordose_lombar",66,-0.183722223291971
"linear","lordose_lombar",66,-0.183722223291971
"linear","lordose_lombar",66,-0.183722223291971
"linear","lordose_lombar",66,-0.183722223291971
"linear","lordose_lombar",66,-0.183722223291971
"linear","lordose_lombar",66,-0.183722223291971
"linear","lordose_lombar",66,-0.183722223291971
"linear","lordose_lombar",66,-0.183722223291971
"linear","lordose_lombar",66,-0.183722223291971
"linear","lordose_lombar",66,-0.183722223291971
"linear","lordose_lombar",66,-0.183722223291971
"linear","lordose_lombar",66,-0.183722223291971
"linear","lordose_lombar",66,-0.183722223291971
"linear","lordose_lombar",66,-0.183722223291971
"linear","lordose_lombar",67,-0.207389703942553
"linear","lordose_lombar",67,-0.207389703942553
"linear","lordose_lombar",67,-0.207389703942553
"linear","lordose_lombar",67,-0.207389703942553
"linear","lordose_lombar",68,-0.240697964898467
"linear","lordose_lombar",68,-0.240697964898467
"linear","lordose_lombar",68,-0.240697964898467
"linear","lordose_lombar",68,-0.240697964898467
"linear","lordose_lombar",68,-0.240697964898467
"linear","lordose_lombar",68,-0.240697964898467
"linear","lordose_lombar",68,-0.240697964898467
"linear","lordose_lombar",68,-0.240697964898467
"linear","lordose_lombar",68,-0.240697964898467
"linear","lordose_lombar",68,-0.240697964898467
"linear","lordose_lombar",68,-0.240697964898467
"linear","lordose_lombar",68,-0.240697964898467
"linear","lordose_lombar",68,-0.240697964898467
"linear","lordose_lombar",68,-0.240697964898467
"linear","lordose_lombar",68,-0.240697964898467
"linear","lordose_lombar",68,-0.240697964898467
"linear","lordose_lombar",68,-0.240697964898467
"linear","lordose_lombar",68,-0.240697964898467
"linear","lordose_lombar",69,-0.282705727886287
"linear","lordose_lombar",69,-0.282705727886287
"linear","lordose_lombar",69,-0.282705727886287
"linear","lordose_lombar",69,-0.282705727886287
"linear","lordose_lombar",69,-0.282705727886287
"linear","lordose_lombar",69,-0.282705727886287
"linear","lordose_lombar",69,-0.282705727886287
"linear","lordose_lombar",69,-0.282705727886287
"linear","lordose_lombar",70,-0.330397474513914
"linear","lordose_lombar",70,-0.330397474513914
"linear","lordose_lombar",70,-0.330397474513914
"linear","lordose_lombar",70,-0.330397474513914
"linear","lordose_lombar",70,-0.330397474513914
"linear","lordose_lombar",70,-0.330397474513914
"linear","lordose_lombar",70,-0.330397474513914
"linear","lordose_lombar",71,-0.381448989354067
"linear","lordose_lombar",71,-0.381448989354067
"linear","lordose_lombar",71,-0.381448989354067
"linear","lordose_lombar",71,-0.381448989354067
"linear","lordose_lombar",71,-0.381448989354067
"linear","lordose_lombar",71,-0.381448989354067
"linear","lordose_lombar",71,-0.381448989354067
"linear","lordose_lombar",71,-0.381448989354067
"linear","lordose_lombar",71,-0.381448989354067
"linear","lordose_lombar",71,-0.381448989354067
"linear","lordose_lombar",71,-0.381448989354067
"linear","lordose_lombar",71,-0.381448989354067
"linear","lordose_lombar",71,-0.381448989354067
"linear","lordose_lombar",72,-0.434824369972358
"linear","lordose_lombar",72,-0.434824369972358
"linear","lordose_lombar",72,-0.434824369972358
"linear","lordose_lombar",72,-0.434824369972358
"linear","lordose_lombar",72,-0.434824369972358
"linear","lordose_lombar",72,-0.434824369972358
"linear","lordose_lombar",72,-0.434824369972358
"linear","lordose_lombar",72,-0.434824369972358
"linear","lordose_lombar",72,-0.434824369972358
"linear","lordose_lombar",72,-0.434824369972358
"linear","lordose_lombar",72,-0.434824369972358
"linear","lordose_lombar",73,-0.490136696071941
"linear","lordose_lombar",73,-0.490136696071941
"linear","lordose_lombar",73,-0.490136696071941
"linear","lordose_lombar",73,-0.490136696071941
"linear","lordose_lombar",73,-0.490136696071941
"linear","lordose_lombar",73,-0.490136696071941
"linear","lordose_lombar",73,-0.490136696071941
"linear","lordose_lombar",74,-0.546961484339408
"linear","lordose_lombar",74,-0.546961484339408
"linear","lordose_lombar",74,-0.546961484339408
"linear","lordose_lombar",74,-0.546961484339408
"linear","lordose_lombar",75,-0.60480889972853
"linear","lordose_lombar",75,-0.60480889972853
"linear","lordose_lombar",75,-0.60480889972853
"linear","lordose_lombar",75,-0.60480889972853
"linear","lordose_lombar",75,-0.60480889972853
"linear","lordose_lombar",75,-0.60480889972853
"linear","lordose_lombar",75,-0.60480889972853
"linear","lordose_lombar",76,-0.663115980658132
"linear","lordose_lombar",76,-0.663115980658132
"linear","lordose_lombar",76,-0.663115980658132
"linear","lordose_lombar",77,-0.722003606445943
"linear","lordose_lombar",77,-0.722003606445943
"linear","lordose_lombar",78,-0.78176521254389
"linear","lordose_lombar",78,-0.78176521254389
"linear","lordose_lombar",79,-0.842430988164198
"linear","lordose_lombar",79,-0.842430988164198
"linear","lordose_lombar",80,-0.903819776589868
"linear","lordose_lombar",80,-0.903819776589868
"linear","lordose_lombar",82,-1.02927669092237
"linear","lordose_lombar",82,-1.02927669092237
"linear","lordose_lombar",82,-1.02927669092237
"linear","correcao_colete",3.7037037037037,-0.449050694846442
"linear","correcao_colete",4.54545454545455,-0.543179096841265
"linear","correcao_colete",5.88235294117647,-0.693306175397084
"linear","correcao_colete",6.89655172413793,-0.807582920001677
"linear","correcao_colete",7.14285714285714,-0.835335843691363
"linear","correcao_colete",7.14285714285714,-0.835335843691363
"linear","correcao_colete",9.09090909090909,-1.05508311025629
"linear","correcao_colete",10.3448275862069,-1.19611513386265
"linear","correcao_colete",10.8108108108108,-1.24827468374215
"linear","correcao_colete",11.5384615384615,-1.32972382701553
"linear","correcao_colete",12,-1.38114892215956
"linear","correcao_colete",12.1212121212121,-1.39465450270243
"linear","correcao_colete",12.1212121212121,-1.39465450270243
"linear","correcao_colete",13.5135135135135,-1.54883778012004
"linear","correcao_colete",14.2857142857143,-1.63376894129319
"linear","correcao_colete",15.1515151515152,-1.72845193547943
"linear","correcao_colete",15.1515151515152,-1.72845193547943
"linear","correcao_colete",15.3846153846154,-1.75394351083726
"linear","correcao_colete",15.5555555555556,-1.77263733276634
"linear","correcao_colete",16.1290322580645,-1.83508743015225
"linear","correcao_colete",16.1290322580645,-1.83508743015225
"linear","correcao_colete",16.1290322580645,-1.83508743015225
"linear","correcao_colete",17.8571428571429,-2.02252550230233
"linear","correcao_colete",20,-2.25394647307919
"linear","correcao_colete",20.4545454545455,-2.30308628709589
"linear","correcao_colete",20.4545454545455,-2.30308628709589
"linear","correcao_colete",20.6896551724138,-2.32850343227694
"linear","correcao_colete",21.2121212121212,-2.38498597712371
"linear","correcao_colete",21.2121212121212,-2.38498597712371
"linear","correcao_colete",22.7272727272727,-2.55027052341095
"linear","correcao_colete",22.7272727272727,-2.55027052341095
"linear","correcao_colete",23.0769230769231,-2.5890813164045
"linear","correcao_colete",23.0769230769231,-2.5890813164045
"linear","correcao_colete",23.0769230769231,-2.5890813164045
"linear","correcao_colete",23.5294117647059,-2.63930704851381
"linear","correcao_colete",23.6842105263158,-2.65648953581436
"linear","correcao_colete",23.6842105263158,-2.65648953581436
"linear","correcao_colete",24.4444444444444,-2.74334763050437
"linear","correcao_colete",24.4444444444444,-2.74334763050437
"linear","correcao_colete",25,-2.80682085354709
"linear","correcao_colete",25,-2.80682085354709
"linear","correcao_colete",25,-2.80682085354709
"linear","correcao_colete",25.6410256410256,-2.88375944902022
"linear","correcao_colete",25.7142857142857,-2.89255243136001
"linear","correcao_colete",26.1904761904762,-2.94970681656863
"linear","correcao_colete",26.1904761904762,-2.94970681656863
"linear","correcao_colete",26.1904761904762,-2.94970681656863
"linear","correcao_colete",26.3157894736842,-2.9647474442551
"linear","correcao_colete",26.3157894736842,-2.9647474442551
"linear","correcao_colete",26.3157894736842,-2.9647474442551
"linear","correcao_colete",26.3157894736842,-2.9647474442551
"linear","correcao_colete",26.6666666666667,-3.00882888696778
"linear","correcao_colete",26.6666666666667,-3.00882888696778
"linear","correcao_colete",27.5,-3.11352231341036
"linear","correcao_colete",27.5,-3.11352231341036
"linear","correcao_colete",27.7777777777778,-3.14860758357102
"linear","correcao_colete",28,-3.17667579969955
"linear","correcao_colete",28,-3.17667579969955
"linear","correcao_colete",28.8888888888889,-3.27961285310112
"linear","correcao_colete",28.8888888888889,-3.27961285310112
"linear","correcao_colete",29.0322580645161,-3.29621560364975
"linear","correcao_colete",29.2682926829268,-3.32354940028471
"linear","correcao_colete",29.2682926829268,-3.32354940028471
"linear","correcao_colete",29.2682926829268,-3.32354940028471
"linear","correcao_colete",29.2682926829268,-3.32354940028471
"linear","correcao_colete",29.6296296296296,-3.36298731865974
"linear","correcao_colete",29.7297297297297,-3.37391268793931
"linear","correcao_colete",29.7297297297297,-3.37391268793931
"linear","correcao_colete",29.7297297297297,-3.37391268793931
"linear","correcao_colete",30,-3.40341118499415
"linear","correcao_colete",30,-3.40341118499415
"linear","correcao_colete",30,-3.40341118499415
"linear","correcao_colete",30,-3.40341118499415
"linear","correcao_colete",30,-3.40341118499415
"linear","correcao_colete",30,-3.40341118499415
"linear","correcao_colete",30,-3.40341118499415
"linear","correcao_colete",30,-3.40341118499415
"linear","correcao_colete",30,-3.40341118499415
"linear","correcao_colete",30.2325581395349,-3.4287936126925
"linear","correcao_colete",30.2325581395349,-3.4287936126925
"linear","correcao_colete",30.2325581395349,-3.4287936126925
"linear","correcao_colete",30.2325581395349,-3.4287936126925
"linear","correcao_colete",30.2325581395349,-3.4287936126925
"linear","correcao_colete",30.2325581395349,-3.4287936126925
"linear","correcao_colete",30.2325581395349,-3.4287936126925
"linear","correcao_colete",30.2325581395349,-3.4287936126925
"linear","correcao_colete",30.2325581395349,-3.4287936126925
"linear","correcao_colete",30.2325581395349,-3.4287936126925
"linear","correcao_colete",30.2325581395349,-3.4287936126925
"linear","correcao_colete",30.2325581395349,-3.4287936126925
"linear","correcao_colete",30.2325581395349,-3.4287936126925
"linear","correcao_colete",30.2325581395349,-3.4287936126925
"linear","correcao_colete",30.3030303030303,-3.43648525744957
"linear","correcao_colete",30.3030303030303,-3.43648525744957
"linear","correcao_colete",30.5555555555556,-3.46404698449577
"linear","correcao_colete",30.5555555555556,-3.46404698449577
"linear","correcao_colete",30.5555555555556,-3.46404698449577
"linear","correcao_colete",30.5555555555556,-3.46404698449577
"linear","correcao_colete",30.7692307692308,-3.48472413080383
"linear","correcao_colete",30.7692307692308,-3.48472413080383
"linear","correcao_colete",30.7692307692308,-3.48472413080383
"linear","correcao_colete",30.7692307692308,-3.48472413080383
"linear","correcao_colete",30.952380952381,-3.5024473990679
"linear","correcao_colete",30.952380952381,-3.5024473990679
"linear","correcao_colete",30.952380952381,-3.5024473990679
"linear","correcao_colete",30.952380952381,-3.5024473990679
"linear","correcao_colete",30.952380952381,-3.5024473990679
"linear","correcao_colete",30.952380952381,-3.5024473990679
"linear","correcao_colete",30.952380952381,-3.5024473990679
"linear","correcao_colete",30.952380952381,-3.5024473990679
"linear","correcao_colete",31.0344827586207,-3.51039231242764
"linear","correcao_colete",31.0344827586207,-3.51039231242764
"linear","correcao_colete",31.0344827586207,-3.51039231242764
"linear","correcao_colete",31.0344827586207,-3.51039231242764
"linear","correcao_colete",31.1111111111111,-3.51780756489674
"linear","correcao_colete",31.1111111111111,-3.51780756489674
"linear","correcao_colete",31.25,-3.53124770999699
"linear","correcao_colete",31.25,-3.53124770999699
"linear","correcao_colete",31.25,-3.53124770999699
"linear","correcao_colete",31.25,-3.53124770999699
"linear","correcao_colete",31.4285714285714,-3.54852789655444
"linear","correcao_colete",31.4285714285714,-3.54852789655444
"linear","correcao_colete",31.4285714285714,-3.54852789655444
"linear","correcao_colete",31.5789473684211,-3.56307963260284
"linear","correcao_colete",31.5789473684211,-3.56307963260284
"linear","correcao_colete",31.5789473684211,-3.56307963260284
"linear","correcao_colete",31.5789473684211,-3.56307963260284
"linear","correcao_colete",31.7073170731707,-3.57550184630267
"linear","correcao_colete",31.7073170731707,-3.57550184630267
"linear","correcao_colete",31.7073170731707,-3.57550184630267
"linear","correcao_colete",31.7073170731707,-3.57550184630267
"linear","correcao_colete",31.8181818181818,-3.58623012177072
"linear","correcao_colete",31.8181818181818,-3.58623012177072
"linear","correcao_colete",31.8181818181818,-3.58623012177072
"linear","correcao_colete",31.8181818181818,-3.58623012177072
"linear","correcao_colete",31.8181818181818,-3.58623012177072
"linear","correcao_colete",31.8181818181818,-3.58623012177072
"linear","correcao_colete",31.8181818181818,-3.58623012177072
"linear","correcao_colete",31.8181818181818,-3.58623012177072
"linear","correcao_colete",31.8181818181818,-3.58623012177072
"linear","correcao_colete",31.8181818181818,-3.58623012177072
"linear","correcao_colete",31.8181818181818,-3.58623012177072
"linear","correcao_colete",31.8181818181818,-3.58623012177072
"linear","correcao_colete",31.8181818181818,-3.58623012177072
"linear","correcao_colete",31.8181818181818,-3.58623012177072
"linear","correcao_colete",31.8181818181818,-3.58623012177072
"linear","correcao_colete",32,-3.60328865941889
"linear","correcao_colete",32.4324324324324,-3.64386031652804
"linear","correcao_colete",32.4324324324324,-3.64386031652804
"linear","correcao_colete",32.4324324324324,-3.64386031652804
"linear","correcao_colete",32.4324324324324,-3.64386031652804
"linear","correcao_colete",32.4324324324324,-3.64386031652804
"linear","correcao_colete",32.4324324324324,-3.64386031652804
"linear","correcao_colete",32.5,-3.65019963795135
"linear","correcao_colete",32.5,-3.65019963795135
"linear","correcao_colete",32.5,-3.65019963795135
"linear","correcao_colete",32.5581395348837,-3.65565440289699
"linear","correcao_colete",32.5581395348837,-3.65565440289699
"linear","correcao_colete",33.3333333333333,-3.72965411793826
"linear","correcao_colete",33.3333333333333,-3.72965411793826
"linear","correcao_colete",33.3333333333333,-3.72965411793826
"linear","correcao_colete",33.3333333333333,-3.72965411793826
"linear","correcao_colete",33.3333333333333,-3.72965411793826
"linear","correcao_colete",33.3333333333333,-3.72965411793826
"linear","correcao_colete",33.3333333333333,-3.72965411793826
"linear","correcao_colete",33.3333333333333,-3.72965411793826
"linear","correcao_colete",33.3333333333333,-3.72965411793826
"linear","correcao_colete",33.3333333333333,-3.72965411793826
"linear","correcao_colete",33.3333333333333,-3.72965411793826
"linear","correcao_colete",33.3333333333333,-3.72965411793826
"linear","correcao_colete",33.3333333333333,-3.72965411793826
"linear","correcao_colete",33.3333333333333,-3.72965411793826
"linear","correcao_colete",33.3333333333333,-3.72965411793826
"linear","correcao_colete",34.0909090909091,-3.80532156122665
"linear","correcao_colete",34.0909090909091,-3.80532156122665
"linear","correcao_colete",34.0909090909091,-3.80532156122665
"linear","correcao_colete",34.0909090909091,-3.80532156122665
"linear","correcao_colete",34.0909090909091,-3.80532156122665
"linear","correcao_colete",34.1463414634146,-3.81085820341848
"linear","correcao_colete",34.1463414634146,-3.81085820341848
"linear","correcao_colete",34.2105263157895,-3.81726905227219
"linear","correcao_colete",34.2105263157895,-3.81726905227219
"linear","correcao_colete",34.2105263157895,-3.81726905227219
"linear","correcao_colete",34.2105263157895,-3.81726905227219
"linear","correcao_colete",34.2105263157895,-3.81726905227219
"linear","correcao_colete",34.2105263157895,-3.81726905227219
"linear","correcao_colete",34.2857142857143,-3.82477890378652
"linear","correcao_colete",34.2857142857143,-3.82477890378652
"linear","correcao_colete",34.2857142857143,-3.82477890378652
"linear","correcao_colete",34.2857142857143,-3.82477890378652
"linear","correcao_colete",34.8837209302326,-3.88677195648773
"linear","correcao_colete",34.8837209302326,-3.88677195648773
"linear","correcao_colete",34.8837209302326,-3.88677195648773
"linear","correcao_colete",34.8837209302326,-3.88677195648773
"linear","correcao_colete",34.8837209302326,-3.88677195648773
"linear","correcao_colete",34.8837209302326,-3.88677195648773
"linear","correcao_colete",35.1351351351351,-3.91283510176751
"linear","correcao_colete",35.1351351351351,-3.91283510176751
"linear","correcao_colete",35.2941176470588,-3.92931620834149
"linear","correcao_colete",35.2941176470588,-3.92931620834149
"linear","correcao_colete",35.2941176470588,-3.92931620834149
"linear","correcao_colete",35.2941176470588,-3.92931620834149
"linear","correcao_colete",35.4838709677419,-3.94898720651043
"linear","correcao_colete",35.4838709677419,-3.94898720651043
"linear","correcao_colete",35.4838709677419,-3.94898720651043
"linear","correcao_colete",35.4838709677419,-3.94898720651043
"linear","correcao_colete",35.7142857142857,-3.9731922928793
"linear","correcao_colete",35.7142857142857,-3.9731922928793
"linear","correcao_colete",35.8974358974359,-3.99243223332636
"linear","correcao_colete",35.8974358974359,-3.99243223332636
"linear","correcao_colete",35.8974358974359,-3.99243223332636
"linear","correcao_colete",35.8974358974359,-3.99243223332636
"linear","correcao_colete",35.8974358974359,-3.99243223332636
"linear","correcao_colete",36.3636363636364,-4.04140662719158
"linear","correcao_colete",36.3636363636364,-4.04140662719158
"linear","correcao_colete",36.3636363636364,-4.04140662719158
"linear","correcao_colete",36.3636363636364,-4.04140662719158
"linear","correcao_colete",36.3636363636364,-4.04140662719158
"linear","correcao_colete",36.5853658536585,-4.06469932671283
"linear","correcao_colete",36.5853658536585,-4.06469932671283
"linear","correcao_colete",36.6666666666667,-4.07323998320397
"linear","correcao_colete",36.8421052631579,-4.09166982089535
"linear","correcao_colete",36.8421052631579,-4.09166982089535
"linear","correcao_colete",36.8421052631579,-4.09166982089535
"linear","correcao_colete",36.8421052631579,-4.09166982089535
"linear","correcao_colete",36.8421052631579,-4.09166982089535
"linear","correcao_colete",36.8421052631579,-4.09166982089535
"linear","correcao_colete",37.037037037037,-4.11223200789785
"linear","correcao_colete",37.037037037037,-4.11223200789785
"linear","correcao_colete",37.5,-4.16106720202879
"linear","correcao_colete",37.5,-4.16106720202879
"linear","correcao_colete",37.7777777777778,-4.19036831850736
"linear","correcao_colete",37.8378378378378,-4.19670369504326
"linear","correcao_colete",37.8378378378378,-4.19670369504326
"linear","correcao_colete",38.0952380952381,-4.22385530876857
"linear","correcao_colete",38.0952380952381,-4.22385530876857
"linear","correcao_colete",38.2352941176471,-4.23833629298364
"linear","correcao_colete",38.2352941176471,-4.23833629298364
"linear","correcao_colete",38.2352941176471,-4.23833629298364
"linear","correcao_colete",38.4615384615385,-4.26172865210028
"linear","correcao_colete",38.4615384615385,-4.26172865210028
"linear","correcao_colete",38.4615384615385,-4.26172865210028
"linear","correcao_colete",38.4615384615385,-4.26172865210028
"linear","correcao_colete",38.7096774193548,-4.28738478790562
"linear","correcao_colete",38.7096774193548,-4.28738478790562
"linear","correcao_colete",38.8888888888889,-4.3059142193206
"linear","correcao_colete",39.0243902439024,-4.31992427721972
"linear","correcao_colete",39.0243902439024,-4.31992427721972
"linear","correcao_colete",39.2857142857143,-4.34694367459661
"linear","correcao_colete",39.2857142857143,-4.34694367459661
"linear","correcao_colete",39.3939393939394,-4.35813352603552
"linear","correcao_colete",39.3939393939394,-4.35813352603552
"linear","correcao_colete",39.3939393939394,-4.35813352603552
"linear","correcao_colete",39.3939393939394,-4.35813352603552
"linear","correcao_colete",39.3939393939394,-4.35813352603552
"linear","correcao_colete",39.3939393939394,-4.35813352603552
"linear","correcao_colete",39.4736842105263,-4.36637867972735
"linear","correcao_colete",39.4736842105263,-4.36637867972735
"linear","correcao_colete",40,-4.41730332545956
"linear","correcao_colete",40,-4.41730332545956
"linear","correcao_colete",40,-4.41730332545956
"linear","correcao_colete",40,-4.41730332545956
"linear","correcao_colete",40.4761904761905,-4.46337800493156
"linear","correcao_colete",40.4761904761905,-4.46337800493156
"linear","correcao_colete",40.4761904761905,-4.46337800493156
"linear","correcao_colete",40.5405405405405,-4.46960431296831
"linear","correcao_colete",40.5405405405405,-4.46960431296831
"linear","correcao_colete",40.5405405405405,-4.46960431296831
"linear","correcao_colete",40.625,-4.47777634226655
"linear","correcao_colete",41.3793103448276,-4.55346446436005
"linear","correcao_colete",41.3793103448276,-4.55346446436005
"linear","correcao_colete",41.8604651162791,-4.6017439309446
"linear","correcao_colete",41.8604651162791,-4.6017439309446
"linear","correcao_colete",41.8604651162791,-4.6017439309446
"linear","correcao_colete",42.1052631578947,-4.62596427506012
"linear","correcao_colete",42.1052631578947,-4.62596427506012
"linear","correcao_colete",42.1052631578947,-4.62596427506012
"linear","correcao_colete",42.1052631578947,-4.62596427506012
"linear","correcao_colete",42.1052631578947,-4.62596427506012
"linear","correcao_colete",42.8571428571429,-4.70035533198639
"linear","correcao_colete",42.8571428571429,-4.70035533198639
"linear","correcao_colete",42.8571428571429,-4.70035533198639
"linear","correcao_colete",42.8571428571429,-4.70035533198639
"linear","correcao_colete",43.1818181818182,-4.73247874293182
"linear","correcao_colete",43.1818181818182,-4.73247874293182
"linear","correcao_colete",43.5897435897436,-4.77516939872299
"linear","correcao_colete",43.5897435897436,-4.77516939872299
"linear","correcao_colete",43.5897435897436,-4.77516939872299
"linear","correcao_colete",43.5897435897436,-4.77516939872299
"linear","correcao_colete",43.9024390243902,-4.8078939432319
"linear","correcao_colete",43.9024390243902,-4.8078939432319
"linear","correcao_colete",44.1860465116279,-4.83757434406557
"linear","correcao_colete",44.1860465116279,-4.83757434406557
"linear","correcao_colete",44.4444444444444,-4.86461648704735
"linear","correcao_colete",44.4444444444444,-4.86461648704735
"linear","correcao_colete",44.4444444444444,-4.86461648704735
"linear","correcao_colete",44.4444444444444,-4.86461648704735
"linear","correcao_colete",44.4444444444444,-4.86461648704735
"linear","correcao_colete",44.7368421052632,-4.91514662716617
"linear","correcao_colete",44.7368421052632,-4.91514662716617
"linear","correcao_colete",44.7368421052632,-4.91514662716617
"linear","correcao_colete",44.7368421052632,-4.91514662716617
"linear","correcao_colete",44.8275862068966,-4.93082839478924
"linear","correcao_colete",45.1612903225806,-4.98849683056441
"linear","correcao_colete",45.1612903225806,-4.98849683056441
"linear","correcao_colete",45.2380952380952,-5.00176972451266
"linear","correcao_colete",45.2380952380952,-5.00176972451266
"linear","correcao_colete",45.2380952380952,-5.00176972451266
"linear","correcao_colete",45.2380952380952,-5.00176972451266
"linear","correcao_colete",45.4545454545455,-5.03917515291231
"linear","correcao_colete",45.4545454545455,-5.03917515291231
"linear","correcao_colete",45.4545454545455,-5.03917515291231
"linear","correcao_colete",45.4545454545455,-5.03917515291231
"linear","correcao_colete",45.4545454545455,-5.03917515291231
"linear","correcao_colete",45.4545454545455,-5.03917515291231
"linear","correcao_colete",45.945945945946,-5.1369315348668
"linear","correcao_colete",45.945945945946,-5.1369315348668
"linear","correcao_colete",45.945945945946,-5.1369315348668
"linear","correcao_colete",45.945945945946,-5.1369315348668
"linear","correcao_colete",45.945945945946,-5.1369315348668
"linear","correcao_colete",45.945945945946,-5.1369315348668
"linear","correcao_colete",45.945945945946,-5.1369315348668
"linear","correcao_colete",46.1538461538462,-5.17829000415524
"linear","correcao_colete",46.1538461538462,-5.17829000415524
"linear","correcao_colete",46.5116279069767,-5.24946504432602
"linear","correcao_colete",46.5116279069767,-5.24946504432602
"linear","correcao_colete",46.5116279069767,-5.24946504432602
"linear","correcao_colete",46.5116279069767,-5.24946504432602
"linear","correcao_colete",46.5116279069767,-5.24946504432602
"linear","correcao_colete",46.5116279069767,-5.24946504432602
"linear","correcao_colete",46.5116279069767,-5.24946504432602
"linear","correcao_colete",46.5116279069767,-5.24946504432602
"linear","correcao_colete",46.5116279069767,-5.24946504432602
"linear","correcao_colete",46.5116279069767,-5.24946504432602
"linear","correcao_colete",46.6666666666667,-5.28030756173339
"linear","correcao_colete",46.6666666666667,-5.28030756173339
"linear","correcao_colete",47.2222222222222,-5.39202353299317
"linear","correcao_colete",47.2222222222222,-5.39202353299317
"linear","correcao_colete",47.3684210526316,-5.42142247279839
"linear","correcao_colete",47.3684210526316,-5.42142247279839
"linear","correcao_colete",47.3684210526316,-5.42142247279839
"linear","correcao_colete",47.3684210526316,-5.42142247279839
"linear","correcao_colete",47.3684210526316,-5.42142247279839
"linear","correcao_colete",47.3684210526316,-5.42142247279839
"linear","correcao_colete",47.3684210526316,-5.42142247279839
"linear","correcao_colete",47.3684210526316,-5.42142247279839
"linear","correcao_colete",47.3684210526316,-5.42142247279839
"linear","correcao_colete",47.3684210526316,-5.42142247279839
"linear","correcao_colete",47.3684210526316,-5.42142247279839
"linear","correcao_colete",47.3684210526316,-5.42142247279839
"linear","correcao_colete",47.3684210526316,-5.42142247279839
"linear","correcao_colete",47.7272727272727,-5.4935835068657
"linear","correcao_colete",47.7272727272727,-5.4935835068657
"linear","correcao_colete",48.1481481481481,-5.58215328839355
"linear","correcao_colete",48.1481481481481,-5.58215328839355
"linear","correcao_colete",48.2758620689655,-5.60902963589166
"linear","correcao_colete",48.2758620689655,-5.60902963589166
"linear","correcao_colete",48.4848484848485,-5.65300911361584
"linear","correcao_colete",48.4848484848485,-5.65300911361584
"linear","correcao_colete",48.4848484848485,-5.65300911361584
"linear","correcao_colete",48.4848484848485,-5.65300911361584
"linear","correcao_colete",48.7179487179487,-5.70206314646202
"linear","correcao_colete",48.7179487179487,-5.70206314646202
"linear","correcao_colete",48.7179487179487,-5.70206314646202
"linear","correcao_colete",48.7179487179487,-5.70206314646202
"linear","correcao_colete",48.7179487179487,-5.70206314646202
"linear","correcao_colete",48.7179487179487,-5.70206314646202
"linear","correcao_colete",48.7179487179487,-5.70206314646202
"linear","correcao_colete",48.780487804878,-5.7152239845427
"linear","correcao_colete",48.780487804878,-5.7152239845427
"linear","correcao_colete",48.8372093023256,-5.7271605586159
"linear","correcao_colete",48.8372093023256,-5.7271605586159
"linear","correcao_colete",50,-6.00095717153507
"linear","correcao_colete",50,-6.00095717153507
"linear","correcao_colete",50,-6.00095717153507
"linear","correcao_colete",50,-6.00095717153507
"linear","correcao_colete",50,-6.00095717153507
"linear","correcao_colete",50,-6.00095717153507
"linear","correcao_colete",50,-6.00095717153507
"linear","correcao_colete",50,-6.00095717153507
"linear","correcao_colete",50,-6.00095717153507
"linear","correcao_colete",50,-6.00095717153507
"linear","correcao_colete",50,-6.00095717153507
"linear","correcao_colete",51.1111111111111,-6.26282041903434
"linear","correcao_colete",51.1111111111111,-6.26282041903434
"linear","correcao_colete",51.219512195122,-6.28836805293673
"linear","correcao_colete",51.219512195122,-6.28836805293673
"linear","correcao_colete",51.219512195122,-6.28836805293673
"linear","correcao_colete",51.219512195122,-6.28836805293673
"linear","correcao_colete",51.2820512820513,-6.30310707249578
"linear","correcao_colete",51.2820512820513,-6.30310707249578
"linear","correcao_colete",51.2820512820513,-6.30310707249578
"linear","correcao_colete",51.2820512820513,-6.30310707249578
"linear","correcao_colete",51.3513513513513,-6.31943949957472
"linear","correcao_colete",51.3513513513513,-6.31943949957472
"linear","correcao_colete",51.3513513513513,-6.31943949957472
"linear","correcao_colete",51.4285714285714,-6.33827606194073
"linear","correcao_colete",51.4285714285714,-6.33827606194073
"linear","correcao_colete",51.5151515151515,-6.35939584398746
"linear","correcao_colete",51.5151515151515,-6.35939584398746
"linear","correcao_colete",51.5151515151515,-6.35939584398746
"linear","correcao_colete",51.6129032258064,-6.38324075920151
"linear","correcao_colete",51.6129032258064,-6.38324075920151
"linear","correcao_colete",51.6129032258064,-6.38324075920151
"linear","correcao_colete",51.6129032258064,-6.38324075920151
"linear","correcao_colete",51.7241379310345,-6.4103746282382
"linear","correcao_colete",51.7241379310345,-6.4103746282382
"linear","correcao_colete",51.7241379310345,-6.4103746282382
"linear","correcao_colete",51.7241379310345,-6.4103746282382
"linear","correcao_colete",51.7241379310345,-6.4103746282382
"linear","correcao_colete",51.7241379310345,-6.4103746282382
"linear","correcao_colete",52.2727272727273,-6.54419393689638
"linear","correcao_colete",52.3809523809524,-6.57059366445479
"linear","correcao_colete",52.3809523809524,-6.57059366445479
"linear","correcao_colete",52.3809523809524,-6.57059366445479
"linear","correcao_colete",52.3809523809524,-6.57059366445479
"linear","correcao_colete",52.3809523809524,-6.57059366445479
"linear","correcao_colete",52.3809523809524,-6.57059366445479
"linear","correcao_colete",52.9411764705882,-6.70422059468019
"linear","correcao_colete",52.9411764705882,-6.70422059468019
"linear","correcao_colete",53.125,-6.74806693116042
"linear","correcao_colete",53.125,-6.74806693116042
"linear","correcao_colete",53.3333333333333,-6.79775944583798
"linear","correcao_colete",53.3333333333333,-6.79775944583798
"linear","correcao_colete",53.3333333333333,-6.79775944583798
"linear","correcao_colete",53.4883720930233,-6.83473992187713
"linear","correcao_colete",53.4883720930233,-6.83473992187713
"linear","correcao_colete",53.5714285714286,-6.8545508911838
"linear","correcao_colete",53.5714285714286,-6.8545508911838
"linear","correcao_colete",53.8461538461538,-6.91840073501338
"linear","correcao_colete",53.8461538461538,-6.91840073501338
"linear","correcao_colete",54.5454545454545,-7.08092761021598
"linear","correcao_colete",54.5454545454545,-7.08092761021598
"linear","correcao_colete",54.5454545454545,-7.08092761021598
"linear","correcao_colete",54.5454545454545,-7.08092761021598
"linear","correcao_colete",54.5454545454545,-7.08092761021598
"linear","correcao_colete",55.1724137931034,-7.22698103868358
"linear","correcao_colete",55.1724137931034,-7.22698103868358
"linear","correcao_colete",55.2631578947368,-7.24812035069863
"linear","correcao_colete",55.2631578947368,-7.24812035069863
"linear","correcao_colete",55.2631578947368,-7.24812035069863
"linear","correcao_colete",55.2631578947368,-7.24812035069863
"linear","correcao_colete",55.2631578947368,-7.24812035069863
"linear","correcao_colete",55.8823529411765,-7.39236506797779
"linear","correcao_colete",55.8823529411765,-7.39236506797779
"linear","correcao_colete",55.8823529411765,-7.39236506797779
"linear","correcao_colete",55.8823529411765,-7.39236506797779
"linear","correcao_colete",56,-7.41872094225433
"linear","correcao_colete",56.0975609756098,-7.44057703311782
"linear","correcao_colete",56.0975609756098,-7.44057703311782
"linear","correcao_colete",56.0975609756098,-7.44057703311782
"linear","correcao_colete",56.4102564102564,-7.5106286063982
"linear","correcao_colete",56.6666666666667,-7.56807089648812
"linear","correcao_colete",56.6666666666667,-7.56807089648812
"linear","correcao_colete",56.7567567567568,-7.58825332273593
"linear","correcao_colete",56.7567567567568,-7.58825332273593
"linear","correcao_colete",56.7567567567568,-7.58825332273593
"linear","correcao_colete",57.1428571428571,-7.67474943522652
"linear","correcao_colete",57.1428571428571,-7.67474943522652
"linear","correcao_colete",57.1428571428571,-7.67474943522652
"linear","correcao_colete",57.1428571428571,-7.67474943522652
"linear","correcao_colete",57.1428571428571,-7.67474943522652
"linear","correcao_colete",57.5757575757576,-7.76977041308533
"linear","correcao_colete",57.7777777777778,-7.8141135360861
"linear","correcao_colete",57.7777777777778,-7.8141135360861
"linear","correcao_colete",57.8947368421053,-7.83978587045497
"linear","correcao_colete",57.8947368421053,-7.83978587045497
"linear","correcao_colete",58.0645161290323,-7.87705216228075
"linear","correcao_colete",58.1395348837209,-7.89351866332003
"linear","correcao_colete",58.1395348837209,-7.89351866332003
"linear","correcao_colete",58.1395348837209,-7.89351866332003
"linear","correcao_colete",58.5365853658537,-7.96598628710409
"linear","correcao_colete",58.5365853658537,-7.96598628710409
"linear","correcao_colete",58.6206896551724,-7.98133657194503
"linear","correcao_colete",58.6206896551724,-7.98133657194503
"linear","correcao_colete",58.6206896551724,-7.98133657194503
"linear","correcao_colete",58.6206896551724,-7.98133657194503
"linear","correcao_colete",58.8235294117647,-8.01835784714969
"linear","correcao_colete",58.8235294117647,-8.01835784714969
"linear","correcao_colete",58.8235294117647,-8.01835784714969
"linear","correcao_colete",58.974358974359,-8.04588648768649
"linear","correcao_colete",59.0909090909091,-8.06715861901038
"linear","correcao_colete",59.0909090909091,-8.06715861901038
"linear","correcao_colete",59.2592592592593,-8.09788503092267
"linear","correcao_colete",59.2592592592593,-8.09788503092267
"linear","correcao_colete",59.4594594594595,-8.13442454779133
"linear","correcao_colete",59.4594594594595,-8.13442454779133
"linear","correcao_colete",59.4594594594595,-8.13442454779133
"linear","correcao_colete",59.4594594594595,-8.13442454779133
"linear","correcao_colete",59.5238095238095,-8.1461693924991
"linear","correcao_colete",59.5238095238095,-8.1461693924991
"linear","correcao_colete",59.5238095238095,-8.1461693924991
"linear","correcao_colete",60,-8.21757056307661
"linear","correcao_colete",60,-8.21757056307661
"linear","correcao_colete",60,-8.21757056307661
"linear","correcao_colete",60,-8.21757056307661
"linear","correcao_colete",60,-8.21757056307661
"linear","correcao_colete",60,-8.21757056307661
"linear","correcao_colete",60.4651162790698,-8.28731124131511
"linear","correcao_colete",60.6060606060606,-8.30844478017525
"linear","correcao_colete",61.5384615384615,-8.42662057895187
"linear","correcao_colete",61.5384615384615,-8.42662057895187
"linear","correcao_colete",61.9047619047619,-8.47304678561412
"linear","correcao_colete",62.1621621621622,-8.50244477498543
"linear","correcao_colete",62.2222222222222,-8.50930430583872
"linear","correcao_colete",62.5,-8.54102963603525
"linear","correcao_colete",62.962962962963,-8.59390518636281
"linear","correcao_colete",62.962962962963,-8.59390518636281
"linear","correcao_colete",62.962962962963,-8.59390518636281
"linear","correcao_colete",62.962962962963,-8.59390518636281
"linear","correcao_colete",62.962962962963,-8.59390518636281
"linear","correcao_colete",63.1578947368421,-8.61616857597441
"linear","correcao_colete",63.1578947368421,-8.61616857597441
"linear","correcao_colete",63.1578947368421,-8.61616857597441
"linear","correcao_colete",63.4146341463415,-8.64405184949467
"linear","correcao_colete",63.4146341463415,-8.64405184949467
"linear","correcao_colete",63.4146341463415,-8.64405184949467
"linear","correcao_colete",63.4146341463415,-8.64405184949467
"linear","correcao_colete",63.6363636363636,-8.66813285844398
"linear","correcao_colete",63.6363636363636,-8.66813285844398
"linear","correcao_colete",64.2857142857143,-8.73865581322412
"linear","correcao_colete",64.2857142857143,-8.73865581322412
"linear","correcao_colete",64.2857142857143,-8.73865581322412
"linear","correcao_colete",64.2857142857143,-8.73865581322412
"linear","correcao_colete",64.5161290322581,-8.76368008750095
"linear","correcao_colete",64.5161290322581,-8.76368008750095
"linear","correcao_colete",64.5161290322581,-8.76368008750095
"linear","correcao_colete",64.7058823529412,-8.7839252485646
"linear","correcao_colete",64.8648648648649,-8.80088741053684
"linear","correcao_colete",65,-8.81530524821325
"linear","correcao_colete",65.1162790697674,-8.82771129458597
"linear","correcao_colete",65.5172413793103,-8.87049076483675
"linear","correcao_colete",65.5172413793103,-8.87049076483675
"linear","correcao_colete",65.7894736842105,-8.89953577358597
"linear","correcao_colete",65.8536585365854,-8.90638378377887
"linear","correcao_colete",65.8536585365854,-8.90638378377887
"linear","correcao_colete",65.8536585365854,-8.90638378377887
"linear","correcao_colete",65.8536585365854,-8.90638378377887
"linear","correcao_colete",65.9090909090909,-8.91231017503944
"linear","correcao_colete",65.9090909090909,-8.91231017503944
"linear","correcao_colete",66.6666666666667,-8.99330418893383
"linear","correcao_colete",66.6666666666667,-8.99330418893383
"linear","correcao_colete",66.6666666666667,-8.99330418893383
"linear","correcao_colete",66.6666666666667,-8.99330418893383
"linear","correcao_colete",66.6666666666667,-8.99330418893383
"linear","correcao_colete",66.6666666666667,-8.99330418893383
"linear","correcao_colete",66.6666666666667,-8.99330418893383
"linear","correcao_colete",66.6666666666667,-8.99330418893383
"linear","correcao_colete",66.6666666666667,-8.99330418893383
"linear","correcao_colete",67.4418604651163,-9.08277413062939
"linear","correcao_colete",68.2926829268293,-9.1651659877149
"linear","correcao_colete",68.75,-9.20945161089837
"linear","correcao_colete",68.75,-9.20945161089837
"linear","correcao_colete",68.9655172413793,-9.22191573325287
"linear","correcao_colete",68.9655172413793,-9.22191573325287
"linear","correcao_colete",68.9655172413793,-9.22191573325287
"linear","correcao_colete",68.9655172413793,-9.22191573325287
"linear","correcao_colete",68.9655172413793,-9.22191573325287
"linear","correcao_colete",69.0476190476191,-9.2266639703403
"linear","correcao_colete",69.0476190476191,-9.2266639703403
"linear","correcao_colete",69.6969696969697,-9.26421820912268
"linear","correcao_colete",70.4545454545455,-9.28299605634932
"linear","correcao_colete",71.0526315789474,-9.29782067258087
"linear","correcao_colete",71.0526315789474,-9.29782067258087
"linear","correcao_colete",72.972972972973,-9.32907618737078
"linear","correcao_colete",75,-9.39310610409751
"linear","correcao_colete",75,-9.39310610409751
"linear","correcao_colete",75.7575757575758,-9.42580454060163
"linear","correcao_colete",75.7575757575758,-9.42580454060163
"linear","correcao_colete",76.4705882352941,-9.45998507837048
"linear","correcao_colete",76.4705882352941,-9.45998507837048
"linear","correcao_colete",76.4705882352941,-9.45998507837048
"linear","correcao_colete",77.2727272727273,-9.50163318722135
"linear","correcao_colete",77.2727272727273,-9.50163318722135
"linear","correcao_colete",78.9473684210526,-9.59598267417343
"linear","correcao_colete",78.9473684210526,-9.59598267417343
"linear","correcao_colete",80,-9.65717327017557
"linear","correcao_colete",80,-9.65717327017557
"linear","correcao_colete",80,-9.65717327017557
"linear","correcao_colete",80,-9.65717327017557
"linear","correcao_colete",80.7692307692308,-9.70175418632621
"linear","correcao_colete",81.0810810810811,-9.71982753071161
"linear","correcao_colete",81.0810810810811,-9.71982753071161
"linear","correcao_colete",83.7837837837838,-9.87301237068829
"linear","correcao_colete",83.8709677419355,-9.87786002939936
"linear","correcao_colete",83.8709677419355,-9.87786002939936
"linear","correcao_colete",90.9090909090909,-10.2562052120992
"linear","correcao_colete",100,-10.8603246319993
"linear","correcao_colete",100,-10.8603246319993
"linear","correcao_colete",100,-10.8603246319993
"linear","correcao_colete",100,-10.8603246319993
"linear","correcao_colete",100,-10.8603246319993
"linear","correcao_colete",100,-10.8603246319993
"linear","correcao_colete",100,-10.8603246319993
"linear","correcao_colete",100,-10.8603246319993
"linear","correcao_colete",100,-10.8603246319993
"linear","correcao_colete",100,-10.8603246319993
"linear","correcao_colete",100,-10.8603246319993
"linear","correcao_colete",100,-10.8603246319993
"linear","correcao_colete",100,-10.8603246319993
"linear","correcao_colete",100,-10.8603246319993
"linear","correcao_colete",100,-10.8603246319993
"linear","correcao_colete",100,-10.8603246319993
"linear","correcao_colete",100,-10.8603246319993
"linear","correcao_colete",100,-10.8603246319993
"linear","correcao_colete",100,-10.8603246319993
"linear","correcao_colete",100,-10.8603246319993
"linear","correcao_colete",100,-10.8603246319993
"linear","correcao_colete",100,-10.8603246319993
"linear","correcao_colete",100,-10.8603246319993
"linear","correcao_colete",100,-10.8603246319993
"linear","correcao_colete",100,-10.8603246319993
"linear","correcao_colete",120,-12.3526115161897
"linear","correcao_colete",142.424242424242,-13.9952508948938
"linear","correcao_colete",142.424242424242,-13.9952508948938
"logistic","idade",10,-1.55215990767514
"logistic","idade",10,-1.55215990767514
"logistic","idade",10,-1.55215990767514
"logistic","idade",10,-1.55215990767514
"logistic","idade",10,-1.55215990767514
"logistic","idade",10,-1.55215990767514
"logistic","idade",10,-1.55215990767514
"logistic","idade",10,-1.55215990767514
"logistic","idade",10,-1.55215990767514
"logistic","idade",10,-1.55215990767514
"logistic","idade",10,-1.55215990767514
"logistic","idade",10,-1.55215990767514
"logistic","idade",10,-1.55215990767514
"logistic","idade",10,-1.55215990767514
"logistic","idade",10,-1.55215990767514
"logistic","idade",10,-1.55215990767514
"logistic","idade",10,-1.55215990767514
"logistic","idade",10,-1.55215990767514
"logistic","idade",10,-1.55215990767514
"logistic","idade",10,-1.55215990767514
"logistic","idade",10,-1.55215990767514
"logistic","idade",10,-1.55215990767514
"logistic","idade",10,-1.55215990767514
"logistic","idade",10,-1.55215990767514
"logistic","idade",10,-1.55215990767514
"logistic","idade",10,-1.55215990767514
"logistic","idade",10,-1.55215990767514
"logistic","idade",10,-1.55215990767514
"logistic","idade",10,-1.55215990767514
"logistic","idade",11,-1.33441445978104
"logistic","idade",11,-1.33441445978104
"logistic","idade",11,-1.33441445978104
"logistic","idade",11,-1.33441445978104
"logistic","idade",11,-1.33441445978104
"logistic","idade",11,-1.33441445978104
"logistic","idade",11,-1.33441445978104
"logistic","idade",11,-1.33441445978104
"logistic","idade",11,-1.33441445978104
"logistic","idade",11,-1.33441445978104
"logistic","idade",11,-1.33441445978104
"logistic","idade",11,-1.33441445978104
"logistic","idade",11,-1.33441445978104
"logistic","idade",11,-1.33441445978104
"logistic","idade",11,-1.33441445978104
"logistic","idade",11,-1.33441445978104
"logistic","idade",11,-1.33441445978104
"logistic","idade",11,-1.33441445978104
"logistic","idade",11,-1.33441445978104
"logistic","idade",11,-1.33441445978104
"logistic","idade",11,-1.33441445978104
"logistic","idade",11,-1.33441445978104
"logistic","idade",11,-1.33441445978104
"logistic","idade",11,-1.33441445978104
"logistic","idade",11,-1.33441445978104
"logistic","idade",11,-1.33441445978104
"logistic","idade",11,-1.33441445978104
"logistic","idade",11,-1.33441445978104
"logistic","idade",11,-1.33441445978104
"logistic","idade",11,-1.33441445978104
"logistic","idade",11,-1.33441445978104
"logistic","idade",11,-1.33441445978104
"logistic","idade",11,-1.33441445978104
"logistic","idade",11,-1.33441445978104
"logistic","idade",11,-1.33441445978104
"logistic","idade",11,-1.33441445978104
"logistic","idade",11,-1.33441445978104
"logistic","idade",11,-1.33441445978104
"logistic","idade",11,-1.33441445978104
"logistic","idade",11,-1.33441445978104
"logistic","idade",11,-1.33441445978104
"logistic","idade",11,-1.33441445978104
"logistic","idade",11,-1.33441445978104
"logistic","idade",11,-1.33441445978104
"logistic","idade",11,-1.33441445978104
"logistic","idade",11,-1.33441445978104
"logistic","idade",11,-1.33441445978104
"logistic","idade",11,-1.33441445978104
"logistic","idade",11,-1.33441445978104
"logistic","idade",11,-1.33441445978104
"logistic","idade",11,-1.33441445978104
"logistic","idade",11,-1.33441445978104
"logistic","idade",11,-1.33441445978104
"logistic","idade",11,-1.33441445978104
"logistic","idade",11,-1.33441445978104
"logistic","idade",11,-1.33441445978104
"logistic","idade",11,-1.33441445978104
"logistic","idade",11,-1.33441445978104
"logistic","idade",11,-1.33441445978104
"logistic","idade",11,-1.33441445978104
"logistic","idade",11,-1.33441445978104
"logistic","idade",11,-1.33441445978104
"logistic","idade",11,-1.33441445978104
"logistic","idade",11,-1.33441445978104
"logistic","idade",11,-1.33441445978104
"logistic","idade",11,-1.33441445978104
"logistic","idade",11,-1.33441445978104
"logistic","idade",11,-1.33441445978104
"logistic","idade",11,-1.33441445978104
"logistic","idade",11,-1.33441445978104
"logistic","idade",12,-1.10686609738632
"logistic","idade",12,-1.10686609738632
"logistic","idade",12,-1.10686609738632
"logistic","idade",12,-1.10686609738632
"logistic","idade",12,-1.10686609738632
"logistic","idade",12,-1.10686609738632
"logistic","idade",12,-1.10686609738632
"logistic","idade",12,-1.10686609738632
"logistic","idade",12,-1.10686609738632
"logistic","idade",12,-1.10686609738632
"logistic","idade",12,-1.10686609738632
"logistic","idade",12,-1.10686609738632
"logistic","idade",12,-1.10686609738632
"logistic","idade",12,-1.10686609738632
"logistic","idade",12,-1.10686609738632
"logistic","idade",12,-1.10686609738632
"logistic","idade",12,-1.10686609738632
"logistic","idade",12,-1.10686609738632
"logistic","idade",12,-1.10686609738632
"logistic","idade",12,-1.10686609738632
"logistic","idade",12,-1.10686609738632
"logistic","idade",12,-1.10686609738632
"logistic","idade",12,-1.10686609738632
"logistic","idade",12,-1.10686609738632
"logistic","idade",12,-1.10686609738632
"logistic","idade",12,-1.10686609738632
"logistic","idade",12,-1.10686609738632
"logistic","idade",12,-1.10686609738632
"logistic","idade",12,-1.10686609738632
"logistic","idade",12,-1.10686609738632
"logistic","idade",12,-1.10686609738632
"logistic","idade",12,-1.10686609738632
"logistic","idade",12,-1.10686609738632
"logistic","idade",12,-1.10686609738632
"logistic","idade",12,-1.10686609738632
"logistic","idade",12,-1.10686609738632
"logistic","idade",12,-1.10686609738632
"logistic","idade",12,-1.10686609738632
"logistic","idade",12,-1.10686609738632
"logistic","idade",12,-1.10686609738632
"logistic","idade",12,-1.10686609738632
"logistic","idade",12,-1.10686609738632
"logistic","idade",12,-1.10686609738632
"logistic","idade",12,-1.10686609738632
"logistic","idade",12,-1.10686609738632
"logistic","idade",12,-1.10686609738632
"logistic","idade",12,-1.10686609738632
"logistic","idade",12,-1.10686609738632
"logistic","idade",12,-1.10686609738632
"logistic","idade",12,-1.10686609738632
"logistic","idade",12,-1.10686609738632
"logistic","idade",12,-1.10686609738632
"logistic","idade",12,-1.10686609738632
"logistic","idade",12,-1.10686609738632
"logistic","idade",12,-1.10686609738632
"logistic","idade",12,-1.10686609738632
"logistic","idade",12,-1.10686609738632
"logistic","idade",12,-1.10686609738632
"logistic","idade",12,-1.10686609738632
"logistic","idade",12,-1.10686609738632
"logistic","idade",12,-1.10686609738632
"logistic","idade",12,-1.10686609738632
"logistic","idade",12,-1.10686609738632
"logistic","idade",12,-1.10686609738632
"logistic","idade",12,-1.10686609738632
"logistic","idade",12,-1.10686609738632
"logistic","idade",12,-1.10686609738632
"logistic","idade",12,-1.10686609738632
"logistic","idade",12,-1.10686609738632
"logistic","idade",12,-1.10686609738632
"logistic","idade",12,-1.10686609738632
"logistic","idade",12,-1.10686609738632
"logistic","idade",12,-1.10686609738632
"logistic","idade",12,-1.10686609738632
"logistic","idade",12,-1.10686609738632
"logistic","idade",12,-1.10686609738632
"logistic","idade",12,-1.10686609738632
"logistic","idade",12,-1.10686609738632
"logistic","idade",12,-1.10686609738632
"logistic","idade",12,-1.10686609738632
"logistic","idade",12,-1.10686609738632
"logistic","idade",12,-1.10686609738632
"logistic","idade",12,-1.10686609738632
"logistic","idade",12,-1.10686609738632
"logistic","idade",12,-1.10686609738632
"logistic","idade",12,-1.10686609738632
"logistic","idade",12,-1.10686609738632
"logistic","idade",12,-1.10686609738632
"logistic","idade",12,-1.10686609738632
"logistic","idade",12,-1.10686609738632
"logistic","idade",12,-1.10686609738632
"logistic","idade",12,-1.10686609738632
"logistic","idade",12,-1.10686609738632
"logistic","idade",12,-1.10686609738632
"logistic","idade",12,-1.10686609738632
"logistic","idade",12,-1.10686609738632
"logistic","idade",12,-1.10686609738632
"logistic","idade",12,-1.10686609738632
"logistic","idade",12,-1.10686609738632
"logistic","idade",12,-1.10686609738632
"logistic","idade",12,-1.10686609738632
"logistic","idade",12,-1.10686609738632
"logistic","idade",12,-1.10686609738632
"logistic","idade",12,-1.10686609738632
"logistic","idade",12,-1.10686609738632
"logistic","idade",12,-1.10686609738632
"logistic","idade",12,-1.10686609738632
"logistic","idade",12,-1.10686609738632
"logistic","idade",12,-1.10686609738632
"logistic","idade",12,-1.10686609738632
"logistic","idade",12,-1.10686609738632
"logistic","idade",12,-1.10686609738632
"logistic","idade",12,-1.10686609738632
"logistic","idade",12,-1.10686609738632
"logistic","idade",12,-1.10686609738632
"logistic","idade",12,-1.10686609738632
"logistic","idade",12,-1.10686609738632
"logistic","idade",12,-1.10686609738632
"logistic","idade",12,-1.10686609738632
"logistic","idade",13,-0.925203409420295
"logistic","idade",13,-0.925203409420295
"logistic","idade",13,-0.925203409420295
"logistic","idade",13,-0.925203409420295
"logistic","idade",13,-0.925203409420295
"logistic","idade",13,-0.925203409420295
"logistic","idade",13,-0.925203409420295
"logistic","idade",13,-0.925203409420295
"logistic","idade",13,-0.925203409420295
"logistic","idade",13,-0.925203409420295
"logistic","idade",13,-0.925203409420295
"logistic","idade",13,-0.925203409420295
"logistic","idade",13,-0.925203409420295
"logistic","idade",13,-0.925203409420295
"logistic","idade",13,-0.925203409420295
"logistic","idade",13,-0.925203409420295
"logistic","idade",13,-0.925203409420295
"logistic","idade",13,-0.925203409420295
"logistic","idade",13,-0.925203409420295
"logistic","idade",13,-0.925203409420295
"logistic","idade",13,-0.925203409420295
"logistic","idade",13,-0.925203409420295
"logistic","idade",13,-0.925203409420295
"logistic","idade",13,-0.925203409420295
"logistic","idade",13,-0.925203409420295
"logistic","idade",13,-0.925203409420295
"logistic","idade",13,-0.925203409420295
"logistic","idade",13,-0.925203409420295
"logistic","idade",13,-0.925203409420295
"logistic","idade",13,-0.925203409420295
"logistic","idade",13,-0.925203409420295
"logistic","idade",13,-0.925203409420295
"logistic","idade",13,-0.925203409420295
"logistic","idade",13,-0.925203409420295
"logistic","idade",13,-0.925203409420295
"logistic","idade",13,-0.925203409420295
"logistic","idade",13,-0.925203409420295
"logistic","idade",13,-0.925203409420295
"logistic","idade",13,-0.925203409420295
"logistic","idade",13,-0.925203409420295
"logistic","idade",13,-0.925203409420295
"logistic","idade",13,-0.925203409420295
"logistic","idade",13,-0.925203409420295
"logistic","idade",13,-0.925203409420295
"logistic","idade",13,-0.925203409420295
"logistic","idade",13,-0.925203409420295
"logistic","idade",13,-0.925203409420295
"logistic","idade",13,-0.925203409420295
"logistic","idade",13,-0.925203409420295
"logistic","idade",13,-0.925203409420295
"logistic","idade",13,-0.925203409420295
"logistic","idade",13,-0.925203409420295
"logistic","idade",13,-0.925203409420295
"logistic","idade",13,-0.925203409420295
"logistic","idade",13,-0.925203409420295
"logistic","idade",13,-0.925203409420295
"logistic","idade",13,-0.925203409420295
"logistic","idade",13,-0.925203409420295
"logistic","idade",13,-0.925203409420295
"logistic","idade",13,-0.925203409420295
"logistic","idade",13,-0.925203409420295
"logistic","idade",13,-0.925203409420295
"logistic","idade",13,-0.925203409420295
"logistic","idade",13,-0.925203409420295
"logistic","idade",13,-0.925203409420295
"logistic","idade",13,-0.925203409420295
"logistic","idade",13,-0.925203409420295
"logistic","idade",13,-0.925203409420295
"logistic","idade",13,-0.925203409420295
"logistic","idade",13,-0.925203409420295
"logistic","idade",13,-0.925203409420295
"logistic","idade",13,-0.925203409420295
"logistic","idade",13,-0.925203409420295
"logistic","idade",13,-0.925203409420295
"logistic","idade",13,-0.925203409420295
"logistic","idade",13,-0.925203409420295
"logistic","idade",13,-0.925203409420295
"logistic","idade",13,-0.925203409420295
"logistic","idade",13,-0.925203409420295
"logistic","idade",13,-0.925203409420295
"logistic","idade",13,-0.925203409420295
"logistic","idade",13,-0.925203409420295
"logistic","idade",13,-0.925203409420295
"logistic","idade",13,-0.925203409420295
"logistic","idade",13,-0.925203409420295
"logistic","idade",13,-0.925203409420295
"logistic","idade",13,-0.925203409420295
"logistic","idade",13,-0.925203409420295
"logistic","idade",13,-0.925203409420295
"logistic","idade",13,-0.925203409420295
"logistic","idade",13,-0.925203409420295
"logistic","idade",13,-0.925203409420295
"logistic","idade",13,-0.925203409420295
"logistic","idade",13,-0.925203409420295
"logistic","idade",13,-0.925203409420295
"logistic","idade",13,-0.925203409420295
"logistic","idade",13,-0.925203409420295
"logistic","idade",13,-0.925203409420295
"logistic","idade",13,-0.925203409420295
"logistic","idade",13,-0.925203409420295
"logistic","idade",13,-0.925203409420295
"logistic","idade",13,-0.925203409420295
"logistic","idade",13,-0.925203409420295
"logistic","idade",13,-0.925203409420295
"logistic","idade",13,-0.925203409420295
"logistic","idade",13,-0.925203409420295
"logistic","idade",13,-0.925203409420295
"logistic","idade",13,-0.925203409420295
"logistic","idade",13,-0.925203409420295
"logistic","idade",13,-0.925203409420295
"logistic","idade",13,-0.925203409420295
"logistic","idade",13,-0.925203409420295
"logistic","idade",13,-0.925203409420295
"logistic","idade",13,-0.925203409420295
"logistic","idade",13,-0.925203409420295
"logistic","idade",13,-0.925203409420295
"logistic","idade",13,-0.925203409420295
"logistic","idade",13,-0.925203409420295
"logistic","idade",13,-0.925203409420295
"logistic","idade",13,-0.925203409420295
"logistic","idade",13,-0.925203409420295
"logistic","idade",13,-0.925203409420295
"logistic","idade",13,-0.925203409420295
"logistic","idade",13,-0.925203409420295
"logistic","idade",13,-0.925203409420295
"logistic","idade",13,-0.925203409420295
"logistic","idade",13,-0.925203409420295
"logistic","idade",13,-0.925203409420295
"logistic","idade",13,-0.925203409420295
"logistic","idade",13,-0.925203409420295
"logistic","idade",13,-0.925203409420295
"logistic","idade",13,-0.925203409420295
"logistic","idade",13,-0.925203409420295
"logistic","idade",13,-0.925203409420295
"logistic","idade",13,-0.925203409420295
"logistic","idade",13,-0.925203409420295
"logistic","idade",13,-0.925203409420295
"logistic","idade",13,-0.925203409420295
"logistic","idade",13,-0.925203409420295
"logistic","idade",13,-0.925203409420295
"logistic","idade",13,-0.925203409420295
"logistic","idade",13,-0.925203409420295
"logistic","idade",13,-0.925203409420295
"logistic","idade",13,-0.925203409420295
"logistic","idade",13,-0.925203409420295
"logistic","idade",13,-0.925203409420295
"logistic","idade",13,-0.925203409420295
"logistic","idade",13,-0.925203409420295
"logistic","idade",13,-0.925203409420295
"logistic","idade",13,-0.925203409420295
"logistic","idade",13,-0.925203409420295
"logistic","idade",13,-0.925203409420295
"logistic","idade",13,-0.925203409420295
"logistic","idade",13,-0.925203409420295
"logistic","idade",13,-0.925203409420295
"logistic","idade",13,-0.925203409420295
"logistic","idade",13,-0.925203409420295
"logistic","idade",13,-0.925203409420295
"logistic","idade",14,-0.958875678296862
"logistic","idade",14,-0.958875678296862
"logistic","idade",14,-0.958875678296862
"logistic","idade",14,-0.958875678296862
"logistic","idade",14,-0.958875678296862
"logistic","idade",14,-0.958875678296862
"logistic","idade",14,-0.958875678296862
"logistic","idade",14,-0.958875678296862
"logistic","idade",14,-0.958875678296862
"logistic","idade",14,-0.958875678296862
"logistic","idade",14,-0.958875678296862
"logistic","idade",14,-0.958875678296862
"logistic","idade",14,-0.958875678296862
"logistic","idade",14,-0.958875678296862
"logistic","idade",14,-0.958875678296862
"logistic","idade",14,-0.958875678296862
"logistic","idade",14,-0.958875678296862
"logistic","idade",14,-0.958875678296862
"logistic","idade",14,-0.958875678296862
"logistic","idade",14,-0.958875678296862
"logistic","idade",14,-0.958875678296862
"logistic","idade",14,-0.958875678296862
"logistic","idade",14,-0.958875678296862
"logistic","idade",14,-0.958875678296862
"logistic","idade",14,-0.958875678296862
"logistic","idade",14,-0.958875678296862
"logistic","idade",14,-0.958875678296862
"logistic","idade",14,-0.958875678296862
"logistic","idade",14,-0.958875678296862
"logistic","idade",14,-0.958875678296862
"logistic","idade",14,-0.958875678296862
"logistic","idade",14,-0.958875678296862
"logistic","idade",14,-0.958875678296862
"logistic","idade",14,-0.958875678296862
"logistic","idade",14,-0.958875678296862
"logistic","idade",14,-0.958875678296862
"logistic","idade",14,-0.958875678296862
"logistic","idade",14,-0.958875678296862
"logistic","idade",14,-0.958875678296862
"logistic","idade",14,-0.958875678296862
"logistic","idade",14,-0.958875678296862
"logistic","idade",14,-0.958875678296862
"logistic","idade",14,-0.958875678296862
"logistic","idade",14,-0.958875678296862
"logistic","idade",14,-0.958875678296862
"logistic","idade",14,-0.958875678296862
"logistic","idade",14,-0.958875678296862
"logistic","idade",14,-0.958875678296862
"logistic","idade",14,-0.958875678296862
"logistic","idade",14,-0.958875678296862
"logistic","idade",14,-0.958875678296862
"logistic","idade",14,-0.958875678296862
"logistic","idade",14,-0.958875678296862
"logistic","idade",14,-0.958875678296862
"logistic","idade",14,-0.958875678296862
"logistic","idade",14,-0.958875678296862
"logistic","idade",14,-0.958875678296862
"logistic","idade",14,-0.958875678296862
"logistic","idade",14,-0.958875678296862
"logistic","idade",14,-0.958875678296862
"logistic","idade",14,-0.958875678296862
"logistic","idade",14,-0.958875678296862
"logistic","idade",14,-0.958875678296862
"logistic","idade",14,-0.958875678296862
"logistic","idade",14,-0.958875678296862
"logistic","idade",14,-0.958875678296862
"logistic","idade",14,-0.958875678296862
"logistic","idade",14,-0.958875678296862
"logistic","idade",14,-0.958875678296862
"logistic","idade",14,-0.958875678296862
"logistic","idade",14,-0.958875678296862
"logistic","idade",14,-0.958875678296862
"logistic","idade",14,-0.958875678296862
"logistic","idade",14,-0.958875678296862
"logistic","idade",14,-0.958875678296862
"logistic","idade",14,-0.958875678296862
"logistic","idade",14,-0.958875678296862
"logistic","idade",14,-0.958875678296862
"logistic","idade",14,-0.958875678296862
"logistic","idade",14,-0.958875678296862
"logistic","idade",14,-0.958875678296862
"logistic","idade",14,-0.958875678296862
"logistic","idade",14,-0.958875678296862
"logistic","idade",14,-0.958875678296862
"logistic","idade",14,-0.958875678296862
"logistic","idade",14,-0.958875678296862
"logistic","idade",14,-0.958875678296862
"logistic","idade",14,-0.958875678296862
"logistic","idade",14,-0.958875678296862
"logistic","idade",14,-0.958875678296862
"logistic","idade",14,-0.958875678296862
"logistic","idade",14,-0.958875678296862
"logistic","idade",14,-0.958875678296862
"logistic","idade",14,-0.958875678296862
"logistic","idade",14,-0.958875678296862
"logistic","idade",14,-0.958875678296862
"logistic","idade",14,-0.958875678296862
"logistic","idade",14,-0.958875678296862
"logistic","idade",14,-0.958875678296862
"logistic","idade",14,-0.958875678296862
"logistic","idade",14,-0.958875678296862
"logistic","idade",14,-0.958875678296862
"logistic","idade",15,-1.04006042386818
"logistic","idade",15,-1.04006042386818
"logistic","idade",15,-1.04006042386818
"logistic","idade",15,-1.04006042386818
"logistic","idade",15,-1.04006042386818
"logistic","idade",15,-1.04006042386818
"logistic","idade",15,-1.04006042386818
"logistic","idade",15,-1.04006042386818
"logistic","idade",15,-1.04006042386818
"logistic","idade",15,-1.04006042386818
"logistic","idade",15,-1.04006042386818
"logistic","idade",15,-1.04006042386818
"logistic","idade",15,-1.04006042386818
"logistic","idade",15,-1.04006042386818
"logistic","idade",15,-1.04006042386818
"logistic","idade",15,-1.04006042386818
"logistic","idade",15,-1.04006042386818
"logistic","idade",15,-1.04006042386818
"logistic","idade",15,-1.04006042386818
"logistic","idade",15,-1.04006042386818
"logistic","idade",15,-1.04006042386818
"logistic","idade",15,-1.04006042386818
"logistic","idade",15,-1.04006042386818
"logistic","idade",15,-1.04006042386818
"logistic","idade",15,-1.04006042386818
"logistic","idade",15,-1.04006042386818
"logistic","idade",15,-1.04006042386818
"logistic","idade",15,-1.04006042386818
"logistic","idade",15,-1.04006042386818
"logistic","idade",15,-1.04006042386818
"logistic","idade",15,-1.04006042386818
"logistic","idade",15,-1.04006042386818
"logistic","idade",15,-1.04006042386818
"logistic","idade",15,-1.04006042386818
"logistic","idade",15,-1.04006042386818
"logistic","idade",15,-1.04006042386818
"logistic","idade",15,-1.04006042386818
"logistic","idade",15,-1.04006042386818
"logistic","idade",15,-1.04006042386818
"logistic","idade",15,-1.04006042386818
"logistic","idade",15,-1.04006042386818
"logistic","idade",15,-1.04006042386818
"logistic","idade",15,-1.04006042386818
"logistic","idade",15,-1.04006042386818
"logistic","idade",15,-1.04006042386818
"logistic","idade",15,-1.04006042386818
"logistic","idade",15,-1.04006042386818
"logistic","idade",15,-1.04006042386818
"logistic","idade",15,-1.04006042386818
"logistic","idade",15,-1.04006042386818
"logistic","idade",15,-1.04006042386818
"logistic","idade",15,-1.04006042386818
"logistic","idade",15,-1.04006042386818
"logistic","idade",15,-1.04006042386818
"logistic","idade",15,-1.04006042386818
"logistic","idade",15,-1.04006042386818
"logistic","idade",15,-1.04006042386818
"logistic","idade",15,-1.04006042386818
"logistic","idade",15,-1.04006042386818
"logistic","idade",15,-1.04006042386818
"logistic","idade",15,-1.04006042386818
"logistic","idade",15,-1.04006042386818
"logistic","idade",15,-1.04006042386818
"logistic","idade",15,-1.04006042386818
"logistic","idade",15,-1.04006042386818
"logistic","idade",15,-1.04006042386818
"logistic","idade",15,-1.04006042386818
"logistic","idade",15,-1.04006042386818
"logistic","idade",15,-1.04006042386818
"logistic","idade",15,-1.04006042386818
"logistic","idade",15,-1.04006042386818
"logistic","idade",15,-1.04006042386818
"logistic","idade",15,-1.04006042386818
"logistic","idade",15,-1.04006042386818
"logistic","idade",15,-1.04006042386818
"logistic","idade",15,-1.04006042386818
"logistic","idade",15,-1.04006042386818
"logistic","idade",15,-1.04006042386818
"logistic","idade",15,-1.04006042386818
"logistic","idade",15,-1.04006042386818
"logistic","idade",15,-1.04006042386818
"logistic","idade",16,-1.28587371792481
"logistic","idade",16,-1.28587371792481
"logistic","idade",16,-1.28587371792481
"logistic","idade",16,-1.28587371792481
"logistic","idade",16,-1.28587371792481
"logistic","idade",16,-1.28587371792481
"logistic","idade",16,-1.28587371792481
"logistic","idade",16,-1.28587371792481
"logistic","idade",16,-1.28587371792481
"logistic","idade",16,-1.28587371792481
"logistic","idade",16,-1.28587371792481
"logistic","idade",16,-1.28587371792481
"logistic","idade",16,-1.28587371792481
"logistic","idade",16,-1.28587371792481
"logistic","idade",16,-1.28587371792481
"logistic","idade",16,-1.28587371792481
"logistic","idade",16,-1.28587371792481
"logistic","idade",16,-1.28587371792481
"logistic","idade",16,-1.28587371792481
"logistic","idade",16,-1.28587371792481
"logistic","idade",16,-1.28587371792481
"logistic","idade",16,-1.28587371792481
"logistic","idade",16,-1.28587371792481
"logistic","idade",16,-1.28587371792481
"logistic","idade",16,-1.28587371792481
"logistic","idade",16,-1.28587371792481
"logistic","idade",16,-1.28587371792481
"logistic","idade",16,-1.28587371792481
"logistic","idade",16,-1.28587371792481
"logistic","idade",16,-1.28587371792481
"logistic","idade",16,-1.28587371792481
"logistic","idade",17,-1.50999554164634
"logistic","idade",17,-1.50999554164634
"logistic","idade",17,-1.50999554164634
"logistic","idade",17,-1.50999554164634
"logistic","idade",17,-1.50999554164634
"logistic","idade",17,-1.50999554164634
"logistic","idade",17,-1.50999554164634
"logistic","idade",17,-1.50999554164634
"logistic","idade",17,-1.50999554164634
"logistic","idade",17,-1.50999554164634
"logistic","idade",17,-1.50999554164634
"logistic","idade",17,-1.50999554164634
"logistic","idade",17,-1.50999554164634
"logistic","idade",17,-1.50999554164634
"logistic","idade",17,-1.50999554164634
"logistic","idade",17,-1.50999554164634
"logistic","idade",17,-1.50999554164634
"logistic","idade",17,-1.50999554164634
"logistic","idade",17,-1.50999554164634
"logistic","idade",17,-1.50999554164634
"logistic","idade",17,-1.50999554164634
"logistic","idade",17,-1.50999554164634
"logistic","idade",17,-1.50999554164634
"logistic","idade",17,-1.50999554164634
"logistic","idade",18,-1.76868547880623
"logistic","imc",13.2590930940554,0.731630595097479
"logistic","imc",13.735691987513,0.74804669187443
"logistic","imc",13.735691987513,0.74804669187443
"logistic","imc",13.735691987513,0.74804669187443
"logistic","imc",13.9633349849106,0.757064369435271
"logistic","imc",13.9633349849106,0.757064369435271
"logistic","imc",14.1533933518006,0.765005043111973
"logistic","imc",14.3854227715915,0.775136678615849
"logistic","imc",14.5243282498184,0.781456638060202
"logistic","imc",14.5243282498184,0.781456638060202
"logistic","imc",14.5681581685744,0.783450823692926
"logistic","imc",14.6428571428571,0.78693751426363
"logistic","imc",14.6428571428571,0.78693751426363
"logistic","imc",14.692378328742,0.789248992480468
"logistic","imc",14.692378328742,0.789248992480468
"logistic","imc",14.7087191358025,0.790011725013848
"logistic","imc",14.7087191358025,0.790011725013848
"logistic","imc",14.8173504816861,0.795175587835662
"logistic","imc",14.8728293975713,0.797812814768675
"logistic","imc",14.8728293975713,0.797812814768675
"logistic","imc",14.8914007947224,0.798695618406223
"logistic","imc",14.8914007947224,0.798695618406223
"logistic","imc",14.9333333333333,0.800732886468815
"logistic","imc",14.9333333333333,0.800732886468815
"logistic","imc",14.9777777777778,0.802892194019128
"logistic","imc",14.9777777777778,0.802892194019128
"logistic","imc",15.0531286894923,0.806553074352362
"logistic","imc",15.0531286894923,0.806553074352362
"logistic","imc",15.0551394482291,0.806650765899113
"logistic","imc",15.2416896501669,0.815890012075469
"logistic","imc",15.2439024390244,0.815999604564665
"logistic","imc",15.2439024390244,0.815999604564665
"logistic","imc",15.4006243496358,0.823908167583675
"logistic","imc",15.4164469146821,0.824706612117073
"logistic","imc",15.437904983726,0.825789437681397
"logistic","imc",15.437904983726,0.825789437681397
"logistic","imc",15.5381557061138,0.830919692158098
"logistic","imc",15.5381557061138,0.830919692158098
"logistic","imc",15.5381557061138,0.830919692158098
"logistic","imc",15.580686950737,0.833096196256329
"logistic","imc",15.580686950737,0.833096196256329
"logistic","imc",15.580686950737,0.833096196256329
"logistic","imc",15.6012818350481,0.834150123798368
"logistic","imc",15.6012818350481,0.834150123798368
"logistic","imc",15.6192949004016,0.835071928718753
"logistic","imc",15.6192949004016,0.835071928718753
"logistic","imc",15.7004340946894,0.839264819816548
"logistic","imc",15.7004340946894,0.839264819816548
"logistic","imc",15.7004340946894,0.839264819816548
"logistic","imc",15.7010657427306,0.839297460409937
"logistic","imc",15.7010657427306,0.839297460409937
"logistic","imc",15.7426694439994,0.841447343585587
"logistic","imc",15.7426694439994,0.841447343585587
"logistic","imc",15.7430481389186,0.84146691275397
"logistic","imc",15.7752341311134,0.843130133116609
"logistic","imc",15.7752341311134,0.843130133116609
"logistic","imc",15.7808357530615,0.843419598534714
"logistic","imc",15.7887811938073,0.84383018146031
"logistic","imc",15.8221589335865,0.845554985720607
"logistic","imc",15.8221589335865,0.845554985720607
"logistic","imc",15.8221589335865,0.845554985720607
"logistic","imc",15.8566335147307,0.847363050831555
"logistic","imc",15.8566335147307,0.847363050831555
"logistic","imc",15.8566335147307,0.847363050831555
"logistic","imc",15.859375,0.84750683166088
"logistic","imc",15.8944485166467,0.849346308738264
"logistic","imc",15.96556990143,0.853076364048606
"logistic","imc",15.96556990143,0.853076364048606
"logistic","imc",16,0.85488209621198
"logistic","imc",16,0.85488209621198
"logistic","imc",16.0036579789666,0.855073943768254
"logistic","imc",16.0145429362881,0.855644819785131
"logistic","imc",16.0145429362881,0.855644819785131
"logistic","imc",16.0199359202563,0.855927661978806
"logistic","imc",16.0199359202563,0.855927661978806
"logistic","imc",16.025641025641,0.856226873793946
"logistic","imc",16.037956497043,0.856896681389709
"logistic","imc",16.037956497043,0.856896681389709
"logistic","imc",16.058123929844,0.857993537469047
"logistic","imc",16.058123929844,0.857993537469047
"logistic","imc",16.0590277777778,0.858042695490828
"logistic","imc",16.0590277777778,0.858042695490828
"logistic","imc",16.1362284354551,0.862241445601346
"logistic","imc",16.1362284354551,0.862241445601346
"logistic","imc",16.1362284354551,0.862241445601346
"logistic","imc",16.149843912591,0.86298195724787
"logistic","imc",16.149843912591,0.86298195724787
"logistic","imc",16.149843912591,0.86298195724787
"logistic","imc",16.2578022935114,0.869307845126254
"logistic","imc",16.2578022935114,0.869307845126254
"logistic","imc",16.328125,0.873428447461701
"logistic","imc",16.336379098928,0.873912101476431
"logistic","imc",16.336379098928,0.873912101476431
"logistic","imc",16.3608033240997,0.875561156324969
"logistic","imc",16.3608033240997,0.875561156324969
"logistic","imc",16.3901172461357,0.877540349725104
"logistic","imc",16.3901172461357,0.877540349725104
"logistic","imc",16.3959723776089,0.877935671700591
"logistic","imc",16.3959723776089,0.877935671700591
"logistic","imc",16.4195909176206,0.879530328957797
"logistic","imc",16.4195909176206,0.879530328957797
"logistic","imc",16.4365548980934,0.880675689109554
"logistic","imc",16.4365548980934,0.880675689109554
"logistic","imc",16.4939581914016,0.884551397693417
"logistic","imc",16.5289256198347,0.886912299912143
"logistic","imc",16.5289256198347,0.886912299912143
"logistic","imc",16.5289256198347,0.886912299912143
"logistic","imc",16.6137671097005,0.893764856016766
"logistic","imc",16.6137671097005,0.893764856016766
"logistic","imc",16.6267299134432,0.894811847766451
"logistic","imc",16.6267299134432,0.894811847766451
"logistic","imc",16.643598615917,0.896174314765752
"logistic","imc",16.643598615917,0.896174314765752
"logistic","imc",16.673240345656,0.898568445472276
"logistic","imc",16.673240345656,0.898568445472276
"logistic","imc",16.7285665241409,0.903037081545528
"logistic","imc",16.7285665241409,0.903037081545528
"logistic","imc",16.7285665241409,0.903037081545528
"logistic","imc",16.732570239334,0.903360457325832
"logistic","imc",16.732570239334,0.903360457325832
"logistic","imc",16.732570239334,0.903360457325832
"logistic","imc",16.7958132175747,0.908614477718177
"logistic","imc",16.8110438669356,0.909879790398838
"logistic","imc",16.8110438669356,0.909879790398838
"logistic","imc",16.8242268867169,0.910974992691489
"logistic","imc",16.8242268867169,0.910974992691489
"logistic","imc",16.8242268867169,0.910974992691489
"logistic","imc",16.8413666067278,0.912398904736137
"logistic","imc",16.8642845697805,0.914302854369432
"logistic","imc",16.875,0.915193057368282
"logistic","imc",16.8901546616036,0.916452057233867
"logistic","imc",16.8901546616036,0.916452057233867
"logistic","imc",16.8911310301338,0.916533170747349
"logistic","imc",16.8911310301338,0.916533170747349
"logistic","imc",16.8990634755463,0.917192172443947
"logistic","imc",16.8990634755463,0.917192172443947
"logistic","imc",16.901027582477,0.917355344042657
"logistic","imc",16.9204152249135,0.918966006151785
"logistic","imc",16.9204152249135,0.918966006151785
"logistic","imc",16.9204152249135,0.918966006151785
"logistic","imc",16.9370318792578,0.920346463606605
"logistic","imc",16.9370318792578,0.920346463606605
"logistic","imc",16.9370318792578,0.920346463606605
"logistic","imc",16.9370318792578,0.920346463606605
"logistic","imc",16.9667590027701,0.922826991068674
"logistic","imc",16.9667590027701,0.922826991068674
"logistic","imc",17.0123075764989,0.926627711577194
"logistic","imc",17.0123075764989,0.926627711577194
"logistic","imc",17.0123075764989,0.926627711577194
"logistic","imc",17.0318046541647,0.928254610882136
"logistic","imc",17.0318046541647,0.928254610882136
"logistic","imc",17.063550036523,0.930903548398779
"logistic","imc",17.0940170940171,0.933445818348687
"logistic","imc",17.0940170940171,0.933445818348687
"logistic","imc",17.0992784104511,0.933884839631582
"logistic","imc",17.1163461105356,0.935309023803199
"logistic","imc",17.1163461105356,0.935309023803199
"logistic","imc",17.1163461105356,0.935309023803199
"logistic","imc",17.1467764060357,0.93823342992417
"logistic","imc",17.1875,0.942147040538201
"logistic","imc",17.1875,0.942147040538201
"logistic","imc",17.19723183391,0.943082287277908
"logistic","imc",17.19723183391,0.943082287277908
"logistic","imc",17.258382642998,0.948958989999993
"logistic","imc",17.258382642998,0.948958989999993
"logistic","imc",17.258382642998,0.948958989999993
"logistic","imc",17.258382642998,0.948958989999993
"logistic","imc",17.283950617284,0.951416118308273
"logistic","imc",17.3130193905817,0.954209679697148
"logistic","imc",17.3130193905817,0.954209679697148
"logistic","imc",17.3252640322772,0.955668902822286
"logistic","imc",17.3252640322772,0.955668902822286
"logistic","imc",17.3313259339659,0.956391314089716
"logistic","imc",17.3313259339659,0.956391314089716
"logistic","imc",17.3333333333333,0.956630540655196
"logistic","imc",17.3404542996214,0.95747916317428
"logistic","imc",17.3510482140841,0.958741665202033
"logistic","imc",17.3604413409976,0.959861066516542
"logistic","imc",17.3604413409976,0.959861066516542
"logistic","imc",17.3611111111111,0.95994088461677
"logistic","imc",17.3611111111111,0.95994088461677
"logistic","imc",17.425092132671,0.967565655398314
"logistic","imc",17.4638395792242,0.972183280924364
"logistic","imc",17.4638395792242,0.972183280924364
"logistic","imc",17.4747174301011,0.973479620331118
"logistic","imc",17.4747174301011,0.973479620331118
"logistic","imc",17.4747174301011,0.973479620331118
"logistic","imc",17.4817898022893,0.974322451775531
"logistic","imc",17.4817898022893,0.974322451775531
"logistic","imc",17.5063898322888,0.977254095963013
"logistic","imc",17.5146311247811,0.978236230425159
"logistic","imc",17.5696511169278,0.986441903386573
"logistic","imc",17.5696511169278,0.986441903386573
"logistic","imc",17.5696511169278,0.986441903386573
"logistic","imc",17.5696511169278,0.986441903386573
"logistic","imc",17.5766983199416,0.98749292213389
"logistic","imc",17.578125,0.987705696973059
"logistic","imc",17.6047728495281,0.991679953053818
"logistic","imc",17.6047728495281,0.991679953053818
"logistic","imc",17.6252319109462,0.994731214250777
"logistic","imc",17.6252319109462,0.994731214250777
"logistic","imc",17.6464409509471,0.997894327135431
"logistic","imc",17.6464409509471,0.997894327135431
"logistic","imc",17.6611796982167,1.00009246158142
"logistic","imc",17.6611796982167,1.00009246158142
"logistic","imc",17.6812626082829,1.003087623625
"logistic","imc",17.6812626082829,1.003087623625
"logistic","imc",17.7095631641086,1.00730836406264
"logistic","imc",17.7095631641086,1.00730836406264
"logistic","imc",17.7289139518845,1.01039358629972
"logistic","imc",17.7315296566077,1.01081062515474
"logistic","imc",17.7315296566077,1.01081062515474
"logistic","imc",17.7333333333333,1.01109819709274
"logistic","imc",17.7333333333333,1.01109819709274
"logistic","imc",17.7848076848887,1.01930508850707
"logistic","imc",17.8062365685716,1.0227216351211
"logistic","imc",17.8062365685716,1.0227216351211
"logistic","imc",17.9247015610652,1.04223706880289
"logistic","imc",17.9391227190309,1.04461275081637
"logistic","imc",17.9391227190309,1.04461275081637
"logistic","imc",17.985063252553,1.05218080460496
"logistic","imc",17.985063252553,1.05218080460496
"logistic","imc",17.985063252553,1.05218080460496
"logistic","imc",17.9981634527089,1.05433887748354
"logistic","imc",18.0645161290323,1.06474110103051
"logistic","imc",18.066167337875,1.06499996388965
"logistic","imc",18.0699730872741,1.0655965977891
"logistic","imc",18.0699730872741,1.0655965977891
"logistic","imc",18.0802103879027,1.06720151707128
"logistic","imc",18.0802103879027,1.06720151707128
"logistic","imc",18.0802103879027,1.06720151707128
"logistic","imc",18.0802103879027,1.06720151707128
"logistic","imc",18.1312194299207,1.07519829259549
"logistic","imc",18.1312194299207,1.07519829259549
"logistic","imc",18.1448686311511,1.07733810142165
"logistic","imc",18.1786703601108,1.08263725678954
"logistic","imc",18.1811421772754,1.08302476783112
"logistic","imc",18.1811421772754,1.08302476783112
"logistic","imc",18.1954827736245,1.08527296786291
"logistic","imc",18.1954827736245,1.08527296786291
"logistic","imc",18.2114512471655,1.08758052016927
"logistic","imc",18.2114512471655,1.08758052016927
"logistic","imc",18.2448138239551,1.09240163790596
"logistic","imc",18.2448138239551,1.09240163790596
"logistic","imc",18.2448138239551,1.09240163790596
"logistic","imc",18.2563187147552,1.0940641723512
"logistic","imc",18.2615047479912,1.09481358918957
"logistic","imc",18.2615047479912,1.09481358918957
"logistic","imc",18.2663034770069,1.09550703795155
"logistic","imc",18.2663034770069,1.09550703795155
"logistic","imc",18.2898948331047,1.09891614828595
"logistic","imc",18.2898948331047,1.09891614828595
"logistic","imc",18.2898948331047,1.09891614828595
"logistic","imc",18.2898948331047,1.09891614828595
"logistic","imc",18.3142559833507,1.10243649907534
"logistic","imc",18.3142559833507,1.10243649907534
"logistic","imc",18.3654729109275,1.10983769112105
"logistic","imc",18.4202447261085,1.11730465160125
"logistic","imc",18.4202447261085,1.11730465160125
"logistic","imc",18.4202447261085,1.11730465160125
"logistic","imc",18.4425458240807,1.12034492727356
"logistic","imc",18.4425458240807,1.12034492727356
"logistic","imc",18.4425458240807,1.12034492727356
"logistic","imc",18.4645286686103,1.12334181592519
"logistic","imc",18.4645286686103,1.12334181592519
"logistic","imc",18.491124260355,1.12696755357601
"logistic","imc",18.491124260355,1.12696755357601
"logistic","imc",18.4971592122688,1.12779028963635
"logistic","imc",18.4997362976186,1.12814161986701
"logistic","imc",18.4997362976186,1.12814161986701
"logistic","imc",18.5077660037741,1.12923629782013
"logistic","imc",18.5077660037741,1.12923629782013
"logistic","imc",18.5121107266436,1.12982860745706
"logistic","imc",18.5121107266436,1.12982860745706
"logistic","imc",18.5121107266436,1.12982860745706
"logistic","imc",18.5403058947625,1.13367241298697
"logistic","imc",18.5493460166468,1.1349048394206
"logistic","imc",18.5493460166468,1.1349048394206
"logistic","imc",18.557722625107,1.13604681005135
"logistic","imc",18.557722625107,1.13604681005135
"logistic","imc",18.5910367469641,1.13997925195703
"logistic","imc",18.5910367469641,1.13997925195703
"logistic","imc",18.5910367469641,1.13997925195703
"logistic","imc",18.5910367469641,1.13997925195703
"logistic","imc",18.5949616141353,1.14044254833939
"logistic","imc",18.6267987815553,1.14420064863864
"logistic","imc",18.6267987815553,1.14420064863864
"logistic","imc",18.6372069488953,1.14542924213375
"logistic","imc",18.6372069488953,1.14542924213375
"logistic","imc",18.6644854253421,1.14864922867167
"logistic","imc",18.6644854253421,1.14864922867167
"logistic","imc",18.6833910793386,1.15088087645002
"logistic","imc",18.6833910793386,1.15088087645002
"logistic","imc",18.7111111111111,1.15415298474801
"logistic","imc",18.7721123829344,1.1594662475072
"logistic","imc",18.7721123829344,1.1594662475072
"logistic","imc",18.7721123829344,1.1594662475072
"logistic","imc",18.796189499765,1.16156338490091
"logistic","imc",18.796189499765,1.16156338490091
"logistic","imc",18.796189499765,1.16156338490091
"logistic","imc",18.8271110398974,1.16425667739681
"logistic","imc",18.8480350818013,1.16607917927745
"logistic","imc",18.8480350818013,1.16607917927745
"logistic","imc",18.8995579942082,1.17056686885431
"logistic","imc",18.8995579942082,1.17056686885431
"logistic","imc",18.9315894771417,1.17142413752759
"logistic","imc",18.9386056191467,1.17161191274738
"logistic","imc",18.9386056191467,1.17161191274738
"logistic","imc",18.9619274241523,1.17223608156521
"logistic","imc",18.9745319615449,1.17257342077208
"logistic","imc",18.9745319615449,1.17257342077208
"logistic","imc",18.9745319615449,1.17257342077208
"logistic","imc",19.0047666009204,1.1733825999549
"logistic","imc",19.0047666009204,1.1733825999549
"logistic","imc",19.0311418685121,1.17408848955429
"logistic","imc",19.0311418685121,1.17408848955429
"logistic","imc",19.0443213296399,1.17444121562629
"logistic","imc",19.0443213296399,1.17444121562629
"logistic","imc",19.0447514020099,1.17445272578868
"logistic","imc",19.0447514020099,1.17445272578868
"logistic","imc",19.0447514020099,1.17445272578868
"logistic","imc",19.0519737844841,1.17464602068715
"logistic","imc",19.0519737844841,1.17464602068715
"logistic","imc",19.0519737844841,1.17464602068715
"logistic","imc",19.0521120627087,1.17464972147086
"logistic","imc",19.0521120627087,1.17464972147086
"logistic","imc",19.0677106576332,1.17506719158312
"logistic","imc",19.0677106576332,1.17506719158312
"logistic","imc",19.1000918273646,1.17593381903438
"logistic","imc",19.1000918273646,1.17593381903438
"logistic","imc",19.140625,1.17737903230477
"logistic","imc",19.140625,1.17737903230477
"logistic","imc",19.1511918197052,1.17775579304347
"logistic","imc",19.1570881226054,1.17796602615979
"logistic","imc",19.1735537190083,1.17855310821824
"logistic","imc",19.1735537190083,1.17855310821824
"logistic","imc",19.185360094451,1.17897406540851
"logistic","imc",19.185360094451,1.17897406540851
"logistic","imc",19.185360094451,1.17897406540851
"logistic","imc",19.2043895747599,1.17965256293739
"logistic","imc",19.2043895747599,1.17965256293739
"logistic","imc",19.2043895747599,1.17965256293739
"logistic","imc",19.2239231043076,1.1803490323792
"logistic","imc",19.2299890462088,1.18056531398665
"logistic","imc",19.2299890462088,1.18056531398665
"logistic","imc",19.2307692307692,1.1805931315249
"logistic","imc",19.2307692307692,1.1805931315249
"logistic","imc",19.3118569741946,1.1818364986557
"logistic","imc",19.3337299226651,1.18217188972756
"logistic","imc",19.3472991689751,1.18237995514089
"logistic","imc",19.3472991689751,1.18237995514089
"logistic","imc",19.3568053650358,1.18252571936149
"logistic","imc",19.3568053650358,1.18252571936149
"logistic","imc",19.375,1.18280470864046
"logistic","imc",19.3877551020408,1.18300029029013
"logistic","imc",19.3877551020408,1.18300029029013
"logistic","imc",19.3922674347844,1.18306948060151
"logistic","imc",19.3922674347844,1.18306948060151
"logistic","imc",19.4217000909774,1.18352078921779
"logistic","imc",19.4217000909774,1.18352078921779
"logistic","imc",19.4217000909774,1.18352078921779
"logistic","imc",19.4797086368366,1.1827456876224
"logistic","imc",19.4797086368366,1.1827456876224
"logistic","imc",19.4869614512472,1.18264877659081
"logistic","imc",19.4875889098563,1.18264039258183
"logistic","imc",19.4875889098563,1.18264039258183
"logistic","imc",19.5139762262161,1.18228780917011
"logistic","imc",19.5139762262161,1.18228780917011
"logistic","imc",19.5166878645673,1.18225157666021
"logistic","imc",19.5166878645673,1.18225157666021
"logistic","imc",19.5208518189885,1.18219593851815
"logistic","imc",19.5208518189885,1.18219593851815
"logistic","imc",19.53125,1.18205699956404
"logistic","imc",19.53125,1.18205699956404
"logistic","imc",19.5629552549428,1.18163335864486
"logistic","imc",19.5629552549428,1.18163335864486
"logistic","imc",19.5629552549428,1.18163335864486
"logistic","imc",19.5918367346939,1.18124744859142
"logistic","imc",19.5918367346939,1.18124744859142
"logistic","imc",19.5964581216432,1.1811856983037
"logistic","imc",19.6214540237864,1.18085170676259
"logistic","imc",19.6214540237864,1.18085170676259
"logistic","imc",19.6214540237864,1.18085170676259
"logistic","imc",19.6282647011697,1.18076070350044
"logistic","imc",19.6282647011697,1.18076070350044
"logistic","imc",19.6510560146924,1.18000372353447
"logistic","imc",19.6510560146924,1.18000372353447
"logistic","imc",19.6641156462585,1.17956996707508
"logistic","imc",19.6913476134255,1.17866549732792
"logistic","imc",19.6913476134255,1.17866549732792
"logistic","imc",19.7359764922591,1.17718321474043
"logistic","imc",19.7359764922591,1.17718321474043
"logistic","imc",19.7359764922591,1.17718321474043
"logistic","imc",19.7680788897005,1.17611698081326
"logistic","imc",19.7680788897005,1.17611698081326
"logistic","imc",19.7776986669831,1.17579747405588
"logistic","imc",19.8347107438017,1.17390390175576
"logistic","imc",19.8641548122517,1.17372766081877
"logistic","imc",19.8641548122517,1.17372766081877
"logistic","imc",19.8680606458084,1.17370428199234
"logistic","imc",19.8961937716263,1.17353588785676
"logistic","imc",19.9487261656786,1.17322144902961
"logistic","imc",19.9593554942662,1.17315782593238
"logistic","imc",19.9923106497501,1.17296056897073
"logistic","imc",19.9923106497501,1.17296056897073
"logistic","imc",20.0288415318058,1.17274190907686
"logistic","imc",20.0609544384862,1.17202450161516
"logistic","imc",20.0842241658568,1.17150465219095
"logistic","imc",20.0842241658568,1.17150465219095
"logistic","imc",20.0842241658568,1.17150465219095
"logistic","imc",20.1732526403228,1.16951574185899
"logistic","imc",20.1732526403228,1.16951574185899
"logistic","imc",20.1745537476426,1.16948667491375
"logistic","imc",20.1745537476426,1.16948667491375
"logistic","imc",20.2059037122474,1.16878631169981
"logistic","imc",20.2059037122474,1.16878631169981
"logistic","imc",20.2442289748063,1.16798003975417
"logistic","imc",20.2442289748063,1.16798003975417
"logistic","imc",20.2693572361605,1.1674514011795
"logistic","imc",20.2847985719502,1.16712655237171
"logistic","imc",20.2847985719502,1.16712655237171
"logistic","imc",20.2924269896995,1.16696606869045
"logistic","imc",20.2924269896995,1.16696606869045
"logistic","imc",20.3222528668892,1.1663386035036
"logistic","imc",20.3222528668892,1.1663386035036
"logistic","imc",20.3222528668892,1.1663386035036
"logistic","imc",20.3747769185009,1.16523362296444
"logistic","imc",20.422419460881,1.1649811921124
"logistic","imc",20.4381655849977,1.16489776231776
"logistic","imc",20.4541189716645,1.16481323435624
"logistic","imc",20.4541189716645,1.16481323435624
"logistic","imc",20.4541189716645,1.16481323435624
"logistic","imc",20.5049339997437,1.16454399429907
"logistic","imc",20.5049339997437,1.16454399429907
"logistic","imc",20.5049339997437,1.16454399429907
"logistic","imc",20.5126274982122,1.16450323080753
"logistic","imc",20.5126274982122,1.16450323080753
"logistic","imc",20.546875,1.16432177268996
"logistic","imc",20.546875,1.16432177268996
"logistic","imc",20.6131310030262,1.16479674403159
"logistic","imc",20.6131310030262,1.16479674403159
"logistic","imc",20.6575400021008,1.1651151001187
"logistic","imc",20.6611570247934,1.16514102957479
"logistic","imc",20.6611570247934,1.16514102957479
"logistic","imc",20.6888888888889,1.16533983179789
"logistic","imc",20.7094955037342,1.16548755503884
"logistic","imc",20.7094955037342,1.16548755503884
"logistic","imc",20.7094955037342,1.16548755503884
"logistic","imc",20.7285474775187,1.16562413347907
"logistic","imc",20.7465794170137,1.16575339956974
"logistic","imc",20.7465794170137,1.16575339956974
"logistic","imc",20.7475501931118,1.16576035880067
"logistic","imc",20.7756232686981,1.16632917001325
"logistic","imc",20.7847800237812,1.16651470240874
"logistic","imc",20.7847800237812,1.16651470240874
"logistic","imc",20.8061389976662,1.16694747379489
"logistic","imc",20.8061389976662,1.16694747379489
"logistic","imc",20.8061389976662,1.16694747379489
"logistic","imc",20.8098734291248,1.16702314012079
"logistic","imc",20.8098734291248,1.16702314012079
"logistic","imc",20.8333333333333,1.16749848014967
"logistic","imc",20.84330811708,1.16770058728327
"logistic","imc",20.8538790269559,1.16791477300888
"logistic","imc",20.8538790269559,1.16791477300888
"logistic","imc",20.862188365651,1.16808313521788
"logistic","imc",20.862188365651,1.16808313521788
"logistic","imc",20.9266438330385,1.16938911939655
"logistic","imc",20.9266438330385,1.16938911939655
"logistic","imc",20.9266438330385,1.16938911939655
"logistic","imc",20.9324806662701,1.16950738417939
"logistic","imc",20.9324806662701,1.16950738417939
"logistic","imc",20.9342560553633,1.16954335676885
"logistic","imc",20.9342560553633,1.16954335676885
"logistic","imc",21.023693683003,1.17074534763462
"logistic","imc",21.023693683003,1.17074534763462
"logistic","imc",21.038916655987,1.17094993573651
"logistic","imc",21.038916655987,1.17094993573651
"logistic","imc",21.0640021604105,1.17128707065361
"logistic","imc",21.0640021604105,1.17128707065361
"logistic","imc",21.080131525607,1.17150384015151
"logistic","imc",21.080131525607,1.17150384015151
"logistic","imc",21.0828132906055,1.17153988154837
"logistic","imc",21.0828132906055,1.17153988154837
"logistic","imc",21.1072664359862,1.17186851791947
"logistic","imc",21.1072664359862,1.17186851791947
"logistic","imc",21.1148330761414,1.17197020926114
"logistic","imc",21.1148330761414,1.17197020926114
"logistic","imc",21.2278876170656,1.17164289008292
"logistic","imc",21.2278876170656,1.17164289008292
"logistic","imc",21.2584689034038,1.17155435014961
"logistic","imc",21.2653844706237,1.17153432797482
"logistic","imc",21.2653844706237,1.17153432797482
"logistic","imc",21.2787537019757,1.17149562094205
"logistic","imc",21.2787537019757,1.17149562094205
"logistic","imc",21.3039485766759,1.17142267592264
"logistic","imc",21.3398994562429,1.17093668801953
"logistic","imc",21.3398994562429,1.17093668801953
"logistic","imc",21.4201383032552,1.16985201055191
"logistic","imc",21.4201383032552,1.16985201055191
"logistic","imc",21.4902855137933,1.16890375292458
"logistic","imc",21.4902855137933,1.16890375292458
"logistic","imc",21.5138585105239,1.16838202661117
"logistic","imc",21.5138585105239,1.16838202661117
"logistic","imc",21.6812622969793,1.16467698387277
"logistic","imc",21.8207117557767,1.16188303305449
"logistic","imc",21.8207117557767,1.16188303305449
"logistic","imc",21.875,1.16079533658239
"logistic","imc",21.875,1.16079533658239
"logistic","imc",21.875,1.16079533658239
"logistic","imc",21.8864089728631,1.16056675119137
"logistic","imc",21.8864089728631,1.16056675119137
"logistic","imc",21.9115526357955,1.15985446143665
"logistic","imc",21.9138056975895,1.15979063490362
"logistic","imc",21.9363474122546,1.15915205521645
"logistic","imc",21.9363474122546,1.15915205521645
"logistic","imc",21.9428007889546,1.15896923880982
"logistic","imc",21.9428007889546,1.15896923880982
"logistic","imc",21.953125,1.15867676631792
"logistic","imc",21.953125,1.15867676631792
"logistic","imc",21.9555555555556,1.15860791159993
"logistic","imc",21.9555555555556,1.15860791159993
"logistic","imc",21.9773511187082,1.15799046948842
"logistic","imc",21.9773511187082,1.15799046948842
"logistic","imc",22.0323563150192,1.15643223837889
"logistic","imc",22.0323563150192,1.15643223837889
"logistic","imc",22.1161208954552,1.1523522884871
"logistic","imc",22.1161208954552,1.1523522884871
"logistic","imc",22.1369539551358,1.15133756556785
"logistic","imc",22.1827861579414,1.14910520088693
"logistic","imc",22.1827861579414,1.14910520088693
"logistic","imc",22.1827861579414,1.14910520088693
"logistic","imc",22.1827861579414,1.14910520088693
"logistic","imc",22.2290619335864,1.14685123095295
"logistic","imc",22.2290619335864,1.14685123095295
"logistic","imc",22.2599436750125,1.14480608343577
"logistic","imc",22.2599436750125,1.14480608343577
"logistic","imc",22.3081499107674,1.1416136189304
"logistic","imc",22.3081499107674,1.1416136189304
"logistic","imc",22.323582299022,1.14059160692377
"logistic","imc",22.323582299022,1.14059160692377
"logistic","imc",22.3742603550296,1.13723544578669
"logistic","imc",22.3742603550296,1.13723544578669
"logistic","imc",22.4112977500987,1.13478263927156
"logistic","imc",22.4112977500987,1.13478263927156
"logistic","imc",22.4460853831483,1.13275395176766
"logistic","imc",22.4460853831483,1.13275395176766
"logistic","imc",22.5161264148647,1.12866941501287
"logistic","imc",22.5215080401784,1.12835557831093
"logistic","imc",22.5934903047091,1.12415783595957
"logistic","imc",22.5934903047091,1.12415783595957
"logistic","imc",22.6171875,1.12277590221617
"logistic","imc",22.6171875,1.12277590221617
"logistic","imc",22.734375,1.11997034793177
"logistic","imc",22.734375,1.11997034793177
"logistic","imc",22.7355734112491,1.11994165709175
"logistic","imc",22.7355734112491,1.11994165709175
"logistic","imc",22.759555785124,1.11936750155661
"logistic","imc",22.8099030470914,1.11816215135696
"logistic","imc",22.8328793462586,1.11839392963133
"logistic","imc",22.8658536585366,1.11872656497623
"logistic","imc",22.8658536585366,1.11872656497623
"logistic","imc",22.887902695595,1.11894898929807
"logistic","imc",22.887902695595,1.11894898929807
"logistic","imc",22.8928199791883,1.11899859343569
"logistic","imc",22.9214498099289,1.11928740290479
"logistic","imc",23.107067249223,1.12533600098052
"logistic","imc",23.107067249223,1.12533600098052
"logistic","imc",23.1084345786212,1.12538055727867
"logistic","imc",23.1084345786212,1.12538055727867
"logistic","imc",23.5116873630387,1.15600824957818
"logistic","imc",23.5116873630387,1.15600824957818
"logistic","imc",23.5883292204964,1.16324065979502
"logistic","imc",23.7387593354671,1.17790518321495
"logistic","imc",23.7387593354671,1.17790518321495
"logistic","imc",23.8330046022354,1.18722575785875
"logistic","imc",23.8330046022354,1.18722575785875
"logistic","imc",24.0831611570248,1.21177556765404
"logistic","imc",24.0831611570248,1.21177556765404
"logistic","imc",24.1634988144078,1.21944376876554
"logistic","imc",24.1634988144078,1.21944376876554
"logistic","imc",24.1888816017901,1.22186654688427
"logistic","imc",24.2382271468144,1.226576561783
"logistic","imc",24.2382271468144,1.226576561783
"logistic","imc",24.2971799482479,1.23209047137473
"logistic","imc",24.2971799482479,1.23209047137473
"logistic","imc",24.8015873015873,1.2766246415787
"logistic","imc",24.8015873015873,1.2766246415787
"logistic","imc",24.9218780139655,1.28659760687803
"logistic","imc",24.9218780139655,1.28659760687803
"logistic","imc",25.5842647699231,1.33806179987068
"logistic","imc",25.6367009613763,1.34189525240472
"logistic","imc",25.78125,1.35246279865566
"logistic","imc",25.8572020023336,1.35792935817975
"logistic","imc",26.0251017407065,1.37085166418817
"logistic","imc",26.0251017407065,1.37085166418817
"logistic","imc",26.253619875019,1.39207428597939
"logistic","imc",26.253619875019,1.39207428597939
"logistic","imc",26.253619875019,1.39207428597939
"logistic","imc",26.7870751409846,1.47348398009214
"logistic","imc",26.7870751409846,1.47348398009214
"logistic","imc",26.8122371822075,1.47860476628518
"logistic","imc",26.9556811421773,1.50779738397392
"logistic","imc",26.9556811421773,1.50779738397392
"logistic","imc",26.9556811421773,1.50779738397392
"logistic","imc",26.9640359998566,1.50949770071173
"logistic","imc",26.9640359998566,1.50949770071173
"logistic","imc",27.2024983563445,1.56289965482153
"logistic","imc",27.4910011471065,1.63235984838683
"logistic","imc",27.5723208415516,1.65252104761919
"logistic","imc",27.7366863905325,1.69370539934187
"logistic","imc",27.7366863905325,1.69370539934187
"logistic","imc",28.2416963783074,1.82120464813097
"logistic","imc",28.2416963783074,1.82120464813097
"logistic","imc",34.0650437868909,3.2112791126764
"logistic","imc",34.0650437868909,3.2112791126764
"logistic","cifose_toracica",0,-0.49320237866092
"logistic","cifose_toracica",2,-0.389680572678995
"logistic","cifose_toracica",2,-0.389680572678995
"logistic","cifose_toracica",2,-0.389680572678995
"logistic","cifose_toracica",2,-0.389680572678995
"logistic","cifose_toracica",2,-0.389680572678995
"logistic","cifose_toracica",2,-0.389680572678995
"logistic","cifose_toracica",2,-0.389680572678995
"logistic","cifose_toracica",2,-0.389680572678995
"logistic","cifose_toracica",2,-0.389680572678995
"logistic","cifose_toracica",3,-0.337890684930896
"logistic","cifose_toracica",3,-0.337890684930896
"logistic","cifose_toracica",3,-0.337890684930896
"logistic","cifose_toracica",4,-0.286408748602554
"logistic","cifose_toracica",4,-0.286408748602554
"logistic","cifose_toracica",4,-0.286408748602554
"logistic","cifose_toracica",4,-0.286408748602554
"logistic","cifose_toracica",4,-0.286408748602554
"logistic","cifose_toracica",4,-0.286408748602554
"logistic","cifose_toracica",5,-0.235663577953997
"logistic","cifose_toracica",5,-0.235663577953997
"logistic","cifose_toracica",5,-0.235663577953997
"logistic","cifose_toracica",6,-0.18593431493113
"logistic","cifose_toracica",6,-0.18593431493113
"logistic","cifose_toracica",6,-0.18593431493113
"logistic","cifose_toracica",6,-0.18593431493113
"logistic","cifose_toracica",6,-0.18593431493113
"logistic","cifose_toracica",6,-0.18593431493113
"logistic","cifose_toracica",6,-0.18593431493113
"logistic","cifose_toracica",6,-0.18593431493113
"logistic","cifose_toracica",6,-0.18593431493113
"logistic","cifose_toracica",6,-0.18593431493113
"logistic","cifose_toracica",6,-0.18593431493113
"logistic","cifose_toracica",6,-0.18593431493113
"logistic","cifose_toracica",7,-0.137338464372622
"logistic","cifose_toracica",7,-0.137338464372622
"logistic","cifose_toracica",7,-0.137338464372622
"logistic","cifose_toracica",7,-0.137338464372622
"logistic","cifose_toracica",8,-0.0899586690061787
"logistic","cifose_toracica",8,-0.0899586690061787
"logistic","cifose_toracica",8,-0.0899586690061787
"logistic","cifose_toracica",8,-0.0899586690061787
"logistic","cifose_toracica",8,-0.0899586690061787
"logistic","cifose_toracica",8,-0.0899586690061787
"logistic","cifose_toracica",8,-0.0899586690061787
"logistic","cifose_toracica",8,-0.0899586690061787
"logistic","cifose_toracica",8,-0.0899586690061787
"logistic","cifose_toracica",8,-0.0899586690061787
"logistic","cifose_toracica",8,-0.0899586690061787
"logistic","cifose_toracica",8,-0.0899586690061787
"logistic","cifose_toracica",8,-0.0899586690061787
"logistic","cifose_toracica",8,-0.0899586690061787
"logistic","cifose_toracica",8,-0.0899586690061787
"logistic","cifose_toracica",8,-0.0899586690061787
"logistic","cifose_toracica",8,-0.0899586690061787
"logistic","cifose_toracica",8,-0.0899586690061787
"logistic","cifose_toracica",8,-0.0899586690061787
"logistic","cifose_toracica",9,-0.0438721092957433
"logistic","cifose_toracica",9,-0.0438721092957433
"logistic","cifose_toracica",9,-0.0438721092957433
"logistic","cifose_toracica",9,-0.0438721092957433
"logistic","cifose_toracica",9,-0.0438721092957433
"logistic","cifose_toracica",9,-0.0438721092957433
"logistic","cifose_toracica",9,-0.0438721092957433
"logistic","cifose_toracica",9,-0.0438721092957433
"logistic","cifose_toracica",10,0.000998415129757387
"logistic","cifose_toracica",10,0.000998415129757387
"logistic","cifose_toracica",10,0.000998415129757387
"logistic","cifose_toracica",10,0.000998415129757387
"logistic","cifose_toracica",10,0.000998415129757387
"logistic","cifose_toracica",10,0.000998415129757387
"logistic","cifose_toracica",10,0.000998415129757387
"logistic","cifose_toracica",10,0.000998415129757387
"logistic","cifose_toracica",10,0.000998415129757387
"logistic","cifose_toracica",10,0.000998415129757387
"logistic","cifose_toracica",10,0.000998415129757387
"logistic","cifose_toracica",10,0.000998415129757387
"logistic","cifose_toracica",10,0.000998415129757387
"logistic","cifose_toracica",10,0.000998415129757387
"logistic","cifose_toracica",10,0.000998415129757387
"logistic","cifose_toracica",11,0.045063024249896
"logistic","cifose_toracica",11,0.045063024249896
"logistic","cifose_toracica",11,0.045063024249896
"logistic","cifose_toracica",11,0.045063024249896
"logistic","cifose_toracica",11,0.045063024249896
"logistic","cifose_toracica",11,0.045063024249896
"logistic","cifose_toracica",11,0.045063024249896
"logistic","cifose_toracica",11,0.045063024249896
"logistic","cifose_toracica",12,0.089319441859782
"logistic","cifose_toracica",12,0.089319441859782
"logistic","cifose_toracica",12,0.089319441859782
"logistic","cifose_toracica",12,0.089319441859782
"logistic","cifose_toracica",12,0.089319441859782
"logistic","cifose_toracica",12,0.089319441859782
"logistic","cifose_toracica",12,0.089319441859782
"logistic","cifose_toracica",12,0.089319441859782
"logistic","cifose_toracica",12,0.089319441859782
"logistic","cifose_toracica",12,0.089319441859782
"logistic","cifose_toracica",12,0.089319441859782
"logistic","cifose_toracica",12,0.089319441859782
"logistic","cifose_toracica",12,0.089319441859782
"logistic","cifose_toracica",12,0.089319441859782
"logistic","cifose_toracica",12,0.089319441859782
"logistic","cifose_toracica",12,0.089319441859782
"logistic","cifose_toracica",12,0.089319441859782
"logistic","cifose_toracica",12,0.089319441859782
"logistic","cifose_toracica",12,0.089319441859782
"logistic","cifose_toracica",12,0.089319441859782
"logistic","cifose_toracica",12,0.089319441859782
"logistic","cifose_toracica",12,0.089319441859782
"logistic","cifose_toracica",12,0.089319441859782
"logistic","cifose_toracica",12,0.089319441859782
"logistic","cifose_toracica",12,0.089319441859782
"logistic","cifose_toracica",12,0.089319441859782
"logistic","cifose_toracica",13,0.13573289631668
"logistic","cifose_toracica",13,0.13573289631668
"logistic","cifose_toracica",13,0.13573289631668
"logistic","cifose_toracica",13,0.13573289631668
"logistic","cifose_toracica",13,0.13573289631668
"logistic","cifose_toracica",13,0.13573289631668
"logistic","cifose_toracica",13,0.13573289631668
"logistic","cifose_toracica",13,0.13573289631668
"logistic","cifose_toracica",13,0.13573289631668
"logistic","cifose_toracica",13,0.13573289631668
"logistic","cifose_toracica",13,0.13573289631668
"logistic","cifose_toracica",13,0.13573289631668
"logistic","cifose_toracica",13,0.13573289631668
"logistic","cifose_toracica",13,0.13573289631668
"logistic","cifose_toracica",13,0.13573289631668
"logistic","cifose_toracica",13,0.13573289631668
"logistic","cifose_toracica",13,0.13573289631668
"logistic","cifose_toracica",13,0.13573289631668
"logistic","cifose_toracica",14,0.187058826995578
"logistic","cifose_toracica",14,0.187058826995578
"logistic","cifose_toracica",14,0.187058826995578
"logistic","cifose_toracica",14,0.187058826995578
"logistic","cifose_toracica",14,0.187058826995578
"logistic","cifose_toracica",14,0.187058826995578
"logistic","cifose_toracica",14,0.187058826995578
"logistic","cifose_toracica",14,0.187058826995578
"logistic","cifose_toracica",14,0.187058826995578
"logistic","cifose_toracica",14,0.187058826995578
"logistic","cifose_toracica",14,0.187058826995578
"logistic","cifose_toracica",14,0.187058826995578
"logistic","cifose_toracica",14,0.187058826995578
"logistic","cifose_toracica",14,0.187058826995578
"logistic","cifose_toracica",14,0.187058826995578
"logistic","cifose_toracica",14,0.187058826995578
"logistic","cifose_toracica",14,0.187058826995578
"logistic","cifose_toracica",14,0.187058826995578
"logistic","cifose_toracica",14,0.187058826995578
"logistic","cifose_toracica",14,0.187058826995578
"logistic","cifose_toracica",14,0.187058826995578
"logistic","cifose_toracica",14,0.187058826995578
"logistic","cifose_toracica",14,0.187058826995578
"logistic","cifose_toracica",14,0.187058826995578
"logistic","cifose_toracica",14,0.187058826995578
"logistic","cifose_toracica",14,0.187058826995578
"logistic","cifose_toracica",14,0.187058826995578
"logistic","cifose_toracica",14,0.187058826995578
"logistic","cifose_toracica",14,0.187058826995578
"logistic","cifose_toracica",15,0.230947853449979
"logistic","cifose_toracica",15,0.230947853449979
"logistic","cifose_toracica",15,0.230947853449979
"logistic","cifose_toracica",15,0.230947853449979
"logistic","cifose_toracica",15,0.230947853449979
"logistic","cifose_toracica",15,0.230947853449979
"logistic","cifose_toracica",15,0.230947853449979
"logistic","cifose_toracica",15,0.230947853449979
"logistic","cifose_toracica",15,0.230947853449979
"logistic","cifose_toracica",15,0.230947853449979
"logistic","cifose_toracica",16,0.279152053981345
"logistic","cifose_toracica",16,0.279152053981345
"logistic","cifose_toracica",16,0.279152053981345
"logistic","cifose_toracica",16,0.279152053981345
"logistic","cifose_toracica",16,0.279152053981345
"logistic","cifose_toracica",16,0.279152053981345
"logistic","cifose_toracica",16,0.279152053981345
"logistic","cifose_toracica",16,0.279152053981345
"logistic","cifose_toracica",16,0.279152053981345
"logistic","cifose_toracica",16,0.279152053981345
"logistic","cifose_toracica",16,0.279152053981345
"logistic","cifose_toracica",16,0.279152053981345
"logistic","cifose_toracica",17,0.320871928980268
"logistic","cifose_toracica",17,0.320871928980268
"logistic","cifose_toracica",17,0.320871928980268
"logistic","cifose_toracica",17,0.320871928980268
"logistic","cifose_toracica",17,0.320871928980268
"logistic","cifose_toracica",17,0.320871928980268
"logistic","cifose_toracica",17,0.320871928980268
"logistic","cifose_toracica",17,0.320871928980268
"logistic","cifose_toracica",17,0.320871928980268
"logistic","cifose_toracica",17,0.320871928980268
"logistic","cifose_toracica",17,0.320871928980268
"logistic","cifose_toracica",17,0.320871928980268
"logistic","cifose_toracica",17,0.320871928980268
"logistic","cifose_toracica",17,0.320871928980268
"logistic","cifose_toracica",17,0.320871928980268
"logistic","cifose_toracica",17,0.320871928980268
"logistic","cifose_toracica",17,0.320871928980268
"logistic","cifose_toracica",17,0.320871928980268
"logistic","cifose_toracica",18,0.351464072324543
"logistic","cifose_toracica",18,0.351464072324543
"logistic","cifose_toracica",18,0.351464072324543
"logistic","cifose_toracica",18,0.351464072324543
"logistic","cifose_toracica",18,0.351464072324543
"logistic","cifose_toracica",18,0.351464072324543
"logistic","cifose_toracica",18,0.351464072324543
"logistic","cifose_toracica",18,0.351464072324543
"logistic","cifose_toracica",18,0.351464072324543
"logistic","cifose_toracica",18,0.351464072324543
"logistic","cifose_toracica",18,0.351464072324543
"logistic","cifose_toracica",18,0.351464072324543
"logistic","cifose_toracica",18,0.351464072324543
"logistic","cifose_toracica",18,0.351464072324543
"logistic","cifose_toracica",18,0.351464072324543
"logistic","cifose_toracica",18,0.351464072324543
"logistic","cifose_toracica",18,0.351464072324543
"logistic","cifose_toracica",18,0.351464072324543
"logistic","cifose_toracica",18,0.351464072324543
"logistic","cifose_toracica",18,0.351464072324543
"logistic","cifose_toracica",18,0.351464072324543
"logistic","cifose_toracica",18,0.351464072324543
"logistic","cifose_toracica",18,0.351464072324543
"logistic","cifose_toracica",18,0.351464072324543
"logistic","cifose_toracica",18,0.351464072324543
"logistic","cifose_toracica",18,0.351464072324543
"logistic","cifose_toracica",18,0.351464072324543
"logistic","cifose_toracica",18,0.351464072324543
"logistic","cifose_toracica",18,0.351464072324543
"logistic","cifose_toracica",18,0.351464072324543
"logistic","cifose_toracica",18,0.351464072324543
"logistic","cifose_toracica",18,0.351464072324543
"logistic","cifose_toracica",18,0.351464072324543
"logistic","cifose_toracica",18,0.351464072324543
"logistic","cifose_toracica",18,0.351464072324543
"logistic","cifose_toracica",18,0.351464072324543
"logistic","cifose_toracica",18,0.351464072324543
"logistic","cifose_toracica",18,0.351464072324543
"logistic","cifose_toracica",18,0.351464072324543
"logistic","cifose_toracica",18,0.351464072324543
"logistic","cifose_toracica",18,0.351464072324543
"logistic","cifose_toracica",18,0.351464072324543
"logistic","cifose_toracica",18,0.351464072324543
"logistic","cifose_toracica",19,0.383817925241437
"logistic","cifose_toracica",19,0.383817925241437
"logistic","cifose_toracica",19,0.383817925241437
"logistic","cifose_toracica",19,0.383817925241437
"logistic","cifose_toracica",19,0.383817925241437
"logistic","cifose_toracica",19,0.383817925241437
"logistic","cifose_toracica",19,0.383817925241437
"logistic","cifose_toracica",19,0.383817925241437
"logistic","cifose_toracica",19,0.383817925241437
"logistic","cifose_toracica",19,0.383817925241437
"logistic","cifose_toracica",19,0.383817925241437
"logistic","cifose_toracica",19,0.383817925241437
"logistic","cifose_toracica",19,0.383817925241437
"logistic","cifose_toracica",19,0.383817925241437
"logistic","cifose_toracica",19,0.383817925241437
"logistic","cifose_toracica",19,0.383817925241437
"logistic","cifose_toracica",19,0.383817925241437
"logistic","cifose_toracica",19,0.383817925241437
"logistic","cifose_toracica",19,0.383817925241437
"logistic","cifose_toracica",19,0.383817925241437
"logistic","cifose_toracica",19,0.383817925241437
"logistic","cifose_toracica",20,0.421487557368551
"logistic","cifose_toracica",20,0.421487557368551
"logistic","cifose_toracica",20,0.421487557368551
"logistic","cifose_toracica",20,0.421487557368551
"logistic","cifose_toracica",20,0.421487557368551
"logistic","cifose_toracica",20,0.421487557368551
"logistic","cifose_toracica",20,0.421487557368551
"logistic","cifose_toracica",20,0.421487557368551
"logistic","cifose_toracica",20,0.421487557368551
"logistic","cifose_toracica",20,0.421487557368551
"logistic","cifose_toracica",20,0.421487557368551
"logistic","cifose_toracica",20,0.421487557368551
"logistic","cifose_toracica",20,0.421487557368551
"logistic","cifose_toracica",20,0.421487557368551
"logistic","cifose_toracica",20,0.421487557368551
"logistic","cifose_toracica",20,0.421487557368551
"logistic","cifose_toracica",20,0.421487557368551
"logistic","cifose_toracica",20,0.421487557368551
"logistic","cifose_toracica",20,0.421487557368551
"logistic","cifose_toracica",20,0.421487557368551
"logistic","cifose_toracica",20,0.421487557368551
"logistic","cifose_toracica",20,0.421487557368551
"logistic","cifose_toracica",20,0.421487557368551
"logistic","cifose_toracica",20,0.421487557368551
"logistic","cifose_toracica",21,0.462930422155511
"logistic","cifose_toracica",21,0.462930422155511
"logistic","cifose_toracica",21,0.462930422155511
"logistic","cifose_toracica",21,0.462930422155511
"logistic","cifose_toracica",21,0.462930422155511
"logistic","cifose_toracica",21,0.462930422155511
"logistic","cifose_toracica",21,0.462930422155511
"logistic","cifose_toracica",21,0.462930422155511
"logistic","cifose_toracica",21,0.462930422155511
"logistic","cifose_toracica",21,0.462930422155511
"logistic","cifose_toracica",21,0.462930422155511
"logistic","cifose_toracica",21,0.462930422155511
"logistic","cifose_toracica",21,0.462930422155511
"logistic","cifose_toracica",22,0.497516989131426
"logistic","cifose_toracica",22,0.497516989131426
"logistic","cifose_toracica",22,0.497516989131426
"logistic","cifose_toracica",22,0.497516989131426
"logistic","cifose_toracica",22,0.497516989131426
"logistic","cifose_toracica",22,0.497516989131426
"logistic","cifose_toracica",22,0.497516989131426
"logistic","cifose_toracica",22,0.497516989131426
"logistic","cifose_toracica",22,0.497516989131426
"logistic","cifose_toracica",22,0.497516989131426
"logistic","cifose_toracica",22,0.497516989131426
"logistic","cifose_toracica",22,0.497516989131426
"logistic","cifose_toracica",22,0.497516989131426
"logistic","cifose_toracica",22,0.497516989131426
"logistic","cifose_toracica",22,0.497516989131426
"logistic","cifose_toracica",22,0.497516989131426
"logistic","cifose_toracica",22,0.497516989131426
"logistic","cifose_toracica",22,0.497516989131426
"logistic","cifose_toracica",22,0.497516989131426
"logistic","cifose_toracica",22,0.497516989131426
"logistic","cifose_toracica",22,0.497516989131426
"logistic","cifose_toracica",23,0.553887407314976
"logistic","cifose_toracica",23,0.553887407314976
"logistic","cifose_toracica",23,0.553887407314976
"logistic","cifose_toracica",23,0.553887407314976
"logistic","cifose_toracica",23,0.553887407314976
"logistic","cifose_toracica",23,0.553887407314976
"logistic","cifose_toracica",23,0.553887407314976
"logistic","cifose_toracica",23,0.553887407314976
"logistic","cifose_toracica",23,0.553887407314976
"logistic","cifose_toracica",23,0.553887407314976
"logistic","cifose_toracica",23,0.553887407314976
"logistic","cifose_toracica",23,0.553887407314976
"logistic","cifose_toracica",23,0.553887407314976
"logistic","cifose_toracica",23,0.553887407314976
"logistic","cifose_toracica",23,0.553887407314976
"logistic","cifose_toracica",23,0.553887407314976
"logistic","cifose_toracica",23,0.553887407314976
"logistic","cifose_toracica",23,0.553887407314976
"logistic","cifose_toracica",23,0.553887407314976
"logistic","cifose_toracica",23,0.553887407314976
"logistic","cifose_toracica",23,0.553887407314976
"logistic","cifose_toracica",23,0.553887407314976
"logistic","cifose_toracica",23,0.553887407314976
"logistic","cifose_toracica",23,0.553887407314976
"logistic","cifose_toracica",23,0.553887407314976
"logistic","cifose_toracica",23,0.553887407314976
"logistic","cifose_toracica",23,0.553887407314976
"logistic","cifose_toracica",23,0.553887407314976
"logistic","cifose_toracica",23,0.553887407314976
"logistic","cifose_toracica",23,0.553887407314976
"logistic","cifose_toracica",23,0.553887407314976
"logistic","cifose_toracica",23,0.553887407314976
"logistic","cifose_toracica",23,0.553887407314976
"logistic","cifose_toracica",23,0.553887407314976
"logistic","cifose_toracica",23,0.553887407314976
"logistic","cifose_toracica",23,0.553887407314976
"logistic","cifose_toracica",23,0.553887407314976
"logistic","cifose_toracica",24,0.604295351197374
"logistic","cifose_toracica",24,0.604295351197374
"logistic","cifose_toracica",24,0.604295351197374
"logistic","cifose_toracica",24,0.604295351197374
"logistic","cifose_toracica",24,0.604295351197374
"logistic","cifose_toracica",24,0.604295351197374
"logistic","cifose_toracica",24,0.604295351197374
"logistic","cifose_toracica",24,0.604295351197374
"logistic","cifose_toracica",24,0.604295351197374
"logistic","cifose_toracica",24,0.604295351197374
"logistic","cifose_toracica",24,0.604295351197374
"logistic","cifose_toracica",24,0.604295351197374
"logistic","cifose_toracica",24,0.604295351197374
"logistic","cifose_toracica",24,0.604295351197374
"logistic","cifose_toracica",24,0.604295351197374
"logistic","cifose_toracica",24,0.604295351197374
"logistic","cifose_toracica",24,0.604295351197374
"logistic","cifose_toracica",24,0.604295351197374
"logistic","cifose_toracica",24,0.604295351197374
"logistic","cifose_toracica",25,0.65956188179081
"logistic","cifose_toracica",25,0.65956188179081
"logistic","cifose_toracica",25,0.65956188179081
"logistic","cifose_toracica",25,0.65956188179081
"logistic","cifose_toracica",25,0.65956188179081
"logistic","cifose_toracica",25,0.65956188179081
"logistic","cifose_toracica",25,0.65956188179081
"logistic","cifose_toracica",25,0.65956188179081
"logistic","cifose_toracica",25,0.65956188179081
"logistic","cifose_toracica",25,0.65956188179081
"logistic","cifose_toracica",25,0.65956188179081
"logistic","cifose_toracica",25,0.65956188179081
"logistic","cifose_toracica",25,0.65956188179081
"logistic","cifose_toracica",26,0.715774258634348
"logistic","cifose_toracica",26,0.715774258634348
"logistic","cifose_toracica",26,0.715774258634348
"logistic","cifose_toracica",26,0.715774258634348
"logistic","cifose_toracica",26,0.715774258634348
"logistic","cifose_toracica",26,0.715774258634348
"logistic","cifose_toracica",26,0.715774258634348
"logistic","cifose_toracica",26,0.715774258634348
"logistic","cifose_toracica",26,0.715774258634348
"logistic","cifose_toracica",26,0.715774258634348
"logistic","cifose_toracica",26,0.715774258634348
"logistic","cifose_toracica",27,0.77822660373114
"logistic","cifose_toracica",27,0.77822660373114
"logistic","cifose_toracica",27,0.77822660373114
"logistic","cifose_toracica",27,0.77822660373114
"logistic","cifose_toracica",27,0.77822660373114
"logistic","cifose_toracica",27,0.77822660373114
"logistic","cifose_toracica",27,0.77822660373114
"logistic","cifose_toracica",27,0.77822660373114
"logistic","cifose_toracica",27,0.77822660373114
"logistic","cifose_toracica",27,0.77822660373114
"logistic","cifose_toracica",27,0.77822660373114
"logistic","cifose_toracica",27,0.77822660373114
"logistic","cifose_toracica",27,0.77822660373114
"logistic","cifose_toracica",28,0.841137432098922
"logistic","cifose_toracica",28,0.841137432098922
"logistic","cifose_toracica",28,0.841137432098922
"logistic","cifose_toracica",28,0.841137432098922
"logistic","cifose_toracica",28,0.841137432098922
"logistic","cifose_toracica",28,0.841137432098922
"logistic","cifose_toracica",28,0.841137432098922
"logistic","cifose_toracica",28,0.841137432098922
"logistic","cifose_toracica",28,0.841137432098922
"logistic","cifose_toracica",28,0.841137432098922
"logistic","cifose_toracica",28,0.841137432098922
"logistic","cifose_toracica",28,0.841137432098922
"logistic","cifose_toracica",28,0.841137432098922
"logistic","cifose_toracica",28,0.841137432098922
"logistic","cifose_toracica",28,0.841137432098922
"logistic","cifose_toracica",28,0.841137432098922
"logistic","cifose_toracica",28,0.841137432098922
"logistic","cifose_toracica",28,0.841137432098922
"logistic","cifose_toracica",28,0.841137432098922
"logistic","cifose_toracica",28,0.841137432098922
"logistic","cifose_toracica",29,0.90091531818288
"logistic","cifose_toracica",29,0.90091531818288
"logistic","cifose_toracica",29,0.90091531818288
"logistic","cifose_toracica",29,0.90091531818288
"logistic","cifose_toracica",29,0.90091531818288
"logistic","cifose_toracica",29,0.90091531818288
"logistic","cifose_toracica",29,0.90091531818288
"logistic","cifose_toracica",29,0.90091531818288
"logistic","cifose_toracica",29,0.90091531818288
"logistic","cifose_toracica",29,0.90091531818288
"logistic","cifose_toracica",29,0.90091531818288
"logistic","cifose_toracica",29,0.90091531818288
"logistic","cifose_toracica",29,0.90091531818288
"logistic","cifose_toracica",29,0.90091531818288
"logistic","cifose_toracica",29,0.90091531818288
"logistic","cifose_toracica",30,0.959146095045515
"logistic","cifose_toracica",30,0.959146095045515
"logistic","cifose_toracica",30,0.959146095045515
"logistic","cifose_toracica",30,0.959146095045515
"logistic","cifose_toracica",30,0.959146095045515
"logistic","cifose_toracica",30,0.959146095045515
"logistic","cifose_toracica",30,0.959146095045515
"logistic","cifose_toracica",30,0.959146095045515
"logistic","cifose_toracica",30,0.959146095045515
"logistic","cifose_toracica",30,0.959146095045515
"logistic","cifose_toracica",30,0.959146095045515
"logistic","cifose_toracica",30,0.959146095045515
"logistic","cifose_toracica",30,0.959146095045515
"logistic","cifose_toracica",30,0.959146095045515
"logistic","cifose_toracica",30,0.959146095045515
"logistic","cifose_toracica",30,0.959146095045515
"logistic","cifose_toracica",30,0.959146095045515
"logistic","cifose_toracica",30,0.959146095045515
"logistic","cifose_toracica",30,0.959146095045515
"logistic","cifose_toracica",30,0.959146095045515
"logistic","cifose_toracica",30,0.959146095045515
"logistic","cifose_toracica",30,0.959146095045515
"logistic","cifose_toracica",31,1.00623531518496
"logistic","cifose_toracica",31,1.00623531518496
"logistic","cifose_toracica",31,1.00623531518496
"logistic","cifose_toracica",31,1.00623531518496
"logistic","cifose_toracica",31,1.00623531518496
"logistic","cifose_toracica",31,1.00623531518496
"logistic","cifose_toracica",31,1.00623531518496
"logistic","cifose_toracica",31,1.00623531518496
"logistic","cifose_toracica",31,1.00623531518496
"logistic","cifose_toracica",31,1.00623531518496
"logistic","cifose_toracica",32,1.05164993730876
"logistic","cifose_toracica",32,1.05164993730876
"logistic","cifose_toracica",32,1.05164993730876
"logistic","cifose_toracica",32,1.05164993730876
"logistic","cifose_toracica",32,1.05164993730876
"logistic","cifose_toracica",32,1.05164993730876
"logistic","cifose_toracica",32,1.05164993730876
"logistic","cifose_toracica",32,1.05164993730876
"logistic","cifose_toracica",32,1.05164993730876
"logistic","cifose_toracica",32,1.05164993730876
"logistic","cifose_toracica",32,1.05164993730876
"logistic","cifose_toracica",32,1.05164993730876
"logistic","cifose_toracica",32,1.05164993730876
"logistic","cifose_toracica",32,1.05164993730876
"logistic","cifose_toracica",32,1.05164993730876
"logistic","cifose_toracica",32,1.05164993730876
"logistic","cifose_toracica",32,1.05164993730876
"logistic","cifose_toracica",32,1.05164993730876
"logistic","cifose_toracica",32,1.05164993730876
"logistic","cifose_toracica",32,1.05164993730876
"logistic","cifose_toracica",32,1.05164993730876
"logistic","cifose_toracica",32,1.05164993730876
"logistic","cifose_toracica",33,1.06647465752019
"logistic","cifose_toracica",33,1.06647465752019
"logistic","cifose_toracica",33,1.06647465752019
"logistic","cifose_toracica",33,1.06647465752019
"logistic","cifose_toracica",33,1.06647465752019
"logistic","cifose_toracica",33,1.06647465752019
"logistic","cifose_toracica",33,1.06647465752019
"logistic","cifose_toracica",33,1.06647465752019
"logistic","cifose_toracica",33,1.06647465752019
"logistic","cifose_toracica",33,1.06647465752019
"logistic","cifose_toracica",33,1.06647465752019
"logistic","cifose_toracica",33,1.06647465752019
"logistic","cifose_toracica",33,1.06647465752019
"logistic","cifose_toracica",33,1.06647465752019
"logistic","cifose_toracica",33,1.06647465752019
"logistic","cifose_toracica",33,1.06647465752019
"logistic","cifose_toracica",34,1.06603112024416
"logistic","cifose_toracica",34,1.06603112024416
"logistic","cifose_toracica",34,1.06603112024416
"logistic","cifose_toracica",34,1.06603112024416
"logistic","cifose_toracica",34,1.06603112024416
"logistic","cifose_toracica",34,1.06603112024416
"logistic","cifose_toracica",34,1.06603112024416
"logistic","cifose_toracica",34,1.06603112024416
"logistic","cifose_toracica",34,1.06603112024416
"logistic","cifose_toracica",34,1.06603112024416
"logistic","cifose_toracica",34,1.06603112024416
"logistic","cifose_toracica",34,1.06603112024416
"logistic","cifose_toracica",35,1.05690570460655
"logistic","cifose_toracica",35,1.05690570460655
"logistic","cifose_toracica",35,1.05690570460655
"logistic","cifose_toracica",36,1.03686013402213
"logistic","cifose_toracica",36,1.03686013402213
"logistic","cifose_toracica",36,1.03686013402213
"logistic","cifose_toracica",36,1.03686013402213
"logistic","cifose_toracica",37,1.01196569369659
"logistic","cifose_toracica",37,1.01196569369659
"logistic","cifose_toracica",37,1.01196569369659
"logistic","cifose_toracica",37,1.01196569369659
"logistic","cifose_toracica",37,1.01196569369659
"logistic","cifose_toracica",37,1.01196569369659
"logistic","cifose_toracica",37,1.01196569369659
"logistic","cifose_toracica",37,1.01196569369659
"logistic","cifose_toracica",38,0.993300103119857
"logistic","cifose_toracica",38,0.993300103119857
"logistic","cifose_toracica",38,0.993300103119857
"logistic","cifose_toracica",38,0.993300103119857
"logistic","cifose_toracica",38,0.993300103119857
"logistic","cifose_toracica",38,0.993300103119857
"logistic","cifose_toracica",38,0.993300103119857
"logistic","cifose_toracica",38,0.993300103119857
"logistic","cifose_toracica",38,0.993300103119857
"logistic","cifose_toracica",39,0.962213796498498
"logistic","cifose_toracica",39,0.962213796498498
"logistic","cifose_toracica",39,0.962213796498498
"logistic","cifose_toracica",39,0.962213796498498
"logistic","cifose_toracica",39,0.962213796498498
"logistic","cifose_toracica",39,0.962213796498498
"logistic","cifose_toracica",39,0.962213796498498
"logistic","cifose_toracica",40,0.926570166727013
"logistic","cifose_toracica",40,0.926570166727013
"logistic","cifose_toracica",40,0.926570166727013
"logistic","cifose_toracica",40,0.926570166727013
"logistic","cifose_toracica",40,0.926570166727013
"logistic","cifose_toracica",41,0.886246568107889
"logistic","cifose_toracica",41,0.886246568107889
"logistic","cifose_toracica",41,0.886246568107889
"logistic","cifose_toracica",41,0.886246568107889
"logistic","cifose_toracica",41,0.886246568107889
"logistic","cifose_toracica",41,0.886246568107889
"logistic","cifose_toracica",42,0.838891488939314
"logistic","cifose_toracica",42,0.838891488939314
"logistic","cifose_toracica",42,0.838891488939314
"logistic","cifose_toracica",42,0.838891488939314
"logistic","cifose_toracica",43,0.78625057491309
"logistic","cifose_toracica",43,0.78625057491309
"logistic","cifose_toracica",43,0.78625057491309
"logistic","cifose_toracica",44,0.731546033362809
"logistic","cifose_toracica",44,0.731546033362809
"logistic","cifose_toracica",44,0.731546033362809
"logistic","cifose_toracica",44,0.731546033362809
"logistic","cifose_toracica",46,0.629087776290854
"logistic","cifose_toracica",46,0.629087776290854
"logistic","cifose_toracica",46,0.629087776290854
"logistic","cifose_toracica",46,0.629087776290854
"logistic","cifose_toracica",46,0.629087776290854
"logistic","cifose_toracica",46,0.629087776290854
"logistic","cifose_toracica",46,0.629087776290854
"logistic","cifose_toracica",46,0.629087776290854
"logistic","cifose_toracica",46,0.629087776290854
"logistic","cifose_toracica",48,0.53873248136293
"logistic","cifose_toracica",49,0.496443253808778
"logistic","cifose_toracica",49,0.496443253808778
"logistic","cifose_toracica",49,0.496443253808778
"logistic","cifose_toracica",49,0.496443253808778
"logistic","cifose_toracica",50,0.455043615866846
"logistic","cifose_toracica",50,0.455043615866846
"logistic","cifose_toracica",51,0.413859000133514
"logistic","cifose_toracica",51,0.413859000133514
"logistic","cifose_toracica",51,0.413859000133514
"logistic","cifose_toracica",51,0.413859000133514
"logistic","cifose_toracica",52,0.372411964236394
"logistic","cifose_toracica",55,0.244031776951798
"logistic","cifose_toracica",55,0.244031776951798
"logistic","cifose_toracica",58,0.107321124299255
"logistic","cifose_toracica",58,0.107321124299255
"logistic","cifose_toracica",59,0.059751023961213
"logistic","cifose_toracica",62,-0.0879975770145037
"logistic","cifose_toracica",62,-0.0879975770145037
"logistic","cifose_toracica",68,-0.396916022216611
"logistic","lordose_lombar",17,-0.638800726517122
"logistic","lordose_lombar",21,-0.598057057346827
"logistic","lordose_lombar",21,-0.598057057346827
"logistic","lordose_lombar",25,-0.56322561257213
"logistic","lordose_lombar",25,-0.56322561257213
"logistic","lordose_lombar",25,-0.56322561257213
"logistic","lordose_lombar",25,-0.56322561257213
"logistic","lordose_lombar",26,-0.55442460699238
"logistic","lordose_lombar",26,-0.55442460699238
"logistic","lordose_lombar",26,-0.55442460699238
"logistic","lordose_lombar",26,-0.55442460699238
"logistic","lordose_lombar",27,-0.545219251357244
"logistic","lordose_lombar",27,-0.545219251357244
"logistic","lordose_lombar",27,-0.545219251357244
"logistic","lordose_lombar",28,-0.535359040879825
"logistic","lordose_lombar",28,-0.535359040879825
"logistic","lordose_lombar",28,-0.535359040879825
"logistic","lordose_lombar",31,-0.500534087880241
"logistic","lordose_lombar",32,-0.487097860823657
"logistic","lordose_lombar",32,-0.487097860823657
"logistic","lordose_lombar",32,-0.487097860823657
"logistic","lordose_lombar",32,-0.487097860823657
"logistic","lordose_lombar",33,-0.472904374952427
"logistic","lordose_lombar",33,-0.472904374952427
"logistic","lordose_lombar",34,-0.458253882321073
"logistic","lordose_lombar",34,-0.458253882321073
"logistic","lordose_lombar",34,-0.458253882321073
"logistic","lordose_lombar",35,-0.443657460466526
"logistic","lordose_lombar",35,-0.443657460466526
"logistic","lordose_lombar",35,-0.443657460466526
"logistic","lordose_lombar",35,-0.443657460466526
"logistic","lordose_lombar",36,-0.42994368862302
"logistic","lordose_lombar",36,-0.42994368862302
"logistic","lordose_lombar",36,-0.42994368862302
"logistic","lordose_lombar",36,-0.42994368862302
"logistic","lordose_lombar",36,-0.42994368862302
"logistic","lordose_lombar",36,-0.42994368862302
"logistic","lordose_lombar",36,-0.42994368862302
"logistic","lordose_lombar",36,-0.42994368862302
"logistic","lordose_lombar",36,-0.42994368862302
"logistic","lordose_lombar",36,-0.42994368862302
"logistic","lordose_lombar",37,-0.41841636352111
"logistic","lordose_lombar",37,-0.41841636352111
"logistic","lordose_lombar",37,-0.41841636352111
"logistic","lordose_lombar",37,-0.41841636352111
"logistic","lordose_lombar",38,-0.410630408467489
"logistic","lordose_lombar",38,-0.410630408467489
"logistic","lordose_lombar",38,-0.410630408467489
"logistic","lordose_lombar",38,-0.410630408467489
"logistic","lordose_lombar",38,-0.410630408467489
"logistic","lordose_lombar",38,-0.410630408467489
"logistic","lordose_lombar",38,-0.410630408467489
"logistic","lordose_lombar",38,-0.410630408467489
"logistic","lordose_lombar",38,-0.410630408467489
"logistic","lordose_lombar",38,-0.410630408467489
"logistic","lordose_lombar",38,-0.410630408467489
"logistic","lordose_lombar",38,-0.410630408467489
"logistic","lordose_lombar",38,-0.410630408467489
"logistic","lordose_lombar",38,-0.410630408467489
"logistic","lordose_lombar",38,-0.410630408467489
"logistic","lordose_lombar",38,-0.410630408467489
"logistic","lordose_lombar",38,-0.410630408467489
"logistic","lordose_lombar",39,-0.407613113418371
"logistic","lordose_lombar",39,-0.407613113418371
"logistic","lordose_lombar",40,-0.409915703506539
"logistic","lordose_lombar",40,-0.409915703506539
"logistic","lordose_lombar",40,-0.409915703506539
"logistic","lordose_lombar",40,-0.409915703506539
"logistic","lordose_lombar",40,-0.409915703506539
"logistic","lordose_lombar",40,-0.409915703506539
"logistic","lordose_lombar",40,-0.409915703506539
"logistic","lordose_lombar",41,-0.416517266537167
"logistic","lordose_lombar",41,-0.416517266537167
"logistic","lordose_lombar",41,-0.416517266537167
"logistic","lordose_lombar",41,-0.416517266537167
"logistic","lordose_lombar",41,-0.416517266537167
"logistic","lordose_lombar",41,-0.416517266537167
"logistic","lordose_lombar",42,-0.423564805253892
"logistic","lordose_lombar",42,-0.423564805253892
"logistic","lordose_lombar",42,-0.423564805253892
"logistic","lordose_lombar",42,-0.423564805253892
"logistic","lordose_lombar",42,-0.423564805253892
"logistic","lordose_lombar",42,-0.423564805253892
"logistic","lordose_lombar",42,-0.423564805253892
"logistic","lordose_lombar",42,-0.423564805253892
"logistic","lordose_lombar",42,-0.423564805253892
"logistic","lordose_lombar",42,-0.423564805253892
"logistic","lordose_lombar",42,-0.423564805253892
"logistic","lordose_lombar",43,-0.426664949651214
"logistic","lordose_lombar",43,-0.426664949651214
"logistic","lordose_lombar",43,-0.426664949651214
"logistic","lordose_lombar",43,-0.426664949651214
"logistic","lordose_lombar",43,-0.426664949651214
"logistic","lordose_lombar",43,-0.426664949651214
"logistic","lordose_lombar",43,-0.426664949651214
"logistic","lordose_lombar",43,-0.426664949651214
"logistic","lordose_lombar",43,-0.426664949651214
"logistic","lordose_lombar",43,-0.426664949651214
"logistic","lordose_lombar",43,-0.426664949651214
"logistic","lordose_lombar",43,-0.426664949651214
"logistic","lordose_lombar",43,-0.426664949651214
"logistic","lordose_lombar",43,-0.426664949651214
"logistic","lordose_lombar",43,-0.426664949651214
"logistic","lordose_lombar",43,-0.426664949651214
"logistic","lordose_lombar",43,-0.426664949651214
"logistic","lordose_lombar",43,-0.426664949651214
"logistic","lordose_lombar",43,-0.426664949651214
"logistic","lordose_lombar",44,-0.417549022032823
"logistic","lordose_lombar",44,-0.417549022032823
"logistic","lordose_lombar",44,-0.417549022032823
"logistic","lordose_lombar",44,-0.417549022032823
"logistic","lordose_lombar",44,-0.417549022032823
"logistic","lordose_lombar",44,-0.417549022032823
"logistic","lordose_lombar",44,-0.417549022032823
"logistic","lordose_lombar",44,-0.417549022032823
"logistic","lordose_lombar",44,-0.417549022032823
"logistic","lordose_lombar",44,-0.417549022032823
"logistic","lordose_lombar",44,-0.417549022032823
"logistic","lordose_lombar",44,-0.417549022032823
"logistic","lordose_lombar",44,-0.417549022032823
"logistic","lordose_lombar",44,-0.417549022032823
"logistic","lordose_lombar",44,-0.417549022032823
"logistic","lordose_lombar",44,-0.417549022032823
"logistic","lordose_lombar",45,-0.411164034612369
"logistic","lordose_lombar",45,-0.411164034612369
"logistic","lordose_lombar",45,-0.411164034612369
"logistic","lordose_lombar",45,-0.411164034612369
"logistic","lordose_lombar",45,-0.411164034612369
"logistic","lordose_lombar",45,-0.411164034612369
"logistic","lordose_lombar",45,-0.411164034612369
"logistic","lordose_lombar",46,-0.401584721772985
"logistic","lordose_lombar",46,-0.401584721772985
"logistic","lordose_lombar",46,-0.401584721772985
"logistic","lordose_lombar",46,-0.401584721772985
"logistic","lordose_lombar",46,-0.401584721772985
"logistic","lordose_lombar",46,-0.401584721772985
"logistic","lordose_lombar",46,-0.401584721772985
"logistic","lordose_lombar",46,-0.401584721772985
"logistic","lordose_lombar",46,-0.401584721772985
"logistic","lordose_lombar",46,-0.401584721772985
"logistic","lordose_lombar",46,-0.401584721772985
"logistic","lordose_lombar",46,-0.401584721772985
"logistic","lordose_lombar",46,-0.401584721772985
"logistic","lordose_lombar",46,-0.401584721772985
"logistic","lordose_lombar",46,-0.401584721772985
"logistic","lordose_lombar",46,-0.401584721772985
"logistic","lordose_lombar",46,-0.401584721772985
"logistic","lordose_lombar",46,-0.401584721772985
"logistic","lordose_lombar",46,-0.401584721772985
"logistic","lordose_lombar",47,-0.391302377433955
"logistic","lordose_lombar",47,-0.391302377433955
"logistic","lordose_lombar",47,-0.391302377433955
"logistic","lordose_lombar",47,-0.391302377433955
"logistic","lordose_lombar",47,-0.391302377433955
"logistic","lordose_lombar",47,-0.391302377433955
"logistic","lordose_lombar",47,-0.391302377433955
"logistic","lordose_lombar",47,-0.391302377433955
"logistic","lordose_lombar",47,-0.391302377433955
"logistic","lordose_lombar",47,-0.391302377433955
"logistic","lordose_lombar",47,-0.391302377433955
"logistic","lordose_lombar",47,-0.391302377433955
"logistic","lordose_lombar",47,-0.391302377433955
"logistic","lordose_lombar",47,-0.391302377433955
"logistic","lordose_lombar",48,-0.376154338614561
"logistic","lordose_lombar",48,-0.376154338614561
"logistic","lordose_lombar",48,-0.376154338614561
"logistic","lordose_lombar",48,-0.376154338614561
"logistic","lordose_lombar",48,-0.376154338614561
"logistic","lordose_lombar",48,-0.376154338614561
"logistic","lordose_lombar",48,-0.376154338614561
"logistic","lordose_lombar",48,-0.376154338614561
"logistic","lordose_lombar",48,-0.376154338614561
"logistic","lordose_lombar",48,-0.376154338614561
"logistic","lordose_lombar",48,-0.376154338614561
"logistic","lordose_lombar",48,-0.376154338614561
"logistic","lordose_lombar",48,-0.376154338614561
"logistic","lordose_lombar",48,-0.376154338614561
"logistic","lordose_lombar",48,-0.376154338614561
"logistic","lordose_lombar",49,-0.358535124001623
"logistic","lordose_lombar",49,-0.358535124001623
"logistic","lordose_lombar",49,-0.358535124001623
"logistic","lordose_lombar",49,-0.358535124001623
"logistic","lordose_lombar",49,-0.358535124001623
"logistic","lordose_lombar",49,-0.358535124001623
"logistic","lordose_lombar",49,-0.358535124001623
"logistic","lordose_lombar",49,-0.358535124001623
"logistic","lordose_lombar",49,-0.358535124001623
"logistic","lordose_lombar",49,-0.358535124001623
"logistic","lordose_lombar",49,-0.358535124001623
"logistic","lordose_lombar",49,-0.358535124001623
"logistic","lordose_lombar",49,-0.358535124001623
"logistic","lordose_lombar",49,-0.358535124001623
"logistic","lordose_lombar",49,-0.358535124001623
"logistic","lordose_lombar",49,-0.358535124001623
"logistic","lordose_lombar",49,-0.358535124001623
"logistic","lordose_lombar",49,-0.358535124001623
"logistic","lordose_lombar",50,-0.354549334346488
"logistic","lordose_lombar",50,-0.354549334346488
"logistic","lordose_lombar",50,-0.354549334346488
"logistic","lordose_lombar",50,-0.354549334346488
"logistic","lordose_lombar",50,-0.354549334346488
"logistic","lordose_lombar",50,-0.354549334346488
"logistic","lordose_lombar",50,-0.354549334346488
"logistic","lordose_lombar",50,-0.354549334346488
"logistic","lordose_lombar",50,-0.354549334346488
"logistic","lordose_lombar",50,-0.354549334346488
"logistic","lordose_lombar",50,-0.354549334346488
"logistic","lordose_lombar",50,-0.354549334346488
"logistic","lordose_lombar",50,-0.354549334346488
"logistic","lordose_lombar",50,-0.354549334346488
"logistic","lordose_lombar",50,-0.354549334346488
"logistic","lordose_lombar",50,-0.354549334346488
"logistic","lordose_lombar",50,-0.354549334346488
"logistic","lordose_lombar",50,-0.354549334346488
"logistic","lordose_lombar",51,-0.356418932349371
"logistic","lordose_lombar",51,-0.356418932349371
"logistic","lordose_lombar",51,-0.356418932349371
"logistic","lordose_lombar",51,-0.356418932349371
"logistic","lordose_lombar",51,-0.356418932349371
"logistic","lordose_lombar",51,-0.356418932349371
"logistic","lordose_lombar",51,-0.356418932349371
"logistic","lordose_lombar",51,-0.356418932349371
"logistic","lordose_lombar",52,-0.348713431955993
"logistic","lordose_lombar",52,-0.348713431955993
"logistic","lordose_lombar",52,-0.348713431955993
"logistic","lordose_lombar",52,-0.348713431955993
"logistic","lordose_lombar",52,-0.348713431955993
"logistic","lordose_lombar",52,-0.348713431955993
"logistic","lordose_lombar",52,-0.348713431955993
"logistic","lordose_lombar",52,-0.348713431955993
"logistic","lordose_lombar",52,-0.348713431955993
"logistic","lordose_lombar",52,-0.348713431955993
"logistic","lordose_lombar",52,-0.348713431955993
"logistic","lordose_lombar",52,-0.348713431955993
"logistic","lordose_lombar",52,-0.348713431955993
"logistic","lordose_lombar",52,-0.348713431955993
"logistic","lordose_lombar",52,-0.348713431955993
"logistic","lordose_lombar",52,-0.348713431955993
"logistic","lordose_lombar",53,-0.343767869055643
"logistic","lordose_lombar",53,-0.343767869055643
"logistic","lordose_lombar",53,-0.343767869055643
"logistic","lordose_lombar",53,-0.343767869055643
"logistic","lordose_lombar",53,-0.343767869055643
"logistic","lordose_lombar",53,-0.343767869055643
"logistic","lordose_lombar",53,-0.343767869055643
"logistic","lordose_lombar",53,-0.343767869055643
"logistic","lordose_lombar",53,-0.343767869055643
"logistic","lordose_lombar",53,-0.343767869055643
"logistic","lordose_lombar",53,-0.343767869055643
"logistic","lordose_lombar",53,-0.343767869055643
"logistic","lordose_lombar",53,-0.343767869055643
"logistic","lordose_lombar",53,-0.343767869055643
"logistic","lordose_lombar",53,-0.343767869055643
"logistic","lordose_lombar",53,-0.343767869055643
"logistic","lordose_lombar",53,-0.343767869055643
"logistic","lordose_lombar",53,-0.343767869055643
"logistic","lordose_lombar",53,-0.343767869055643
"logistic","lordose_lombar",53,-0.343767869055643
"logistic","lordose_lombar",53,-0.343767869055643
"logistic","lordose_lombar",53,-0.343767869055643
"logistic","lordose_lombar",53,-0.343767869055643
"logistic","lordose_lombar",53,-0.343767869055643
"logistic","lordose_lombar",53,-0.343767869055643
"logistic","lordose_lombar",53,-0.343767869055643
"logistic","lordose_lombar",53,-0.343767869055643
"logistic","lordose_lombar",53,-0.343767869055643
"logistic","lordose_lombar",53,-0.343767869055643
"logistic","lordose_lombar",53,-0.343767869055643
"logistic","lordose_lombar",53,-0.343767869055643
"logistic","lordose_lombar",53,-0.343767869055643
"logistic","lordose_lombar",53,-0.343767869055643
"logistic","lordose_lombar",53,-0.343767869055643
"logistic","lordose_lombar",53,-0.343767869055643
"logistic","lordose_lombar",53,-0.343767869055643
"logistic","lordose_lombar",53,-0.343767869055643
"logistic","lordose_lombar",53,-0.343767869055643
"logistic","lordose_lombar",53,-0.343767869055643
"logistic","lordose_lombar",54,-0.373326106367216
"logistic","lordose_lombar",54,-0.373326106367216
"logistic","lordose_lombar",54,-0.373326106367216
"logistic","lordose_lombar",54,-0.373326106367216
"logistic","lordose_lombar",54,-0.373326106367216
"logistic","lordose_lombar",54,-0.373326106367216
"logistic","lordose_lombar",54,-0.373326106367216
"logistic","lordose_lombar",54,-0.373326106367216
"logistic","lordose_lombar",54,-0.373326106367216
"logistic","lordose_lombar",54,-0.373326106367216
"logistic","lordose_lombar",54,-0.373326106367216
"logistic","lordose_lombar",54,-0.373326106367216
"logistic","lordose_lombar",54,-0.373326106367216
"logistic","lordose_lombar",54,-0.373326106367216
"logistic","lordose_lombar",54,-0.373326106367216
"logistic","lordose_lombar",54,-0.373326106367216
"logistic","lordose_lombar",54,-0.373326106367216
"logistic","lordose_lombar",54,-0.373326106367216
"logistic","lordose_lombar",54,-0.373326106367216
"logistic","lordose_lombar",54,-0.373326106367216
"logistic","lordose_lombar",54,-0.373326106367216
"logistic","lordose_lombar",54,-0.373326106367216
"logistic","lordose_lombar",54,-0.373326106367216
"logistic","lordose_lombar",54,-0.373326106367216
"logistic","lordose_lombar",54,-0.373326106367216
"logistic","lordose_lombar",55,-0.422745617068985
"logistic","lordose_lombar",55,-0.422745617068985
"logistic","lordose_lombar",55,-0.422745617068985
"logistic","lordose_lombar",55,-0.422745617068985
"logistic","lordose_lombar",55,-0.422745617068985
"logistic","lordose_lombar",55,-0.422745617068985
"logistic","lordose_lombar",55,-0.422745617068985
"logistic","lordose_lombar",55,-0.422745617068985
"logistic","lordose_lombar",55,-0.422745617068985
"logistic","lordose_lombar",55,-0.422745617068985
"logistic","lordose_lombar",55,-0.422745617068985
"logistic","lordose_lombar",55,-0.422745617068985
"logistic","lordose_lombar",55,-0.422745617068985
"logistic","lordose_lombar",55,-0.422745617068985
"logistic","lordose_lombar",55,-0.422745617068985
"logistic","lordose_lombar",55,-0.422745617068985
"logistic","lordose_lombar",55,-0.422745617068985
"logistic","lordose_lombar",55,-0.422745617068985
"logistic","lordose_lombar",55,-0.422745617068985
"logistic","lordose_lombar",55,-0.422745617068985
"logistic","lordose_lombar",55,-0.422745617068985
"logistic","lordose_lombar",55,-0.422745617068985
"logistic","lordose_lombar",55,-0.422745617068985
"logistic","lordose_lombar",55,-0.422745617068985
"logistic","lordose_lombar",55,-0.422745617068985
"logistic","lordose_lombar",56,-0.494756131973086
"logistic","lordose_lombar",56,-0.494756131973086
"logistic","lordose_lombar",56,-0.494756131973086
"logistic","lordose_lombar",56,-0.494756131973086
"logistic","lordose_lombar",56,-0.494756131973086
"logistic","lordose_lombar",56,-0.494756131973086
"logistic","lordose_lombar",56,-0.494756131973086
"logistic","lordose_lombar",56,-0.494756131973086
"logistic","lordose_lombar",56,-0.494756131973086
"logistic","lordose_lombar",56,-0.494756131973086
"logistic","lordose_lombar",56,-0.494756131973086
"logistic","lordose_lombar",56,-0.494756131973086
"logistic","lordose_lombar",56,-0.494756131973086
"logistic","lordose_lombar",56,-0.494756131973086
"logistic","lordose_lombar",56,-0.494756131973086
"logistic","lordose_lombar",56,-0.494756131973086
"logistic","lordose_lombar",56,-0.494756131973086
"logistic","lordose_lombar",56,-0.494756131973086
"logistic","lordose_lombar",56,-0.494756131973086
"logistic","lordose_lombar",56,-0.494756131973086
"logistic","lordose_lombar",56,-0.494756131973086
"logistic","lordose_lombar",56,-0.494756131973086
"logistic","lordose_lombar",56,-0.494756131973086
"logistic","lordose_lombar",56,-0.494756131973086
"logistic","lordose_lombar",57,-0.556148848969884
"logistic","lordose_lombar",57,-0.556148848969884
"logistic","lordose_lombar",57,-0.556148848969884
"logistic","lordose_lombar",57,-0.556148848969884
"logistic","lordose_lombar",57,-0.556148848969884
"logistic","lordose_lombar",57,-0.556148848969884
"logistic","lordose_lombar",57,-0.556148848969884
"logistic","lordose_lombar",57,-0.556148848969884
"logistic","lordose_lombar",57,-0.556148848969884
"logistic","lordose_lombar",57,-0.556148848969884
"logistic","lordose_lombar",57,-0.556148848969884
"logistic","lordose_lombar",57,-0.556148848969884
"logistic","lordose_lombar",57,-0.556148848969884
"logistic","lordose_lombar",57,-0.556148848969884
"logistic","lordose_lombar",57,-0.556148848969884
"logistic","lordose_lombar",58,-0.600083734718105
"logistic","lordose_lombar",58,-0.600083734718105
"logistic","lordose_lombar",58,-0.600083734718105
"logistic","lordose_lombar",58,-0.600083734718105
"logistic","lordose_lombar",58,-0.600083734718105
"logistic","lordose_lombar",58,-0.600083734718105
"logistic","lordose_lombar",58,-0.600083734718105
"logistic","lordose_lombar",58,-0.600083734718105
"logistic","lordose_lombar",58,-0.600083734718105
"logistic","lordose_lombar",58,-0.600083734718105
"logistic","lordose_lombar",58,-0.600083734718105
"logistic","lordose_lombar",58,-0.600083734718105
"logistic","lordose_lombar",58,-0.600083734718105
"logistic","lordose_lombar",58,-0.600083734718105
"logistic","lordose_lombar",58,-0.600083734718105
"logistic","lordose_lombar",58,-0.600083734718105
"logistic","lordose_lombar",58,-0.600083734718105
"logistic","lordose_lombar",58,-0.600083734718105
"logistic","lordose_lombar",58,-0.600083734718105
"logistic","lordose_lombar",58,-0.600083734718105
"logistic","lordose_lombar",58,-0.600083734718105
"logistic","lordose_lombar",58,-0.600083734718105
"logistic","lordose_lombar",58,-0.600083734718105
"logistic","lordose_lombar",58,-0.600083734718105
"logistic","lordose_lombar",58,-0.600083734718105
"logistic","lordose_lombar",58,-0.600083734718105
"logistic","lordose_lombar",58,-0.600083734718105
"logistic","lordose_lombar",58,-0.600083734718105
"logistic","lordose_lombar",58,-0.600083734718105
"logistic","lordose_lombar",58,-0.600083734718105
"logistic","lordose_lombar",58,-0.600083734718105
"logistic","lordose_lombar",58,-0.600083734718105
"logistic","lordose_lombar",58,-0.600083734718105
"logistic","lordose_lombar",58,-0.600083734718105
"logistic","lordose_lombar",59,-0.642709752084607
"logistic","lordose_lombar",59,-0.642709752084607
"logistic","lordose_lombar",59,-0.642709752084607
"logistic","lordose_lombar",59,-0.642709752084607
"logistic","lordose_lombar",59,-0.642709752084607
"logistic","lordose_lombar",60,-0.677814349820007
"logistic","lordose_lombar",60,-0.677814349820007
"logistic","lordose_lombar",60,-0.677814349820007
"logistic","lordose_lombar",60,-0.677814349820007
"logistic","lordose_lombar",60,-0.677814349820007
"logistic","lordose_lombar",60,-0.677814349820007
"logistic","lordose_lombar",60,-0.677814349820007
"logistic","lordose_lombar",60,-0.677814349820007
"logistic","lordose_lombar",60,-0.677814349820007
"logistic","lordose_lombar",60,-0.677814349820007
"logistic","lordose_lombar",60,-0.677814349820007
"logistic","lordose_lombar",60,-0.677814349820007
"logistic","lordose_lombar",60,-0.677814349820007
"logistic","lordose_lombar",61,-0.70629349660913
"logistic","lordose_lombar",61,-0.70629349660913
"logistic","lordose_lombar",61,-0.70629349660913
"logistic","lordose_lombar",61,-0.70629349660913
"logistic","lordose_lombar",61,-0.70629349660913
"logistic","lordose_lombar",61,-0.70629349660913
"logistic","lordose_lombar",61,-0.70629349660913
"logistic","lordose_lombar",61,-0.70629349660913
"logistic","lordose_lombar",61,-0.70629349660913
"logistic","lordose_lombar",61,-0.70629349660913
"logistic","lordose_lombar",61,-0.70629349660913
"logistic","lordose_lombar",61,-0.70629349660913
"logistic","lordose_lombar",61,-0.70629349660913
"logistic","lordose_lombar",62,-0.705910240354332
"logistic","lordose_lombar",62,-0.705910240354332
"logistic","lordose_lombar",62,-0.705910240354332
"logistic","lordose_lombar",62,-0.705910240354332
"logistic","lordose_lombar",62,-0.705910240354332
"logistic","lordose_lombar",62,-0.705910240354332
"logistic","lordose_lombar",62,-0.705910240354332
"logistic","lordose_lombar",62,-0.705910240354332
"logistic","lordose_lombar",62,-0.705910240354332
"logistic","lordose_lombar",62,-0.705910240354332
"logistic","lordose_lombar",62,-0.705910240354332
"logistic","lordose_lombar",62,-0.705910240354332
"logistic","lordose_lombar",62,-0.705910240354332
"logistic","lordose_lombar",62,-0.705910240354332
"logistic","lordose_lombar",62,-0.705910240354332
"logistic","lordose_lombar",62,-0.705910240354332
"logistic","lordose_lombar",62,-0.705910240354332
"logistic","lordose_lombar",62,-0.705910240354332
"logistic","lordose_lombar",62,-0.705910240354332
"logistic","lordose_lombar",62,-0.705910240354332
"logistic","lordose_lombar",62,-0.705910240354332
"logistic","lordose_lombar",63,-0.690571749220169
"logistic","lordose_lombar",63,-0.690571749220169
"logistic","lordose_lombar",63,-0.690571749220169
"logistic","lordose_lombar",63,-0.690571749220169
"logistic","lordose_lombar",63,-0.690571749220169
"logistic","lordose_lombar",63,-0.690571749220169
"logistic","lordose_lombar",63,-0.690571749220169
"logistic","lordose_lombar",63,-0.690571749220169
"logistic","lordose_lombar",63,-0.690571749220169
"logistic","lordose_lombar",63,-0.690571749220169
"logistic","lordose_lombar",63,-0.690571749220169
"logistic","lordose_lombar",63,-0.690571749220169
"logistic","lordose_lombar",63,-0.690571749220169
"logistic","lordose_lombar",63,-0.690571749220169
"logistic","lordose_lombar",63,-0.690571749220169
"logistic","lordose_lombar",63,-0.690571749220169
"logistic","lordose_lombar",63,-0.690571749220169
"logistic","lordose_lombar",64,-0.689495364062302
"logistic","lordose_lombar",64,-0.689495364062302
"logistic","lordose_lombar",64,-0.689495364062302
"logistic","lordose_lombar",64,-0.689495364062302
"logistic","lordose_lombar",64,-0.689495364062302
"logistic","lordose_lombar",64,-0.689495364062302
"logistic","lordose_lombar",64,-0.689495364062302
"logistic","lordose_lombar",64,-0.689495364062302
"logistic","lordose_lombar",64,-0.689495364062302
"logistic","lordose_lombar",64,-0.689495364062302
"logistic","lordose_lombar",64,-0.689495364062302
"logistic","lordose_lombar",64,-0.689495364062302
"logistic","lordose_lombar",64,-0.689495364062302
"logistic","lordose_lombar",64,-0.689495364062302
"logistic","lordose_lombar",64,-0.689495364062302
"logistic","lordose_lombar",64,-0.689495364062302
"logistic","lordose_lombar",64,-0.689495364062302
"logistic","lordose_lombar",64,-0.689495364062302
"logistic","lordose_lombar",64,-0.689495364062302
"logistic","lordose_lombar",64,-0.689495364062302
"logistic","lordose_lombar",64,-0.689495364062302
"logistic","lordose_lombar",65,-0.669116127772536
"logistic","lordose_lombar",65,-0.669116127772536
"logistic","lordose_lombar",65,-0.669116127772536
"logistic","lordose_lombar",65,-0.669116127772536
"logistic","lordose_lombar",65,-0.669116127772536
"logistic","lordose_lombar",65,-0.669116127772536
"logistic","lordose_lombar",65,-0.669116127772536
"logistic","lordose_lombar",65,-0.669116127772536
"logistic","lordose_lombar",65,-0.669116127772536
"logistic","lordose_lombar",65,-0.669116127772536
"logistic","lordose_lombar",65,-0.669116127772536
"logistic","lordose_lombar",66,-0.654218787393747
"logistic","lordose_lombar",66,-0.654218787393747
"logistic","lordose_lombar",66,-0.654218787393747
"logistic","lordose_lombar",66,-0.654218787393747
"logistic","lordose_lombar",66,-0.654218787393747
"logistic","lordose_lombar",66,-0.654218787393747
"logistic","lordose_lombar",66,-0.654218787393747
"logistic","lordose_lombar",66,-0.654218787393747
"logistic","lordose_lombar",66,-0.654218787393747
"logistic","lordose_lombar",66,-0.654218787393747
"logistic","lordose_lombar",66,-0.654218787393747
"logistic","lordose_lombar",66,-0.654218787393747
"logistic","lordose_lombar",66,-0.654218787393747
"logistic","lordose_lombar",66,-0.654218787393747
"logistic","lordose_lombar",66,-0.654218787393747
"logistic","lordose_lombar",66,-0.654218787393747
"logistic","lordose_lombar",66,-0.654218787393747
"logistic","lordose_lombar",66,-0.654218787393747
"logistic","lordose_lombar",66,-0.654218787393747
"logistic","lordose_lombar",66,-0.654218787393747
"logistic","lordose_lombar",66,-0.654218787393747
"logistic","lordose_lombar",67,-0.648358899513174
"logistic","lordose_lombar",67,-0.648358899513174
"logistic","lordose_lombar",67,-0.648358899513174
"logistic","lordose_lombar",67,-0.648358899513174
"logistic","lordose_lombar",68,-0.648202565097712
"logistic","lordose_lombar",68,-0.648202565097712
"logistic","lordose_lombar",68,-0.648202565097712
"logistic","lordose_lombar",68,-0.648202565097712
"logistic","lordose_lombar",68,-0.648202565097712
"logistic","lordose_lombar",68,-0.648202565097712
"logistic","lordose_lombar",68,-0.648202565097712
"logistic","lordose_lombar",68,-0.648202565097712
"logistic","lordose_lombar",68,-0.648202565097712
"logistic","lordose_lombar",68,-0.648202565097712
"logistic","lordose_lombar",68,-0.648202565097712
"logistic","lordose_lombar",68,-0.648202565097712
"logistic","lordose_lombar",68,-0.648202565097712
"logistic","lordose_lombar",68,-0.648202565097712
"logistic","lordose_lombar",68,-0.648202565097712
"logistic","lordose_lombar",68,-0.648202565097712
"logistic","lordose_lombar",68,-0.648202565097712
"logistic","lordose_lombar",68,-0.648202565097712
"logistic","lordose_lombar",69,-0.650134070364792
"logistic","lordose_lombar",69,-0.650134070364792
"logistic","lordose_lombar",69,-0.650134070364792
"logistic","lordose_lombar",69,-0.650134070364792
"logistic","lordose_lombar",69,-0.650134070364792
"logistic","lordose_lombar",69,-0.650134070364792
"logistic","lordose_lombar",69,-0.650134070364792
"logistic","lordose_lombar",69,-0.650134070364792
"logistic","lordose_lombar",70,-0.652034812856322
"logistic","lordose_lombar",70,-0.652034812856322
"logistic","lordose_lombar",70,-0.652034812856322
"logistic","lordose_lombar",70,-0.652034812856322
"logistic","lordose_lombar",70,-0.652034812856322
"logistic","lordose_lombar",70,-0.652034812856322
"logistic","lordose_lombar",70,-0.652034812856322
"logistic","lordose_lombar",71,-0.652879614518444
"logistic","lordose_lombar",71,-0.652879614518444
"logistic","lordose_lombar",71,-0.652879614518444
"logistic","lordose_lombar",71,-0.652879614518444
"logistic","lordose_lombar",71,-0.652879614518444
"logistic","lordose_lombar",71,-0.652879614518444
"logistic","lordose_lombar",71,-0.652879614518444
"logistic","lordose_lombar",71,-0.652879614518444
"logistic","lordose_lombar",71,-0.652879614518444
"logistic","lordose_lombar",71,-0.652879614518444
"logistic","lordose_lombar",71,-0.652879614518444
"logistic","lordose_lombar",71,-0.652879614518444
"logistic","lordose_lombar",71,-0.652879614518444
"logistic","lordose_lombar",72,-0.652079097692981
"logistic","lordose_lombar",72,-0.652079097692981
"logistic","lordose_lombar",72,-0.652079097692981
"logistic","lordose_lombar",72,-0.652079097692981
"logistic","lordose_lombar",72,-0.652079097692981
"logistic","lordose_lombar",72,-0.652079097692981
"logistic","lordose_lombar",72,-0.652079097692981
"logistic","lordose_lombar",72,-0.652079097692981
"logistic","lordose_lombar",72,-0.652079097692981
"logistic","lordose_lombar",72,-0.652079097692981
"logistic","lordose_lombar",72,-0.652079097692981
"logistic","lordose_lombar",73,-0.649330189715946
"logistic","lordose_lombar",73,-0.649330189715946
"logistic","lordose_lombar",73,-0.649330189715946
"logistic","lordose_lombar",73,-0.649330189715946
"logistic","lordose_lombar",73,-0.649330189715946
"logistic","lordose_lombar",73,-0.649330189715946
"logistic","lordose_lombar",73,-0.649330189715946
"logistic","lordose_lombar",74,-0.644876186839211
"logistic","lordose_lombar",74,-0.644876186839211
"logistic","lordose_lombar",74,-0.644876186839211
"logistic","lordose_lombar",74,-0.644876186839211
"logistic","lordose_lombar",75,-0.639300308782081
"logistic","lordose_lombar",75,-0.639300308782081
"logistic","lordose_lombar",75,-0.639300308782081
"logistic","lordose_lombar",75,-0.639300308782081
"logistic","lordose_lombar",75,-0.639300308782081
"logistic","lordose_lombar",75,-0.639300308782081
"logistic","lordose_lombar",75,-0.639300308782081
"logistic","lordose_lombar",76,-0.633237642491193
"logistic","lordose_lombar",76,-0.633237642491193
"logistic","lordose_lombar",76,-0.633237642491193
"logistic","lordose_lombar",77,-0.627049825020394
"logistic","lordose_lombar",77,-0.627049825020394
"logistic","lordose_lombar",78,-0.621154379232093
"logistic","lordose_lombar",78,-0.621154379232093
"logistic","lordose_lombar",79,-0.615982402513272
"logistic","lordose_lombar",79,-0.615982402513272
"logistic","lordose_lombar",80,-0.611888268421089
"logistic","lordose_lombar",80,-0.611888268421089
"logistic","lordose_lombar",82,-0.607315682591945
"logistic","lordose_lombar",82,-0.607315682591945
"logistic","lordose_lombar",82,-0.607315682591945
"logistic","correcao_colete",3.7037037037037,-0.830348788398774
"logistic","correcao_colete",4.54545454545455,-0.747466876265894
"logistic","correcao_colete",5.88235294117647,-0.615589522912462
"logistic","correcao_colete",6.89655172413793,-0.515304087803398
"logistic","correcao_colete",7.14285714285714,-0.490949053562625
"logistic","correcao_colete",7.14285714285714,-0.490949053562625
"logistic","correcao_colete",9.09090909090909,-0.297692908935523
"logistic","correcao_colete",10.3448275862069,-0.172869394837579
"logistic","correcao_colete",10.8108108108108,-0.126353559862495
"logistic","correcao_colete",11.5384615384615,-0.053717294478326
"logistic","correcao_colete",12,-0.00755008031162392
"logistic","correcao_colete",12.1212121212121,0.00457464260084011
"logistic","correcao_colete",12.1212121212121,0.00457464260084011
"logistic","correcao_colete",13.5135135135135,0.144165419567045
"logistic","correcao_colete",14.2857142857143,0.221777439342692
"logistic","correcao_colete",15.1515151515152,0.308991955076926
"logistic","correcao_colete",15.1515151515152,0.308991955076926
"logistic","correcao_colete",15.3846153846154,0.332472786236138
"logistic","correcao_colete",15.5555555555556,0.349692062419566
"logistic","correcao_colete",16.1290322580645,0.407570213484497
"logistic","correcao_colete",16.1290322580645,0.407570213484497
"logistic","correcao_colete",16.1290322580645,0.407570213484497
"logistic","correcao_colete",17.8571428571429,0.582336306011076
"logistic","correcao_colete",20,0.799557848357685
"logistic","correcao_colete",20.4545454545455,0.845667970475388
"logistic","correcao_colete",20.4545454545455,0.845667970475388
"logistic","correcao_colete",20.6896551724138,0.869518033639711
"logistic","correcao_colete",21.2121212121212,0.922518174004879
"logistic","correcao_colete",21.2121212121212,0.922518174004879
"logistic","correcao_colete",22.7272727272727,1.0761316122767
"logistic","correcao_colete",22.7272727272727,1.0761316122767
"logistic","correcao_colete",23.0769230769231,1.11154374388579
"logistic","correcao_colete",23.0769230769231,1.11154374388579
"logistic","correcao_colete",23.0769230769231,1.11154374388579
"logistic","correcao_colete",23.5294117647059,1.15737120832108
"logistic","correcao_colete",23.6842105263158,1.17304902510158
"logistic","correcao_colete",23.6842105263158,1.17304902510158
"logistic","correcao_colete",24.4444444444444,1.25001781665403
"logistic","correcao_colete",24.4444444444444,1.25001781665403
"logistic","correcao_colete",25,1.30626424125007
"logistic","correcao_colete",25,1.30626424125007
"logistic","correcao_colete",25,1.30626424125007
"logistic","correcao_colete",25.6410256410256,1.37142841290442
"logistic","correcao_colete",25.7142857142857,1.37887574680777
"logistic","correcao_colete",26.1904761904762,1.42728341717958
"logistic","correcao_colete",26.1904761904762,1.42728341717958
"logistic","correcao_colete",26.1904761904762,1.42728341717958
"logistic","correcao_colete",26.3157894736842,1.44002227780374
"logistic","correcao_colete",26.3157894736842,1.44002227780374
"logistic","correcao_colete",26.3157894736842,1.44002227780374
"logistic","correcao_colete",26.3157894736842,1.44002227780374
"logistic","correcao_colete",26.6666666666667,1.47621982290002
"logistic","correcao_colete",26.6666666666667,1.47621982290002
"logistic","correcao_colete",27.5,1.56218899250366
"logistic","correcao_colete",27.5,1.56218899250366
"logistic","correcao_colete",27.7777777777778,1.59133913724141
"logistic","correcao_colete",28,1.6146592530316
"logistic","correcao_colete",28,1.6146592530316
"logistic","correcao_colete",28.8888888888889,1.71173887969779
"logistic","correcao_colete",28.8888888888889,1.71173887969779
"logistic","correcao_colete",29.0322580645161,1.72739688399879
"logistic","correcao_colete",29.2682926829268,1.75317530571385
"logistic","correcao_colete",29.2682926829268,1.75317530571385
"logistic","correcao_colete",29.2682926829268,1.75317530571385
"logistic","correcao_colete",29.2682926829268,1.75317530571385
"logistic","correcao_colete",29.6296296296296,1.79383053607183
"logistic","correcao_colete",29.7297297297297,1.80509313367101
"logistic","correcao_colete",29.7297297297297,1.80509313367101
"logistic","correcao_colete",29.7297297297297,1.80509313367101
"logistic","correcao_colete",30,1.83550214718878
"logistic","correcao_colete",30,1.83550214718878
"logistic","correcao_colete",30,1.83550214718878
"logistic","correcao_colete",30,1.83550214718878
"logistic","correcao_colete",30,1.83550214718878
"logistic","correcao_colete",30,1.83550214718878
"logistic","correcao_colete",30,1.83550214718878
"logistic","correcao_colete",30,1.83550214718878
"logistic","correcao_colete",30,1.83550214718878
"logistic","correcao_colete",30.2325581395349,1.86166804254127
"logistic","correcao_colete",30.2325581395349,1.86166804254127
"logistic","correcao_colete",30.2325581395349,1.86166804254127
"logistic","correcao_colete",30.2325581395349,1.86166804254127
"logistic","correcao_colete",30.2325581395349,1.86166804254127
"logistic","correcao_colete",30.2325581395349,1.86166804254127
"logistic","correcao_colete",30.2325581395349,1.86166804254127
"logistic","correcao_colete",30.2325581395349,1.86166804254127
"logistic","correcao_colete",30.2325581395349,1.86166804254127
"logistic","correcao_colete",30.2325581395349,1.86166804254127
"logistic","correcao_colete",30.2325581395349,1.86166804254127
"logistic","correcao_colete",30.2325581395349,1.86166804254127
"logistic","correcao_colete",30.2325581395349,1.86166804254127
"logistic","correcao_colete",30.2325581395349,1.86166804254127
"logistic","correcao_colete",30.3030303030303,1.869597101739
"logistic","correcao_colete",30.3030303030303,1.869597101739
"logistic","correcao_colete",30.5555555555556,1.89800956386419
"logistic","correcao_colete",30.5555555555556,1.89800956386419
"logistic","correcao_colete",30.5555555555556,1.89800956386419
"logistic","correcao_colete",30.5555555555556,1.89800956386419
"logistic","correcao_colete",30.7692307692308,1.92383471851515
"logistic","correcao_colete",30.7692307692308,1.92383471851515
"logistic","correcao_colete",30.7692307692308,1.92383471851515
"logistic","correcao_colete",30.7692307692308,1.92383471851515
"logistic","correcao_colete",30.952380952381,1.94597056535883
"logistic","correcao_colete",30.952380952381,1.94597056535883
"logistic","correcao_colete",30.952380952381,1.94597056535883
"logistic","correcao_colete",30.952380952381,1.94597056535883
"logistic","correcao_colete",30.952380952381,1.94597056535883
"logistic","correcao_colete",30.952380952381,1.94597056535883
"logistic","correcao_colete",30.952380952381,1.94597056535883
"logistic","correcao_colete",30.952380952381,1.94597056535883
"logistic","correcao_colete",31.0344827586207,1.9558935311853
"logistic","correcao_colete",31.0344827586207,1.9558935311853
"logistic","correcao_colete",31.0344827586207,1.9558935311853
"logistic","correcao_colete",31.0344827586207,1.9558935311853
"logistic","correcao_colete",31.1111111111111,1.96515496595668
"logistic","correcao_colete",31.1111111111111,1.96515496595668
"logistic","correcao_colete",31.25,1.98194131647981
"logistic","correcao_colete",31.25,1.98194131647981
"logistic","correcao_colete",31.25,1.98194131647981
"logistic","correcao_colete",31.25,1.98194131647981
"logistic","correcao_colete",31.4285714285714,2.00352376715239
"logistic","correcao_colete",31.4285714285714,2.00352376715239
"logistic","correcao_colete",31.4285714285714,2.00352376715239
"logistic","correcao_colete",31.5789473684211,2.02169846245563
"logistic","correcao_colete",31.5789473684211,2.02169846245563
"logistic","correcao_colete",31.5789473684211,2.02169846245563
"logistic","correcao_colete",31.5789473684211,2.02169846245563
"logistic","correcao_colete",31.7073170731707,2.03721344625107
"logistic","correcao_colete",31.7073170731707,2.03721344625107
"logistic","correcao_colete",31.7073170731707,2.03721344625107
"logistic","correcao_colete",31.7073170731707,2.03721344625107
"logistic","correcao_colete",31.8181818181818,2.05061275043804
"logistic","correcao_colete",31.8181818181818,2.05061275043804
"logistic","correcao_colete",31.8181818181818,2.05061275043804
"logistic","correcao_colete",31.8181818181818,2.05061275043804
"logistic","correcao_colete",31.8181818181818,2.05061275043804
"logistic","correcao_colete",31.8181818181818,2.05061275043804
"logistic","correcao_colete",31.8181818181818,2.05061275043804
"logistic","correcao_colete",31.8181818181818,2.05061275043804
"logistic","correcao_colete",31.8181818181818,2.05061275043804
"logistic","correcao_colete",31.8181818181818,2.05061275043804
"logistic","correcao_colete",31.8181818181818,2.05061275043804
"logistic","correcao_colete",31.8181818181818,2.05061275043804
"logistic","correcao_colete",31.8181818181818,2.05061275043804
"logistic","correcao_colete",31.8181818181818,2.05061275043804
"logistic","correcao_colete",31.8181818181818,2.05061275043804
"logistic","correcao_colete",32,2.07378822119269
"logistic","correcao_colete",32.4324324324324,2.12890825974429
"logistic","correcao_colete",32.4324324324324,2.12890825974429
"logistic","correcao_colete",32.4324324324324,2.12890825974429
"logistic","correcao_colete",32.4324324324324,2.12890825974429
"logistic","correcao_colete",32.4324324324324,2.12890825974429
"logistic","correcao_colete",32.4324324324324,2.12890825974429
"logistic","correcao_colete",32.5,2.13752076576799
"logistic","correcao_colete",32.5,2.13752076576799
"logistic","correcao_colete",32.5,2.13752076576799
"logistic","correcao_colete",32.5581395348837,2.14493152676511
"logistic","correcao_colete",32.5581395348837,2.14493152676511
"logistic","correcao_colete",33.3333333333333,2.24678300805152
"logistic","correcao_colete",33.3333333333333,2.24678300805152
"logistic","correcao_colete",33.3333333333333,2.24678300805152
"logistic","correcao_colete",33.3333333333333,2.24678300805152
"logistic","correcao_colete",33.3333333333333,2.24678300805152
"logistic","correcao_colete",33.3333333333333,2.24678300805152
"logistic","correcao_colete",33.3333333333333,2.24678300805152
"logistic","correcao_colete",33.3333333333333,2.24678300805152
"logistic","correcao_colete",33.3333333333333,2.24678300805152
"logistic","correcao_colete",33.3333333333333,2.24678300805152
"logistic","correcao_colete",33.3333333333333,2.24678300805152
"logistic","correcao_colete",33.3333333333333,2.24678300805152
"logistic","correcao_colete",33.3333333333333,2.24678300805152
"logistic","correcao_colete",33.3333333333333,2.24678300805152
"logistic","correcao_colete",33.3333333333333,2.24678300805152
"logistic","correcao_colete",34.0909090909091,2.34897019261861
"logistic","correcao_colete",34.0909090909091,2.34897019261861
"logistic","correcao_colete",34.0909090909091,2.34897019261861
"logistic","correcao_colete",34.0909090909091,2.34897019261861
"logistic","correcao_colete",34.0909090909091,2.34897019261861
"logistic","correcao_colete",34.1463414634146,2.35644730368448
"logistic","correcao_colete",34.1463414634146,2.35644730368448
"logistic","correcao_colete",34.2105263157895,2.36510501123446
"logistic","correcao_colete",34.2105263157895,2.36510501123446
"logistic","correcao_colete",34.2105263157895,2.36510501123446
"logistic","correcao_colete",34.2105263157895,2.36510501123446
"logistic","correcao_colete",34.2105263157895,2.36510501123446
"logistic","correcao_colete",34.2105263157895,2.36510501123446
"logistic","correcao_colete",34.2857142857143,2.37524689722157
"logistic","correcao_colete",34.2857142857143,2.37524689722157
"logistic","correcao_colete",34.2857142857143,2.37524689722157
"logistic","correcao_colete",34.2857142857143,2.37524689722157
"logistic","correcao_colete",34.8837209302326,2.46445729787693
"logistic","correcao_colete",34.8837209302326,2.46445729787693
"logistic","correcao_colete",34.8837209302326,2.46445729787693
"logistic","correcao_colete",34.8837209302326,2.46445729787693
"logistic","correcao_colete",34.8837209302326,2.46445729787693
"logistic","correcao_colete",34.8837209302326,2.46445729787693
"logistic","correcao_colete",35.1351351351351,2.50196317202632
"logistic","correcao_colete",35.1351351351351,2.50196317202632
"logistic","correcao_colete",35.2941176470588,2.52568012185609
"logistic","correcao_colete",35.2941176470588,2.52568012185609
"logistic","correcao_colete",35.2941176470588,2.52568012185609
"logistic","correcao_colete",35.2941176470588,2.52568012185609
"logistic","correcao_colete",35.4838709677419,2.55398744907226
"logistic","correcao_colete",35.4838709677419,2.55398744907226
"logistic","correcao_colete",35.4838709677419,2.55398744907226
"logistic","correcao_colete",35.4838709677419,2.55398744907226
"logistic","correcao_colete",35.7142857142857,2.58747826284881
"logistic","correcao_colete",35.7142857142857,2.58747826284881
"logistic","correcao_colete",35.8974358974359,2.6140991661071
"logistic","correcao_colete",35.8974358974359,2.6140991661071
"logistic","correcao_colete",35.8974358974359,2.6140991661071
"logistic","correcao_colete",35.8974358974359,2.6140991661071
"logistic","correcao_colete",35.8974358974359,2.6140991661071
"logistic","correcao_colete",36.3636363636364,2.68186146531
"logistic","correcao_colete",36.3636363636364,2.68186146531
"logistic","correcao_colete",36.3636363636364,2.68186146531
"logistic","correcao_colete",36.3636363636364,2.68186146531
"logistic","correcao_colete",36.3636363636364,2.68186146531
"logistic","correcao_colete",36.5853658536585,2.71408987590649
"logistic","correcao_colete",36.5853658536585,2.71408987590649
"logistic","correcao_colete",36.6666666666667,2.72590695979188
"logistic","correcao_colete",36.8421052631579,2.75140698291297
"logistic","correcao_colete",36.8421052631579,2.75140698291297
"logistic","correcao_colete",36.8421052631579,2.75140698291297
"logistic","correcao_colete",36.8421052631579,2.75140698291297
"logistic","correcao_colete",36.8421052631579,2.75140698291297
"logistic","correcao_colete",36.8421052631579,2.75140698291297
"logistic","correcao_colete",37.037037037037,2.7821141712638
"logistic","correcao_colete",37.037037037037,2.7821141712638
"logistic","correcao_colete",37.5,2.85504374359704
"logistic","correcao_colete",37.5,2.85504374359704
"logistic","correcao_colete",37.7777777777778,2.89880148699699
"logistic","correcao_colete",37.8378378378378,2.90826262070507
"logistic","correcao_colete",37.8378378378378,2.90826262070507
"logistic","correcao_colete",38.0952380952381,2.94881033659692
"logistic","correcao_colete",38.0952380952381,2.94881033659692
"logistic","correcao_colete",38.2352941176471,2.97163539724904
"logistic","correcao_colete",38.2352941176471,2.97163539724904
"logistic","correcao_colete",38.2352941176471,2.97163539724904
"logistic","correcao_colete",38.4615384615385,3.00850664907168
"logistic","correcao_colete",38.4615384615385,3.00850664907168
"logistic","correcao_colete",38.4615384615385,3.00850664907168
"logistic","correcao_colete",38.4615384615385,3.00850664907168
"logistic","correcao_colete",38.7096774193548,3.04894608655457
"logistic","correcao_colete",38.7096774193548,3.04894608655457
"logistic","correcao_colete",38.8888888888889,3.0781523469589
"logistic","correcao_colete",39.0243902439024,3.10023512921581
"logistic","correcao_colete",39.0243902439024,3.10023512921581
"logistic","correcao_colete",39.2857142857143,3.14282335213989
"logistic","correcao_colete",39.2857142857143,3.14282335213989
"logistic","correcao_colete",39.3939393939394,3.16046089900743
"logistic","correcao_colete",39.3939393939394,3.16046089900743
"logistic","correcao_colete",39.3939393939394,3.16046089900743
"logistic","correcao_colete",39.3939393939394,3.16046089900743
"logistic","correcao_colete",39.3939393939394,3.16046089900743
"logistic","correcao_colete",39.3939393939394,3.16046089900743
"logistic","correcao_colete",39.4736842105263,3.17345698617298
"logistic","correcao_colete",39.4736842105263,3.17345698617298
"logistic","correcao_colete",40,3.25971630708804
"logistic","correcao_colete",40,3.25971630708804
"logistic","correcao_colete",40,3.25971630708804
"logistic","correcao_colete",40,3.25971630708804
"logistic","correcao_colete",40.4761904761905,3.33776045458261
"logistic","correcao_colete",40.4761904761905,3.33776045458261
"logistic","correcao_colete",40.4761904761905,3.33776045458261
"logistic","correcao_colete",40.5405405405405,3.34830696100078
"logistic","correcao_colete",40.5405405405405,3.34830696100078
"logistic","correcao_colete",40.5405405405405,3.34830696100078
"logistic","correcao_colete",40.625,3.36214925067466
"logistic","correcao_colete",41.3793103448276,3.4916257332492
"logistic","correcao_colete",41.3793103448276,3.4916257332492
"logistic","correcao_colete",41.8604651162791,3.57421538326352
"logistic","correcao_colete",41.8604651162791,3.57421538326352
"logistic","correcao_colete",41.8604651162791,3.57421538326352
"logistic","correcao_colete",42.1052631578947,3.61622722539866
"logistic","correcao_colete",42.1052631578947,3.61622722539866
"logistic","correcao_colete",42.1052631578947,3.61622722539866
"logistic","correcao_colete",42.1052631578947,3.61622722539866
"logistic","correcao_colete",42.1052631578947,3.61622722539866
"logistic","correcao_colete",42.8571428571429,3.74526359767092
"logistic","correcao_colete",42.8571428571429,3.74526359767092
"logistic","correcao_colete",42.8571428571429,3.74526359767092
"logistic","correcao_colete",42.8571428571429,3.74526359767092
"logistic","correcao_colete",43.1818181818182,3.80098384933393
"logistic","correcao_colete",43.1818181818182,3.80098384933393
"logistic","correcao_colete",43.5897435897436,3.8719557799453
"logistic","correcao_colete",43.5897435897436,3.8719557799453
"logistic","correcao_colete",43.5897435897436,3.8719557799453
"logistic","correcao_colete",43.5897435897436,3.8719557799453
"logistic","correcao_colete",43.9024390243902,3.92635935044878
"logistic","correcao_colete",43.9024390243902,3.92635935044878
"logistic","correcao_colete",44.1860465116279,3.97570212369613
"logistic","correcao_colete",44.1860465116279,3.97570212369613
"logistic","correcao_colete",44.4444444444444,4.02065887265482
"logistic","correcao_colete",44.4444444444444,4.02065887265482
"logistic","correcao_colete",44.4444444444444,4.02065887265482
"logistic","correcao_colete",44.4444444444444,4.02065887265482
"logistic","correcao_colete",44.4444444444444,4.02065887265482
"logistic","correcao_colete",44.7368421052632,4.07929282956227
"logistic","correcao_colete",44.7368421052632,4.07929282956227
"logistic","correcao_colete",44.7368421052632,4.07929282956227
"logistic","correcao_colete",44.7368421052632,4.07929282956227
"logistic","correcao_colete",44.8275862068966,4.0974895748094
"logistic","correcao_colete",45.1612903225806,4.16440663797626
"logistic","correcao_colete",45.1612903225806,4.16440663797626
"logistic","correcao_colete",45.2380952380952,4.17980818426071
"logistic","correcao_colete",45.2380952380952,4.17980818426071
"logistic","correcao_colete",45.2380952380952,4.17980818426071
"logistic","correcao_colete",45.2380952380952,4.17980818426071
"logistic","correcao_colete",45.4545454545455,4.22321254197142
"logistic","correcao_colete",45.4545454545455,4.22321254197142
"logistic","correcao_colete",45.4545454545455,4.22321254197142
"logistic","correcao_colete",45.4545454545455,4.22321254197142
"logistic","correcao_colete",45.4545454545455,4.22321254197142
"logistic","correcao_colete",45.4545454545455,4.22321254197142
"logistic","correcao_colete",45.945945945946,4.32157436029746
"logistic","correcao_colete",45.945945945946,4.32157436029746
"logistic","correcao_colete",45.945945945946,4.32157436029746
"logistic","correcao_colete",45.945945945946,4.32157436029746
"logistic","correcao_colete",45.945945945946,4.32157436029746
"logistic","correcao_colete",45.945945945946,4.32157436029746
"logistic","correcao_colete",45.945945945946,4.32157436029746
"logistic","correcao_colete",46.1538461538462,4.3631889757431
"logistic","correcao_colete",46.1538461538462,4.3631889757431
"logistic","correcao_colete",46.5116279069767,4.43480482557975
"logistic","correcao_colete",46.5116279069767,4.43480482557975
"logistic","correcao_colete",46.5116279069767,4.43480482557975
"logistic","correcao_colete",46.5116279069767,4.43480482557975
"logistic","correcao_colete",46.5116279069767,4.43480482557975
"logistic","correcao_colete",46.5116279069767,4.43480482557975
"logistic","correcao_colete",46.5116279069767,4.43480482557975
"logistic","correcao_colete",46.5116279069767,4.43480482557975
"logistic","correcao_colete",46.5116279069767,4.43480482557975
"logistic","correcao_colete",46.5116279069767,4.43480482557975
"logistic","correcao_colete",46.6666666666667,4.46583836050899
"logistic","correcao_colete",46.6666666666667,4.46583836050899
"logistic","correcao_colete",47.2222222222222,4.57558152021256
"logistic","correcao_colete",47.2222222222222,4.57558152021256
"logistic","correcao_colete",47.3684210526316,4.60446129908194
"logistic","correcao_colete",47.3684210526316,4.60446129908194
"logistic","correcao_colete",47.3684210526316,4.60446129908194
"logistic","correcao_colete",47.3684210526316,4.60446129908194
"logistic","correcao_colete",47.3684210526316,4.60446129908194
"logistic","correcao_colete",47.3684210526316,4.60446129908194
"logistic","correcao_colete",47.3684210526316,4.60446129908194
"logistic","correcao_colete",47.3684210526316,4.60446129908194
"logistic","correcao_colete",47.3684210526316,4.60446129908194
"logistic","correcao_colete",47.3684210526316,4.60446129908194
"logistic","correcao_colete",47.3684210526316,4.60446129908194
"logistic","correcao_colete",47.3684210526316,4.60446129908194
"logistic","correcao_colete",47.3684210526316,4.60446129908194
"logistic","correcao_colete",47.7272727272727,4.675348029034
"logistic","correcao_colete",47.7272727272727,4.675348029034
"logistic","correcao_colete",48.1481481481481,4.75788699239429
"logistic","correcao_colete",48.1481481481481,4.75788699239429
"logistic","correcao_colete",48.2758620689655,4.78293329851742
"logistic","correcao_colete",48.2758620689655,4.78293329851742
"logistic","correcao_colete",48.4848484848485,4.82391816308254
"logistic","correcao_colete",48.4848484848485,4.82391816308254
"logistic","correcao_colete",48.4848484848485,4.82391816308254
"logistic","correcao_colete",48.4848484848485,4.82391816308254
"logistic","correcao_colete",48.7179487179487,4.86963205048208
"logistic","correcao_colete",48.7179487179487,4.86963205048208
"logistic","correcao_colete",48.7179487179487,4.86963205048208
"logistic","correcao_colete",48.7179487179487,4.86963205048208
"logistic","correcao_colete",48.7179487179487,4.86963205048208
"logistic","correcao_colete",48.7179487179487,4.86963205048208
"logistic","correcao_colete",48.7179487179487,4.86963205048208
"logistic","correcao_colete",48.780487804878,4.88189675197951
"logistic","correcao_colete",48.780487804878,4.88189675197951
"logistic","correcao_colete",48.8372093023256,4.89302055101208
"logistic","correcao_colete",48.8372093023256,4.89302055101208
"logistic","correcao_colete",50,5.11180942286873
"logistic","correcao_colete",50,5.11180942286873
"logistic","correcao_colete",50,5.11180942286873
"logistic","correcao_colete",50,5.11180942286873
"logistic","correcao_colete",50,5.11180942286873
"logistic","correcao_colete",50,5.11180942286873
"logistic","correcao_colete",50,5.11180942286873
"logistic","correcao_colete",50,5.11180942286873
"logistic","correcao_colete",50,5.11180942286873
"logistic","correcao_colete",50,5.11180942286873
"logistic","correcao_colete",50,5.11180942286873
"logistic","correcao_colete",51.1111111111111,5.31152323267053
"logistic","correcao_colete",51.1111111111111,5.31152323267053
"logistic","correcao_colete",51.219512195122,5.33100750679755
"logistic","correcao_colete",51.219512195122,5.33100750679755
"logistic","correcao_colete",51.219512195122,5.33100750679755
"logistic","correcao_colete",51.219512195122,5.33100750679755
"logistic","correcao_colete",51.2820512820513,5.34224843417851
"logistic","correcao_colete",51.2820512820513,5.34224843417851
"logistic","correcao_colete",51.2820512820513,5.34224843417851
"logistic","correcao_colete",51.2820512820513,5.34224843417851
"logistic","correcao_colete",51.3513513513513,5.354704596952
"logistic","correcao_colete",51.3513513513513,5.354704596952
"logistic","correcao_colete",51.3513513513513,5.354704596952
"logistic","correcao_colete",51.4285714285714,5.36767231430062
"logistic","correcao_colete",51.4285714285714,5.36767231430062
"logistic","correcao_colete",51.5151515151515,5.38221187617635
"logistic","correcao_colete",51.5151515151515,5.38221187617635
"logistic","correcao_colete",51.5151515151515,5.38221187617635
"logistic","correcao_colete",51.6129032258064,5.39862751055217
"logistic","correcao_colete",51.6129032258064,5.39862751055217
"logistic","correcao_colete",51.6129032258064,5.39862751055217
"logistic","correcao_colete",51.6129032258064,5.39862751055217
"logistic","correcao_colete",51.7241379310345,5.41730737035915
"logistic","correcao_colete",51.7241379310345,5.41730737035915
"logistic","correcao_colete",51.7241379310345,5.41730737035915
"logistic","correcao_colete",51.7241379310345,5.41730737035915
"logistic","correcao_colete",51.7241379310345,5.41730737035915
"logistic","correcao_colete",51.7241379310345,5.41730737035915
"logistic","correcao_colete",52.2727272727273,5.50943304258898
"logistic","correcao_colete",52.3809523809524,5.52760749493363
"logistic","correcao_colete",52.3809523809524,5.52760749493363
"logistic","correcao_colete",52.3809523809524,5.52760749493363
"logistic","correcao_colete",52.3809523809524,5.52760749493363
"logistic","correcao_colete",52.3809523809524,5.52760749493363
"logistic","correcao_colete",52.3809523809524,5.52760749493363
"logistic","correcao_colete",52.9411764705882,5.6184218138192
"logistic","correcao_colete",52.9411764705882,5.6184218138192
"logistic","correcao_colete",53.125,5.64822026220353
"logistic","correcao_colete",53.125,5.64822026220353
"logistic","correcao_colete",53.3333333333333,5.6819918370391
"logistic","correcao_colete",53.3333333333333,5.6819918370391
"logistic","correcao_colete",53.3333333333333,5.6819918370391
"logistic","correcao_colete",53.4883720930233,5.70712417180047
"logistic","correcao_colete",53.4883720930233,5.70712417180047
"logistic","correcao_colete",53.5714285714286,5.72058792256548
"logistic","correcao_colete",53.5714285714286,5.72058792256548
"logistic","correcao_colete",53.8461538461538,5.76707363594728
"logistic","correcao_colete",53.8461538461538,5.76707363594728
"logistic","correcao_colete",54.5454545454545,5.88540090637373
"logistic","correcao_colete",54.5454545454545,5.88540090637373
"logistic","correcao_colete",54.5454545454545,5.88540090637373
"logistic","correcao_colete",54.5454545454545,5.88540090637373
"logistic","correcao_colete",54.5454545454545,5.88540090637373
"logistic","correcao_colete",55.1724137931034,5.9828908151378
"logistic","correcao_colete",55.1724137931034,5.9828908151378
"logistic","correcao_colete",55.2631578947368,5.99700119666945
"logistic","correcao_colete",55.2631578947368,5.99700119666945
"logistic","correcao_colete",55.2631578947368,5.99700119666945
"logistic","correcao_colete",55.2631578947368,5.99700119666945
"logistic","correcao_colete",55.2631578947368,5.99700119666945
"logistic","correcao_colete",55.8823529411765,6.09328380006184
"logistic","correcao_colete",55.8823529411765,6.09328380006184
"logistic","correcao_colete",55.8823529411765,6.09328380006184
"logistic","correcao_colete",55.8823529411765,6.09328380006184
"logistic","correcao_colete",56,6.11092290869688
"logistic","correcao_colete",56.0975609756098,6.12555046219912
"logistic","correcao_colete",56.0975609756098,6.12555046219912
"logistic","correcao_colete",56.0975609756098,6.12555046219912
"logistic","correcao_colete",56.4102564102564,6.17243364650114
"logistic","correcao_colete",56.6666666666667,6.2108778576288
"logistic","correcao_colete",56.6666666666667,6.2108778576288
"logistic","correcao_colete",56.7567567567568,6.22438528316014
"logistic","correcao_colete",56.7567567567568,6.22438528316014
"logistic","correcao_colete",56.7567567567568,6.22438528316014
"logistic","correcao_colete",57.1428571428571,6.28227424972301
"logistic","correcao_colete",57.1428571428571,6.28227424972301
"logistic","correcao_colete",57.1428571428571,6.28227424972301
"logistic","correcao_colete",57.1428571428571,6.28227424972301
"logistic","correcao_colete",57.1428571428571,6.28227424972301
"logistic","correcao_colete",57.5757575757576,6.34813814545181
"logistic","correcao_colete",57.7777777777778,6.37887463012524
"logistic","correcao_colete",57.7777777777778,6.37887463012524
"logistic","correcao_colete",57.8947368421053,6.39666943704144
"logistic","correcao_colete",57.8947368421053,6.39666943704144
"logistic","correcao_colete",58.0645161290323,6.4225006083714
"logistic","correcao_colete",58.1395348837209,6.43391438174975
"logistic","correcao_colete",58.1395348837209,6.43391438174975
"logistic","correcao_colete",58.1395348837209,6.43391438174975
"logistic","correcao_colete",58.5365853658537,6.48793324160009
"logistic","correcao_colete",58.5365853658537,6.48793324160009
"logistic","correcao_colete",58.6206896551724,6.49937566018906
"logistic","correcao_colete",58.6206896551724,6.49937566018906
"logistic","correcao_colete",58.6206896551724,6.49937566018906
"logistic","correcao_colete",58.6206896551724,6.49937566018906
"logistic","correcao_colete",58.8235294117647,6.52697208149191
"logistic","correcao_colete",58.8235294117647,6.52697208149191
"logistic","correcao_colete",58.8235294117647,6.52697208149191
"logistic","correcao_colete",58.974358974359,6.5474924973325
"logistic","correcao_colete",59.0909090909091,6.56334918230021
"logistic","correcao_colete",59.0909090909091,6.56334918230021
"logistic","correcao_colete",59.2592592592593,6.58625328280915
"logistic","correcao_colete",59.2592592592593,6.58625328280915
"logistic","correcao_colete",59.4594594594595,6.61349059152247
"logistic","correcao_colete",59.4594594594595,6.61349059152247
"logistic","correcao_colete",59.4594594594595,6.61349059152247
"logistic","correcao_colete",59.4594594594595,6.61349059152247
"logistic","correcao_colete",59.5238095238095,6.62224544075174
"logistic","correcao_colete",59.5238095238095,6.62224544075174
"logistic","correcao_colete",59.5238095238095,6.62224544075174
"logistic","correcao_colete",60,6.68389877890884
"logistic","correcao_colete",60,6.68389877890884
"logistic","correcao_colete",60,6.68389877890884
"logistic","correcao_colete",60,6.68389877890884
"logistic","correcao_colete",60,6.68389877890884
"logistic","correcao_colete",60,6.68389877890884
"logistic","correcao_colete",60.4651162790698,6.74411831850416
"logistic","correcao_colete",60.6060606060606,6.76236666383607
"logistic","correcao_colete",61.5384615384615,6.87923700030209
"logistic","correcao_colete",61.5384615384615,6.87923700030209
"logistic","correcao_colete",61.9047619047619,6.92515034677089
"logistic","correcao_colete",62.1621621621622,6.9568592275347
"logistic","correcao_colete",62.2222222222222,6.96425796637959
"logistic","correcao_colete",62.5,6.9984771335372
"logistic","correcao_colete",62.962962962963,7.05550907879988
"logistic","correcao_colete",62.962962962963,7.05550907879988
"logistic","correcao_colete",62.962962962963,7.05550907879988
"logistic","correcao_colete",62.962962962963,7.05550907879988
"logistic","correcao_colete",62.962962962963,7.05550907879988
"logistic","correcao_colete",63.1578947368421,7.0795225294368
"logistic","correcao_colete",63.1578947368421,7.0795225294368
"logistic","correcao_colete",63.1578947368421,7.0795225294368
"logistic","correcao_colete",63.4146341463415,7.11080658449423
"logistic","correcao_colete",63.4146341463415,7.11080658449423
"logistic","correcao_colete",63.4146341463415,7.11080658449423
"logistic","correcao_colete",63.4146341463415,7.11080658449423
"logistic","correcao_colete",63.6363636363636,7.13782463204382
"logistic","correcao_colete",63.6363636363636,7.13782463204382
"logistic","correcao_colete",64.2857142857143,7.21694891415336
"logistic","correcao_colete",64.2857142857143,7.21694891415336
"logistic","correcao_colete",64.2857142857143,7.21694891415336
"logistic","correcao_colete",64.2857142857143,7.21694891415336
"logistic","correcao_colete",64.5161290322581,7.24502527232127
"logistic","correcao_colete",64.5161290322581,7.24502527232127
"logistic","correcao_colete",64.5161290322581,7.24502527232127
"logistic","correcao_colete",64.7058823529412,7.26794290300509
"logistic","correcao_colete",64.8648648648649,7.28714416114559
"logistic","correcao_colete",65,7.30346523056501
"logistic","correcao_colete",65.1162790697674,7.31750894146079
"logistic","correcao_colete",65.5172413793103,7.36593553075659
"logistic","correcao_colete",65.5172413793103,7.36593553075659
"logistic","correcao_colete",65.7894736842105,7.39881463612059
"logistic","correcao_colete",65.8536585365854,7.40656662031211
"logistic","correcao_colete",65.8536585365854,7.40656662031211
"logistic","correcao_colete",65.8536585365854,7.40656662031211
"logistic","correcao_colete",65.8536585365854,7.40656662031211
"logistic","correcao_colete",65.9090909090909,7.4132259733194
"logistic","correcao_colete",65.9090909090909,7.4132259733194
"logistic","correcao_colete",66.6666666666667,7.50423713108583
"logistic","correcao_colete",66.6666666666667,7.50423713108583
"logistic","correcao_colete",66.6666666666667,7.50423713108583
"logistic","correcao_colete",66.6666666666667,7.50423713108583
"logistic","correcao_colete",66.6666666666667,7.50423713108583
"logistic","correcao_colete",66.6666666666667,7.50423713108583
"logistic","correcao_colete",66.6666666666667,7.50423713108583
"logistic","correcao_colete",66.6666666666667,7.50423713108583
"logistic","correcao_colete",66.6666666666667,7.50423713108583
"logistic","correcao_colete",67.4418604651163,7.5945295557771
"logistic","correcao_colete",68.2926829268293,7.68978145612616
"logistic","correcao_colete",68.75,7.74097935256378
"logistic","correcao_colete",68.75,7.74097935256378
"logistic","correcao_colete",68.9655172413793,7.76202000372255
"logistic","correcao_colete",68.9655172413793,7.76202000372255
"logistic","correcao_colete",68.9655172413793,7.76202000372255
"logistic","correcao_colete",68.9655172413793,7.76202000372255
"logistic","correcao_colete",68.9655172413793,7.76202000372255
"logistic","correcao_colete",69.0476190476191,7.77003548987828
"logistic","correcao_colete",69.0476190476191,7.77003548987828
"logistic","correcao_colete",69.6969696969697,7.83343069856445
"logistic","correcao_colete",70.4545454545455,7.89650615008498
"logistic","correcao_colete",71.0526315789474,7.94630255918012
"logistic","correcao_colete",71.0526315789474,7.94630255918012
"logistic","correcao_colete",72.972972972973,8.09923109741646
"logistic","correcao_colete",75,8.27253629540813
"logistic","correcao_colete",75,8.27253629540813
"logistic","correcao_colete",75.7575757575758,8.34052238108811
"logistic","correcao_colete",75.7575757575758,8.34052238108811
"logistic","correcao_colete",76.4705882352941,8.40573502529854
"logistic","correcao_colete",76.4705882352941,8.40573502529854
"logistic","correcao_colete",76.4705882352941,8.40573502529854
"logistic","correcao_colete",77.2727272727273,8.48024979025417
"logistic","correcao_colete",77.2727272727273,8.48024979025417
"logistic","correcao_colete",78.9473684210526,8.63864664454095
"logistic","correcao_colete",78.9473684210526,8.63864664454095
"logistic","correcao_colete",80,8.73943639115816
"logistic","correcao_colete",80,8.73943639115816
"logistic","correcao_colete",80,8.73943639115816
"logistic","correcao_colete",80,8.73943639115816
"logistic","correcao_colete",80.7692307692308,8.8135013938925
"logistic","correcao_colete",81.0810810810811,8.84352774635237
"logistic","correcao_colete",81.0810810810811,8.84352774635237
"logistic","correcao_colete",83.7837837837838,9.10518020717134
"logistic","correcao_colete",83.8709677419355,9.11364058595653
"logistic","correcao_colete",83.8709677419355,9.11364058595653
"logistic","correcao_colete",90.9090909090909,9.79686175561279
"logistic","correcao_colete",100,10.6635996717002
"logistic","correcao_colete",100,10.6635996717002
"logistic","correcao_colete",100,10.6635996717002
"logistic","correcao_colete",100,10.6635996717002
"logistic","correcao_colete",100,10.6635996717002
"logistic","correcao_colete",100,10.6635996717002
"logistic","correcao_colete",100,10.6635996717002
"logistic","correcao_colete",100,10.6635996717002
"logistic","correcao_colete",100,10.6635996717002
"logistic","correcao_colete",100,10.6635996717002
"logistic","correcao_colete",100,10.6635996717002
"logistic","correcao_colete",100,10.6635996717002
"logistic","correcao_colete",100,10.6635996717002
"logistic","correcao_colete",100,10.6635996717002
"logistic","correcao_colete",100,10.6635996717002
"logistic","correcao_colete",100,10.6635996717002
"logistic","correcao_colete",100,10.6635996717002
"logistic","correcao_colete",100,10.6635996717002
"logistic","correcao_colete",100,10.6635996717002
"logistic","correcao_colete",100,10.6635996717002
"logistic","correcao_colete",100,10.6635996717002
"logistic","correcao_colete",100,10.6635996717002
"logistic","correcao_colete",100,10.6635996717002
"logistic","correcao_colete",100,10.6635996717002
"logistic","correcao_colete",100,10.6635996717002
"logistic","correcao_colete",120,12.5573173354298
"logistic","correcao_colete",142.424242424242,14.6820055936918
"logistic","correcao_colete",142.424242424242,14.6820055936918
