"family","repeat_id","outer_fold","interaction","interaction_active","left_parent","left_parent_active","right_parent","right_parent_active","strong_hierarchy_satisfied","formal_hierarchy_constraint"
"continuous",1,1,"correcao_colete_x_flexibilidade__rigido",TRUE,"correcao_colete__linear",TRUE,"flexibilidade__dummy_rigido",TRUE,TRUE,FALSE
"continuous",1,1,"correcao_colete_x_lenke__2",TRUE,"correcao_colete__linear",TRUE,"lenke__dummy_2",TRUE,TRUE,FALSE
"continuous",1,1,"correcao_colete_x_lenke__3",TRUE,"correcao_colete__linear",TRUE,"lenke__dummy_3",TRUE,TRUE,FALSE
"continuous",1,1,"correcao_colete_x_lenke__4",TRUE,"correcao_colete__linear",TRUE,"lenke__dummy_4",TRUE,TRUE,FALSE
"continuous",1,1,"correcao_colete_x_lenke__5",TRUE,"correcao_colete__linear",TRUE,"lenke__dummy_5",TRUE,TRUE,FALSE
"continuous",1,1,"correcao_colete_x_lenke__6",TRUE,"correcao_colete__linear",TRUE,"lenke__dummy_6",TRUE,TRUE,FALSE
"continuous",1,1,"idade_x_risser__1",TRUE,"idade__linear",TRUE,"risser__dummy_1",TRUE,TRUE,FALSE
"continuous",1,1,"idade_x_risser__2",TRUE,"idade__linear",TRUE,"risser__dummy_2",TRUE,TRUE,FALSE
"continuous",1,1,"idade_x_risser__3",TRUE,"idade__linear",TRUE,"risser__dummy_3",TRUE,TRUE,FALSE
"continuous",1,1,"idade_x_risser__4",TRUE,"idade__linear",TRUE,"risser__dummy_4",TRUE,TRUE,FALSE
"logistic",1,1,"correcao_colete_x_flexibilidade__rigido",TRUE,"correcao_colete__linear",TRUE,"flexibilidade__dummy_rigido",TRUE,TRUE,FALSE
"logistic",1,1,"correcao_colete_x_lenke__2",TRUE,"correcao_colete__linear",TRUE,"lenke__dummy_2",TRUE,TRUE,FALSE
"logistic",1,1,"correcao_colete_x_lenke__3",TRUE,"correcao_colete__linear",TRUE,"lenke__dummy_3",TRUE,TRUE,FALSE
"logistic",1,1,"correcao_colete_x_lenke__4",TRUE,"correcao_colete__linear",TRUE,"lenke__dummy_4",TRUE,TRUE,FALSE
"logistic",1,1,"correcao_colete_x_lenke__5",TRUE,"correcao_colete__linear",TRUE,"lenke__dummy_5",TRUE,TRUE,FALSE
"logistic",1,1,"correcao_colete_x_lenke__6",TRUE,"correcao_colete__linear",TRUE,"lenke__dummy_6",TRUE,TRUE,FALSE
"logistic",1,1,"idade_x_risser__1",TRUE,"idade__linear",TRUE,"risser__dummy_1",TRUE,TRUE,FALSE
"logistic",1,1,"idade_x_risser__2",TRUE,"idade__linear",TRUE,"risser__dummy_2",TRUE,TRUE,FALSE
"logistic",1,1,"idade_x_risser__3",TRUE,"idade__linear",TRUE,"risser__dummy_3",TRUE,TRUE,FALSE
"logistic",1,1,"idade_x_risser__4",TRUE,"idade__linear",TRUE,"risser__dummy_4",TRUE,TRUE,FALSE
"continuous",1,2,"correcao_colete_x_flexibilidade__rigido",TRUE,"correcao_colete__linear",TRUE,"flexibilidade__dummy_rigido",TRUE,TRUE,FALSE
"continuous",1,2,"correcao_colete_x_lenke__2",TRUE,"correcao_colete__linear",TRUE,"lenke__dummy_2",TRUE,TRUE,FALSE
"continuous",1,2,"correcao_colete_x_lenke__3",TRUE,"correcao_colete__linear",TRUE,"lenke__dummy_3",TRUE,TRUE,FALSE
"continuous",1,2,"correcao_colete_x_lenke__4",TRUE,"correcao_colete__linear",TRUE,"lenke__dummy_4",TRUE,TRUE,FALSE
"continuous",1,2,"correcao_colete_x_lenke__5",TRUE,"correcao_colete__linear",TRUE,"lenke__dummy_5",TRUE,TRUE,FALSE
"continuous",1,2,"correcao_colete_x_lenke__6",TRUE,"correcao_colete__linear",TRUE,"lenke__dummy_6",TRUE,TRUE,FALSE
"continuous",1,2,"idade_x_risser__1",TRUE,"idade__linear",TRUE,"risser__dummy_1",TRUE,TRUE,FALSE
"continuous",1,2,"idade_x_risser__2",TRUE,"idade__linear",TRUE,"risser__dummy_2",TRUE,TRUE,FALSE
"continuous",1,2,"idade_x_risser__3",TRUE,"idade__linear",TRUE,"risser__dummy_3",TRUE,TRUE,FALSE
"continuous",1,2,"idade_x_risser__4",TRUE,"idade__linear",TRUE,"risser__dummy_4",TRUE,TRUE,FALSE
"logistic",1,2,"correcao_colete_x_flexibilidade__rigido",TRUE,"correcao_colete__linear",TRUE,"flexibilidade__dummy_rigido",TRUE,TRUE,FALSE
"logistic",1,2,"correcao_colete_x_lenke__2",TRUE,"correcao_colete__linear",TRUE,"lenke__dummy_2",TRUE,TRUE,FALSE
"logistic",1,2,"correcao_colete_x_lenke__3",TRUE,"correcao_colete__linear",TRUE,"lenke__dummy_3",TRUE,TRUE,FALSE
"logistic",1,2,"correcao_colete_x_lenke__4",TRUE,"correcao_colete__linear",TRUE,"lenke__dummy_4",TRUE,TRUE,FALSE
"logistic",1,2,"correcao_colete_x_lenke__5",TRUE,"correcao_colete__linear",TRUE,"lenke__dummy_5",TRUE,TRUE,FALSE
"logistic",1,2,"correcao_colete_x_lenke__6",TRUE,"correcao_colete__linear",TRUE,"lenke__dummy_6",TRUE,TRUE,FALSE
"logistic",1,2,"idade_x_risser__1",TRUE,"idade__linear",TRUE,"risser__dummy_1",TRUE,TRUE,FALSE
"logistic",1,2,"idade_x_risser__2",TRUE,"idade__linear",TRUE,"risser__dummy_2",TRUE,TRUE,FALSE
"logistic",1,2,"idade_x_risser__3",TRUE,"idade__linear",TRUE,"risser__dummy_3",TRUE,TRUE,FALSE
"logistic",1,2,"idade_x_risser__4",TRUE,"idade__linear",TRUE,"risser__dummy_4",TRUE,TRUE,FALSE
"continuous",1,3,"correcao_colete_x_flexibilidade__rigido",TRUE,"correcao_colete__linear",TRUE,"flexibilidade__dummy_rigido",TRUE,TRUE,FALSE
"continuous",1,3,"correcao_colete_x_lenke__2",TRUE,"correcao_colete__linear",TRUE,"lenke__dummy_2",TRUE,TRUE,FALSE
"continuous",1,3,"correcao_colete_x_lenke__3",TRUE,"correcao_colete__linear",TRUE,"lenke__dummy_3",TRUE,TRUE,FALSE
"continuous",1,3,"correcao_colete_x_lenke__4",TRUE,"correcao_colete__linear",TRUE,"lenke__dummy_4",TRUE,TRUE,FALSE
"continuous",1,3,"correcao_colete_x_lenke__5",TRUE,"correcao_colete__linear",TRUE,"lenke__dummy_5",TRUE,TRUE,FALSE
"continuous",1,3,"correcao_colete_x_lenke__6",TRUE,"correcao_colete__linear",TRUE,"lenke__dummy_6",TRUE,TRUE,FALSE
"continuous",1,3,"idade_x_risser__1",TRUE,"idade__linear",TRUE,"risser__dummy_1",TRUE,TRUE,FALSE
"continuous",1,3,"idade_x_risser__2",TRUE,"idade__linear",TRUE,"risser__dummy_2",TRUE,TRUE,FALSE
"continuous",1,3,"idade_x_risser__3",TRUE,"idade__linear",TRUE,"risser__dummy_3",TRUE,TRUE,FALSE
"continuous",1,3,"idade_x_risser__4",TRUE,"idade__linear",TRUE,"risser__dummy_4",TRUE,TRUE,FALSE
"logistic",1,3,"correcao_colete_x_flexibilidade__rigido",TRUE,"correcao_colete__linear",TRUE,"flexibilidade__dummy_rigido",TRUE,TRUE,FALSE
"logistic",1,3,"correcao_colete_x_lenke__2",TRUE,"correcao_colete__linear",TRUE,"lenke__dummy_2",TRUE,TRUE,FALSE
"logistic",1,3,"correcao_colete_x_lenke__3",TRUE,"correcao_colete__linear",TRUE,"lenke__dummy_3",TRUE,TRUE,FALSE
"logistic",1,3,"correcao_colete_x_lenke__4",TRUE,"correcao_colete__linear",TRUE,"lenke__dummy_4",TRUE,TRUE,FALSE
"logistic",1,3,"correcao_colete_x_lenke__5",TRUE,"correcao_colete__linear",TRUE,"lenke__dummy_5",TRUE,TRUE,FALSE
"logistic",1,3,"correcao_colete_x_lenke__6",TRUE,"correcao_colete__linear",TRUE,"lenke__dummy_6",TRUE,TRUE,FALSE
"logistic",1,3,"idade_x_risser__1",TRUE,"idade__linear",TRUE,"risser__dummy_1",TRUE,TRUE,FALSE
"logistic",1,3,"idade_x_risser__2",TRUE,"idade__linear",TRUE,"risser__dummy_2",TRUE,TRUE,FALSE
"logistic",1,3,"idade_x_risser__3",TRUE,"idade__linear",TRUE,"risser__dummy_3",TRUE,TRUE,FALSE
"logistic",1,3,"idade_x_risser__4",TRUE,"idade__linear",TRUE,"risser__dummy_4",TRUE,TRUE,FALSE
"continuous",1,4,"correcao_colete_x_flexibilidade__rigido",TRUE,"correcao_colete__linear",TRUE,"flexibilidade__dummy_rigido",TRUE,TRUE,FALSE
"continuous",1,4,"correcao_colete_x_lenke__2",TRUE,"correcao_colete__linear",TRUE,"lenke__dummy_2",TRUE,TRUE,FALSE
"continuous",1,4,"correcao_colete_x_lenke__3",TRUE,"correcao_colete__linear",TRUE,"lenke__dummy_3",TRUE,TRUE,FALSE
"continuous",1,4,"correcao_colete_x_lenke__4",TRUE,"correcao_colete__linear",TRUE,"lenke__dummy_4",TRUE,TRUE,FALSE
"continuous",1,4,"correcao_colete_x_lenke__5",TRUE,"correcao_colete__linear",TRUE,"lenke__dummy_5",TRUE,TRUE,FALSE
"continuous",1,4,"correcao_colete_x_lenke__6",TRUE,"correcao_colete__linear",TRUE,"lenke__dummy_6",TRUE,TRUE,FALSE
"continuous",1,4,"idade_x_risser__1",TRUE,"idade__linear",TRUE,"risser__dummy_1",TRUE,TRUE,FALSE
"continuous",1,4,"idade_x_risser__2",TRUE,"idade__linear",TRUE,"risser__dummy_2",TRUE,TRUE,FALSE
"continuous",1,4,"idade_x_risser__3",TRUE,"idade__linear",TRUE,"risser__dummy_3",TRUE,TRUE,FALSE
"continuous",1,4,"idade_x_risser__4",TRUE,"idade__linear",TRUE,"risser__dummy_4",TRUE,TRUE,FALSE
"logistic",1,4,"correcao_colete_x_flexibilidade__rigido",TRUE,"correcao_colete__linear",TRUE,"flexibilidade__dummy_rigido",TRUE,TRUE,FALSE
"logistic",1,4,"correcao_colete_x_lenke__2",TRUE,"correcao_colete__linear",TRUE,"lenke__dummy_2",TRUE,TRUE,FALSE
"logistic",1,4,"correcao_colete_x_lenke__3",TRUE,"correcao_colete__linear",TRUE,"lenke__dummy_3",TRUE,TRUE,FALSE
"logistic",1,4,"correcao_colete_x_lenke__4",TRUE,"correcao_colete__linear",TRUE,"lenke__dummy_4",TRUE,TRUE,FALSE
"logistic",1,4,"correcao_colete_x_lenke__5",TRUE,"correcao_colete__linear",TRUE,"lenke__dummy_5",TRUE,TRUE,FALSE
"logistic",1,4,"correcao_colete_x_lenke__6",TRUE,"correcao_colete__linear",TRUE,"lenke__dummy_6",TRUE,TRUE,FALSE
"logistic",1,4,"idade_x_risser__1",TRUE,"idade__linear",TRUE,"risser__dummy_1",TRUE,TRUE,FALSE
"logistic",1,4,"idade_x_risser__2",TRUE,"idade__linear",TRUE,"risser__dummy_2",TRUE,TRUE,FALSE
"logistic",1,4,"idade_x_risser__3",TRUE,"idade__linear",TRUE,"risser__dummy_3",TRUE,TRUE,FALSE
"logistic",1,4,"idade_x_risser__4",TRUE,"idade__linear",TRUE,"risser__dummy_4",TRUE,TRUE,FALSE
"continuous",1,5,"correcao_colete_x_flexibilidade__rigido",TRUE,"correcao_colete__linear",TRUE,"flexibilidade__dummy_rigido",TRUE,TRUE,FALSE
"continuous",1,5,"correcao_colete_x_lenke__2",TRUE,"correcao_colete__linear",TRUE,"lenke__dummy_2",TRUE,TRUE,FALSE
"continuous",1,5,"correcao_colete_x_lenke__3",TRUE,"correcao_colete__linear",TRUE,"lenke__dummy_3",TRUE,TRUE,FALSE
"continuous",1,5,"correcao_colete_x_lenke__4",TRUE,"correcao_colete__linear",TRUE,"lenke__dummy_4",TRUE,TRUE,FALSE
"continuous",1,5,"correcao_colete_x_lenke__5",TRUE,"correcao_colete__linear",TRUE,"lenke__dummy_5",TRUE,TRUE,FALSE
"continuous",1,5,"correcao_colete_x_lenke__6",TRUE,"correcao_colete__linear",TRUE,"lenke__dummy_6",TRUE,TRUE,FALSE
"continuous",1,5,"idade_x_risser__1",TRUE,"idade__linear",TRUE,"risser__dummy_1",TRUE,TRUE,FALSE
"continuous",1,5,"idade_x_risser__2",TRUE,"idade__linear",TRUE,"risser__dummy_2",TRUE,TRUE,FALSE
"continuous",1,5,"idade_x_risser__3",TRUE,"idade__linear",TRUE,"risser__dummy_3",TRUE,TRUE,FALSE
"continuous",1,5,"idade_x_risser__4",TRUE,"idade__linear",TRUE,"risser__dummy_4",TRUE,TRUE,FALSE
"logistic",1,5,"correcao_colete_x_flexibilidade__rigido",TRUE,"correcao_colete__linear",TRUE,"flexibilidade__dummy_rigido",TRUE,TRUE,FALSE
"logistic",1,5,"correcao_colete_x_lenke__2",TRUE,"correcao_colete__linear",TRUE,"lenke__dummy_2",TRUE,TRUE,FALSE
"logistic",1,5,"correcao_colete_x_lenke__3",TRUE,"correcao_colete__linear",TRUE,"lenke__dummy_3",TRUE,TRUE,FALSE
"logistic",1,5,"correcao_colete_x_lenke__4",TRUE,"correcao_colete__linear",TRUE,"lenke__dummy_4",TRUE,TRUE,FALSE
"logistic",1,5,"correcao_colete_x_lenke__5",TRUE,"correcao_colete__linear",TRUE,"lenke__dummy_5",TRUE,TRUE,FALSE
"logistic",1,5,"correcao_colete_x_lenke__6",TRUE,"correcao_colete__linear",TRUE,"lenke__dummy_6",TRUE,TRUE,FALSE
"logistic",1,5,"idade_x_risser__1",TRUE,"idade__linear",TRUE,"risser__dummy_1",TRUE,TRUE,FALSE
"logistic",1,5,"idade_x_risser__2",TRUE,"idade__linear",TRUE,"risser__dummy_2",TRUE,TRUE,FALSE
"logistic",1,5,"idade_x_risser__3",TRUE,"idade__linear",TRUE,"risser__dummy_3",TRUE,TRUE,FALSE
"logistic",1,5,"idade_x_risser__4",TRUE,"idade__linear",TRUE,"risser__dummy_4",TRUE,TRUE,FALSE
"continuous",1,6,"correcao_colete_x_flexibilidade__rigido",TRUE,"correcao_colete__linear",TRUE,"flexibilidade__dummy_rigido",TRUE,TRUE,FALSE
"continuous",1,6,"correcao_colete_x_lenke__2",TRUE,"correcao_colete__linear",TRUE,"lenke__dummy_2",TRUE,TRUE,FALSE
"continuous",1,6,"correcao_colete_x_lenke__3",TRUE,"correcao_colete__linear",TRUE,"lenke__dummy_3",TRUE,TRUE,FALSE
"continuous",1,6,"correcao_colete_x_lenke__4",TRUE,"correcao_colete__linear",TRUE,"lenke__dummy_4",TRUE,TRUE,FALSE
"continuous",1,6,"correcao_colete_x_lenke__5",TRUE,"correcao_colete__linear",TRUE,"lenke__dummy_5",TRUE,TRUE,FALSE
"continuous",1,6,"correcao_colete_x_lenke__6",TRUE,"correcao_colete__linear",TRUE,"lenke__dummy_6",TRUE,TRUE,FALSE
"continuous",1,6,"idade_x_risser__1",TRUE,"idade__linear",TRUE,"risser__dummy_1",TRUE,TRUE,FALSE
"continuous",1,6,"idade_x_risser__2",TRUE,"idade__linear",TRUE,"risser__dummy_2",TRUE,TRUE,FALSE
"continuous",1,6,"idade_x_risser__3",TRUE,"idade__linear",TRUE,"risser__dummy_3",TRUE,TRUE,FALSE
"continuous",1,6,"idade_x_risser__4",TRUE,"idade__linear",TRUE,"risser__dummy_4",TRUE,TRUE,FALSE
"logistic",1,6,"correcao_colete_x_flexibilidade__rigido",TRUE,"correcao_colete__linear",TRUE,"flexibilidade__dummy_rigido",TRUE,TRUE,FALSE
"logistic",1,6,"correcao_colete_x_lenke__2",TRUE,"correcao_colete__linear",TRUE,"lenke__dummy_2",TRUE,TRUE,FALSE
"logistic",1,6,"correcao_colete_x_lenke__3",TRUE,"correcao_colete__linear",TRUE,"lenke__dummy_3",TRUE,TRUE,FALSE
"logistic",1,6,"correcao_colete_x_lenke__4",TRUE,"correcao_colete__linear",TRUE,"lenke__dummy_4",TRUE,TRUE,FALSE
"logistic",1,6,"correcao_colete_x_lenke__5",TRUE,"correcao_colete__linear",TRUE,"lenke__dummy_5",TRUE,TRUE,FALSE
"logistic",1,6,"correcao_colete_x_lenke__6",TRUE,"correcao_colete__linear",TRUE,"lenke__dummy_6",TRUE,TRUE,FALSE
"logistic",1,6,"idade_x_risser__1",TRUE,"idade__linear",TRUE,"risser__dummy_1",TRUE,TRUE,FALSE
"logistic",1,6,"idade_x_risser__2",TRUE,"idade__linear",TRUE,"risser__dummy_2",TRUE,TRUE,FALSE
"logistic",1,6,"idade_x_risser__3",TRUE,"idade__linear",TRUE,"risser__dummy_3",TRUE,TRUE,FALSE
"logistic",1,6,"idade_x_risser__4",TRUE,"idade__linear",TRUE,"risser__dummy_4",TRUE,TRUE,FALSE
"continuous",1,7,"correcao_colete_x_flexibilidade__rigido",TRUE,"correcao_colete__linear",TRUE,"flexibilidade__dummy_rigido",TRUE,TRUE,FALSE
"continuous",1,7,"correcao_colete_x_lenke__2",TRUE,"correcao_colete__linear",TRUE,"lenke__dummy_2",TRUE,TRUE,FALSE
"continuous",1,7,"correcao_colete_x_lenke__3",TRUE,"correcao_colete__linear",TRUE,"lenke__dummy_3",TRUE,TRUE,FALSE
"continuous",1,7,"correcao_colete_x_lenke__4",TRUE,"correcao_colete__linear",TRUE,"lenke__dummy_4",TRUE,TRUE,FALSE
"continuous",1,7,"correcao_colete_x_lenke__5",TRUE,"correcao_colete__linear",TRUE,"lenke__dummy_5",TRUE,TRUE,FALSE
"continuous",1,7,"correcao_colete_x_lenke__6",TRUE,"correcao_colete__linear",TRUE,"lenke__dummy_6",TRUE,TRUE,FALSE
"continuous",1,7,"idade_x_risser__1",TRUE,"idade__linear",TRUE,"risser__dummy_1",TRUE,TRUE,FALSE
"continuous",1,7,"idade_x_risser__2",TRUE,"idade__linear",TRUE,"risser__dummy_2",TRUE,TRUE,FALSE
"continuous",1,7,"idade_x_risser__3",TRUE,"idade__linear",TRUE,"risser__dummy_3",TRUE,TRUE,FALSE
"continuous",1,7,"idade_x_risser__4",TRUE,"idade__linear",TRUE,"risser__dummy_4",TRUE,TRUE,FALSE
"logistic",1,7,"correcao_colete_x_flexibilidade__rigido",TRUE,"correcao_colete__linear",TRUE,"flexibilidade__dummy_rigido",TRUE,TRUE,FALSE
"logistic",1,7,"correcao_colete_x_lenke__2",TRUE,"correcao_colete__linear",TRUE,"lenke__dummy_2",TRUE,TRUE,FALSE
"logistic",1,7,"correcao_colete_x_lenke__3",TRUE,"correcao_colete__linear",TRUE,"lenke__dummy_3",TRUE,TRUE,FALSE
"logistic",1,7,"correcao_colete_x_lenke__4",TRUE,"correcao_colete__linear",TRUE,"lenke__dummy_4",TRUE,TRUE,FALSE
"logistic",1,7,"correcao_colete_x_lenke__5",TRUE,"correcao_colete__linear",TRUE,"lenke__dummy_5",TRUE,TRUE,FALSE
"logistic",1,7,"correcao_colete_x_lenke__6",TRUE,"correcao_colete__linear",TRUE,"lenke__dummy_6",TRUE,TRUE,FALSE
"logistic",1,7,"idade_x_risser__1",TRUE,"idade__linear",TRUE,"risser__dummy_1",TRUE,TRUE,FALSE
"logistic",1,7,"idade_x_risser__2",TRUE,"idade__linear",TRUE,"risser__dummy_2",TRUE,TRUE,FALSE
"logistic",1,7,"idade_x_risser__3",TRUE,"idade__linear",TRUE,"risser__dummy_3",TRUE,TRUE,FALSE
"logistic",1,7,"idade_x_risser__4",TRUE,"idade__linear",TRUE,"risser__dummy_4",TRUE,TRUE,FALSE
"continuous",1,8,"correcao_colete_x_flexibilidade__rigido",TRUE,"correcao_colete__linear",TRUE,"flexibilidade__dummy_rigido",TRUE,TRUE,FALSE
"continuous",1,8,"correcao_colete_x_lenke__2",TRUE,"correcao_colete__linear",TRUE,"lenke__dummy_2",TRUE,TRUE,FALSE
"continuous",1,8,"correcao_colete_x_lenke__3",TRUE,"correcao_colete__linear",TRUE,"lenke__dummy_3",TRUE,TRUE,FALSE
"continuous",1,8,"correcao_colete_x_lenke__4",TRUE,"correcao_colete__linear",TRUE,"lenke__dummy_4",TRUE,TRUE,FALSE
"continuous",1,8,"correcao_colete_x_lenke__5",TRUE,"correcao_colete__linear",TRUE,"lenke__dummy_5",TRUE,TRUE,FALSE
"continuous",1,8,"correcao_colete_x_lenke__6",TRUE,"correcao_colete__linear",TRUE,"lenke__dummy_6",TRUE,TRUE,FALSE
"continuous",1,8,"idade_x_risser__1",TRUE,"idade__linear",TRUE,"risser__dummy_1",TRUE,TRUE,FALSE
"continuous",1,8,"idade_x_risser__2",TRUE,"idade__linear",TRUE,"risser__dummy_2",TRUE,TRUE,FALSE
"continuous",1,8,"idade_x_risser__3",TRUE,"idade__linear",TRUE,"risser__dummy_3",TRUE,TRUE,FALSE
"continuous",1,8,"idade_x_risser__4",TRUE,"idade__linear",TRUE,"risser__dummy_4",TRUE,TRUE,FALSE
"logistic",1,8,"correcao_colete_x_flexibilidade__rigido",TRUE,"correcao_colete__linear",TRUE,"flexibilidade__dummy_rigido",TRUE,TRUE,FALSE
"logistic",1,8,"correcao_colete_x_lenke__2",TRUE,"correcao_colete__linear",TRUE,"lenke__dummy_2",TRUE,TRUE,FALSE
"logistic",1,8,"correcao_colete_x_lenke__3",TRUE,"correcao_colete__linear",TRUE,"lenke__dummy_3",TRUE,TRUE,FALSE
"logistic",1,8,"correcao_colete_x_lenke__4",TRUE,"correcao_colete__linear",TRUE,"lenke__dummy_4",TRUE,TRUE,FALSE
"logistic",1,8,"correcao_colete_x_lenke__5",TRUE,"correcao_colete__linear",TRUE,"lenke__dummy_5",TRUE,TRUE,FALSE
"logistic",1,8,"correcao_colete_x_lenke__6",TRUE,"correcao_colete__linear",TRUE,"lenke__dummy_6",TRUE,TRUE,FALSE
"logistic",1,8,"idade_x_risser__1",TRUE,"idade__linear",TRUE,"risser__dummy_1",TRUE,TRUE,FALSE
"logistic",1,8,"idade_x_risser__2",TRUE,"idade__linear",TRUE,"risser__dummy_2",TRUE,TRUE,FALSE
"logistic",1,8,"idade_x_risser__3",TRUE,"idade__linear",TRUE,"risser__dummy_3",TRUE,TRUE,FALSE
"logistic",1,8,"idade_x_risser__4",TRUE,"idade__linear",TRUE,"risser__dummy_4",TRUE,TRUE,FALSE
"continuous",1,9,"correcao_colete_x_flexibilidade__rigido",TRUE,"correcao_colete__linear",TRUE,"flexibilidade__dummy_rigido",TRUE,TRUE,FALSE
"continuous",1,9,"correcao_colete_x_lenke__2",TRUE,"correcao_colete__linear",TRUE,"lenke__dummy_2",TRUE,TRUE,FALSE
"continuous",1,9,"correcao_colete_x_lenke__3",TRUE,"correcao_colete__linear",TRUE,"lenke__dummy_3",TRUE,TRUE,FALSE
"continuous",1,9,"correcao_colete_x_lenke__4",TRUE,"correcao_colete__linear",TRUE,"lenke__dummy_4",TRUE,TRUE,FALSE
"continuous",1,9,"correcao_colete_x_lenke__5",TRUE,"correcao_colete__linear",TRUE,"lenke__dummy_5",TRUE,TRUE,FALSE
"continuous",1,9,"correcao_colete_x_lenke__6",TRUE,"correcao_colete__linear",TRUE,"lenke__dummy_6",TRUE,TRUE,FALSE
"continuous",1,9,"idade_x_risser__1",TRUE,"idade__linear",TRUE,"risser__dummy_1",TRUE,TRUE,FALSE
"continuous",1,9,"idade_x_risser__2",TRUE,"idade__linear",TRUE,"risser__dummy_2",TRUE,TRUE,FALSE
"continuous",1,9,"idade_x_risser__3",TRUE,"idade__linear",TRUE,"risser__dummy_3",TRUE,TRUE,FALSE
"continuous",1,9,"idade_x_risser__4",TRUE,"idade__linear",TRUE,"risser__dummy_4",TRUE,TRUE,FALSE
"logistic",1,9,"correcao_colete_x_flexibilidade__rigido",TRUE,"correcao_colete__linear",TRUE,"flexibilidade__dummy_rigido",TRUE,TRUE,FALSE
"logistic",1,9,"correcao_colete_x_lenke__2",TRUE,"correcao_colete__linear",TRUE,"lenke__dummy_2",TRUE,TRUE,FALSE
"logistic",1,9,"correcao_colete_x_lenke__3",TRUE,"correcao_colete__linear",TRUE,"lenke__dummy_3",TRUE,TRUE,FALSE
"logistic",1,9,"correcao_colete_x_lenke__4",TRUE,"correcao_colete__linear",TRUE,"lenke__dummy_4",TRUE,TRUE,FALSE
"logistic",1,9,"correcao_colete_x_lenke__5",TRUE,"correcao_colete__linear",TRUE,"lenke__dummy_5",TRUE,TRUE,FALSE
"logistic",1,9,"correcao_colete_x_lenke__6",TRUE,"correcao_colete__linear",TRUE,"lenke__dummy_6",TRUE,TRUE,FALSE
"logistic",1,9,"idade_x_risser__1",TRUE,"idade__linear",TRUE,"risser__dummy_1",TRUE,TRUE,FALSE
"logistic",1,9,"idade_x_risser__2",TRUE,"idade__linear",TRUE,"risser__dummy_2",TRUE,TRUE,FALSE
"logistic",1,9,"idade_x_risser__3",TRUE,"idade__linear",TRUE,"risser__dummy_3",TRUE,TRUE,FALSE
"logistic",1,9,"idade_x_risser__4",TRUE,"idade__linear",TRUE,"risser__dummy_4",TRUE,TRUE,FALSE
"continuous",1,10,"correcao_colete_x_flexibilidade__rigido",TRUE,"correcao_colete__linear",TRUE,"flexibilidade__dummy_rigido",TRUE,TRUE,FALSE
"continuous",1,10,"correcao_colete_x_lenke__2",TRUE,"correcao_colete__linear",TRUE,"lenke__dummy_2",TRUE,TRUE,FALSE
"continuous",1,10,"correcao_colete_x_lenke__3",TRUE,"correcao_colete__linear",TRUE,"lenke__dummy_3",TRUE,TRUE,FALSE
"continuous",1,10,"correcao_colete_x_lenke__4",TRUE,"correcao_colete__linear",TRUE,"lenke__dummy_4",TRUE,TRUE,FALSE
"continuous",1,10,"correcao_colete_x_lenke__5",TRUE,"correcao_colete__linear",TRUE,"lenke__dummy_5",TRUE,TRUE,FALSE
"continuous",1,10,"correcao_colete_x_lenke__6",TRUE,"correcao_colete__linear",TRUE,"lenke__dummy_6",TRUE,TRUE,FALSE
"continuous",1,10,"idade_x_risser__1",TRUE,"idade__linear",TRUE,"risser__dummy_1",TRUE,TRUE,FALSE
"continuous",1,10,"idade_x_risser__2",TRUE,"idade__linear",TRUE,"risser__dummy_2",TRUE,TRUE,FALSE
"continuous",1,10,"idade_x_risser__3",TRUE,"idade__linear",TRUE,"risser__dummy_3",TRUE,TRUE,FALSE
"continuous",1,10,"idade_x_risser__4",TRUE,"idade__linear",TRUE,"risser__dummy_4",TRUE,TRUE,FALSE
"logistic",1,10,"correcao_colete_x_flexibilidade__rigido",TRUE,"correcao_colete__linear",TRUE,"flexibilidade__dummy_rigido",TRUE,TRUE,FALSE
"logistic",1,10,"correcao_colete_x_lenke__2",TRUE,"correcao_colete__linear",TRUE,"lenke__dummy_2",TRUE,TRUE,FALSE
"logistic",1,10,"correcao_colete_x_lenke__3",TRUE,"correcao_colete__linear",TRUE,"lenke__dummy_3",TRUE,TRUE,FALSE
"logistic",1,10,"correcao_colete_x_lenke__4",TRUE,"correcao_colete__linear",TRUE,"lenke__dummy_4",TRUE,TRUE,FALSE
"logistic",1,10,"correcao_colete_x_lenke__5",TRUE,"correcao_colete__linear",TRUE,"lenke__dummy_5",TRUE,TRUE,FALSE
"logistic",1,10,"correcao_colete_x_lenke__6",TRUE,"correcao_colete__linear",TRUE,"lenke__dummy_6",TRUE,TRUE,FALSE
"logistic",1,10,"idade_x_risser__1",TRUE,"idade__linear",TRUE,"risser__dummy_1",TRUE,TRUE,FALSE
"logistic",1,10,"idade_x_risser__2",TRUE,"idade__linear",TRUE,"risser__dummy_2",TRUE,TRUE,FALSE
"logistic",1,10,"idade_x_risser__3",TRUE,"idade__linear",TRUE,"risser__dummy_3",TRUE,TRUE,FALSE
"logistic",1,10,"idade_x_risser__4",TRUE,"idade__linear",TRUE,"risser__dummy_4",TRUE,TRUE,FALSE
"continuous",2,1,"correcao_colete_x_flexibilidade__rigido",TRUE,"correcao_colete__linear",TRUE,"flexibilidade__dummy_rigido",TRUE,TRUE,FALSE
"continuous",2,1,"correcao_colete_x_lenke__2",TRUE,"correcao_colete__linear",TRUE,"lenke__dummy_2",TRUE,TRUE,FALSE
"continuous",2,1,"correcao_colete_x_lenke__3",TRUE,"correcao_colete__linear",TRUE,"lenke__dummy_3",TRUE,TRUE,FALSE
"continuous",2,1,"correcao_colete_x_lenke__4",TRUE,"correcao_colete__linear",TRUE,"lenke__dummy_4",TRUE,TRUE,FALSE
"continuous",2,1,"correcao_colete_x_lenke__5",TRUE,"correcao_colete__linear",TRUE,"lenke__dummy_5",TRUE,TRUE,FALSE
"continuous",2,1,"correcao_colete_x_lenke__6",TRUE,"correcao_colete__linear",TRUE,"lenke__dummy_6",TRUE,TRUE,FALSE
"continuous",2,1,"idade_x_risser__1",TRUE,"idade__linear",TRUE,"risser__dummy_1",TRUE,TRUE,FALSE
"continuous",2,1,"idade_x_risser__2",TRUE,"idade__linear",TRUE,"risser__dummy_2",TRUE,TRUE,FALSE
"continuous",2,1,"idade_x_risser__3",TRUE,"idade__linear",TRUE,"risser__dummy_3",TRUE,TRUE,FALSE
"continuous",2,1,"idade_x_risser__4",TRUE,"idade__linear",TRUE,"risser__dummy_4",TRUE,TRUE,FALSE
"logistic",2,1,"correcao_colete_x_flexibilidade__rigido",TRUE,"correcao_colete__linear",TRUE,"flexibilidade__dummy_rigido",TRUE,TRUE,FALSE
"logistic",2,1,"correcao_colete_x_lenke__2",TRUE,"correcao_colete__linear",TRUE,"lenke__dummy_2",TRUE,TRUE,FALSE
"logistic",2,1,"correcao_colete_x_lenke__3",TRUE,"correcao_colete__linear",TRUE,"lenke__dummy_3",TRUE,TRUE,FALSE
"logistic",2,1,"correcao_colete_x_lenke__4",TRUE,"correcao_colete__linear",TRUE,"lenke__dummy_4",TRUE,TRUE,FALSE
"logistic",2,1,"correcao_colete_x_lenke__5",TRUE,"correcao_colete__linear",TRUE,"lenke__dummy_5",TRUE,TRUE,FALSE
"logistic",2,1,"correcao_colete_x_lenke__6",TRUE,"correcao_colete__linear",TRUE,"lenke__dummy_6",TRUE,TRUE,FALSE
"logistic",2,1,"idade_x_risser__1",TRUE,"idade__linear",TRUE,"risser__dummy_1",TRUE,TRUE,FALSE
"logistic",2,1,"idade_x_risser__2",TRUE,"idade__linear",TRUE,"risser__dummy_2",TRUE,TRUE,FALSE
"logistic",2,1,"idade_x_risser__3",TRUE,"idade__linear",TRUE,"risser__dummy_3",TRUE,TRUE,FALSE
"logistic",2,1,"idade_x_risser__4",TRUE,"idade__linear",TRUE,"risser__dummy_4",TRUE,TRUE,FALSE
"continuous",2,2,"correcao_colete_x_flexibilidade__rigido",TRUE,"correcao_colete__linear",TRUE,"flexibilidade__dummy_rigido",TRUE,TRUE,FALSE
"continuous",2,2,"correcao_colete_x_lenke__2",TRUE,"correcao_colete__linear",TRUE,"lenke__dummy_2",TRUE,TRUE,FALSE
"continuous",2,2,"correcao_colete_x_lenke__3",TRUE,"correcao_colete__linear",TRUE,"lenke__dummy_3",TRUE,TRUE,FALSE
"continuous",2,2,"correcao_colete_x_lenke__4",TRUE,"correcao_colete__linear",TRUE,"lenke__dummy_4",TRUE,TRUE,FALSE
"continuous",2,2,"correcao_colete_x_lenke__5",TRUE,"correcao_colete__linear",TRUE,"lenke__dummy_5",TRUE,TRUE,FALSE
"continuous",2,2,"correcao_colete_x_lenke__6",TRUE,"correcao_colete__linear",TRUE,"lenke__dummy_6",TRUE,TRUE,FALSE
"continuous",2,2,"idade_x_risser__1",TRUE,"idade__linear",TRUE,"risser__dummy_1",TRUE,TRUE,FALSE
"continuous",2,2,"idade_x_risser__2",TRUE,"idade__linear",TRUE,"risser__dummy_2",TRUE,TRUE,FALSE
"continuous",2,2,"idade_x_risser__3",TRUE,"idade__linear",TRUE,"risser__dummy_3",TRUE,TRUE,FALSE
"continuous",2,2,"idade_x_risser__4",TRUE,"idade__linear",TRUE,"risser__dummy_4",TRUE,TRUE,FALSE
"logistic",2,2,"correcao_colete_x_flexibilidade__rigido",TRUE,"correcao_colete__linear",TRUE,"flexibilidade__dummy_rigido",TRUE,TRUE,FALSE
"logistic",2,2,"correcao_colete_x_lenke__2",TRUE,"correcao_colete__linear",TRUE,"lenke__dummy_2",TRUE,TRUE,FALSE
"logistic",2,2,"correcao_colete_x_lenke__3",TRUE,"correcao_colete__linear",TRUE,"lenke__dummy_3",TRUE,TRUE,FALSE
"logistic",2,2,"correcao_colete_x_lenke__4",TRUE,"correcao_colete__linear",TRUE,"lenke__dummy_4",TRUE,TRUE,FALSE
"logistic",2,2,"correcao_colete_x_lenke__5",TRUE,"correcao_colete__linear",TRUE,"lenke__dummy_5",TRUE,TRUE,FALSE
"logistic",2,2,"correcao_colete_x_lenke__6",TRUE,"correcao_colete__linear",TRUE,"lenke__dummy_6",TRUE,TRUE,FALSE
"logistic",2,2,"idade_x_risser__1",TRUE,"idade__linear",TRUE,"risser__dummy_1",TRUE,TRUE,FALSE
"logistic",2,2,"idade_x_risser__2",TRUE,"idade__linear",TRUE,"risser__dummy_2",TRUE,TRUE,FALSE
"logistic",2,2,"idade_x_risser__3",TRUE,"idade__linear",TRUE,"risser__dummy_3",TRUE,TRUE,FALSE
"logistic",2,2,"idade_x_risser__4",TRUE,"idade__linear",TRUE,"risser__dummy_4",TRUE,TRUE,FALSE
"continuous",2,3,"correcao_colete_x_flexibilidade__rigido",TRUE,"correcao_colete__linear",TRUE,"flexibilidade__dummy_rigido",TRUE,TRUE,FALSE
"continuous",2,3,"correcao_colete_x_lenke__2",TRUE,"correcao_colete__linear",TRUE,"lenke__dummy_2",TRUE,TRUE,FALSE
"continuous",2,3,"correcao_colete_x_lenke__3",TRUE,"correcao_colete__linear",TRUE,"lenke__dummy_3",TRUE,TRUE,FALSE
"continuous",2,3,"correcao_colete_x_lenke__4",TRUE,"correcao_colete__linear",TRUE,"lenke__dummy_4",TRUE,TRUE,FALSE
"continuous",2,3,"correcao_colete_x_lenke__5",TRUE,"correcao_colete__linear",TRUE,"lenke__dummy_5",TRUE,TRUE,FALSE
"continuous",2,3,"correcao_colete_x_lenke__6",TRUE,"correcao_colete__linear",TRUE,"lenke__dummy_6",TRUE,TRUE,FALSE
"continuous",2,3,"idade_x_risser__1",TRUE,"idade__linear",TRUE,"risser__dummy_1",TRUE,TRUE,FALSE
"continuous",2,3,"idade_x_risser__2",TRUE,"idade__linear",TRUE,"risser__dummy_2",TRUE,TRUE,FALSE
"continuous",2,3,"idade_x_risser__3",TRUE,"idade__linear",TRUE,"risser__dummy_3",TRUE,TRUE,FALSE
"continuous",2,3,"idade_x_risser__4",TRUE,"idade__linear",TRUE,"risser__dummy_4",TRUE,TRUE,FALSE
"logistic",2,3,"correcao_colete_x_flexibilidade__rigido",TRUE,"correcao_colete__linear",TRUE,"flexibilidade__dummy_rigido",TRUE,TRUE,FALSE
"logistic",2,3,"correcao_colete_x_lenke__2",TRUE,"correcao_colete__linear",TRUE,"lenke__dummy_2",TRUE,TRUE,FALSE
"logistic",2,3,"correcao_colete_x_lenke__3",TRUE,"correcao_colete__linear",TRUE,"lenke__dummy_3",TRUE,TRUE,FALSE
"logistic",2,3,"correcao_colete_x_lenke__4",TRUE,"correcao_colete__linear",TRUE,"lenke__dummy_4",TRUE,TRUE,FALSE
"logistic",2,3,"correcao_colete_x_lenke__5",TRUE,"correcao_colete__linear",TRUE,"lenke__dummy_5",TRUE,TRUE,FALSE
"logistic",2,3,"correcao_colete_x_lenke__6",TRUE,"correcao_colete__linear",TRUE,"lenke__dummy_6",TRUE,TRUE,FALSE
"logistic",2,3,"idade_x_risser__1",TRUE,"idade__linear",TRUE,"risser__dummy_1",TRUE,TRUE,FALSE
"logistic",2,3,"idade_x_risser__2",TRUE,"idade__linear",TRUE,"risser__dummy_2",TRUE,TRUE,FALSE
"logistic",2,3,"idade_x_risser__3",TRUE,"idade__linear",TRUE,"risser__dummy_3",TRUE,TRUE,FALSE
"logistic",2,3,"idade_x_risser__4",TRUE,"idade__linear",TRUE,"risser__dummy_4",TRUE,TRUE,FALSE
"continuous",2,4,"correcao_colete_x_flexibilidade__rigido",TRUE,"correcao_colete__linear",TRUE,"flexibilidade__dummy_rigido",TRUE,TRUE,FALSE
"continuous",2,4,"correcao_colete_x_lenke__2",TRUE,"correcao_colete__linear",TRUE,"lenke__dummy_2",TRUE,TRUE,FALSE
"continuous",2,4,"correcao_colete_x_lenke__3",TRUE,"correcao_colete__linear",TRUE,"lenke__dummy_3",TRUE,TRUE,FALSE
"continuous",2,4,"correcao_colete_x_lenke__4",TRUE,"correcao_colete__linear",TRUE,"lenke__dummy_4",TRUE,TRUE,FALSE
"continuous",2,4,"correcao_colete_x_lenke__5",TRUE,"correcao_colete__linear",TRUE,"lenke__dummy_5",TRUE,TRUE,FALSE
"continuous",2,4,"correcao_colete_x_lenke__6",TRUE,"correcao_colete__linear",TRUE,"lenke__dummy_6",TRUE,TRUE,FALSE
"continuous",2,4,"idade_x_risser__1",TRUE,"idade__linear",TRUE,"risser__dummy_1",TRUE,TRUE,FALSE
"continuous",2,4,"idade_x_risser__2",TRUE,"idade__linear",TRUE,"risser__dummy_2",TRUE,TRUE,FALSE
"continuous",2,4,"idade_x_risser__3",TRUE,"idade__linear",TRUE,"risser__dummy_3",TRUE,TRUE,FALSE
"continuous",2,4,"idade_x_risser__4",TRUE,"idade__linear",TRUE,"risser__dummy_4",TRUE,TRUE,FALSE
"logistic",2,4,"correcao_colete_x_flexibilidade__rigido",TRUE,"correcao_colete__linear",TRUE,"flexibilidade__dummy_rigido",TRUE,TRUE,FALSE
"logistic",2,4,"correcao_colete_x_lenke__2",TRUE,"correcao_colete__linear",TRUE,"lenke__dummy_2",TRUE,TRUE,FALSE
"logistic",2,4,"correcao_colete_x_lenke__3",TRUE,"correcao_colete__linear",TRUE,"lenke__dummy_3",TRUE,TRUE,FALSE
"logistic",2,4,"correcao_colete_x_lenke__4",TRUE,"correcao_colete__linear",TRUE,"lenke__dummy_4",TRUE,TRUE,FALSE
"logistic",2,4,"correcao_colete_x_lenke__5",TRUE,"correcao_colete__linear",TRUE,"lenke__dummy_5",TRUE,TRUE,FALSE
"logistic",2,4,"correcao_colete_x_lenke__6",TRUE,"correcao_colete__linear",TRUE,"lenke__dummy_6",TRUE,TRUE,FALSE
"logistic",2,4,"idade_x_risser__1",TRUE,"idade__linear",TRUE,"risser__dummy_1",TRUE,TRUE,FALSE
"logistic",2,4,"idade_x_risser__2",TRUE,"idade__linear",TRUE,"risser__dummy_2",TRUE,TRUE,FALSE
"logistic",2,4,"idade_x_risser__3",TRUE,"idade__linear",TRUE,"risser__dummy_3",TRUE,TRUE,FALSE
"logistic",2,4,"idade_x_risser__4",TRUE,"idade__linear",TRUE,"risser__dummy_4",TRUE,TRUE,FALSE
"continuous",2,5,"correcao_colete_x_flexibilidade__rigido",TRUE,"correcao_colete__linear",TRUE,"flexibilidade__dummy_rigido",TRUE,TRUE,FALSE
"continuous",2,5,"correcao_colete_x_lenke__2",TRUE,"correcao_colete__linear",TRUE,"lenke__dummy_2",TRUE,TRUE,FALSE
"continuous",2,5,"correcao_colete_x_lenke__3",TRUE,"correcao_colete__linear",TRUE,"lenke__dummy_3",TRUE,TRUE,FALSE
"continuous",2,5,"correcao_colete_x_lenke__4",TRUE,"correcao_colete__linear",TRUE,"lenke__dummy_4",TRUE,TRUE,FALSE
"continuous",2,5,"correcao_colete_x_lenke__5",TRUE,"correcao_colete__linear",TRUE,"lenke__dummy_5",TRUE,TRUE,FALSE
"continuous",2,5,"correcao_colete_x_lenke__6",TRUE,"correcao_colete__linear",TRUE,"lenke__dummy_6",TRUE,TRUE,FALSE
"continuous",2,5,"idade_x_risser__1",TRUE,"idade__linear",TRUE,"risser__dummy_1",TRUE,TRUE,FALSE
"continuous",2,5,"idade_x_risser__2",TRUE,"idade__linear",TRUE,"risser__dummy_2",TRUE,TRUE,FALSE
"continuous",2,5,"idade_x_risser__3",TRUE,"idade__linear",TRUE,"risser__dummy_3",TRUE,TRUE,FALSE
"continuous",2,5,"idade_x_risser__4",TRUE,"idade__linear",TRUE,"risser__dummy_4",TRUE,TRUE,FALSE
"logistic",2,5,"correcao_colete_x_flexibilidade__rigido",TRUE,"correcao_colete__linear",TRUE,"flexibilidade__dummy_rigido",TRUE,TRUE,FALSE
"logistic",2,5,"correcao_colete_x_lenke__2",TRUE,"correcao_colete__linear",TRUE,"lenke__dummy_2",TRUE,TRUE,FALSE
"logistic",2,5,"correcao_colete_x_lenke__3",TRUE,"correcao_colete__linear",TRUE,"lenke__dummy_3",TRUE,TRUE,FALSE
"logistic",2,5,"correcao_colete_x_lenke__4",TRUE,"correcao_colete__linear",TRUE,"lenke__dummy_4",TRUE,TRUE,FALSE
"logistic",2,5,"correcao_colete_x_lenke__5",TRUE,"correcao_colete__linear",TRUE,"lenke__dummy_5",TRUE,TRUE,FALSE
"logistic",2,5,"correcao_colete_x_lenke__6",TRUE,"correcao_colete__linear",TRUE,"lenke__dummy_6",TRUE,TRUE,FALSE
"logistic",2,5,"idade_x_risser__1",TRUE,"idade__linear",TRUE,"risser__dummy_1",TRUE,TRUE,FALSE
"logistic",2,5,"idade_x_risser__2",TRUE,"idade__linear",TRUE,"risser__dummy_2",TRUE,TRUE,FALSE
"logistic",2,5,"idade_x_risser__3",TRUE,"idade__linear",TRUE,"risser__dummy_3",TRUE,TRUE,FALSE
"logistic",2,5,"idade_x_risser__4",TRUE,"idade__linear",TRUE,"risser__dummy_4",TRUE,TRUE,FALSE
"continuous",2,6,"correcao_colete_x_flexibilidade__rigido",TRUE,"correcao_colete__linear",TRUE,"flexibilidade__dummy_rigido",TRUE,TRUE,FALSE
"continuous",2,6,"correcao_colete_x_lenke__2",TRUE,"correcao_colete__linear",TRUE,"lenke__dummy_2",TRUE,TRUE,FALSE
"continuous",2,6,"correcao_colete_x_lenke__3",TRUE,"correcao_colete__linear",TRUE,"lenke__dummy_3",TRUE,TRUE,FALSE
"continuous",2,6,"correcao_colete_x_lenke__4",TRUE,"correcao_colete__linear",TRUE,"lenke__dummy_4",TRUE,TRUE,FALSE
"continuous",2,6,"correcao_colete_x_lenke__5",TRUE,"correcao_colete__linear",TRUE,"lenke__dummy_5",TRUE,TRUE,FALSE
"continuous",2,6,"correcao_colete_x_lenke__6",TRUE,"correcao_colete__linear",TRUE,"lenke__dummy_6",TRUE,TRUE,FALSE
"continuous",2,6,"idade_x_risser__1",TRUE,"idade__linear",TRUE,"risser__dummy_1",TRUE,TRUE,FALSE
"continuous",2,6,"idade_x_risser__2",TRUE,"idade__linear",TRUE,"risser__dummy_2",TRUE,TRUE,FALSE
"continuous",2,6,"idade_x_risser__3",TRUE,"idade__linear",TRUE,"risser__dummy_3",TRUE,TRUE,FALSE
"continuous",2,6,"idade_x_risser__4",TRUE,"idade__linear",TRUE,"risser__dummy_4",TRUE,TRUE,FALSE
"logistic",2,6,"correcao_colete_x_flexibilidade__rigido",TRUE,"correcao_colete__linear",TRUE,"flexibilidade__dummy_rigido",TRUE,TRUE,FALSE
"logistic",2,6,"correcao_colete_x_lenke__2",TRUE,"correcao_colete__linear",TRUE,"lenke__dummy_2",TRUE,TRUE,FALSE
"logistic",2,6,"correcao_colete_x_lenke__3",TRUE,"correcao_colete__linear",TRUE,"lenke__dummy_3",TRUE,TRUE,FALSE
"logistic",2,6,"correcao_colete_x_lenke__4",TRUE,"correcao_colete__linear",TRUE,"lenke__dummy_4",TRUE,TRUE,FALSE
"logistic",2,6,"correcao_colete_x_lenke__5",TRUE,"correcao_colete__linear",TRUE,"lenke__dummy_5",TRUE,TRUE,FALSE
"logistic",2,6,"correcao_colete_x_lenke__6",TRUE,"correcao_colete__linear",TRUE,"lenke__dummy_6",TRUE,TRUE,FALSE
"logistic",2,6,"idade_x_risser__1",TRUE,"idade__linear",TRUE,"risser__dummy_1",TRUE,TRUE,FALSE
"logistic",2,6,"idade_x_risser__2",TRUE,"idade__linear",TRUE,"risser__dummy_2",TRUE,TRUE,FALSE
"logistic",2,6,"idade_x_risser__3",TRUE,"idade__linear",TRUE,"risser__dummy_3",TRUE,TRUE,FALSE
"logistic",2,6,"idade_x_risser__4",TRUE,"idade__linear",TRUE,"risser__dummy_4",TRUE,TRUE,FALSE
"continuous",2,7,"correcao_colete_x_flexibilidade__rigido",TRUE,"correcao_colete__linear",TRUE,"flexibilidade__dummy_rigido",TRUE,TRUE,FALSE
"continuous",2,7,"correcao_colete_x_lenke__2",TRUE,"correcao_colete__linear",TRUE,"lenke__dummy_2",TRUE,TRUE,FALSE
"continuous",2,7,"correcao_colete_x_lenke__3",TRUE,"correcao_colete__linear",TRUE,"lenke__dummy_3",TRUE,TRUE,FALSE
"continuous",2,7,"correcao_colete_x_lenke__4",TRUE,"correcao_colete__linear",TRUE,"lenke__dummy_4",TRUE,TRUE,FALSE
"continuous",2,7,"correcao_colete_x_lenke__5",TRUE,"correcao_colete__linear",TRUE,"lenke__dummy_5",TRUE,TRUE,FALSE
"continuous",2,7,"correcao_colete_x_lenke__6",TRUE,"correcao_colete__linear",TRUE,"lenke__dummy_6",TRUE,TRUE,FALSE
"continuous",2,7,"idade_x_risser__1",TRUE,"idade__linear",TRUE,"risser__dummy_1",TRUE,TRUE,FALSE
"continuous",2,7,"idade_x_risser__2",TRUE,"idade__linear",TRUE,"risser__dummy_2",TRUE,TRUE,FALSE
"continuous",2,7,"idade_x_risser__3",TRUE,"idade__linear",TRUE,"risser__dummy_3",TRUE,TRUE,FALSE
"continuous",2,7,"idade_x_risser__4",TRUE,"idade__linear",TRUE,"risser__dummy_4",TRUE,TRUE,FALSE
"logistic",2,7,"correcao_colete_x_flexibilidade__rigido",TRUE,"correcao_colete__linear",TRUE,"flexibilidade__dummy_rigido",TRUE,TRUE,FALSE
"logistic",2,7,"correcao_colete_x_lenke__2",TRUE,"correcao_colete__linear",TRUE,"lenke__dummy_2",TRUE,TRUE,FALSE
"logistic",2,7,"correcao_colete_x_lenke__3",TRUE,"correcao_colete__linear",TRUE,"lenke__dummy_3",TRUE,TRUE,FALSE
"logistic",2,7,"correcao_colete_x_lenke__4",TRUE,"correcao_colete__linear",TRUE,"lenke__dummy_4",TRUE,TRUE,FALSE
"logistic",2,7,"correcao_colete_x_lenke__5",TRUE,"correcao_colete__linear",TRUE,"lenke__dummy_5",TRUE,TRUE,FALSE
"logistic",2,7,"correcao_colete_x_lenke__6",TRUE,"correcao_colete__linear",TRUE,"lenke__dummy_6",TRUE,TRUE,FALSE
"logistic",2,7,"idade_x_risser__1",TRUE,"idade__linear",TRUE,"risser__dummy_1",TRUE,TRUE,FALSE
"logistic",2,7,"idade_x_risser__2",TRUE,"idade__linear",TRUE,"risser__dummy_2",TRUE,TRUE,FALSE
"logistic",2,7,"idade_x_risser__3",TRUE,"idade__linear",TRUE,"risser__dummy_3",TRUE,TRUE,FALSE
"logistic",2,7,"idade_x_risser__4",TRUE,"idade__linear",TRUE,"risser__dummy_4",TRUE,TRUE,FALSE
"continuous",2,8,"correcao_colete_x_flexibilidade__rigido",TRUE,"correcao_colete__linear",TRUE,"flexibilidade__dummy_rigido",TRUE,TRUE,FALSE
"continuous",2,8,"correcao_colete_x_lenke__2",TRUE,"correcao_colete__linear",TRUE,"lenke__dummy_2",TRUE,TRUE,FALSE
"continuous",2,8,"correcao_colete_x_lenke__3",TRUE,"correcao_colete__linear",TRUE,"lenke__dummy_3",TRUE,TRUE,FALSE
"continuous",2,8,"correcao_colete_x_lenke__4",TRUE,"correcao_colete__linear",TRUE,"lenke__dummy_4",TRUE,TRUE,FALSE
"continuous",2,8,"correcao_colete_x_lenke__5",TRUE,"correcao_colete__linear",TRUE,"lenke__dummy_5",TRUE,TRUE,FALSE
"continuous",2,8,"correcao_colete_x_lenke__6",TRUE,"correcao_colete__linear",TRUE,"lenke__dummy_6",TRUE,TRUE,FALSE
"continuous",2,8,"idade_x_risser__1",TRUE,"idade__linear",TRUE,"risser__dummy_1",TRUE,TRUE,FALSE
"continuous",2,8,"idade_x_risser__2",TRUE,"idade__linear",TRUE,"risser__dummy_2",TRUE,TRUE,FALSE
"continuous",2,8,"idade_x_risser__3",TRUE,"idade__linear",TRUE,"risser__dummy_3",TRUE,TRUE,FALSE
"continuous",2,8,"idade_x_risser__4",TRUE,"idade__linear",TRUE,"risser__dummy_4",TRUE,TRUE,FALSE
"logistic",2,8,"correcao_colete_x_flexibilidade__rigido",TRUE,"correcao_colete__linear",TRUE,"flexibilidade__dummy_rigido",TRUE,TRUE,FALSE
"logistic",2,8,"correcao_colete_x_lenke__2",TRUE,"correcao_colete__linear",TRUE,"lenke__dummy_2",TRUE,TRUE,FALSE
"logistic",2,8,"correcao_colete_x_lenke__3",TRUE,"correcao_colete__linear",TRUE,"lenke__dummy_3",TRUE,TRUE,FALSE
"logistic",2,8,"correcao_colete_x_lenke__4",TRUE,"correcao_colete__linear",TRUE,"lenke__dummy_4",TRUE,TRUE,FALSE
"logistic",2,8,"correcao_colete_x_lenke__5",TRUE,"correcao_colete__linear",TRUE,"lenke__dummy_5",TRUE,TRUE,FALSE
"logistic",2,8,"correcao_colete_x_lenke__6",TRUE,"correcao_colete__linear",TRUE,"lenke__dummy_6",TRUE,TRUE,FALSE
"logistic",2,8,"idade_x_risser__1",TRUE,"idade__linear",TRUE,"risser__dummy_1",TRUE,TRUE,FALSE
"logistic",2,8,"idade_x_risser__2",TRUE,"idade__linear",TRUE,"risser__dummy_2",TRUE,TRUE,FALSE
"logistic",2,8,"idade_x_risser__3",TRUE,"idade__linear",TRUE,"risser__dummy_3",TRUE,TRUE,FALSE
"logistic",2,8,"idade_x_risser__4",TRUE,"idade__linear",TRUE,"risser__dummy_4",TRUE,TRUE,FALSE
"continuous",2,9,"correcao_colete_x_flexibilidade__rigido",TRUE,"correcao_colete__linear",TRUE,"flexibilidade__dummy_rigido",TRUE,TRUE,FALSE
"continuous",2,9,"correcao_colete_x_lenke__2",TRUE,"correcao_colete__linear",TRUE,"lenke__dummy_2",TRUE,TRUE,FALSE
"continuous",2,9,"correcao_colete_x_lenke__3",TRUE,"correcao_colete__linear",TRUE,"lenke__dummy_3",TRUE,TRUE,FALSE
"continuous",2,9,"correcao_colete_x_lenke__4",TRUE,"correcao_colete__linear",TRUE,"lenke__dummy_4",TRUE,TRUE,FALSE
"continuous",2,9,"correcao_colete_x_lenke__5",TRUE,"correcao_colete__linear",TRUE,"lenke__dummy_5",TRUE,TRUE,FALSE
"continuous",2,9,"correcao_colete_x_lenke__6",TRUE,"correcao_colete__linear",TRUE,"lenke__dummy_6",TRUE,TRUE,FALSE
"continuous",2,9,"idade_x_risser__1",TRUE,"idade__linear",TRUE,"risser__dummy_1",TRUE,TRUE,FALSE
"continuous",2,9,"idade_x_risser__2",TRUE,"idade__linear",TRUE,"risser__dummy_2",TRUE,TRUE,FALSE
"continuous",2,9,"idade_x_risser__3",TRUE,"idade__linear",TRUE,"risser__dummy_3",TRUE,TRUE,FALSE
"continuous",2,9,"idade_x_risser__4",TRUE,"idade__linear",TRUE,"risser__dummy_4",TRUE,TRUE,FALSE
"logistic",2,9,"correcao_colete_x_flexibilidade__rigido",TRUE,"correcao_colete__linear",TRUE,"flexibilidade__dummy_rigido",TRUE,TRUE,FALSE
"logistic",2,9,"correcao_colete_x_lenke__2",TRUE,"correcao_colete__linear",TRUE,"lenke__dummy_2",TRUE,TRUE,FALSE
"logistic",2,9,"correcao_colete_x_lenke__3",TRUE,"correcao_colete__linear",TRUE,"lenke__dummy_3",TRUE,TRUE,FALSE
"logistic",2,9,"correcao_colete_x_lenke__4",TRUE,"correcao_colete__linear",TRUE,"lenke__dummy_4",TRUE,TRUE,FALSE
"logistic",2,9,"correcao_colete_x_lenke__5",TRUE,"correcao_colete__linear",TRUE,"lenke__dummy_5",TRUE,TRUE,FALSE
"logistic",2,9,"correcao_colete_x_lenke__6",TRUE,"correcao_colete__linear",TRUE,"lenke__dummy_6",TRUE,TRUE,FALSE
"logistic",2,9,"idade_x_risser__1",TRUE,"idade__linear",TRUE,"risser__dummy_1",TRUE,TRUE,FALSE
"logistic",2,9,"idade_x_risser__2",TRUE,"idade__linear",TRUE,"risser__dummy_2",TRUE,TRUE,FALSE
"logistic",2,9,"idade_x_risser__3",TRUE,"idade__linear",TRUE,"risser__dummy_3",TRUE,TRUE,FALSE
"logistic",2,9,"idade_x_risser__4",TRUE,"idade__linear",TRUE,"risser__dummy_4",TRUE,TRUE,FALSE
"continuous",2,10,"correcao_colete_x_flexibilidade__rigido",TRUE,"correcao_colete__linear",TRUE,"flexibilidade__dummy_rigido",TRUE,TRUE,FALSE
"continuous",2,10,"correcao_colete_x_lenke__2",TRUE,"correcao_colete__linear",TRUE,"lenke__dummy_2",TRUE,TRUE,FALSE
"continuous",2,10,"correcao_colete_x_lenke__3",TRUE,"correcao_colete__linear",TRUE,"lenke__dummy_3",TRUE,TRUE,FALSE
"continuous",2,10,"correcao_colete_x_lenke__4",TRUE,"correcao_colete__linear",TRUE,"lenke__dummy_4",TRUE,TRUE,FALSE
"continuous",2,10,"correcao_colete_x_lenke__5",TRUE,"correcao_colete__linear",TRUE,"lenke__dummy_5",TRUE,TRUE,FALSE
"continuous",2,10,"correcao_colete_x_lenke__6",TRUE,"correcao_colete__linear",TRUE,"lenke__dummy_6",TRUE,TRUE,FALSE
"continuous",2,10,"idade_x_risser__1",TRUE,"idade__linear",TRUE,"risser__dummy_1",TRUE,TRUE,FALSE
"continuous",2,10,"idade_x_risser__2",TRUE,"idade__linear",TRUE,"risser__dummy_2",TRUE,TRUE,FALSE
"continuous",2,10,"idade_x_risser__3",TRUE,"idade__linear",TRUE,"risser__dummy_3",TRUE,TRUE,FALSE
"continuous",2,10,"idade_x_risser__4",TRUE,"idade__linear",TRUE,"risser__dummy_4",TRUE,TRUE,FALSE
"logistic",2,10,"correcao_colete_x_flexibilidade__rigido",TRUE,"correcao_colete__linear",TRUE,"flexibilidade__dummy_rigido",TRUE,TRUE,FALSE
"logistic",2,10,"correcao_colete_x_lenke__2",TRUE,"correcao_colete__linear",TRUE,"lenke__dummy_2",TRUE,TRUE,FALSE
"logistic",2,10,"correcao_colete_x_lenke__3",TRUE,"correcao_colete__linear",TRUE,"lenke__dummy_3",TRUE,TRUE,FALSE
"logistic",2,10,"correcao_colete_x_lenke__4",TRUE,"correcao_colete__linear",TRUE,"lenke__dummy_4",TRUE,TRUE,FALSE
"logistic",2,10,"correcao_colete_x_lenke__5",TRUE,"correcao_colete__linear",TRUE,"lenke__dummy_5",TRUE,TRUE,FALSE
"logistic",2,10,"correcao_colete_x_lenke__6",TRUE,"correcao_colete__linear",TRUE,"lenke__dummy_6",TRUE,TRUE,FALSE
"logistic",2,10,"idade_x_risser__1",TRUE,"idade__linear",TRUE,"risser__dummy_1",TRUE,TRUE,FALSE
"logistic",2,10,"idade_x_risser__2",TRUE,"idade__linear",TRUE,"risser__dummy_2",TRUE,TRUE,FALSE
"logistic",2,10,"idade_x_risser__3",TRUE,"idade__linear",TRUE,"risser__dummy_3",TRUE,TRUE,FALSE
"logistic",2,10,"idade_x_risser__4",TRUE,"idade__linear",TRUE,"risser__dummy_4",TRUE,TRUE,FALSE
"continuous",3,1,"correcao_colete_x_flexibilidade__rigido",TRUE,"correcao_colete__linear",TRUE,"flexibilidade__dummy_rigido",TRUE,TRUE,FALSE
"continuous",3,1,"correcao_colete_x_lenke__2",TRUE,"correcao_colete__linear",TRUE,"lenke__dummy_2",TRUE,TRUE,FALSE
"continuous",3,1,"correcao_colete_x_lenke__3",TRUE,"correcao_colete__linear",TRUE,"lenke__dummy_3",TRUE,TRUE,FALSE
"continuous",3,1,"correcao_colete_x_lenke__4",TRUE,"correcao_colete__linear",TRUE,"lenke__dummy_4",TRUE,TRUE,FALSE
"continuous",3,1,"correcao_colete_x_lenke__5",TRUE,"correcao_colete__linear",TRUE,"lenke__dummy_5",TRUE,TRUE,FALSE
"continuous",3,1,"correcao_colete_x_lenke__6",TRUE,"correcao_colete__linear",TRUE,"lenke__dummy_6",TRUE,TRUE,FALSE
"continuous",3,1,"idade_x_risser__1",TRUE,"idade__linear",TRUE,"risser__dummy_1",TRUE,TRUE,FALSE
"continuous",3,1,"idade_x_risser__2",TRUE,"idade__linear",TRUE,"risser__dummy_2",TRUE,TRUE,FALSE
"continuous",3,1,"idade_x_risser__3",TRUE,"idade__linear",TRUE,"risser__dummy_3",TRUE,TRUE,FALSE
"continuous",3,1,"idade_x_risser__4",TRUE,"idade__linear",TRUE,"risser__dummy_4",TRUE,TRUE,FALSE
"logistic",3,1,"correcao_colete_x_flexibilidade__rigido",TRUE,"correcao_colete__linear",TRUE,"flexibilidade__dummy_rigido",TRUE,TRUE,FALSE
"logistic",3,1,"correcao_colete_x_lenke__2",TRUE,"correcao_colete__linear",TRUE,"lenke__dummy_2",TRUE,TRUE,FALSE
"logistic",3,1,"correcao_colete_x_lenke__3",TRUE,"correcao_colete__linear",TRUE,"lenke__dummy_3",TRUE,TRUE,FALSE
"logistic",3,1,"correcao_colete_x_lenke__4",TRUE,"correcao_colete__linear",TRUE,"lenke__dummy_4",TRUE,TRUE,FALSE
"logistic",3,1,"correcao_colete_x_lenke__5",TRUE,"correcao_colete__linear",TRUE,"lenke__dummy_5",TRUE,TRUE,FALSE
"logistic",3,1,"correcao_colete_x_lenke__6",TRUE,"correcao_colete__linear",TRUE,"lenke__dummy_6",TRUE,TRUE,FALSE
"logistic",3,1,"idade_x_risser__1",TRUE,"idade__linear",TRUE,"risser__dummy_1",TRUE,TRUE,FALSE
"logistic",3,1,"idade_x_risser__2",TRUE,"idade__linear",TRUE,"risser__dummy_2",TRUE,TRUE,FALSE
"logistic",3,1,"idade_x_risser__3",TRUE,"idade__linear",TRUE,"risser__dummy_3",TRUE,TRUE,FALSE
"logistic",3,1,"idade_x_risser__4",TRUE,"idade__linear",TRUE,"risser__dummy_4",TRUE,TRUE,FALSE
"continuous",3,2,"correcao_colete_x_flexibilidade__rigido",TRUE,"correcao_colete__linear",TRUE,"flexibilidade__dummy_rigido",TRUE,TRUE,FALSE
"continuous",3,2,"correcao_colete_x_lenke__2",TRUE,"correcao_colete__linear",TRUE,"lenke__dummy_2",TRUE,TRUE,FALSE
"continuous",3,2,"correcao_colete_x_lenke__3",TRUE,"correcao_colete__linear",TRUE,"lenke__dummy_3",TRUE,TRUE,FALSE
"continuous",3,2,"correcao_colete_x_lenke__4",TRUE,"correcao_colete__linear",TRUE,"lenke__dummy_4",TRUE,TRUE,FALSE
"continuous",3,2,"correcao_colete_x_lenke__5",TRUE,"correcao_colete__linear",TRUE,"lenke__dummy_5",TRUE,TRUE,FALSE
"continuous",3,2,"correcao_colete_x_lenke__6",TRUE,"correcao_colete__linear",TRUE,"lenke__dummy_6",TRUE,TRUE,FALSE
"continuous",3,2,"idade_x_risser__1",TRUE,"idade__linear",TRUE,"risser__dummy_1",TRUE,TRUE,FALSE
"continuous",3,2,"idade_x_risser__2",TRUE,"idade__linear",TRUE,"risser__dummy_2",TRUE,TRUE,FALSE
"continuous",3,2,"idade_x_risser__3",TRUE,"idade__linear",TRUE,"risser__dummy_3",TRUE,TRUE,FALSE
"continuous",3,2,"idade_x_risser__4",TRUE,"idade__linear",TRUE,"risser__dummy_4",TRUE,TRUE,FALSE
"logistic",3,2,"correcao_colete_x_flexibilidade__rigido",TRUE,"correcao_colete__linear",TRUE,"flexibilidade__dummy_rigido",TRUE,TRUE,FALSE
"logistic",3,2,"correcao_colete_x_lenke__2",TRUE,"correcao_colete__linear",TRUE,"lenke__dummy_2",TRUE,TRUE,FALSE
"logistic",3,2,"correcao_colete_x_lenke__3",TRUE,"correcao_colete__linear",TRUE,"lenke__dummy_3",TRUE,TRUE,FALSE
"logistic",3,2,"correcao_colete_x_lenke__4",TRUE,"correcao_colete__linear",TRUE,"lenke__dummy_4",TRUE,TRUE,FALSE
"logistic",3,2,"correcao_colete_x_lenke__5",TRUE,"correcao_colete__linear",TRUE,"lenke__dummy_5",TRUE,TRUE,FALSE
"logistic",3,2,"correcao_colete_x_lenke__6",TRUE,"correcao_colete__linear",TRUE,"lenke__dummy_6",TRUE,TRUE,FALSE
"logistic",3,2,"idade_x_risser__1",TRUE,"idade__linear",TRUE,"risser__dummy_1",TRUE,TRUE,FALSE
"logistic",3,2,"idade_x_risser__2",TRUE,"idade__linear",TRUE,"risser__dummy_2",TRUE,TRUE,FALSE
"logistic",3,2,"idade_x_risser__3",TRUE,"idade__linear",TRUE,"risser__dummy_3",TRUE,TRUE,FALSE
"logistic",3,2,"idade_x_risser__4",TRUE,"idade__linear",TRUE,"risser__dummy_4",TRUE,TRUE,FALSE
"continuous",3,3,"correcao_colete_x_flexibilidade__rigido",TRUE,"correcao_colete__linear",TRUE,"flexibilidade__dummy_rigido",TRUE,TRUE,FALSE
"continuous",3,3,"correcao_colete_x_lenke__2",TRUE,"correcao_colete__linear",TRUE,"lenke__dummy_2",TRUE,TRUE,FALSE
"continuous",3,3,"correcao_colete_x_lenke__3",TRUE,"correcao_colete__linear",TRUE,"lenke__dummy_3",TRUE,TRUE,FALSE
"continuous",3,3,"correcao_colete_x_lenke__4",TRUE,"correcao_colete__linear",TRUE,"lenke__dummy_4",TRUE,TRUE,FALSE
"continuous",3,3,"correcao_colete_x_lenke__5",TRUE,"correcao_colete__linear",TRUE,"lenke__dummy_5",TRUE,TRUE,FALSE
"continuous",3,3,"correcao_colete_x_lenke__6",TRUE,"correcao_colete__linear",TRUE,"lenke__dummy_6",TRUE,TRUE,FALSE
"continuous",3,3,"idade_x_risser__1",TRUE,"idade__linear",TRUE,"risser__dummy_1",TRUE,TRUE,FALSE
"continuous",3,3,"idade_x_risser__2",TRUE,"idade__linear",TRUE,"risser__dummy_2",TRUE,TRUE,FALSE
"continuous",3,3,"idade_x_risser__3",TRUE,"idade__linear",TRUE,"risser__dummy_3",TRUE,TRUE,FALSE
"continuous",3,3,"idade_x_risser__4",TRUE,"idade__linear",TRUE,"risser__dummy_4",TRUE,TRUE,FALSE
"logistic",3,3,"correcao_colete_x_flexibilidade__rigido",TRUE,"correcao_colete__linear",TRUE,"flexibilidade__dummy_rigido",TRUE,TRUE,FALSE
"logistic",3,3,"correcao_colete_x_lenke__2",TRUE,"correcao_colete__linear",TRUE,"lenke__dummy_2",TRUE,TRUE,FALSE
"logistic",3,3,"correcao_colete_x_lenke__3",TRUE,"correcao_colete__linear",TRUE,"lenke__dummy_3",TRUE,TRUE,FALSE
"logistic",3,3,"correcao_colete_x_lenke__4",TRUE,"correcao_colete__linear",TRUE,"lenke__dummy_4",TRUE,TRUE,FALSE
"logistic",3,3,"correcao_colete_x_lenke__5",TRUE,"correcao_colete__linear",TRUE,"lenke__dummy_5",TRUE,TRUE,FALSE
"logistic",3,3,"correcao_colete_x_lenke__6",TRUE,"correcao_colete__linear",TRUE,"lenke__dummy_6",TRUE,TRUE,FALSE
"logistic",3,3,"idade_x_risser__1",TRUE,"idade__linear",TRUE,"risser__dummy_1",TRUE,TRUE,FALSE
"logistic",3,3,"idade_x_risser__2",TRUE,"idade__linear",TRUE,"risser__dummy_2",TRUE,TRUE,FALSE
"logistic",3,3,"idade_x_risser__3",TRUE,"idade__linear",TRUE,"risser__dummy_3",TRUE,TRUE,FALSE
"logistic",3,3,"idade_x_risser__4",TRUE,"idade__linear",TRUE,"risser__dummy_4",TRUE,TRUE,FALSE
"continuous",3,4,"correcao_colete_x_flexibilidade__rigido",TRUE,"correcao_colete__linear",TRUE,"flexibilidade__dummy_rigido",TRUE,TRUE,FALSE
"continuous",3,4,"correcao_colete_x_lenke__2",TRUE,"correcao_colete__linear",TRUE,"lenke__dummy_2",TRUE,TRUE,FALSE
"continuous",3,4,"correcao_colete_x_lenke__3",TRUE,"correcao_colete__linear",TRUE,"lenke__dummy_3",TRUE,TRUE,FALSE
"continuous",3,4,"correcao_colete_x_lenke__4",TRUE,"correcao_colete__linear",TRUE,"lenke__dummy_4",TRUE,TRUE,FALSE
"continuous",3,4,"correcao_colete_x_lenke__5",TRUE,"correcao_colete__linear",TRUE,"lenke__dummy_5",TRUE,TRUE,FALSE
"continuous",3,4,"correcao_colete_x_lenke__6",TRUE,"correcao_colete__linear",TRUE,"lenke__dummy_6",TRUE,TRUE,FALSE
"continuous",3,4,"idade_x_risser__1",TRUE,"idade__linear",TRUE,"risser__dummy_1",TRUE,TRUE,FALSE
"continuous",3,4,"idade_x_risser__2",TRUE,"idade__linear",TRUE,"risser__dummy_2",TRUE,TRUE,FALSE
"continuous",3,4,"idade_x_risser__3",TRUE,"idade__linear",TRUE,"risser__dummy_3",TRUE,TRUE,FALSE
"continuous",3,4,"idade_x_risser__4",TRUE,"idade__linear",TRUE,"risser__dummy_4",TRUE,TRUE,FALSE
"logistic",3,4,"correcao_colete_x_flexibilidade__rigido",TRUE,"correcao_colete__linear",TRUE,"flexibilidade__dummy_rigido",TRUE,TRUE,FALSE
"logistic",3,4,"correcao_colete_x_lenke__2",TRUE,"correcao_colete__linear",TRUE,"lenke__dummy_2",TRUE,TRUE,FALSE
"logistic",3,4,"correcao_colete_x_lenke__3",TRUE,"correcao_colete__linear",TRUE,"lenke__dummy_3",TRUE,TRUE,FALSE
"logistic",3,4,"correcao_colete_x_lenke__4",TRUE,"correcao_colete__linear",TRUE,"lenke__dummy_4",TRUE,TRUE,FALSE
"logistic",3,4,"correcao_colete_x_lenke__5",TRUE,"correcao_colete__linear",TRUE,"lenke__dummy_5",TRUE,TRUE,FALSE
"logistic",3,4,"correcao_colete_x_lenke__6",TRUE,"correcao_colete__linear",TRUE,"lenke__dummy_6",TRUE,TRUE,FALSE
"logistic",3,4,"idade_x_risser__1",TRUE,"idade__linear",TRUE,"risser__dummy_1",TRUE,TRUE,FALSE
"logistic",3,4,"idade_x_risser__2",TRUE,"idade__linear",TRUE,"risser__dummy_2",TRUE,TRUE,FALSE
"logistic",3,4,"idade_x_risser__3",TRUE,"idade__linear",TRUE,"risser__dummy_3",TRUE,TRUE,FALSE
"logistic",3,4,"idade_x_risser__4",TRUE,"idade__linear",TRUE,"risser__dummy_4",TRUE,TRUE,FALSE
"continuous",3,5,"correcao_colete_x_flexibilidade__rigido",TRUE,"correcao_colete__linear",TRUE,"flexibilidade__dummy_rigido",TRUE,TRUE,FALSE
"continuous",3,5,"correcao_colete_x_lenke__2",TRUE,"correcao_colete__linear",TRUE,"lenke__dummy_2",TRUE,TRUE,FALSE
"continuous",3,5,"correcao_colete_x_lenke__3",TRUE,"correcao_colete__linear",TRUE,"lenke__dummy_3",TRUE,TRUE,FALSE
"continuous",3,5,"correcao_colete_x_lenke__4",TRUE,"correcao_colete__linear",TRUE,"lenke__dummy_4",TRUE,TRUE,FALSE
"continuous",3,5,"correcao_colete_x_lenke__5",TRUE,"correcao_colete__linear",TRUE,"lenke__dummy_5",TRUE,TRUE,FALSE
"continuous",3,5,"correcao_colete_x_lenke__6",TRUE,"correcao_colete__linear",TRUE,"lenke__dummy_6",TRUE,TRUE,FALSE
"continuous",3,5,"idade_x_risser__1",TRUE,"idade__linear",TRUE,"risser__dummy_1",TRUE,TRUE,FALSE
"continuous",3,5,"idade_x_risser__2",TRUE,"idade__linear",TRUE,"risser__dummy_2",TRUE,TRUE,FALSE
"continuous",3,5,"idade_x_risser__3",TRUE,"idade__linear",TRUE,"risser__dummy_3",TRUE,TRUE,FALSE
"continuous",3,5,"idade_x_risser__4",TRUE,"idade__linear",TRUE,"risser__dummy_4",TRUE,TRUE,FALSE
"logistic",3,5,"correcao_colete_x_flexibilidade__rigido",TRUE,"correcao_colete__linear",TRUE,"flexibilidade__dummy_rigido",TRUE,TRUE,FALSE
"logistic",3,5,"correcao_colete_x_lenke__2",TRUE,"correcao_colete__linear",TRUE,"lenke__dummy_2",TRUE,TRUE,FALSE
"logistic",3,5,"correcao_colete_x_lenke__3",TRUE,"correcao_colete__linear",TRUE,"lenke__dummy_3",TRUE,TRUE,FALSE
"logistic",3,5,"correcao_colete_x_lenke__4",TRUE,"correcao_colete__linear",TRUE,"lenke__dummy_4",TRUE,TRUE,FALSE
"logistic",3,5,"correcao_colete_x_lenke__5",TRUE,"correcao_colete__linear",TRUE,"lenke__dummy_5",TRUE,TRUE,FALSE
"logistic",3,5,"correcao_colete_x_lenke__6",TRUE,"correcao_colete__linear",TRUE,"lenke__dummy_6",TRUE,TRUE,FALSE
"logistic",3,5,"idade_x_risser__1",TRUE,"idade__linear",TRUE,"risser__dummy_1",TRUE,TRUE,FALSE
"logistic",3,5,"idade_x_risser__2",TRUE,"idade__linear",TRUE,"risser__dummy_2",TRUE,TRUE,FALSE
"logistic",3,5,"idade_x_risser__3",TRUE,"idade__linear",TRUE,"risser__dummy_3",TRUE,TRUE,FALSE
"logistic",3,5,"idade_x_risser__4",TRUE,"idade__linear",TRUE,"risser__dummy_4",TRUE,TRUE,FALSE
"continuous",3,6,"correcao_colete_x_flexibilidade__rigido",TRUE,"correcao_colete__linear",TRUE,"flexibilidade__dummy_rigido",TRUE,TRUE,FALSE
"continuous",3,6,"correcao_colete_x_lenke__2",TRUE,"correcao_colete__linear",TRUE,"lenke__dummy_2",TRUE,TRUE,FALSE
"continuous",3,6,"correcao_colete_x_lenke__3",TRUE,"correcao_colete__linear",TRUE,"lenke__dummy_3",TRUE,TRUE,FALSE
"continuous",3,6,"correcao_colete_x_lenke__4",TRUE,"correcao_colete__linear",TRUE,"lenke__dummy_4",TRUE,TRUE,FALSE
"continuous",3,6,"correcao_colete_x_lenke__5",TRUE,"correcao_colete__linear",TRUE,"lenke__dummy_5",TRUE,TRUE,FALSE
"continuous",3,6,"correcao_colete_x_lenke__6",TRUE,"correcao_colete__linear",TRUE,"lenke__dummy_6",TRUE,TRUE,FALSE
"continuous",3,6,"idade_x_risser__1",TRUE,"idade__linear",TRUE,"risser__dummy_1",TRUE,TRUE,FALSE
"continuous",3,6,"idade_x_risser__2",TRUE,"idade__linear",TRUE,"risser__dummy_2",TRUE,TRUE,FALSE
"continuous",3,6,"idade_x_risser__3",TRUE,"idade__linear",TRUE,"risser__dummy_3",TRUE,TRUE,FALSE
"continuous",3,6,"idade_x_risser__4",TRUE,"idade__linear",TRUE,"risser__dummy_4",TRUE,TRUE,FALSE
"logistic",3,6,"correcao_colete_x_flexibilidade__rigido",TRUE,"correcao_colete__linear",TRUE,"flexibilidade__dummy_rigido",TRUE,TRUE,FALSE
"logistic",3,6,"correcao_colete_x_lenke__2",TRUE,"correcao_colete__linear",TRUE,"lenke__dummy_2",TRUE,TRUE,FALSE
"logistic",3,6,"correcao_colete_x_lenke__3",TRUE,"correcao_colete__linear",TRUE,"lenke__dummy_3",TRUE,TRUE,FALSE
"logistic",3,6,"correcao_colete_x_lenke__4",TRUE,"correcao_colete__linear",TRUE,"lenke__dummy_4",TRUE,TRUE,FALSE
"logistic",3,6,"correcao_colete_x_lenke__5",TRUE,"correcao_colete__linear",TRUE,"lenke__dummy_5",TRUE,TRUE,FALSE
"logistic",3,6,"correcao_colete_x_lenke__6",TRUE,"correcao_colete__linear",TRUE,"lenke__dummy_6",TRUE,TRUE,FALSE
"logistic",3,6,"idade_x_risser__1",TRUE,"idade__linear",TRUE,"risser__dummy_1",TRUE,TRUE,FALSE
"logistic",3,6,"idade_x_risser__2",TRUE,"idade__linear",TRUE,"risser__dummy_2",TRUE,TRUE,FALSE
"logistic",3,6,"idade_x_risser__3",TRUE,"idade__linear",TRUE,"risser__dummy_3",TRUE,TRUE,FALSE
"logistic",3,6,"idade_x_risser__4",TRUE,"idade__linear",TRUE,"risser__dummy_4",TRUE,TRUE,FALSE
"continuous",3,7,"correcao_colete_x_flexibilidade__rigido",TRUE,"correcao_colete__linear",TRUE,"flexibilidade__dummy_rigido",TRUE,TRUE,FALSE
"continuous",3,7,"correcao_colete_x_lenke__2",TRUE,"correcao_colete__linear",TRUE,"lenke__dummy_2",TRUE,TRUE,FALSE
"continuous",3,7,"correcao_colete_x_lenke__3",TRUE,"correcao_colete__linear",TRUE,"lenke__dummy_3",TRUE,TRUE,FALSE
"continuous",3,7,"correcao_colete_x_lenke__4",TRUE,"correcao_colete__linear",TRUE,"lenke__dummy_4",TRUE,TRUE,FALSE
"continuous",3,7,"correcao_colete_x_lenke__5",TRUE,"correcao_colete__linear",TRUE,"lenke__dummy_5",TRUE,TRUE,FALSE
"continuous",3,7,"correcao_colete_x_lenke__6",TRUE,"correcao_colete__linear",TRUE,"lenke__dummy_6",TRUE,TRUE,FALSE
"continuous",3,7,"idade_x_risser__1",TRUE,"idade__linear",TRUE,"risser__dummy_1",TRUE,TRUE,FALSE
"continuous",3,7,"idade_x_risser__2",TRUE,"idade__linear",TRUE,"risser__dummy_2",TRUE,TRUE,FALSE
"continuous",3,7,"idade_x_risser__3",TRUE,"idade__linear",TRUE,"risser__dummy_3",TRUE,TRUE,FALSE
"continuous",3,7,"idade_x_risser__4",TRUE,"idade__linear",TRUE,"risser__dummy_4",TRUE,TRUE,FALSE
"logistic",3,7,"correcao_colete_x_flexibilidade__rigido",TRUE,"correcao_colete__linear",TRUE,"flexibilidade__dummy_rigido",TRUE,TRUE,FALSE
"logistic",3,7,"correcao_colete_x_lenke__2",TRUE,"correcao_colete__linear",TRUE,"lenke__dummy_2",TRUE,TRUE,FALSE
"logistic",3,7,"correcao_colete_x_lenke__3",TRUE,"correcao_colete__linear",TRUE,"lenke__dummy_3",TRUE,TRUE,FALSE
"logistic",3,7,"correcao_colete_x_lenke__4",TRUE,"correcao_colete__linear",TRUE,"lenke__dummy_4",TRUE,TRUE,FALSE
"logistic",3,7,"correcao_colete_x_lenke__5",TRUE,"correcao_colete__linear",TRUE,"lenke__dummy_5",TRUE,TRUE,FALSE
"logistic",3,7,"correcao_colete_x_lenke__6",TRUE,"correcao_colete__linear",TRUE,"lenke__dummy_6",TRUE,TRUE,FALSE
"logistic",3,7,"idade_x_risser__1",TRUE,"idade__linear",TRUE,"risser__dummy_1",TRUE,TRUE,FALSE
"logistic",3,7,"idade_x_risser__2",TRUE,"idade__linear",TRUE,"risser__dummy_2",TRUE,TRUE,FALSE
"logistic",3,7,"idade_x_risser__3",TRUE,"idade__linear",TRUE,"risser__dummy_3",TRUE,TRUE,FALSE
"logistic",3,7,"idade_x_risser__4",TRUE,"idade__linear",TRUE,"risser__dummy_4",TRUE,TRUE,FALSE
"continuous",3,8,"correcao_colete_x_flexibilidade__rigido",TRUE,"correcao_colete__linear",TRUE,"flexibilidade__dummy_rigido",TRUE,TRUE,FALSE
"continuous",3,8,"correcao_colete_x_lenke__2",TRUE,"correcao_colete__linear",TRUE,"lenke__dummy_2",TRUE,TRUE,FALSE
"continuous",3,8,"correcao_colete_x_lenke__3",TRUE,"correcao_colete__linear",TRUE,"lenke__dummy_3",TRUE,TRUE,FALSE
"continuous",3,8,"correcao_colete_x_lenke__4",TRUE,"correcao_colete__linear",TRUE,"lenke__dummy_4",TRUE,TRUE,FALSE
"continuous",3,8,"correcao_colete_x_lenke__5",TRUE,"correcao_colete__linear",TRUE,"lenke__dummy_5",TRUE,TRUE,FALSE
"continuous",3,8,"correcao_colete_x_lenke__6",TRUE,"correcao_colete__linear",TRUE,"lenke__dummy_6",TRUE,TRUE,FALSE
"continuous",3,8,"idade_x_risser__1",TRUE,"idade__linear",TRUE,"risser__dummy_1",TRUE,TRUE,FALSE
"continuous",3,8,"idade_x_risser__2",TRUE,"idade__linear",TRUE,"risser__dummy_2",TRUE,TRUE,FALSE
"continuous",3,8,"idade_x_risser__3",TRUE,"idade__linear",TRUE,"risser__dummy_3",TRUE,TRUE,FALSE
"continuous",3,8,"idade_x_risser__4",TRUE,"idade__linear",TRUE,"risser__dummy_4",TRUE,TRUE,FALSE
"logistic",3,8,"correcao_colete_x_flexibilidade__rigido",TRUE,"correcao_colete__linear",TRUE,"flexibilidade__dummy_rigido",TRUE,TRUE,FALSE
"logistic",3,8,"correcao_colete_x_lenke__2",TRUE,"correcao_colete__linear",TRUE,"lenke__dummy_2",TRUE,TRUE,FALSE
"logistic",3,8,"correcao_colete_x_lenke__3",TRUE,"correcao_colete__linear",TRUE,"lenke__dummy_3",TRUE,TRUE,FALSE
"logistic",3,8,"correcao_colete_x_lenke__4",TRUE,"correcao_colete__linear",TRUE,"lenke__dummy_4",TRUE,TRUE,FALSE
"logistic",3,8,"correcao_colete_x_lenke__5",TRUE,"correcao_colete__linear",TRUE,"lenke__dummy_5",TRUE,TRUE,FALSE
"logistic",3,8,"correcao_colete_x_lenke__6",TRUE,"correcao_colete__linear",TRUE,"lenke__dummy_6",TRUE,TRUE,FALSE
"logistic",3,8,"idade_x_risser__1",TRUE,"idade__linear",TRUE,"risser__dummy_1",TRUE,TRUE,FALSE
"logistic",3,8,"idade_x_risser__2",TRUE,"idade__linear",TRUE,"risser__dummy_2",TRUE,TRUE,FALSE
"logistic",3,8,"idade_x_risser__3",TRUE,"idade__linear",TRUE,"risser__dummy_3",TRUE,TRUE,FALSE
"logistic",3,8,"idade_x_risser__4",TRUE,"idade__linear",TRUE,"risser__dummy_4",TRUE,TRUE,FALSE
"continuous",3,9,"correcao_colete_x_flexibilidade__rigido",TRUE,"correcao_colete__linear",TRUE,"flexibilidade__dummy_rigido",TRUE,TRUE,FALSE
"continuous",3,9,"correcao_colete_x_lenke__2",TRUE,"correcao_colete__linear",TRUE,"lenke__dummy_2",TRUE,TRUE,FALSE
"continuous",3,9,"correcao_colete_x_lenke__3",TRUE,"correcao_colete__linear",TRUE,"lenke__dummy_3",TRUE,TRUE,FALSE
"continuous",3,9,"correcao_colete_x_lenke__4",TRUE,"correcao_colete__linear",TRUE,"lenke__dummy_4",TRUE,TRUE,FALSE
"continuous",3,9,"correcao_colete_x_lenke__5",TRUE,"correcao_colete__linear",TRUE,"lenke__dummy_5",TRUE,TRUE,FALSE
"continuous",3,9,"correcao_colete_x_lenke__6",TRUE,"correcao_colete__linear",TRUE,"lenke__dummy_6",TRUE,TRUE,FALSE
"continuous",3,9,"idade_x_risser__1",TRUE,"idade__linear",TRUE,"risser__dummy_1",TRUE,TRUE,FALSE
"continuous",3,9,"idade_x_risser__2",TRUE,"idade__linear",TRUE,"risser__dummy_2",TRUE,TRUE,FALSE
"continuous",3,9,"idade_x_risser__3",TRUE,"idade__linear",TRUE,"risser__dummy_3",TRUE,TRUE,FALSE
"continuous",3,9,"idade_x_risser__4",TRUE,"idade__linear",TRUE,"risser__dummy_4",TRUE,TRUE,FALSE
"logistic",3,9,"correcao_colete_x_flexibilidade__rigido",TRUE,"correcao_colete__linear",TRUE,"flexibilidade__dummy_rigido",TRUE,TRUE,FALSE
"logistic",3,9,"correcao_colete_x_lenke__2",TRUE,"correcao_colete__linear",TRUE,"lenke__dummy_2",TRUE,TRUE,FALSE
"logistic",3,9,"correcao_colete_x_lenke__3",TRUE,"correcao_colete__linear",TRUE,"lenke__dummy_3",TRUE,TRUE,FALSE
"logistic",3,9,"correcao_colete_x_lenke__4",TRUE,"correcao_colete__linear",TRUE,"lenke__dummy_4",TRUE,TRUE,FALSE
"logistic",3,9,"correcao_colete_x_lenke__5",TRUE,"correcao_colete__linear",TRUE,"lenke__dummy_5",TRUE,TRUE,FALSE
"logistic",3,9,"correcao_colete_x_lenke__6",TRUE,"correcao_colete__linear",TRUE,"lenke__dummy_6",TRUE,TRUE,FALSE
"logistic",3,9,"idade_x_risser__1",TRUE,"idade__linear",TRUE,"risser__dummy_1",TRUE,TRUE,FALSE
"logistic",3,9,"idade_x_risser__2",TRUE,"idade__linear",TRUE,"risser__dummy_2",TRUE,TRUE,FALSE
"logistic",3,9,"idade_x_risser__3",TRUE,"idade__linear",TRUE,"risser__dummy_3",TRUE,TRUE,FALSE
"logistic",3,9,"idade_x_risser__4",TRUE,"idade__linear",TRUE,"risser__dummy_4",TRUE,TRUE,FALSE
"continuous",3,10,"correcao_colete_x_flexibilidade__rigido",TRUE,"correcao_colete__linear",TRUE,"flexibilidade__dummy_rigido",TRUE,TRUE,FALSE
"continuous",3,10,"correcao_colete_x_lenke__2",TRUE,"correcao_colete__linear",TRUE,"lenke__dummy_2",TRUE,TRUE,FALSE
"continuous",3,10,"correcao_colete_x_lenke__3",TRUE,"correcao_colete__linear",TRUE,"lenke__dummy_3",TRUE,TRUE,FALSE
"continuous",3,10,"correcao_colete_x_lenke__4",TRUE,"correcao_colete__linear",TRUE,"lenke__dummy_4",TRUE,TRUE,FALSE
"continuous",3,10,"correcao_colete_x_lenke__5",TRUE,"correcao_colete__linear",TRUE,"lenke__dummy_5",TRUE,TRUE,FALSE
"continuous",3,10,"correcao_colete_x_lenke__6",TRUE,"correcao_colete__linear",TRUE,"lenke__dummy_6",TRUE,TRUE,FALSE
"continuous",3,10,"idade_x_risser__1",TRUE,"idade__linear",TRUE,"risser__dummy_1",TRUE,TRUE,FALSE
"continuous",3,10,"idade_x_risser__2",TRUE,"idade__linear",TRUE,"risser__dummy_2",TRUE,TRUE,FALSE
"continuous",3,10,"idade_x_risser__3",TRUE,"idade__linear",TRUE,"risser__dummy_3",TRUE,TRUE,FALSE
"continuous",3,10,"idade_x_risser__4",TRUE,"idade__linear",TRUE,"risser__dummy_4",TRUE,TRUE,FALSE
"logistic",3,10,"correcao_colete_x_flexibilidade__rigido",TRUE,"correcao_colete__linear",TRUE,"flexibilidade__dummy_rigido",TRUE,TRUE,FALSE
"logistic",3,10,"correcao_colete_x_lenke__2",TRUE,"correcao_colete__linear",TRUE,"lenke__dummy_2",TRUE,TRUE,FALSE
"logistic",3,10,"correcao_colete_x_lenke__3",TRUE,"correcao_colete__linear",TRUE,"lenke__dummy_3",TRUE,TRUE,FALSE
"logistic",3,10,"correcao_colete_x_lenke__4",TRUE,"correcao_colete__linear",TRUE,"lenke__dummy_4",TRUE,TRUE,FALSE
"logistic",3,10,"correcao_colete_x_lenke__5",TRUE,"correcao_colete__linear",TRUE,"lenke__dummy_5",TRUE,TRUE,FALSE
"logistic",3,10,"correcao_colete_x_lenke__6",TRUE,"correcao_colete__linear",TRUE,"lenke__dummy_6",TRUE,TRUE,FALSE
"logistic",3,10,"idade_x_risser__1",TRUE,"idade__linear",TRUE,"risser__dummy_1",TRUE,TRUE,FALSE
"logistic",3,10,"idade_x_risser__2",TRUE,"idade__linear",TRUE,"risser__dummy_2",TRUE,TRUE,FALSE
"logistic",3,10,"idade_x_risser__3",TRUE,"idade__linear",TRUE,"risser__dummy_3",TRUE,TRUE,FALSE
"logistic",3,10,"idade_x_risser__4",TRUE,"idade__linear",TRUE,"risser__dummy_4",TRUE,TRUE,FALSE
"continuous",4,1,"correcao_colete_x_flexibilidade__rigido",TRUE,"correcao_colete__linear",TRUE,"flexibilidade__dummy_rigido",TRUE,TRUE,FALSE
"continuous",4,1,"correcao_colete_x_lenke__2",TRUE,"correcao_colete__linear",TRUE,"lenke__dummy_2",TRUE,TRUE,FALSE
"continuous",4,1,"correcao_colete_x_lenke__3",TRUE,"correcao_colete__linear",TRUE,"lenke__dummy_3",TRUE,TRUE,FALSE
"continuous",4,1,"correcao_colete_x_lenke__4",TRUE,"correcao_colete__linear",TRUE,"lenke__dummy_4",TRUE,TRUE,FALSE
"continuous",4,1,"correcao_colete_x_lenke__5",TRUE,"correcao_colete__linear",TRUE,"lenke__dummy_5",TRUE,TRUE,FALSE
"continuous",4,1,"correcao_colete_x_lenke__6",TRUE,"correcao_colete__linear",TRUE,"lenke__dummy_6",TRUE,TRUE,FALSE
"continuous",4,1,"idade_x_risser__1",TRUE,"idade__linear",TRUE,"risser__dummy_1",TRUE,TRUE,FALSE
"continuous",4,1,"idade_x_risser__2",TRUE,"idade__linear",TRUE,"risser__dummy_2",TRUE,TRUE,FALSE
"continuous",4,1,"idade_x_risser__3",TRUE,"idade__linear",TRUE,"risser__dummy_3",TRUE,TRUE,FALSE
"continuous",4,1,"idade_x_risser__4",TRUE,"idade__linear",TRUE,"risser__dummy_4",TRUE,TRUE,FALSE
"logistic",4,1,"correcao_colete_x_flexibilidade__rigido",TRUE,"correcao_colete__linear",TRUE,"flexibilidade__dummy_rigido",TRUE,TRUE,FALSE
"logistic",4,1,"correcao_colete_x_lenke__2",TRUE,"correcao_colete__linear",TRUE,"lenke__dummy_2",TRUE,TRUE,FALSE
"logistic",4,1,"correcao_colete_x_lenke__3",TRUE,"correcao_colete__linear",TRUE,"lenke__dummy_3",TRUE,TRUE,FALSE
"logistic",4,1,"correcao_colete_x_lenke__4",TRUE,"correcao_colete__linear",TRUE,"lenke__dummy_4",TRUE,TRUE,FALSE
"logistic",4,1,"correcao_colete_x_lenke__5",TRUE,"correcao_colete__linear",TRUE,"lenke__dummy_5",TRUE,TRUE,FALSE
"logistic",4,1,"correcao_colete_x_lenke__6",TRUE,"correcao_colete__linear",TRUE,"lenke__dummy_6",TRUE,TRUE,FALSE
"logistic",4,1,"idade_x_risser__1",TRUE,"idade__linear",TRUE,"risser__dummy_1",TRUE,TRUE,FALSE
"logistic",4,1,"idade_x_risser__2",TRUE,"idade__linear",TRUE,"risser__dummy_2",TRUE,TRUE,FALSE
"logistic",4,1,"idade_x_risser__3",TRUE,"idade__linear",TRUE,"risser__dummy_3",TRUE,TRUE,FALSE
"logistic",4,1,"idade_x_risser__4",TRUE,"idade__linear",TRUE,"risser__dummy_4",TRUE,TRUE,FALSE
"continuous",4,2,"correcao_colete_x_flexibilidade__rigido",TRUE,"correcao_colete__linear",TRUE,"flexibilidade__dummy_rigido",TRUE,TRUE,FALSE
"continuous",4,2,"correcao_colete_x_lenke__2",TRUE,"correcao_colete__linear",TRUE,"lenke__dummy_2",TRUE,TRUE,FALSE
"continuous",4,2,"correcao_colete_x_lenke__3",TRUE,"correcao_colete__linear",TRUE,"lenke__dummy_3",TRUE,TRUE,FALSE
"continuous",4,2,"correcao_colete_x_lenke__4",TRUE,"correcao_colete__linear",TRUE,"lenke__dummy_4",TRUE,TRUE,FALSE
"continuous",4,2,"correcao_colete_x_lenke__5",TRUE,"correcao_colete__linear",TRUE,"lenke__dummy_5",TRUE,TRUE,FALSE
"continuous",4,2,"correcao_colete_x_lenke__6",TRUE,"correcao_colete__linear",TRUE,"lenke__dummy_6",TRUE,TRUE,FALSE
"continuous",4,2,"idade_x_risser__1",TRUE,"idade__linear",TRUE,"risser__dummy_1",TRUE,TRUE,FALSE
"continuous",4,2,"idade_x_risser__2",TRUE,"idade__linear",TRUE,"risser__dummy_2",TRUE,TRUE,FALSE
"continuous",4,2,"idade_x_risser__3",TRUE,"idade__linear",TRUE,"risser__dummy_3",TRUE,TRUE,FALSE
"continuous",4,2,"idade_x_risser__4",TRUE,"idade__linear",TRUE,"risser__dummy_4",TRUE,TRUE,FALSE
"logistic",4,2,"correcao_colete_x_flexibilidade__rigido",TRUE,"correcao_colete__linear",TRUE,"flexibilidade__dummy_rigido",TRUE,TRUE,FALSE
"logistic",4,2,"correcao_colete_x_lenke__2",TRUE,"correcao_colete__linear",TRUE,"lenke__dummy_2",TRUE,TRUE,FALSE
"logistic",4,2,"correcao_colete_x_lenke__3",TRUE,"correcao_colete__linear",TRUE,"lenke__dummy_3",TRUE,TRUE,FALSE
"logistic",4,2,"correcao_colete_x_lenke__4",TRUE,"correcao_colete__linear",TRUE,"lenke__dummy_4",TRUE,TRUE,FALSE
"logistic",4,2,"correcao_colete_x_lenke__5",TRUE,"correcao_colete__linear",TRUE,"lenke__dummy_5",TRUE,TRUE,FALSE
"logistic",4,2,"correcao_colete_x_lenke__6",TRUE,"correcao_colete__linear",TRUE,"lenke__dummy_6",TRUE,TRUE,FALSE
"logistic",4,2,"idade_x_risser__1",TRUE,"idade__linear",TRUE,"risser__dummy_1",TRUE,TRUE,FALSE
"logistic",4,2,"idade_x_risser__2",TRUE,"idade__linear",TRUE,"risser__dummy_2",TRUE,TRUE,FALSE
"logistic",4,2,"idade_x_risser__3",TRUE,"idade__linear",TRUE,"risser__dummy_3",TRUE,TRUE,FALSE
"logistic",4,2,"idade_x_risser__4",TRUE,"idade__linear",TRUE,"risser__dummy_4",TRUE,TRUE,FALSE
"continuous",4,3,"correcao_colete_x_flexibilidade__rigido",TRUE,"correcao_colete__linear",TRUE,"flexibilidade__dummy_rigido",TRUE,TRUE,FALSE
"continuous",4,3,"correcao_colete_x_lenke__2",TRUE,"correcao_colete__linear",TRUE,"lenke__dummy_2",TRUE,TRUE,FALSE
"continuous",4,3,"correcao_colete_x_lenke__3",TRUE,"correcao_colete__linear",TRUE,"lenke__dummy_3",TRUE,TRUE,FALSE
"continuous",4,3,"correcao_colete_x_lenke__4",TRUE,"correcao_colete__linear",TRUE,"lenke__dummy_4",TRUE,TRUE,FALSE
"continuous",4,3,"correcao_colete_x_lenke__5",TRUE,"correcao_colete__linear",TRUE,"lenke__dummy_5",TRUE,TRUE,FALSE
"continuous",4,3,"correcao_colete_x_lenke__6",TRUE,"correcao_colete__linear",TRUE,"lenke__dummy_6",TRUE,TRUE,FALSE
"continuous",4,3,"idade_x_risser__1",TRUE,"idade__linear",TRUE,"risser__dummy_1",TRUE,TRUE,FALSE
"continuous",4,3,"idade_x_risser__2",TRUE,"idade__linear",TRUE,"risser__dummy_2",TRUE,TRUE,FALSE
"continuous",4,3,"idade_x_risser__3",TRUE,"idade__linear",TRUE,"risser__dummy_3",TRUE,TRUE,FALSE
"continuous",4,3,"idade_x_risser__4",TRUE,"idade__linear",TRUE,"risser__dummy_4",TRUE,TRUE,FALSE
"logistic",4,3,"correcao_colete_x_flexibilidade__rigido",TRUE,"correcao_colete__linear",TRUE,"flexibilidade__dummy_rigido",TRUE,TRUE,FALSE
"logistic",4,3,"correcao_colete_x_lenke__2",TRUE,"correcao_colete__linear",TRUE,"lenke__dummy_2",TRUE,TRUE,FALSE
"logistic",4,3,"correcao_colete_x_lenke__3",TRUE,"correcao_colete__linear",TRUE,"lenke__dummy_3",TRUE,TRUE,FALSE
"logistic",4,3,"correcao_colete_x_lenke__4",TRUE,"correcao_colete__linear",TRUE,"lenke__dummy_4",TRUE,TRUE,FALSE
"logistic",4,3,"correcao_colete_x_lenke__5",TRUE,"correcao_colete__linear",TRUE,"lenke__dummy_5",TRUE,TRUE,FALSE
"logistic",4,3,"correcao_colete_x_lenke__6",TRUE,"correcao_colete__linear",TRUE,"lenke__dummy_6",TRUE,TRUE,FALSE
"logistic",4,3,"idade_x_risser__1",TRUE,"idade__linear",TRUE,"risser__dummy_1",TRUE,TRUE,FALSE
"logistic",4,3,"idade_x_risser__2",TRUE,"idade__linear",TRUE,"risser__dummy_2",TRUE,TRUE,FALSE
"logistic",4,3,"idade_x_risser__3",TRUE,"idade__linear",TRUE,"risser__dummy_3",TRUE,TRUE,FALSE
"logistic",4,3,"idade_x_risser__4",TRUE,"idade__linear",TRUE,"risser__dummy_4",TRUE,TRUE,FALSE
"continuous",4,4,"correcao_colete_x_flexibilidade__rigido",TRUE,"correcao_colete__linear",TRUE,"flexibilidade__dummy_rigido",TRUE,TRUE,FALSE
"continuous",4,4,"correcao_colete_x_lenke__2",TRUE,"correcao_colete__linear",TRUE,"lenke__dummy_2",TRUE,TRUE,FALSE
"continuous",4,4,"correcao_colete_x_lenke__3",TRUE,"correcao_colete__linear",TRUE,"lenke__dummy_3",TRUE,TRUE,FALSE
"continuous",4,4,"correcao_colete_x_lenke__4",TRUE,"correcao_colete__linear",TRUE,"lenke__dummy_4",TRUE,TRUE,FALSE
"continuous",4,4,"correcao_colete_x_lenke__5",TRUE,"correcao_colete__linear",TRUE,"lenke__dummy_5",TRUE,TRUE,FALSE
"continuous",4,4,"correcao_colete_x_lenke__6",TRUE,"correcao_colete__linear",TRUE,"lenke__dummy_6",TRUE,TRUE,FALSE
"continuous",4,4,"idade_x_risser__1",TRUE,"idade__linear",TRUE,"risser__dummy_1",TRUE,TRUE,FALSE
"continuous",4,4,"idade_x_risser__2",TRUE,"idade__linear",TRUE,"risser__dummy_2",TRUE,TRUE,FALSE
"continuous",4,4,"idade_x_risser__3",TRUE,"idade__linear",TRUE,"risser__dummy_3",TRUE,TRUE,FALSE
"continuous",4,4,"idade_x_risser__4",TRUE,"idade__linear",TRUE,"risser__dummy_4",TRUE,TRUE,FALSE
"logistic",4,4,"correcao_colete_x_flexibilidade__rigido",TRUE,"correcao_colete__linear",TRUE,"flexibilidade__dummy_rigido",TRUE,TRUE,FALSE
"logistic",4,4,"correcao_colete_x_lenke__2",TRUE,"correcao_colete__linear",TRUE,"lenke__dummy_2",TRUE,TRUE,FALSE
"logistic",4,4,"correcao_colete_x_lenke__3",TRUE,"correcao_colete__linear",TRUE,"lenke__dummy_3",TRUE,TRUE,FALSE
"logistic",4,4,"correcao_colete_x_lenke__4",TRUE,"correcao_colete__linear",TRUE,"lenke__dummy_4",TRUE,TRUE,FALSE
"logistic",4,4,"correcao_colete_x_lenke__5",TRUE,"correcao_colete__linear",TRUE,"lenke__dummy_5",TRUE,TRUE,FALSE
"logistic",4,4,"correcao_colete_x_lenke__6",TRUE,"correcao_colete__linear",TRUE,"lenke__dummy_6",TRUE,TRUE,FALSE
"logistic",4,4,"idade_x_risser__1",TRUE,"idade__linear",TRUE,"risser__dummy_1",TRUE,TRUE,FALSE
"logistic",4,4,"idade_x_risser__2",TRUE,"idade__linear",TRUE,"risser__dummy_2",TRUE,TRUE,FALSE
"logistic",4,4,"idade_x_risser__3",TRUE,"idade__linear",TRUE,"risser__dummy_3",TRUE,TRUE,FALSE
"logistic",4,4,"idade_x_risser__4",TRUE,"idade__linear",TRUE,"risser__dummy_4",TRUE,TRUE,FALSE
"continuous",4,5,"correcao_colete_x_flexibilidade__rigido",TRUE,"correcao_colete__linear",TRUE,"flexibilidade__dummy_rigido",TRUE,TRUE,FALSE
"continuous",4,5,"correcao_colete_x_lenke__2",TRUE,"correcao_colete__linear",TRUE,"lenke__dummy_2",TRUE,TRUE,FALSE
"continuous",4,5,"correcao_colete_x_lenke__3",TRUE,"correcao_colete__linear",TRUE,"lenke__dummy_3",TRUE,TRUE,FALSE
"continuous",4,5,"correcao_colete_x_lenke__4",TRUE,"correcao_colete__linear",TRUE,"lenke__dummy_4",TRUE,TRUE,FALSE
"continuous",4,5,"correcao_colete_x_lenke__5",TRUE,"correcao_colete__linear",TRUE,"lenke__dummy_5",TRUE,TRUE,FALSE
"continuous",4,5,"correcao_colete_x_lenke__6",TRUE,"correcao_colete__linear",TRUE,"lenke__dummy_6",TRUE,TRUE,FALSE
"continuous",4,5,"idade_x_risser__1",TRUE,"idade__linear",TRUE,"risser__dummy_1",TRUE,TRUE,FALSE
"continuous",4,5,"idade_x_risser__2",TRUE,"idade__linear",TRUE,"risser__dummy_2",TRUE,TRUE,FALSE
"continuous",4,5,"idade_x_risser__3",TRUE,"idade__linear",TRUE,"risser__dummy_3",TRUE,TRUE,FALSE
"continuous",4,5,"idade_x_risser__4",TRUE,"idade__linear",TRUE,"risser__dummy_4",TRUE,TRUE,FALSE
"logistic",4,5,"correcao_colete_x_flexibilidade__rigido",TRUE,"correcao_colete__linear",TRUE,"flexibilidade__dummy_rigido",TRUE,TRUE,FALSE
"logistic",4,5,"correcao_colete_x_lenke__2",TRUE,"correcao_colete__linear",TRUE,"lenke__dummy_2",TRUE,TRUE,FALSE
"logistic",4,5,"correcao_colete_x_lenke__3",TRUE,"correcao_colete__linear",TRUE,"lenke__dummy_3",TRUE,TRUE,FALSE
"logistic",4,5,"correcao_colete_x_lenke__4",TRUE,"correcao_colete__linear",TRUE,"lenke__dummy_4",TRUE,TRUE,FALSE
"logistic",4,5,"correcao_colete_x_lenke__5",TRUE,"correcao_colete__linear",TRUE,"lenke__dummy_5",TRUE,TRUE,FALSE
"logistic",4,5,"correcao_colete_x_lenke__6",TRUE,"correcao_colete__linear",TRUE,"lenke__dummy_6",TRUE,TRUE,FALSE
"logistic",4,5,"idade_x_risser__1",TRUE,"idade__linear",TRUE,"risser__dummy_1",TRUE,TRUE,FALSE
"logistic",4,5,"idade_x_risser__2",TRUE,"idade__linear",TRUE,"risser__dummy_2",TRUE,TRUE,FALSE
"logistic",4,5,"idade_x_risser__3",TRUE,"idade__linear",TRUE,"risser__dummy_3",TRUE,TRUE,FALSE
"logistic",4,5,"idade_x_risser__4",TRUE,"idade__linear",TRUE,"risser__dummy_4",TRUE,TRUE,FALSE
"continuous",4,6,"correcao_colete_x_flexibilidade__rigido",TRUE,"correcao_colete__linear",TRUE,"flexibilidade__dummy_rigido",TRUE,TRUE,FALSE
"continuous",4,6,"correcao_colete_x_lenke__2",TRUE,"correcao_colete__linear",TRUE,"lenke__dummy_2",TRUE,TRUE,FALSE
"continuous",4,6,"correcao_colete_x_lenke__3",TRUE,"correcao_colete__linear",TRUE,"lenke__dummy_3",TRUE,TRUE,FALSE
"continuous",4,6,"correcao_colete_x_lenke__4",TRUE,"correcao_colete__linear",TRUE,"lenke__dummy_4",TRUE,TRUE,FALSE
"continuous",4,6,"correcao_colete_x_lenke__5",TRUE,"correcao_colete__linear",TRUE,"lenke__dummy_5",TRUE,TRUE,FALSE
"continuous",4,6,"correcao_colete_x_lenke__6",TRUE,"correcao_colete__linear",TRUE,"lenke__dummy_6",TRUE,TRUE,FALSE
"continuous",4,6,"idade_x_risser__1",TRUE,"idade__linear",TRUE,"risser__dummy_1",TRUE,TRUE,FALSE
"continuous",4,6,"idade_x_risser__2",TRUE,"idade__linear",TRUE,"risser__dummy_2",TRUE,TRUE,FALSE
"continuous",4,6,"idade_x_risser__3",TRUE,"idade__linear",TRUE,"risser__dummy_3",TRUE,TRUE,FALSE
"continuous",4,6,"idade_x_risser__4",TRUE,"idade__linear",TRUE,"risser__dummy_4",TRUE,TRUE,FALSE
"logistic",4,6,"correcao_colete_x_flexibilidade__rigido",TRUE,"correcao_colete__linear",TRUE,"flexibilidade__dummy_rigido",TRUE,TRUE,FALSE
"logistic",4,6,"correcao_colete_x_lenke__2",TRUE,"correcao_colete__linear",TRUE,"lenke__dummy_2",TRUE,TRUE,FALSE
"logistic",4,6,"correcao_colete_x_lenke__3",TRUE,"correcao_colete__linear",TRUE,"lenke__dummy_3",TRUE,TRUE,FALSE
"logistic",4,6,"correcao_colete_x_lenke__4",TRUE,"correcao_colete__linear",TRUE,"lenke__dummy_4",TRUE,TRUE,FALSE
"logistic",4,6,"correcao_colete_x_lenke__5",TRUE,"correcao_colete__linear",TRUE,"lenke__dummy_5",TRUE,TRUE,FALSE
"logistic",4,6,"correcao_colete_x_lenke__6",TRUE,"correcao_colete__linear",TRUE,"lenke__dummy_6",TRUE,TRUE,FALSE
"logistic",4,6,"idade_x_risser__1",TRUE,"idade__linear",TRUE,"risser__dummy_1",TRUE,TRUE,FALSE
"logistic",4,6,"idade_x_risser__2",TRUE,"idade__linear",TRUE,"risser__dummy_2",TRUE,TRUE,FALSE
"logistic",4,6,"idade_x_risser__3",TRUE,"idade__linear",TRUE,"risser__dummy_3",TRUE,TRUE,FALSE
"logistic",4,6,"idade_x_risser__4",TRUE,"idade__linear",TRUE,"risser__dummy_4",TRUE,TRUE,FALSE
"continuous",4,7,"correcao_colete_x_flexibilidade__rigido",TRUE,"correcao_colete__linear",TRUE,"flexibilidade__dummy_rigido",TRUE,TRUE,FALSE
"continuous",4,7,"correcao_colete_x_lenke__2",TRUE,"correcao_colete__linear",TRUE,"lenke__dummy_2",TRUE,TRUE,FALSE
"continuous",4,7,"correcao_colete_x_lenke__3",TRUE,"correcao_colete__linear",TRUE,"lenke__dummy_3",TRUE,TRUE,FALSE
"continuous",4,7,"correcao_colete_x_lenke__4",TRUE,"correcao_colete__linear",TRUE,"lenke__dummy_4",TRUE,TRUE,FALSE
"continuous",4,7,"correcao_colete_x_lenke__5",TRUE,"correcao_colete__linear",TRUE,"lenke__dummy_5",TRUE,TRUE,FALSE
"continuous",4,7,"correcao_colete_x_lenke__6",TRUE,"correcao_colete__linear",TRUE,"lenke__dummy_6",TRUE,TRUE,FALSE
"continuous",4,7,"idade_x_risser__1",TRUE,"idade__linear",TRUE,"risser__dummy_1",TRUE,TRUE,FALSE
"continuous",4,7,"idade_x_risser__2",TRUE,"idade__linear",TRUE,"risser__dummy_2",TRUE,TRUE,FALSE
"continuous",4,7,"idade_x_risser__3",TRUE,"idade__linear",TRUE,"risser__dummy_3",TRUE,TRUE,FALSE
"continuous",4,7,"idade_x_risser__4",TRUE,"idade__linear",TRUE,"risser__dummy_4",TRUE,TRUE,FALSE
"logistic",4,7,"correcao_colete_x_flexibilidade__rigido",TRUE,"correcao_colete__linear",TRUE,"flexibilidade__dummy_rigido",TRUE,TRUE,FALSE
"logistic",4,7,"correcao_colete_x_lenke__2",TRUE,"correcao_colete__linear",TRUE,"lenke__dummy_2",TRUE,TRUE,FALSE
"logistic",4,7,"correcao_colete_x_lenke__3",TRUE,"correcao_colete__linear",TRUE,"lenke__dummy_3",TRUE,TRUE,FALSE
"logistic",4,7,"correcao_colete_x_lenke__4",TRUE,"correcao_colete__linear",TRUE,"lenke__dummy_4",TRUE,TRUE,FALSE
"logistic",4,7,"correcao_colete_x_lenke__5",TRUE,"correcao_colete__linear",TRUE,"lenke__dummy_5",TRUE,TRUE,FALSE
"logistic",4,7,"correcao_colete_x_lenke__6",TRUE,"correcao_colete__linear",TRUE,"lenke__dummy_6",TRUE,TRUE,FALSE
"logistic",4,7,"idade_x_risser__1",TRUE,"idade__linear",TRUE,"risser__dummy_1",TRUE,TRUE,FALSE
"logistic",4,7,"idade_x_risser__2",TRUE,"idade__linear",TRUE,"risser__dummy_2",TRUE,TRUE,FALSE
"logistic",4,7,"idade_x_risser__3",TRUE,"idade__linear",TRUE,"risser__dummy_3",TRUE,TRUE,FALSE
"logistic",4,7,"idade_x_risser__4",TRUE,"idade__linear",TRUE,"risser__dummy_4",TRUE,TRUE,FALSE
"continuous",4,8,"correcao_colete_x_flexibilidade__rigido",TRUE,"correcao_colete__linear",TRUE,"flexibilidade__dummy_rigido",TRUE,TRUE,FALSE
"continuous",4,8,"correcao_colete_x_lenke__2",TRUE,"correcao_colete__linear",TRUE,"lenke__dummy_2",TRUE,TRUE,FALSE
"continuous",4,8,"correcao_colete_x_lenke__3",TRUE,"correcao_colete__linear",TRUE,"lenke__dummy_3",TRUE,TRUE,FALSE
"continuous",4,8,"correcao_colete_x_lenke__4",TRUE,"correcao_colete__linear",TRUE,"lenke__dummy_4",TRUE,TRUE,FALSE
"continuous",4,8,"correcao_colete_x_lenke__5",TRUE,"correcao_colete__linear",TRUE,"lenke__dummy_5",TRUE,TRUE,FALSE
"continuous",4,8,"correcao_colete_x_lenke__6",TRUE,"correcao_colete__linear",TRUE,"lenke__dummy_6",TRUE,TRUE,FALSE
"continuous",4,8,"idade_x_risser__1",TRUE,"idade__linear",TRUE,"risser__dummy_1",TRUE,TRUE,FALSE
"continuous",4,8,"idade_x_risser__2",TRUE,"idade__linear",TRUE,"risser__dummy_2",TRUE,TRUE,FALSE
"continuous",4,8,"idade_x_risser__3",TRUE,"idade__linear",TRUE,"risser__dummy_3",TRUE,TRUE,FALSE
"continuous",4,8,"idade_x_risser__4",TRUE,"idade__linear",TRUE,"risser__dummy_4",TRUE,TRUE,FALSE
"logistic",4,8,"correcao_colete_x_flexibilidade__rigido",TRUE,"correcao_colete__linear",TRUE,"flexibilidade__dummy_rigido",TRUE,TRUE,FALSE
"logistic",4,8,"correcao_colete_x_lenke__2",TRUE,"correcao_colete__linear",TRUE,"lenke__dummy_2",TRUE,TRUE,FALSE
"logistic",4,8,"correcao_colete_x_lenke__3",TRUE,"correcao_colete__linear",TRUE,"lenke__dummy_3",TRUE,TRUE,FALSE
"logistic",4,8,"correcao_colete_x_lenke__4",TRUE,"correcao_colete__linear",TRUE,"lenke__dummy_4",TRUE,TRUE,FALSE
"logistic",4,8,"correcao_colete_x_lenke__5",TRUE,"correcao_colete__linear",TRUE,"lenke__dummy_5",TRUE,TRUE,FALSE
"logistic",4,8,"correcao_colete_x_lenke__6",TRUE,"correcao_colete__linear",TRUE,"lenke__dummy_6",TRUE,TRUE,FALSE
"logistic",4,8,"idade_x_risser__1",TRUE,"idade__linear",TRUE,"risser__dummy_1",TRUE,TRUE,FALSE
"logistic",4,8,"idade_x_risser__2",TRUE,"idade__linear",TRUE,"risser__dummy_2",TRUE,TRUE,FALSE
"logistic",4,8,"idade_x_risser__3",TRUE,"idade__linear",TRUE,"risser__dummy_3",TRUE,TRUE,FALSE
"logistic",4,8,"idade_x_risser__4",TRUE,"idade__linear",TRUE,"risser__dummy_4",TRUE,TRUE,FALSE
"continuous",4,9,"correcao_colete_x_flexibilidade__rigido",TRUE,"correcao_colete__linear",TRUE,"flexibilidade__dummy_rigido",TRUE,TRUE,FALSE
"continuous",4,9,"correcao_colete_x_lenke__2",TRUE,"correcao_colete__linear",TRUE,"lenke__dummy_2",TRUE,TRUE,FALSE
"continuous",4,9,"correcao_colete_x_lenke__3",TRUE,"correcao_colete__linear",TRUE,"lenke__dummy_3",TRUE,TRUE,FALSE
"continuous",4,9,"correcao_colete_x_lenke__4",TRUE,"correcao_colete__linear",TRUE,"lenke__dummy_4",TRUE,TRUE,FALSE
"continuous",4,9,"correcao_colete_x_lenke__5",TRUE,"correcao_colete__linear",TRUE,"lenke__dummy_5",TRUE,TRUE,FALSE
"continuous",4,9,"correcao_colete_x_lenke__6",TRUE,"correcao_colete__linear",TRUE,"lenke__dummy_6",TRUE,TRUE,FALSE
"continuous",4,9,"idade_x_risser__1",TRUE,"idade__linear",TRUE,"risser__dummy_1",TRUE,TRUE,FALSE
"continuous",4,9,"idade_x_risser__2",TRUE,"idade__linear",TRUE,"risser__dummy_2",TRUE,TRUE,FALSE
"continuous",4,9,"idade_x_risser__3",TRUE,"idade__linear",TRUE,"risser__dummy_3",TRUE,TRUE,FALSE
"continuous",4,9,"idade_x_risser__4",TRUE,"idade__linear",TRUE,"risser__dummy_4",TRUE,TRUE,FALSE
"logistic",4,9,"correcao_colete_x_flexibilidade__rigido",TRUE,"correcao_colete__linear",TRUE,"flexibilidade__dummy_rigido",TRUE,TRUE,FALSE
"logistic",4,9,"correcao_colete_x_lenke__2",TRUE,"correcao_colete__linear",TRUE,"lenke__dummy_2",TRUE,TRUE,FALSE
"logistic",4,9,"correcao_colete_x_lenke__3",TRUE,"correcao_colete__linear",TRUE,"lenke__dummy_3",TRUE,TRUE,FALSE
"logistic",4,9,"correcao_colete_x_lenke__4",TRUE,"correcao_colete__linear",TRUE,"lenke__dummy_4",TRUE,TRUE,FALSE
"logistic",4,9,"correcao_colete_x_lenke__5",TRUE,"correcao_colete__linear",TRUE,"lenke__dummy_5",TRUE,TRUE,FALSE
"logistic",4,9,"correcao_colete_x_lenke__6",TRUE,"correcao_colete__linear",TRUE,"lenke__dummy_6",TRUE,TRUE,FALSE
"logistic",4,9,"idade_x_risser__1",TRUE,"idade__linear",TRUE,"risser__dummy_1",TRUE,TRUE,FALSE
"logistic",4,9,"idade_x_risser__2",TRUE,"idade__linear",TRUE,"risser__dummy_2",TRUE,TRUE,FALSE
"logistic",4,9,"idade_x_risser__3",TRUE,"idade__linear",TRUE,"risser__dummy_3",TRUE,TRUE,FALSE
"logistic",4,9,"idade_x_risser__4",TRUE,"idade__linear",TRUE,"risser__dummy_4",TRUE,TRUE,FALSE
"continuous",4,10,"correcao_colete_x_flexibilidade__rigido",TRUE,"correcao_colete__linear",TRUE,"flexibilidade__dummy_rigido",TRUE,TRUE,FALSE
"continuous",4,10,"correcao_colete_x_lenke__2",TRUE,"correcao_colete__linear",TRUE,"lenke__dummy_2",TRUE,TRUE,FALSE
"continuous",4,10,"correcao_colete_x_lenke__3",TRUE,"correcao_colete__linear",TRUE,"lenke__dummy_3",TRUE,TRUE,FALSE
"continuous",4,10,"correcao_colete_x_lenke__4",TRUE,"correcao_colete__linear",TRUE,"lenke__dummy_4",TRUE,TRUE,FALSE
"continuous",4,10,"correcao_colete_x_lenke__5",TRUE,"correcao_colete__linear",TRUE,"lenke__dummy_5",TRUE,TRUE,FALSE
"continuous",4,10,"correcao_colete_x_lenke__6",TRUE,"correcao_colete__linear",TRUE,"lenke__dummy_6",TRUE,TRUE,FALSE
"continuous",4,10,"idade_x_risser__1",TRUE,"idade__linear",TRUE,"risser__dummy_1",TRUE,TRUE,FALSE
"continuous",4,10,"idade_x_risser__2",TRUE,"idade__linear",TRUE,"risser__dummy_2",TRUE,TRUE,FALSE
"continuous",4,10,"idade_x_risser__3",TRUE,"idade__linear",TRUE,"risser__dummy_3",TRUE,TRUE,FALSE
"continuous",4,10,"idade_x_risser__4",TRUE,"idade__linear",TRUE,"risser__dummy_4",TRUE,TRUE,FALSE
"logistic",4,10,"correcao_colete_x_flexibilidade__rigido",TRUE,"correcao_colete__linear",TRUE,"flexibilidade__dummy_rigido",TRUE,TRUE,FALSE
"logistic",4,10,"correcao_colete_x_lenke__2",TRUE,"correcao_colete__linear",TRUE,"lenke__dummy_2",TRUE,TRUE,FALSE
"logistic",4,10,"correcao_colete_x_lenke__3",TRUE,"correcao_colete__linear",TRUE,"lenke__dummy_3",TRUE,TRUE,FALSE
"logistic",4,10,"correcao_colete_x_lenke__4",TRUE,"correcao_colete__linear",TRUE,"lenke__dummy_4",TRUE,TRUE,FALSE
"logistic",4,10,"correcao_colete_x_lenke__5",TRUE,"correcao_colete__linear",TRUE,"lenke__dummy_5",TRUE,TRUE,FALSE
"logistic",4,10,"correcao_colete_x_lenke__6",TRUE,"correcao_colete__linear",TRUE,"lenke__dummy_6",TRUE,TRUE,FALSE
"logistic",4,10,"idade_x_risser__1",TRUE,"idade__linear",TRUE,"risser__dummy_1",TRUE,TRUE,FALSE
"logistic",4,10,"idade_x_risser__2",TRUE,"idade__linear",TRUE,"risser__dummy_2",TRUE,TRUE,FALSE
"logistic",4,10,"idade_x_risser__3",TRUE,"idade__linear",TRUE,"risser__dummy_3",TRUE,TRUE,FALSE
"logistic",4,10,"idade_x_risser__4",TRUE,"idade__linear",TRUE,"risser__dummy_4",TRUE,TRUE,FALSE
"continuous",5,1,"correcao_colete_x_flexibilidade__rigido",TRUE,"correcao_colete__linear",TRUE,"flexibilidade__dummy_rigido",TRUE,TRUE,FALSE
"continuous",5,1,"correcao_colete_x_lenke__2",TRUE,"correcao_colete__linear",TRUE,"lenke__dummy_2",TRUE,TRUE,FALSE
"continuous",5,1,"correcao_colete_x_lenke__3",TRUE,"correcao_colete__linear",TRUE,"lenke__dummy_3",TRUE,TRUE,FALSE
"continuous",5,1,"correcao_colete_x_lenke__4",TRUE,"correcao_colete__linear",TRUE,"lenke__dummy_4",TRUE,TRUE,FALSE
"continuous",5,1,"correcao_colete_x_lenke__5",TRUE,"correcao_colete__linear",TRUE,"lenke__dummy_5",TRUE,TRUE,FALSE
"continuous",5,1,"correcao_colete_x_lenke__6",TRUE,"correcao_colete__linear",TRUE,"lenke__dummy_6",TRUE,TRUE,FALSE
"continuous",5,1,"idade_x_risser__1",TRUE,"idade__linear",TRUE,"risser__dummy_1",TRUE,TRUE,FALSE
"continuous",5,1,"idade_x_risser__2",TRUE,"idade__linear",TRUE,"risser__dummy_2",TRUE,TRUE,FALSE
"continuous",5,1,"idade_x_risser__3",TRUE,"idade__linear",TRUE,"risser__dummy_3",TRUE,TRUE,FALSE
"continuous",5,1,"idade_x_risser__4",TRUE,"idade__linear",TRUE,"risser__dummy_4",TRUE,TRUE,FALSE
"logistic",5,1,"correcao_colete_x_flexibilidade__rigido",TRUE,"correcao_colete__linear",TRUE,"flexibilidade__dummy_rigido",TRUE,TRUE,FALSE
"logistic",5,1,"correcao_colete_x_lenke__2",TRUE,"correcao_colete__linear",TRUE,"lenke__dummy_2",TRUE,TRUE,FALSE
"logistic",5,1,"correcao_colete_x_lenke__3",TRUE,"correcao_colete__linear",TRUE,"lenke__dummy_3",TRUE,TRUE,FALSE
"logistic",5,1,"correcao_colete_x_lenke__4",TRUE,"correcao_colete__linear",TRUE,"lenke__dummy_4",TRUE,TRUE,FALSE
"logistic",5,1,"correcao_colete_x_lenke__5",TRUE,"correcao_colete__linear",TRUE,"lenke__dummy_5",TRUE,TRUE,FALSE
"logistic",5,1,"correcao_colete_x_lenke__6",TRUE,"correcao_colete__linear",TRUE,"lenke__dummy_6",TRUE,TRUE,FALSE
"logistic",5,1,"idade_x_risser__1",TRUE,"idade__linear",TRUE,"risser__dummy_1",TRUE,TRUE,FALSE
"logistic",5,1,"idade_x_risser__2",TRUE,"idade__linear",TRUE,"risser__dummy_2",TRUE,TRUE,FALSE
"logistic",5,1,"idade_x_risser__3",TRUE,"idade__linear",TRUE,"risser__dummy_3",TRUE,TRUE,FALSE
"logistic",5,1,"idade_x_risser__4",TRUE,"idade__linear",TRUE,"risser__dummy_4",TRUE,TRUE,FALSE
"continuous",5,2,"correcao_colete_x_flexibilidade__rigido",TRUE,"correcao_colete__linear",TRUE,"flexibilidade__dummy_rigido",TRUE,TRUE,FALSE
"continuous",5,2,"correcao_colete_x_lenke__2",TRUE,"correcao_colete__linear",TRUE,"lenke__dummy_2",TRUE,TRUE,FALSE
"continuous",5,2,"correcao_colete_x_lenke__3",TRUE,"correcao_colete__linear",TRUE,"lenke__dummy_3",TRUE,TRUE,FALSE
"continuous",5,2,"correcao_colete_x_lenke__4",TRUE,"correcao_colete__linear",TRUE,"lenke__dummy_4",TRUE,TRUE,FALSE
"continuous",5,2,"correcao_colete_x_lenke__5",TRUE,"correcao_colete__linear",TRUE,"lenke__dummy_5",TRUE,TRUE,FALSE
"continuous",5,2,"correcao_colete_x_lenke__6",TRUE,"correcao_colete__linear",TRUE,"lenke__dummy_6",TRUE,TRUE,FALSE
"continuous",5,2,"idade_x_risser__1",TRUE,"idade__linear",TRUE,"risser__dummy_1",TRUE,TRUE,FALSE
"continuous",5,2,"idade_x_risser__2",TRUE,"idade__linear",TRUE,"risser__dummy_2",TRUE,TRUE,FALSE
"continuous",5,2,"idade_x_risser__3",TRUE,"idade__linear",TRUE,"risser__dummy_3",TRUE,TRUE,FALSE
"continuous",5,2,"idade_x_risser__4",TRUE,"idade__linear",TRUE,"risser__dummy_4",TRUE,TRUE,FALSE
"logistic",5,2,"correcao_colete_x_flexibilidade__rigido",TRUE,"correcao_colete__linear",TRUE,"flexibilidade__dummy_rigido",TRUE,TRUE,FALSE
"logistic",5,2,"correcao_colete_x_lenke__2",TRUE,"correcao_colete__linear",TRUE,"lenke__dummy_2",TRUE,TRUE,FALSE
"logistic",5,2,"correcao_colete_x_lenke__3",TRUE,"correcao_colete__linear",TRUE,"lenke__dummy_3",TRUE,TRUE,FALSE
"logistic",5,2,"correcao_colete_x_lenke__4",TRUE,"correcao_colete__linear",TRUE,"lenke__dummy_4",TRUE,TRUE,FALSE
"logistic",5,2,"correcao_colete_x_lenke__5",TRUE,"correcao_colete__linear",TRUE,"lenke__dummy_5",TRUE,TRUE,FALSE
"logistic",5,2,"correcao_colete_x_lenke__6",TRUE,"correcao_colete__linear",TRUE,"lenke__dummy_6",TRUE,TRUE,FALSE
"logistic",5,2,"idade_x_risser__1",TRUE,"idade__linear",TRUE,"risser__dummy_1",TRUE,TRUE,FALSE
"logistic",5,2,"idade_x_risser__2",TRUE,"idade__linear",TRUE,"risser__dummy_2",TRUE,TRUE,FALSE
"logistic",5,2,"idade_x_risser__3",TRUE,"idade__linear",TRUE,"risser__dummy_3",TRUE,TRUE,FALSE
"logistic",5,2,"idade_x_risser__4",TRUE,"idade__linear",TRUE,"risser__dummy_4",TRUE,TRUE,FALSE
"continuous",5,3,"correcao_colete_x_flexibilidade__rigido",TRUE,"correcao_colete__linear",TRUE,"flexibilidade__dummy_rigido",TRUE,TRUE,FALSE
"continuous",5,3,"correcao_colete_x_lenke__2",TRUE,"correcao_colete__linear",TRUE,"lenke__dummy_2",TRUE,TRUE,FALSE
"continuous",5,3,"correcao_colete_x_lenke__3",TRUE,"correcao_colete__linear",TRUE,"lenke__dummy_3",TRUE,TRUE,FALSE
"continuous",5,3,"correcao_colete_x_lenke__4",TRUE,"correcao_colete__linear",TRUE,"lenke__dummy_4",TRUE,TRUE,FALSE
"continuous",5,3,"correcao_colete_x_lenke__5",TRUE,"correcao_colete__linear",TRUE,"lenke__dummy_5",TRUE,TRUE,FALSE
"continuous",5,3,"correcao_colete_x_lenke__6",TRUE,"correcao_colete__linear",TRUE,"lenke__dummy_6",TRUE,TRUE,FALSE
"continuous",5,3,"idade_x_risser__1",TRUE,"idade__linear",TRUE,"risser__dummy_1",TRUE,TRUE,FALSE
"continuous",5,3,"idade_x_risser__2",TRUE,"idade__linear",TRUE,"risser__dummy_2",TRUE,TRUE,FALSE
"continuous",5,3,"idade_x_risser__3",TRUE,"idade__linear",TRUE,"risser__dummy_3",TRUE,TRUE,FALSE
"continuous",5,3,"idade_x_risser__4",TRUE,"idade__linear",TRUE,"risser__dummy_4",TRUE,TRUE,FALSE
"logistic",5,3,"correcao_colete_x_flexibilidade__rigido",TRUE,"correcao_colete__linear",TRUE,"flexibilidade__dummy_rigido",TRUE,TRUE,FALSE
"logistic",5,3,"correcao_colete_x_lenke__2",TRUE,"correcao_colete__linear",TRUE,"lenke__dummy_2",TRUE,TRUE,FALSE
"logistic",5,3,"correcao_colete_x_lenke__3",TRUE,"correcao_colete__linear",TRUE,"lenke__dummy_3",TRUE,TRUE,FALSE
"logistic",5,3,"correcao_colete_x_lenke__4",TRUE,"correcao_colete__linear",TRUE,"lenke__dummy_4",TRUE,TRUE,FALSE
"logistic",5,3,"correcao_colete_x_lenke__5",TRUE,"correcao_colete__linear",TRUE,"lenke__dummy_5",TRUE,TRUE,FALSE
"logistic",5,3,"correcao_colete_x_lenke__6",TRUE,"correcao_colete__linear",TRUE,"lenke__dummy_6",TRUE,TRUE,FALSE
"logistic",5,3,"idade_x_risser__1",TRUE,"idade__linear",TRUE,"risser__dummy_1",TRUE,TRUE,FALSE
"logistic",5,3,"idade_x_risser__2",TRUE,"idade__linear",TRUE,"risser__dummy_2",TRUE,TRUE,FALSE
"logistic",5,3,"idade_x_risser__3",TRUE,"idade__linear",TRUE,"risser__dummy_3",TRUE,TRUE,FALSE
"logistic",5,3,"idade_x_risser__4",TRUE,"idade__linear",TRUE,"risser__dummy_4",TRUE,TRUE,FALSE
"continuous",5,4,"correcao_colete_x_flexibilidade__rigido",TRUE,"correcao_colete__linear",TRUE,"flexibilidade__dummy_rigido",TRUE,TRUE,FALSE
"continuous",5,4,"correcao_colete_x_lenke__2",TRUE,"correcao_colete__linear",TRUE,"lenke__dummy_2",TRUE,TRUE,FALSE
"continuous",5,4,"correcao_colete_x_lenke__3",TRUE,"correcao_colete__linear",TRUE,"lenke__dummy_3",TRUE,TRUE,FALSE
"continuous",5,4,"correcao_colete_x_lenke__4",TRUE,"correcao_colete__linear",TRUE,"lenke__dummy_4",TRUE,TRUE,FALSE
"continuous",5,4,"correcao_colete_x_lenke__5",TRUE,"correcao_colete__linear",TRUE,"lenke__dummy_5",TRUE,TRUE,FALSE
"continuous",5,4,"correcao_colete_x_lenke__6",TRUE,"correcao_colete__linear",TRUE,"lenke__dummy_6",TRUE,TRUE,FALSE
"continuous",5,4,"idade_x_risser__1",TRUE,"idade__linear",TRUE,"risser__dummy_1",TRUE,TRUE,FALSE
"continuous",5,4,"idade_x_risser__2",TRUE,"idade__linear",TRUE,"risser__dummy_2",TRUE,TRUE,FALSE
"continuous",5,4,"idade_x_risser__3",TRUE,"idade__linear",TRUE,"risser__dummy_3",TRUE,TRUE,FALSE
"continuous",5,4,"idade_x_risser__4",TRUE,"idade__linear",TRUE,"risser__dummy_4",TRUE,TRUE,FALSE
"logistic",5,4,"correcao_colete_x_flexibilidade__rigido",TRUE,"correcao_colete__linear",TRUE,"flexibilidade__dummy_rigido",TRUE,TRUE,FALSE
"logistic",5,4,"correcao_colete_x_lenke__2",TRUE,"correcao_colete__linear",TRUE,"lenke__dummy_2",TRUE,TRUE,FALSE
"logistic",5,4,"correcao_colete_x_lenke__3",TRUE,"correcao_colete__linear",TRUE,"lenke__dummy_3",TRUE,TRUE,FALSE
"logistic",5,4,"correcao_colete_x_lenke__4",TRUE,"correcao_colete__linear",TRUE,"lenke__dummy_4",TRUE,TRUE,FALSE
"logistic",5,4,"correcao_colete_x_lenke__5",TRUE,"correcao_colete__linear",TRUE,"lenke__dummy_5",TRUE,TRUE,FALSE
"logistic",5,4,"correcao_colete_x_lenke__6",TRUE,"correcao_colete__linear",TRUE,"lenke__dummy_6",TRUE,TRUE,FALSE
"logistic",5,4,"idade_x_risser__1",TRUE,"idade__linear",TRUE,"risser__dummy_1",TRUE,TRUE,FALSE
"logistic",5,4,"idade_x_risser__2",TRUE,"idade__linear",TRUE,"risser__dummy_2",TRUE,TRUE,FALSE
"logistic",5,4,"idade_x_risser__3",TRUE,"idade__linear",TRUE,"risser__dummy_3",TRUE,TRUE,FALSE
"logistic",5,4,"idade_x_risser__4",TRUE,"idade__linear",TRUE,"risser__dummy_4",TRUE,TRUE,FALSE
"continuous",5,5,"correcao_colete_x_flexibilidade__rigido",TRUE,"correcao_colete__linear",TRUE,"flexibilidade__dummy_rigido",TRUE,TRUE,FALSE
"continuous",5,5,"correcao_colete_x_lenke__2",TRUE,"correcao_colete__linear",TRUE,"lenke__dummy_2",TRUE,TRUE,FALSE
"continuous",5,5,"correcao_colete_x_lenke__3",TRUE,"correcao_colete__linear",TRUE,"lenke__dummy_3",TRUE,TRUE,FALSE
"continuous",5,5,"correcao_colete_x_lenke__4",TRUE,"correcao_colete__linear",TRUE,"lenke__dummy_4",TRUE,TRUE,FALSE
"continuous",5,5,"correcao_colete_x_lenke__5",TRUE,"correcao_colete__linear",TRUE,"lenke__dummy_5",TRUE,TRUE,FALSE
"continuous",5,5,"correcao_colete_x_lenke__6",TRUE,"correcao_colete__linear",TRUE,"lenke__dummy_6",TRUE,TRUE,FALSE
"continuous",5,5,"idade_x_risser__1",TRUE,"idade__linear",TRUE,"risser__dummy_1",TRUE,TRUE,FALSE
"continuous",5,5,"idade_x_risser__2",TRUE,"idade__linear",TRUE,"risser__dummy_2",TRUE,TRUE,FALSE
"continuous",5,5,"idade_x_risser__3",TRUE,"idade__linear",TRUE,"risser__dummy_3",TRUE,TRUE,FALSE
"continuous",5,5,"idade_x_risser__4",TRUE,"idade__linear",TRUE,"risser__dummy_4",TRUE,TRUE,FALSE
"logistic",5,5,"correcao_colete_x_flexibilidade__rigido",TRUE,"correcao_colete__linear",TRUE,"flexibilidade__dummy_rigido",TRUE,TRUE,FALSE
"logistic",5,5,"correcao_colete_x_lenke__2",TRUE,"correcao_colete__linear",TRUE,"lenke__dummy_2",TRUE,TRUE,FALSE
"logistic",5,5,"correcao_colete_x_lenke__3",TRUE,"correcao_colete__linear",TRUE,"lenke__dummy_3",TRUE,TRUE,FALSE
"logistic",5,5,"correcao_colete_x_lenke__4",TRUE,"correcao_colete__linear",TRUE,"lenke__dummy_4",TRUE,TRUE,FALSE
"logistic",5,5,"correcao_colete_x_lenke__5",TRUE,"correcao_colete__linear",TRUE,"lenke__dummy_5",TRUE,TRUE,FALSE
"logistic",5,5,"correcao_colete_x_lenke__6",TRUE,"correcao_colete__linear",TRUE,"lenke__dummy_6",TRUE,TRUE,FALSE
"logistic",5,5,"idade_x_risser__1",TRUE,"idade__linear",TRUE,"risser__dummy_1",TRUE,TRUE,FALSE
"logistic",5,5,"idade_x_risser__2",TRUE,"idade__linear",TRUE,"risser__dummy_2",TRUE,TRUE,FALSE
"logistic",5,5,"idade_x_risser__3",TRUE,"idade__linear",TRUE,"risser__dummy_3",TRUE,TRUE,FALSE
"logistic",5,5,"idade_x_risser__4",TRUE,"idade__linear",TRUE,"risser__dummy_4",TRUE,TRUE,FALSE
"continuous",5,6,"correcao_colete_x_flexibilidade__rigido",TRUE,"correcao_colete__linear",TRUE,"flexibilidade__dummy_rigido",TRUE,TRUE,FALSE
"continuous",5,6,"correcao_colete_x_lenke__2",TRUE,"correcao_colete__linear",TRUE,"lenke__dummy_2",TRUE,TRUE,FALSE
"continuous",5,6,"correcao_colete_x_lenke__3",TRUE,"correcao_colete__linear",TRUE,"lenke__dummy_3",TRUE,TRUE,FALSE
"continuous",5,6,"correcao_colete_x_lenke__4",TRUE,"correcao_colete__linear",TRUE,"lenke__dummy_4",TRUE,TRUE,FALSE
"continuous",5,6,"correcao_colete_x_lenke__5",TRUE,"correcao_colete__linear",TRUE,"lenke__dummy_5",TRUE,TRUE,FALSE
"continuous",5,6,"correcao_colete_x_lenke__6",TRUE,"correcao_colete__linear",TRUE,"lenke__dummy_6",TRUE,TRUE,FALSE
"continuous",5,6,"idade_x_risser__1",TRUE,"idade__linear",TRUE,"risser__dummy_1",TRUE,TRUE,FALSE
"continuous",5,6,"idade_x_risser__2",TRUE,"idade__linear",TRUE,"risser__dummy_2",TRUE,TRUE,FALSE
"continuous",5,6,"idade_x_risser__3",TRUE,"idade__linear",TRUE,"risser__dummy_3",TRUE,TRUE,FALSE
"continuous",5,6,"idade_x_risser__4",TRUE,"idade__linear",TRUE,"risser__dummy_4",TRUE,TRUE,FALSE
"logistic",5,6,"correcao_colete_x_flexibilidade__rigido",TRUE,"correcao_colete__linear",TRUE,"flexibilidade__dummy_rigido",TRUE,TRUE,FALSE
"logistic",5,6,"correcao_colete_x_lenke__2",TRUE,"correcao_colete__linear",TRUE,"lenke__dummy_2",TRUE,TRUE,FALSE
"logistic",5,6,"correcao_colete_x_lenke__3",TRUE,"correcao_colete__linear",TRUE,"lenke__dummy_3",TRUE,TRUE,FALSE
"logistic",5,6,"correcao_colete_x_lenke__4",TRUE,"correcao_colete__linear",TRUE,"lenke__dummy_4",TRUE,TRUE,FALSE
"logistic",5,6,"correcao_colete_x_lenke__5",TRUE,"correcao_colete__linear",TRUE,"lenke__dummy_5",TRUE,TRUE,FALSE
"logistic",5,6,"correcao_colete_x_lenke__6",TRUE,"correcao_colete__linear",TRUE,"lenke__dummy_6",TRUE,TRUE,FALSE
"logistic",5,6,"idade_x_risser__1",TRUE,"idade__linear",TRUE,"risser__dummy_1",TRUE,TRUE,FALSE
"logistic",5,6,"idade_x_risser__2",TRUE,"idade__linear",TRUE,"risser__dummy_2",TRUE,TRUE,FALSE
"logistic",5,6,"idade_x_risser__3",TRUE,"idade__linear",TRUE,"risser__dummy_3",TRUE,TRUE,FALSE
"logistic",5,6,"idade_x_risser__4",TRUE,"idade__linear",TRUE,"risser__dummy_4",TRUE,TRUE,FALSE
"continuous",5,7,"correcao_colete_x_flexibilidade__rigido",TRUE,"correcao_colete__linear",TRUE,"flexibilidade__dummy_rigido",TRUE,TRUE,FALSE
"continuous",5,7,"correcao_colete_x_lenke__2",TRUE,"correcao_colete__linear",TRUE,"lenke__dummy_2",TRUE,TRUE,FALSE
"continuous",5,7,"correcao_colete_x_lenke__3",TRUE,"correcao_colete__linear",TRUE,"lenke__dummy_3",TRUE,TRUE,FALSE
"continuous",5,7,"correcao_colete_x_lenke__4",TRUE,"correcao_colete__linear",TRUE,"lenke__dummy_4",TRUE,TRUE,FALSE
"continuous",5,7,"correcao_colete_x_lenke__5",TRUE,"correcao_colete__linear",TRUE,"lenke__dummy_5",TRUE,TRUE,FALSE
"continuous",5,7,"correcao_colete_x_lenke__6",TRUE,"correcao_colete__linear",TRUE,"lenke__dummy_6",TRUE,TRUE,FALSE
"continuous",5,7,"idade_x_risser__1",TRUE,"idade__linear",TRUE,"risser__dummy_1",TRUE,TRUE,FALSE
"continuous",5,7,"idade_x_risser__2",TRUE,"idade__linear",TRUE,"risser__dummy_2",TRUE,TRUE,FALSE
"continuous",5,7,"idade_x_risser__3",TRUE,"idade__linear",TRUE,"risser__dummy_3",TRUE,TRUE,FALSE
"continuous",5,7,"idade_x_risser__4",TRUE,"idade__linear",TRUE,"risser__dummy_4",TRUE,TRUE,FALSE
"logistic",5,7,"correcao_colete_x_flexibilidade__rigido",TRUE,"correcao_colete__linear",TRUE,"flexibilidade__dummy_rigido",TRUE,TRUE,FALSE
"logistic",5,7,"correcao_colete_x_lenke__2",TRUE,"correcao_colete__linear",TRUE,"lenke__dummy_2",TRUE,TRUE,FALSE
"logistic",5,7,"correcao_colete_x_lenke__3",TRUE,"correcao_colete__linear",TRUE,"lenke__dummy_3",TRUE,TRUE,FALSE
"logistic",5,7,"correcao_colete_x_lenke__4",TRUE,"correcao_colete__linear",TRUE,"lenke__dummy_4",TRUE,TRUE,FALSE
"logistic",5,7,"correcao_colete_x_lenke__5",TRUE,"correcao_colete__linear",TRUE,"lenke__dummy_5",TRUE,TRUE,FALSE
"logistic",5,7,"correcao_colete_x_lenke__6",TRUE,"correcao_colete__linear",TRUE,"lenke__dummy_6",TRUE,TRUE,FALSE
"logistic",5,7,"idade_x_risser__1",TRUE,"idade__linear",TRUE,"risser__dummy_1",TRUE,TRUE,FALSE
"logistic",5,7,"idade_x_risser__2",TRUE,"idade__linear",TRUE,"risser__dummy_2",TRUE,TRUE,FALSE
"logistic",5,7,"idade_x_risser__3",TRUE,"idade__linear",TRUE,"risser__dummy_3",TRUE,TRUE,FALSE
"logistic",5,7,"idade_x_risser__4",TRUE,"idade__linear",TRUE,"risser__dummy_4",TRUE,TRUE,FALSE
"continuous",5,8,"correcao_colete_x_flexibilidade__rigido",TRUE,"correcao_colete__linear",TRUE,"flexibilidade__dummy_rigido",TRUE,TRUE,FALSE
"continuous",5,8,"correcao_colete_x_lenke__2",TRUE,"correcao_colete__linear",TRUE,"lenke__dummy_2",TRUE,TRUE,FALSE
"continuous",5,8,"correcao_colete_x_lenke__3",TRUE,"correcao_colete__linear",TRUE,"lenke__dummy_3",TRUE,TRUE,FALSE
"continuous",5,8,"correcao_colete_x_lenke__4",TRUE,"correcao_colete__linear",TRUE,"lenke__dummy_4",TRUE,TRUE,FALSE
"continuous",5,8,"correcao_colete_x_lenke__5",TRUE,"correcao_colete__linear",TRUE,"lenke__dummy_5",TRUE,TRUE,FALSE
"continuous",5,8,"correcao_colete_x_lenke__6",TRUE,"correcao_colete__linear",TRUE,"lenke__dummy_6",TRUE,TRUE,FALSE
"continuous",5,8,"idade_x_risser__1",TRUE,"idade__linear",TRUE,"risser__dummy_1",TRUE,TRUE,FALSE
"continuous",5,8,"idade_x_risser__2",TRUE,"idade__linear",TRUE,"risser__dummy_2",TRUE,TRUE,FALSE
"continuous",5,8,"idade_x_risser__3",TRUE,"idade__linear",TRUE,"risser__dummy_3",TRUE,TRUE,FALSE
"continuous",5,8,"idade_x_risser__4",TRUE,"idade__linear",TRUE,"risser__dummy_4",TRUE,TRUE,FALSE
"logistic",5,8,"correcao_colete_x_flexibilidade__rigido",TRUE,"correcao_colete__linear",TRUE,"flexibilidade__dummy_rigido",TRUE,TRUE,FALSE
"logistic",5,8,"correcao_colete_x_lenke__2",TRUE,"correcao_colete__linear",TRUE,"lenke__dummy_2",TRUE,TRUE,FALSE
"logistic",5,8,"correcao_colete_x_lenke__3",TRUE,"correcao_colete__linear",TRUE,"lenke__dummy_3",TRUE,TRUE,FALSE
"logistic",5,8,"correcao_colete_x_lenke__4",TRUE,"correcao_colete__linear",TRUE,"lenke__dummy_4",TRUE,TRUE,FALSE
"logistic",5,8,"correcao_colete_x_lenke__5",TRUE,"correcao_colete__linear",TRUE,"lenke__dummy_5",TRUE,TRUE,FALSE
"logistic",5,8,"correcao_colete_x_lenke__6",TRUE,"correcao_colete__linear",TRUE,"lenke__dummy_6",TRUE,TRUE,FALSE
"logistic",5,8,"idade_x_risser__1",TRUE,"idade__linear",TRUE,"risser__dummy_1",TRUE,TRUE,FALSE
"logistic",5,8,"idade_x_risser__2",TRUE,"idade__linear",TRUE,"risser__dummy_2",TRUE,TRUE,FALSE
"logistic",5,8,"idade_x_risser__3",TRUE,"idade__linear",TRUE,"risser__dummy_3",TRUE,TRUE,FALSE
"logistic",5,8,"idade_x_risser__4",TRUE,"idade__linear",TRUE,"risser__dummy_4",TRUE,TRUE,FALSE
"continuous",5,9,"correcao_colete_x_flexibilidade__rigido",TRUE,"correcao_colete__linear",TRUE,"flexibilidade__dummy_rigido",TRUE,TRUE,FALSE
"continuous",5,9,"correcao_colete_x_lenke__2",TRUE,"correcao_colete__linear",TRUE,"lenke__dummy_2",TRUE,TRUE,FALSE
"continuous",5,9,"correcao_colete_x_lenke__3",TRUE,"correcao_colete__linear",TRUE,"lenke__dummy_3",TRUE,TRUE,FALSE
"continuous",5,9,"correcao_colete_x_lenke__4",TRUE,"correcao_colete__linear",TRUE,"lenke__dummy_4",TRUE,TRUE,FALSE
"continuous",5,9,"correcao_colete_x_lenke__5",TRUE,"correcao_colete__linear",TRUE,"lenke__dummy_5",TRUE,TRUE,FALSE
"continuous",5,9,"correcao_colete_x_lenke__6",TRUE,"correcao_colete__linear",TRUE,"lenke__dummy_6",TRUE,TRUE,FALSE
"continuous",5,9,"idade_x_risser__1",TRUE,"idade__linear",TRUE,"risser__dummy_1",TRUE,TRUE,FALSE
"continuous",5,9,"idade_x_risser__2",TRUE,"idade__linear",TRUE,"risser__dummy_2",TRUE,TRUE,FALSE
"continuous",5,9,"idade_x_risser__3",TRUE,"idade__linear",TRUE,"risser__dummy_3",TRUE,TRUE,FALSE
"continuous",5,9,"idade_x_risser__4",TRUE,"idade__linear",TRUE,"risser__dummy_4",TRUE,TRUE,FALSE
"logistic",5,9,"correcao_colete_x_flexibilidade__rigido",TRUE,"correcao_colete__linear",TRUE,"flexibilidade__dummy_rigido",TRUE,TRUE,FALSE
"logistic",5,9,"correcao_colete_x_lenke__2",TRUE,"correcao_colete__linear",TRUE,"lenke__dummy_2",TRUE,TRUE,FALSE
"logistic",5,9,"correcao_colete_x_lenke__3",TRUE,"correcao_colete__linear",TRUE,"lenke__dummy_3",TRUE,TRUE,FALSE
"logistic",5,9,"correcao_colete_x_lenke__4",TRUE,"correcao_colete__linear",TRUE,"lenke__dummy_4",TRUE,TRUE,FALSE
"logistic",5,9,"correcao_colete_x_lenke__5",TRUE,"correcao_colete__linear",TRUE,"lenke__dummy_5",TRUE,TRUE,FALSE
"logistic",5,9,"correcao_colete_x_lenke__6",TRUE,"correcao_colete__linear",TRUE,"lenke__dummy_6",TRUE,TRUE,FALSE
"logistic",5,9,"idade_x_risser__1",TRUE,"idade__linear",TRUE,"risser__dummy_1",TRUE,TRUE,FALSE
"logistic",5,9,"idade_x_risser__2",TRUE,"idade__linear",TRUE,"risser__dummy_2",TRUE,TRUE,FALSE
"logistic",5,9,"idade_x_risser__3",TRUE,"idade__linear",TRUE,"risser__dummy_3",TRUE,TRUE,FALSE
"logistic",5,9,"idade_x_risser__4",TRUE,"idade__linear",TRUE,"risser__dummy_4",TRUE,TRUE,FALSE
"continuous",5,10,"correcao_colete_x_flexibilidade__rigido",TRUE,"correcao_colete__linear",TRUE,"flexibilidade__dummy_rigido",TRUE,TRUE,FALSE
"continuous",5,10,"correcao_colete_x_lenke__2",TRUE,"correcao_colete__linear",TRUE,"lenke__dummy_2",TRUE,TRUE,FALSE
"continuous",5,10,"correcao_colete_x_lenke__3",TRUE,"correcao_colete__linear",TRUE,"lenke__dummy_3",TRUE,TRUE,FALSE
"continuous",5,10,"correcao_colete_x_lenke__4",TRUE,"correcao_colete__linear",TRUE,"lenke__dummy_4",TRUE,TRUE,FALSE
"continuous",5,10,"correcao_colete_x_lenke__5",TRUE,"correcao_colete__linear",TRUE,"lenke__dummy_5",TRUE,TRUE,FALSE
"continuous",5,10,"correcao_colete_x_lenke__6",TRUE,"correcao_colete__linear",TRUE,"lenke__dummy_6",TRUE,TRUE,FALSE
"continuous",5,10,"idade_x_risser__1",TRUE,"idade__linear",TRUE,"risser__dummy_1",TRUE,TRUE,FALSE
"continuous",5,10,"idade_x_risser__2",TRUE,"idade__linear",TRUE,"risser__dummy_2",TRUE,TRUE,FALSE
"continuous",5,10,"idade_x_risser__3",TRUE,"idade__linear",TRUE,"risser__dummy_3",TRUE,TRUE,FALSE
"continuous",5,10,"idade_x_risser__4",TRUE,"idade__linear",TRUE,"risser__dummy_4",TRUE,TRUE,FALSE
"logistic",5,10,"correcao_colete_x_flexibilidade__rigido",TRUE,"correcao_colete__linear",TRUE,"flexibilidade__dummy_rigido",TRUE,TRUE,FALSE
"logistic",5,10,"correcao_colete_x_lenke__2",TRUE,"correcao_colete__linear",TRUE,"lenke__dummy_2",TRUE,TRUE,FALSE
"logistic",5,10,"correcao_colete_x_lenke__3",TRUE,"correcao_colete__linear",TRUE,"lenke__dummy_3",TRUE,TRUE,FALSE
"logistic",5,10,"correcao_colete_x_lenke__4",TRUE,"correcao_colete__linear",TRUE,"lenke__dummy_4",TRUE,TRUE,FALSE
"logistic",5,10,"correcao_colete_x_lenke__5",TRUE,"correcao_colete__linear",TRUE,"lenke__dummy_5",TRUE,TRUE,FALSE
"logistic",5,10,"correcao_colete_x_lenke__6",TRUE,"correcao_colete__linear",TRUE,"lenke__dummy_6",TRUE,TRUE,FALSE
"logistic",5,10,"idade_x_risser__1",TRUE,"idade__linear",TRUE,"risser__dummy_1",TRUE,TRUE,FALSE
"logistic",5,10,"idade_x_risser__2",TRUE,"idade__linear",TRUE,"risser__dummy_2",TRUE,TRUE,FALSE
"logistic",5,10,"idade_x_risser__3",TRUE,"idade__linear",TRUE,"risser__dummy_3",TRUE,TRUE,FALSE
"logistic",5,10,"idade_x_risser__4",TRUE,"idade__linear",TRUE,"risser__dummy_4",TRUE,TRUE,FALSE
