"family","scope","repeat_id","outer_fold","config_id","alpha","lambda_fraction","mean_metric","sd_metric","se_metric","n_valid","n_converged","failure_reasons","n_failed","one_se_threshold","eligible_one_se","selected_one_se"
"continuous","outer",1,1,1,0,1,5.32384092772272,0.326567558374544,0.146045451954322,5,5,"none",0,4.31898002522117,FALSE,FALSE
"continuous","outer",1,1,2,0.25,1,5.44598973136985,0.327859736400353,0.14662333153527,5,5,"none",0,4.31898002522117,FALSE,FALSE
"continuous","outer",1,1,3,0.5,1,5.44598973136985,0.327859736400353,0.14662333153527,5,5,"none",0,4.31898002522117,FALSE,FALSE
"continuous","outer",1,1,4,0.75,1,5.44598973136985,0.327859736400353,0.14662333153527,5,5,"none",0,4.31898002522117,FALSE,FALSE
"continuous","outer",1,1,5,1,1,5.44598973136985,0.327859736400353,0.14662333153527,5,5,"none",0,4.31898002522117,FALSE,FALSE
"continuous","outer",1,1,6,0,0.1,4.75573882773534,0.310734917775901,0.138964879825945,5,5,"none",0,4.31898002522117,FALSE,FALSE
"continuous","outer",1,1,7,0.25,0.1,5.21854958426704,0.337990439051137,0.151153919492668,5,5,"none",0,4.31898002522117,FALSE,FALSE
"continuous","outer",1,1,8,0.5,0.1,5.44598973136985,0.327859736400353,0.14662333153527,5,5,"none",0,4.31898002522117,FALSE,FALSE
"continuous","outer",1,1,9,0.75,0.1,5.44598973136985,0.327859736400353,0.14662333153527,5,5,"none",0,4.31898002522117,FALSE,FALSE
"continuous","outer",1,1,10,1,0.1,5.44598973136985,0.327859736400353,0.14662333153527,5,5,"none",0,4.31898002522117,FALSE,FALSE
"continuous","outer",1,1,11,0,0.01,4.23818791551634,0.180656649345638,0.0807921097048381,5,5,"none",0,4.31898002522117,TRUE,TRUE
"continuous","outer",1,1,12,0.25,0.01,4.29630232202402,0.228577650570933,0.10222303296276,5,5,"none",0,4.31898002522117,TRUE,FALSE
"continuous","outer",1,1,13,0.5,0.01,4.366824929043,0.293168186601965,0.131108798816467,5,5,"none",0,4.31898002522117,FALSE,FALSE
"continuous","outer",1,1,14,0.75,0.01,4.43729996949436,0.342684120541994,0.153252997668326,5,5,"none",0,4.31898002522117,FALSE,FALSE
"continuous","outer",1,1,15,1,0.01,4.52268869130265,0.346851529050072,0.155116719411141,5,5,"none",0,4.31898002522117,FALSE,FALSE
"continuous","outer",1,1,16,0,0.001,4.26315441562837,0.13637161679522,0.0609872410711326,5,5,"none",0,4.31898002522117,TRUE,FALSE
"continuous","outer",1,1,17,0.25,0.001,4.25448327476937,0.129309042397335,0.0578287617811688,5,5,"none",0,4.31898002522117,TRUE,FALSE
"continuous","outer",1,1,18,0.5,0.001,4.25261907225319,0.126623295200529,0.0566276591206811,5,5,"none",0,4.31898002522117,TRUE,FALSE
"continuous","outer",1,1,19,0.75,0.001,,,,1,1,"kkt_not_met",4,4.31898002522117,FALSE,FALSE
"continuous","outer",1,1,20,1,0.001,4.25785921329982,0.129415644547275,0.0578764357119313,5,5,"none",0,4.31898002522117,TRUE,FALSE
"logistic","outer",1,1,1,0,1,0.6467915296787,0.00757619563940293,0.00338817769210849,5,5,"none",0,0.491578719283226,FALSE,FALSE
"logistic","outer",1,1,2,0.25,1,0.692679840605181,0.000154558200041579,0.0000691205283545962,5,5,"none",0,0.491578719283226,FALSE,FALSE
"logistic","outer",1,1,3,0.5,1,0.692679840605181,0.000154558200041579,0.0000691205283545962,5,5,"none",0,0.491578719283226,FALSE,FALSE
"logistic","outer",1,1,4,0.75,1,0.692679840605181,0.000154558200041579,0.0000691205283545962,5,5,"none",0,0.491578719283226,FALSE,FALSE
"logistic","outer",1,1,5,1,1,0.692679840605181,0.000154558200041579,0.0000691205283545962,5,5,"none",0,0.491578719283226,FALSE,FALSE
"logistic","outer",1,1,6,0,0.1,0.53699407301989,0.0207324243755024,0.00927182204839938,5,5,"none",0,0.491578719283226,FALSE,FALSE
"logistic","outer",1,1,7,0.25,0.1,0.623099188562308,0.0143004467159206,0.00639535419308241,5,5,"none",0,0.491578719283226,FALSE,FALSE
"logistic","outer",1,1,8,0.5,0.1,0.692679840605181,0.000154558200041579,0.0000691205283545962,5,5,"none",0,0.491578719283226,FALSE,FALSE
"logistic","outer",1,1,9,0.75,0.1,0.692679840605181,0.000154558200041579,0.0000691205283545962,5,5,"none",0,0.491578719283226,FALSE,FALSE
"logistic","outer",1,1,10,1,0.1,0.692679840605181,0.000154558200041579,0.0000691205283545962,5,5,"none",0,0.491578719283226,FALSE,FALSE
"logistic","outer",1,1,11,0,0.01,0.484263058507186,0.0163583147955542,0.00731566077603996,5,5,"none",0,0.491578719283226,TRUE,TRUE
"logistic","outer",1,1,12,0.25,0.01,0.492146933958838,0.0297104925268837,0.0132869361870223,5,5,"none",0,0.491578719283226,FALSE,FALSE
"logistic","outer",1,1,13,0.5,0.01,0.510841834087745,0.0395180964219667,0.0176730299881818,5,5,"none",0,0.491578719283226,FALSE,FALSE
"logistic","outer",1,1,14,0.75,0.01,0.526542926761823,0.0426842878570242,0.019088993843895,5,5,"none",0,0.491578719283226,FALSE,FALSE
"logistic","outer",1,1,15,1,0.01,0.535405350977886,0.0433358924287702,0.0193804002672697,5,5,"none",0,0.491578719283226,FALSE,FALSE
"logistic","outer",1,1,16,0,0.001,0.501103037291911,0.0380115087814112,0.0169992635125131,5,5,"none",0,0.491578719283226,FALSE,FALSE
"logistic","outer",1,1,17,0.25,0.001,0.497273412670348,0.033102489962861,0.0148038835562923,5,5,"none",0,0.491578719283226,FALSE,FALSE
"logistic","outer",1,1,18,0.5,0.001,0.494565892632919,0.0284616492391838,0.012728436490114,5,5,"none",0,0.491578719283226,FALSE,FALSE
"logistic","outer",1,1,19,0.75,0.001,0.491277386083522,0.0252904501415704,0.0113102331396241,5,5,"none",0,0.491578719283226,TRUE,FALSE
"logistic","outer",1,1,20,1,0.001,0.48819809031561,0.0233095612666167,0.0104243527035702,5,5,"none",0,0.491578719283226,TRUE,FALSE
"continuous","outer",1,2,1,0,1,5.24062131365059,0.432400247226962,0.19337526925744,5,5,"none",0,4.20519685065861,FALSE,FALSE
"continuous","outer",1,2,2,0.25,1,5.35898423412651,0.44324615270701,0.198225705643625,5,5,"none",0,4.20519685065861,FALSE,FALSE
"continuous","outer",1,2,3,0.5,1,5.35898423412651,0.44324615270701,0.198225705643625,5,5,"none",0,4.20519685065861,FALSE,FALSE
"continuous","outer",1,2,4,0.75,1,5.35898423412651,0.44324615270701,0.198225705643625,5,5,"none",0,4.20519685065861,FALSE,FALSE
"continuous","outer",1,2,5,1,1,5.35898423412651,0.44324615270701,0.198225705643625,5,5,"none",0,4.20519685065861,FALSE,FALSE
"continuous","outer",1,2,6,0,0.1,4.70176882388464,0.376740453782302,0.168483452906269,5,5,"none",0,4.20519685065861,FALSE,FALSE
"continuous","outer",1,2,7,0.25,0.1,5.13992092481583,0.425534855693589,0.190304972825286,5,5,"none",0,4.20519685065861,FALSE,FALSE
"continuous","outer",1,2,8,0.5,0.1,5.35898423412651,0.443246152707009,0.198225705643625,5,5,"none",0,4.20519685065861,FALSE,FALSE
"continuous","outer",1,2,9,0.75,0.1,5.35898423412651,0.443246152707009,0.198225705643625,5,5,"none",0,4.20519685065861,FALSE,FALSE
"continuous","outer",1,2,10,1,0.1,5.35898423412651,0.443246152707009,0.198225705643625,5,5,"none",0,4.20519685065861,FALSE,FALSE
"continuous","outer",1,2,11,0,0.01,4.18830141767948,0.251425189665585,0.112440763069605,5,5,"none",0,4.20519685065861,TRUE,TRUE
"continuous","outer",1,2,12,0.25,0.01,4.24430202550455,0.279698119920069,0.125084801864033,5,5,"none",0,4.20519685065861,FALSE,FALSE
"continuous","outer",1,2,13,0.5,0.01,4.319897415374,0.299475732731615,0.13392961919989,5,5,"none",0,4.20519685065861,FALSE,FALSE
"continuous","outer",1,2,14,0.75,0.01,4.39790860670922,0.321250014286213,0.14366737394335,5,5,"none",0,4.20519685065861,FALSE,FALSE
"continuous","outer",1,2,15,1,0.01,4.48522015677289,0.3383366702047,0.151308758771728,5,5,"none",0,4.20519685065861,FALSE,FALSE
"continuous","outer",1,2,16,0,0.001,4.12891726925316,0.170566329317819,0.0762795814054517,5,5,"none",0,4.20519685065861,TRUE,FALSE
"continuous","outer",1,2,17,0.25,0.001,4.13015679783122,0.176979974935334,0.079147850922323,5,5,"none",0,4.20519685065861,TRUE,FALSE
"continuous","outer",1,2,18,0.5,0.001,4.13191310902601,0.181881499462775,0.0813398793296711,5,5,"none",0,4.20519685065861,TRUE,FALSE
"continuous","outer",1,2,19,0.75,0.001,,,,0,0,"kkt_not_met",5,4.20519685065861,FALSE,FALSE
"continuous","outer",1,2,20,1,0.001,,,,4,4,"kkt_not_met",1,4.20519685065861,FALSE,FALSE
"logistic","outer",1,2,1,0,1,0.645478542414329,0.00710622679523347,0.0031780012355345,5,5,"none",0,0.465823435740627,FALSE,FALSE
"logistic","outer",1,2,2,0.25,1,0.692679840605181,0.000154558200041579,0.0000691205283545962,5,5,"none",0,0.465823435740627,FALSE,FALSE
"logistic","outer",1,2,3,0.5,1,0.692679840605181,0.000154558200041579,0.0000691205283545962,5,5,"none",0,0.465823435740627,FALSE,FALSE
"logistic","outer",1,2,4,0.75,1,0.692679840605181,0.000154558200041579,0.0000691205283545962,5,5,"none",0,0.465823435740627,FALSE,FALSE
"logistic","outer",1,2,5,1,1,0.692679840605181,0.000154558200041579,0.0000691205283545962,5,5,"none",0,0.465823435740627,FALSE,FALSE
"logistic","outer",1,2,6,0,0.1,0.527807883362727,0.0231481877658204,0.0103521842800607,5,5,"none",0,0.465823435740627,FALSE,FALSE
"logistic","outer",1,2,7,0.25,0.1,0.618480375332704,0.0123280451765645,0.00551326940889732,5,5,"none",0,0.465823435740627,FALSE,FALSE
"logistic","outer",1,2,8,0.5,0.1,0.692679840605181,0.000154558200041579,0.0000691205283545962,5,5,"none",0,0.465823435740627,FALSE,FALSE
"logistic","outer",1,2,9,0.75,0.1,0.692679840605181,0.000154558200041579,0.0000691205283545962,5,5,"none",0,0.465823435740627,FALSE,FALSE
"logistic","outer",1,2,10,1,0.1,0.692679840605181,0.000154558200041579,0.0000691205283545962,5,5,"none",0,0.465823435740627,FALSE,FALSE
"logistic","outer",1,2,11,0,0.01,0.456886918490502,0.0331398093921842,0.014820573312462,5,5,"none",0,0.465823435740627,TRUE,TRUE
"logistic","outer",1,2,12,0.25,0.01,0.474277323249808,0.0344795060154827,0.0154197038562464,5,5,"none",0,0.465823435740627,FALSE,FALSE
"logistic","outer",1,2,13,0.5,0.01,0.495230671116487,0.0350495863578992,0.0156746515359024,5,5,"none",0,0.465823435740627,FALSE,FALSE
"logistic","outer",1,2,14,0.75,0.01,0.512095795334337,0.0356682612802857,0.0159513313723885,5,5,"none",0,0.465823435740627,FALSE,FALSE
"logistic","outer",1,2,15,1,0.01,0.520819257071342,0.033504259404249,0.0149835603127375,5,5,"none",0,0.465823435740627,FALSE,FALSE
"logistic","outer",1,2,16,0,0.001,0.458130538684637,0.0323642552525144,0.0144737349571553,5,5,"none",0,0.465823435740627,TRUE,FALSE
"logistic","outer",1,2,17,0.25,0.001,0.45601018126529,0.0316018198412075,0.0141327634755283,5,5,"none",0,0.465823435740627,TRUE,FALSE
"logistic","outer",1,2,18,0.5,0.001,0.45395702245449,0.0323765565674579,0.0144792362724406,5,5,"none",0,0.465823435740627,TRUE,FALSE
"logistic","outer",1,2,19,0.75,0.001,0.450967836401741,0.0341979925927326,0.0152938072262769,5,5,"none",0,0.465823435740627,TRUE,FALSE
"logistic","outer",1,2,20,1,0.001,0.449072188470666,0.037456927603542,0.0167512472699616,5,5,"none",0,0.465823435740627,TRUE,FALSE
"continuous","outer",1,3,1,0,1,5.28820224728334,0.545147928271473,0.243797565081639,5,5,"none",0,4.42475570913069,FALSE,FALSE
"continuous","outer",1,3,2,0.25,1,5.4069696901125,0.54951517134984,0.245750655561137,5,5,"none",0,4.42475570913069,FALSE,FALSE
"continuous","outer",1,3,3,0.5,1,5.4069696901125,0.54951517134984,0.245750655561137,5,5,"none",0,4.42475570913069,FALSE,FALSE
"continuous","outer",1,3,4,0.75,1,5.4069696901125,0.54951517134984,0.245750655561137,5,5,"none",0,4.42475570913069,FALSE,FALSE
"continuous","outer",1,3,5,1,1,5.4069696901125,0.54951517134984,0.245750655561137,5,5,"none",0,4.42475570913069,FALSE,FALSE
"continuous","outer",1,3,6,0,0.1,4.75412083229817,0.523970683619652,0.234326813358116,5,5,"none",0,4.42475570913069,FALSE,FALSE
"continuous","outer",1,3,7,0.25,0.1,5.19074278057643,0.537842914030408,0.240530663397714,5,5,"none",0,4.42475570913069,FALSE,FALSE
"continuous","outer",1,3,8,0.5,0.1,5.4069696901125,0.54951517134984,0.245750655561137,5,5,"none",0,4.42475570913069,FALSE,FALSE
"continuous","outer",1,3,9,0.75,0.1,5.4069696901125,0.54951517134984,0.245750655561137,5,5,"none",0,4.42475570913069,FALSE,FALSE
"continuous","outer",1,3,10,1,0.1,5.4069696901125,0.54951517134984,0.245750655561137,5,5,"none",0,4.42475570913069,FALSE,FALSE
"continuous","outer",1,3,11,0,0.01,4.27913130665292,0.466434807152523,0.208595987173009,5,5,"none",0,4.42475570913069,TRUE,TRUE
"continuous","outer",1,3,12,0.25,0.01,4.33320141487155,0.454496627386739,0.203257070876228,5,5,"none",0,4.42475570913069,TRUE,FALSE
"continuous","outer",1,3,13,0.5,0.01,4.40941623052527,0.449433975620258,0.200992984176976,5,5,"none",0,4.42475570913069,TRUE,FALSE
"continuous","outer",1,3,14,0.75,0.01,4.48536014867912,0.454785592209752,0.203386299873701,5,5,"none",0,4.42475570913069,FALSE,FALSE
"continuous","outer",1,3,15,1,0.01,4.52897004372639,0.470756028870216,0.210528496274331,5,5,"none",0,4.42475570913069,FALSE,FALSE
"continuous","outer",1,3,16,0,0.001,4.2367657782156,0.431757201577794,0.193087690500605,5,5,"none",0,4.42475570913069,TRUE,FALSE
"continuous","outer",1,3,17,0.25,0.001,4.23277266846205,0.432832845510238,0.193568733091111,5,5,"none",0,4.42475570913069,TRUE,FALSE
"continuous","outer",1,3,18,0.5,0.001,4.23104441559476,0.433151620355765,0.193711293535934,5,5,"none",0,4.42475570913069,TRUE,FALSE
"continuous","outer",1,3,19,0.75,0.001,,,,2,2,"kkt_not_met",3,4.42475570913069,FALSE,FALSE
"continuous","outer",1,3,20,1,0.001,4.23696850469044,0.431916100868398,0.193158752423679,5,5,"none",0,4.42475570913069,TRUE,FALSE
"logistic","outer",1,3,1,0,1,0.647250136936817,0.00499746787591097,0.00223493557718168,5,5,"none",0,0.502034220160663,FALSE,FALSE
"logistic","outer",1,3,2,0.25,1,0.692679840605181,0.000154558200041579,0.0000691205283545962,5,5,"none",0,0.502034220160663,FALSE,FALSE
"logistic","outer",1,3,3,0.5,1,0.692679840605181,0.000154558200041579,0.0000691205283545962,5,5,"none",0,0.502034220160663,FALSE,FALSE
"logistic","outer",1,3,4,0.75,1,0.692679840605181,0.000154558200041579,0.0000691205283545962,5,5,"none",0,0.502034220160663,FALSE,FALSE
"logistic","outer",1,3,5,1,1,0.692679840605181,0.000154558200041579,0.0000691205283545962,5,5,"none",0,0.502034220160663,FALSE,FALSE
"logistic","outer",1,3,6,0,0.1,0.539514478012613,0.0164807205231002,0.00737040228156558,5,5,"none",0,0.502034220160663,FALSE,FALSE
"logistic","outer",1,3,7,0.25,0.1,0.623136549624484,0.00983122099556491,0.00439665568958126,5,5,"none",0,0.502034220160663,FALSE,FALSE
"logistic","outer",1,3,8,0.5,0.1,0.692679840605181,0.000154558200041579,0.0000691205283545962,5,5,"none",0,0.502034220160663,FALSE,FALSE
"logistic","outer",1,3,9,0.75,0.1,0.692679840605181,0.000154558200041579,0.0000691205283545962,5,5,"none",0,0.502034220160663,FALSE,FALSE
"logistic","outer",1,3,10,1,0.1,0.692679840605181,0.000154558200041579,0.0000691205283545962,5,5,"none",0,0.502034220160663,FALSE,FALSE
"logistic","outer",1,3,11,0,0.01,0.485730311672239,0.0364566476790527,0.0163039084884244,5,5,"none",0,0.502034220160663,TRUE,TRUE
"logistic","outer",1,3,12,0.25,0.01,0.493180141768532,0.0278140458688284,0.0124388194583995,5,5,"none",0,0.502034220160663,TRUE,FALSE
"logistic","outer",1,3,13,0.5,0.01,0.510997944465012,0.0214187866390763,0.00957877258410778,5,5,"none",0,0.502034220160663,FALSE,FALSE
"logistic","outer",1,3,14,0.75,0.01,0.528508281955833,0.0195090761871668,0.00872472410654549,5,5,"none",0,0.502034220160663,FALSE,FALSE
"logistic","outer",1,3,15,1,0.01,0.536645020905072,0.0235286437416229,0.0105223293649287,5,5,"none",0,0.502034220160663,FALSE,FALSE
"logistic","outer",1,3,16,0,0.001,0.499145735265512,0.0620256078910586,0.0277386951180309,5,5,"none",0,0.502034220160663,TRUE,FALSE
"logistic","outer",1,3,17,0.25,0.001,0.494819925769421,0.0599431949918562,0.0268074117580631,5,5,"none",0,0.502034220160663,TRUE,FALSE
"logistic","outer",1,3,18,0.5,0.001,0.491327289552379,0.0580638286342368,0.0259669335720105,5,5,"none",0,0.502034220160663,TRUE,FALSE
"logistic","outer",1,3,19,0.75,0.001,0.488128510876505,0.0565395215484046,0.0252852427195094,5,5,"none",0,0.502034220160663,TRUE,FALSE
"logistic","outer",1,3,20,1,0.001,0.486226221584621,0.0545378467797181,0.0243900665491835,5,5,"none",0,0.502034220160663,TRUE,FALSE
"continuous","outer",1,4,1,0,1,5.14230386786754,0.276614822235332,0.123705909220445,5,5,"none",0,4.09057158814468,FALSE,FALSE
"continuous","outer",1,4,2,0.25,1,5.26040526404202,0.274465555825918,0.122744728061803,5,5,"none",0,4.09057158814468,FALSE,FALSE
"continuous","outer",1,4,3,0.5,1,5.26040526404202,0.274465555825918,0.122744728061803,5,5,"none",0,4.09057158814468,FALSE,FALSE
"continuous","outer",1,4,4,0.75,1,5.26040526404202,0.274465555825918,0.122744728061803,5,5,"none",0,4.09057158814468,FALSE,FALSE
"continuous","outer",1,4,5,1,1,5.26040526404202,0.274465555825918,0.122744728061803,5,5,"none",0,4.09057158814468,FALSE,FALSE
"continuous","outer",1,4,6,0,0.1,4.59939087460473,0.280490319215762,0.125439084159412,5,5,"none",0,4.09057158814468,FALSE,FALSE
"continuous","outer",1,4,7,0.25,0.1,5.03927263102565,0.274684196989054,0.122842507362494,5,5,"none",0,4.09057158814468,FALSE,FALSE
"continuous","outer",1,4,8,0.5,0.1,5.26040526404202,0.274465555825918,0.122744728061803,5,5,"none",0,4.09057158814468,FALSE,FALSE
"continuous","outer",1,4,9,0.75,0.1,5.26040526404202,0.274465555825918,0.122744728061803,5,5,"none",0,4.09057158814468,FALSE,FALSE
"continuous","outer",1,4,10,1,0.1,5.26040526404202,0.274465555825918,0.122744728061803,5,5,"none",0,4.09057158814468,FALSE,FALSE
"continuous","outer",1,4,11,0,0.01,4.05282363031731,0.229755177521633,0.102749639024181,5,5,"none",0,4.09057158814468,TRUE,TRUE
"continuous","outer",1,4,12,0.25,0.01,4.10282528638831,0.232563370150757,0.104005500946708,5,5,"none",0,4.09057158814468,FALSE,FALSE
"continuous","outer",1,4,13,0.5,0.01,4.17786938225988,0.24714857487097,0.110528202790737,5,5,"none",0,4.09057158814468,FALSE,FALSE
"continuous","outer",1,4,14,0.75,0.01,4.26695687195394,0.268164676899939,0.119926889342506,5,5,"none",0,4.09057158814468,FALSE,FALSE
"continuous","outer",1,4,15,1,0.01,4.35941218456815,0.273072908580333,0.122121917279842,5,5,"none",0,4.09057158814468,FALSE,FALSE
"continuous","outer",1,4,16,0,0.001,4.00198272910659,0.218893515843322,0.0978921562519188,5,5,"none",0,4.09057158814468,TRUE,FALSE
"continuous","outer",1,4,17,0.25,0.001,4.00011435484102,0.222573896486457,0.0995380725121441,5,5,"none",0,4.09057158814468,TRUE,FALSE
"continuous","outer",1,4,18,0.5,0.001,3.99662065850525,0.223208468445819,0.0998218617196938,5,5,"none",0,4.09057158814468,TRUE,FALSE
"continuous","outer",1,4,19,0.75,0.001,,,,3,3,"kkt_not_met",2,4.09057158814468,FALSE,FALSE
"continuous","outer",1,4,20,1,0.001,3.99278215891638,0.218663811235391,0.0977894292283033,5,5,"none",0,4.09057158814468,TRUE,FALSE
"logistic","outer",1,4,1,0,1,0.647624655350061,0.00331624598224537,0.00148307028928224,5,5,"none",0,0.489010670515903,FALSE,FALSE
"logistic","outer",1,4,2,0.25,1,0.692679840605181,0.000154558200041579,0.0000691205283545962,5,5,"none",0,0.489010670515903,FALSE,FALSE
"logistic","outer",1,4,3,0.5,1,0.692679840605181,0.000154558200041579,0.0000691205283545962,5,5,"none",0,0.489010670515903,FALSE,FALSE
"logistic","outer",1,4,4,0.75,1,0.692679840605181,0.000154558200041579,0.0000691205283545962,5,5,"none",0,0.489010670515903,FALSE,FALSE
"logistic","outer",1,4,5,1,1,0.692679840605181,0.000154558200041579,0.0000691205283545962,5,5,"none",0,0.489010670515903,FALSE,FALSE
"logistic","outer",1,4,6,0,0.1,0.537420991061839,0.0129893950892422,0.00580903408122949,5,5,"none",0,0.489010670515903,FALSE,FALSE
"logistic","outer",1,4,7,0.25,0.1,0.622795168849328,0.00677390705466338,0.00302938332949854,5,5,"none",0,0.489010670515903,FALSE,FALSE
"logistic","outer",1,4,8,0.5,0.1,0.692679840605181,0.000154558200041579,0.0000691205283545962,5,5,"none",0,0.489010670515903,FALSE,FALSE
"logistic","outer",1,4,9,0.75,0.1,0.692679840605181,0.000154558200041579,0.0000691205283545962,5,5,"none",0,0.489010670515903,FALSE,FALSE
"logistic","outer",1,4,10,1,0.1,0.692679840605181,0.000154558200041579,0.0000691205283545962,5,5,"none",0,0.489010670515903,FALSE,FALSE
"logistic","outer",1,4,11,0,0.01,0.477656205479655,0.0253893556691931,0.0113544650362471,5,5,"none",0,0.489010670515903,TRUE,TRUE
"logistic","outer",1,4,12,0.25,0.01,0.489855129555464,0.023231210420591,0.0103893131400086,5,5,"none",0,0.489010670515903,FALSE,FALSE
"logistic","outer",1,4,13,0.5,0.01,0.506336815807762,0.0276398098798778,0.0123608987553154,5,5,"none",0,0.489010670515903,FALSE,FALSE
"logistic","outer",1,4,14,0.75,0.01,0.521008422660328,0.0250432385020958,0.0111996767334852,5,5,"none",0,0.489010670515903,FALSE,FALSE
"logistic","outer",1,4,15,1,0.01,0.530023888671222,0.0231366706600677,0.0103470336737873,5,5,"none",0,0.489010670515903,FALSE,FALSE
"logistic","outer",1,4,16,0,0.001,0.488494759777206,0.0452688786263261,0.0202448579747305,5,5,"none",0,0.489010670515903,TRUE,FALSE
"logistic","outer",1,4,17,0.25,0.001,0.484646535825635,0.0422473574107548,0.0188935926080355,5,5,"none",0,0.489010670515903,TRUE,FALSE
"logistic","outer",1,4,18,0.5,0.001,0.482469362701866,0.0405003102524989,0.0181122893668839,5,5,"none",0,0.489010670515903,TRUE,FALSE
"logistic","outer",1,4,19,0.75,0.001,0.481811619104454,0.037798963493316,0.0169042103700175,5,5,"none",0,0.489010670515903,TRUE,FALSE
"logistic","outer",1,4,20,1,0.001,0.48141562946405,0.0348406403662925,0.0155812080477307,5,5,"none",0,0.489010670515903,TRUE,FALSE
"continuous","outer",1,5,1,0,1,5.091190424925,0.415744092547193,0.185926410435898,5,5,"none",0,4.3262760312126,FALSE,FALSE
"continuous","outer",1,5,2,0.25,1,5.19926958919078,0.426738886874927,0.190843431938986,5,5,"none",0,4.3262760312126,FALSE,FALSE
"continuous","outer",1,5,3,0.5,1,5.19926958919078,0.426738886874927,0.190843431938986,5,5,"none",0,4.3262760312126,FALSE,FALSE
"continuous","outer",1,5,4,0.75,1,5.19926958919078,0.426738886874927,0.190843431938986,5,5,"none",0,4.3262760312126,FALSE,FALSE
"continuous","outer",1,5,5,1,1,5.19926958919078,0.426738886874927,0.190843431938986,5,5,"none",0,4.3262760312126,FALSE,FALSE
"continuous","outer",1,5,6,0,0.1,4.61094681526217,0.354320539012278,0.158456962211164,5,5,"none",0,4.3262760312126,FALSE,FALSE
"continuous","outer",1,5,7,0.25,0.1,5.00277049508243,0.397071014378655,0.177575556009094,5,5,"none",0,4.3262760312126,FALSE,FALSE
"continuous","outer",1,5,8,0.5,0.1,5.19926958919078,0.426738886874927,0.190843431938986,5,5,"none",0,4.3262760312126,FALSE,FALSE
"continuous","outer",1,5,9,0.75,0.1,5.19926958919078,0.426738886874927,0.190843431938986,5,5,"none",0,4.3262760312126,FALSE,FALSE
"continuous","outer",1,5,10,1,0.1,5.19926958919078,0.426738886874927,0.190843431938986,5,5,"none",0,4.3262760312126,FALSE,FALSE
"continuous","outer",1,5,11,0,0.01,4.21669905700388,0.24502156309944,0.10957697420872,5,5,"none",0,4.3262760312126,TRUE,TRUE
"continuous","outer",1,5,12,0.25,0.01,4.2468535353354,0.27074707227301,0.1210817716623,5,5,"none",0,4.3262760312126,TRUE,FALSE
"continuous","outer",1,5,13,0.5,0.01,4.2871536050154,0.31465219043199,0.140716737415028,5,5,"none",0,4.3262760312126,TRUE,FALSE
"continuous","outer",1,5,14,0.75,0.01,4.35816005808487,0.33067774720698,0.14788358428026,5,5,"none",0,4.3262760312126,FALSE,FALSE
"continuous","outer",1,5,15,1,0.01,4.42105325077576,0.333805332070539,0.149282282752323,5,5,"none",0,4.3262760312126,FALSE,FALSE
"continuous","outer",1,5,16,0,0.001,4.23401962696913,0.202219087459595,0.090435125181526,5,5,"none",0,4.3262760312126,TRUE,FALSE
"continuous","outer",1,5,17,0.25,0.001,4.22710041338241,0.203706134012855,0.0911001526172852,5,5,"none",0,4.3262760312126,TRUE,FALSE
"continuous","outer",1,5,18,0.5,0.001,4.22414373401789,0.205398881988435,0.0918571725257194,5,5,"none",0,4.3262760312126,TRUE,FALSE
"continuous","outer",1,5,19,0.75,0.001,,,,3,3,"kkt_not_met",2,4.3262760312126,FALSE,FALSE
"continuous","outer",1,5,20,1,0.001,,,,4,4,"kkt_not_met",1,4.3262760312126,FALSE,FALSE
"logistic","outer",1,5,1,0,1,0.648680349445652,0.00849966557804805,0.0038011660037061,5,5,"none",0,0.519904679549637,FALSE,FALSE
"logistic","outer",1,5,2,0.25,1,0.692679840605181,0.000154558200041579,0.0000691205283545962,5,5,"none",0,0.519904679549637,FALSE,FALSE
"logistic","outer",1,5,3,0.5,1,0.692679840605181,0.000154558200041579,0.0000691205283545962,5,5,"none",0,0.519904679549637,FALSE,FALSE
"logistic","outer",1,5,4,0.75,1,0.692679840605181,0.000154558200041579,0.0000691205283545962,5,5,"none",0,0.519904679549637,FALSE,FALSE
"logistic","outer",1,5,5,1,1,0.692679840605181,0.000154558200041579,0.0000691205283545962,5,5,"none",0,0.519904679549637,FALSE,FALSE
"logistic","outer",1,5,6,0,0.1,0.543857692060859,0.0330778859444175,0.0147928803047405,5,5,"none",0,0.519904679549637,FALSE,FALSE
"logistic","outer",1,5,7,0.25,0.1,0.625947307232741,0.0146771303119966,0.0065638122184494,5,5,"none",0,0.519904679549637,FALSE,FALSE
"logistic","outer",1,5,8,0.5,0.1,0.692679840605181,0.000154558200041579,0.0000691205283545962,5,5,"none",0,0.519904679549637,FALSE,FALSE
"logistic","outer",1,5,9,0.75,0.1,0.692679840605181,0.000154558200041579,0.0000691205283545962,5,5,"none",0,0.519904679549637,FALSE,FALSE
"logistic","outer",1,5,10,1,0.1,0.692679840605181,0.000154558200041579,0.0000691205283545962,5,5,"none",0,0.519904679549637,FALSE,FALSE
"logistic","outer",1,5,11,0,0.01,0.498066199604161,0.0571496365534764,0.025558094444596,5,5,"none",0,0.519904679549637,TRUE,TRUE
"logistic","outer",1,5,12,0.25,0.01,0.501246733600468,0.0490413705931671,0.0219319676712161,5,5,"none",0,0.519904679549637,TRUE,FALSE
"logistic","outer",1,5,13,0.5,0.01,0.513391620601036,0.0453475472218225,0.0202800396401753,5,5,"none",0,0.519904679549637,TRUE,FALSE
"logistic","outer",1,5,14,0.75,0.01,0.52928355222359,0.043529848273653,0.019467139958028,5,5,"none",0,0.519904679549637,FALSE,FALSE
"logistic","outer",1,5,15,1,0.01,0.537084774837917,0.0414146901971764,0.0185212125095961,5,5,"none",0,0.519904679549637,FALSE,FALSE
"logistic","outer",1,5,16,0,0.001,0.506456838910693,0.0670638730391228,0.0299918757899788,5,5,"none",0,0.519904679549637,TRUE,FALSE
"logistic","outer",1,5,17,0.25,0.001,0.501616496718506,0.0653545327495729,0.0292274355731563,5,5,"none",0,0.519904679549637,TRUE,FALSE
"logistic","outer",1,5,18,0.5,0.001,0.498333572794714,0.0640731491558196,0.0286543834089792,5,5,"none",0,0.519904679549637,TRUE,FALSE
"logistic","outer",1,5,19,0.75,0.001,0.495678416593372,0.0619706514742765,0.0277141178612859,5,5,"none",0,0.519904679549637,TRUE,FALSE
"logistic","outer",1,5,20,1,0.001,0.49312556118377,0.0598799290435925,0.0267791183658673,5,5,"none",0,0.519904679549637,TRUE,FALSE
"continuous","outer",1,6,1,0,1,5.25351933140551,0.255117905812737,0.114092195934934,5,5,"none",0,4.2355236792329,FALSE,FALSE
"continuous","outer",1,6,2,0.25,1,5.3716908166175,0.25940850216138,0.11601100895485,5,5,"none",0,4.2355236792329,FALSE,FALSE
"continuous","outer",1,6,3,0.5,1,5.3716908166175,0.25940850216138,0.11601100895485,5,5,"none",0,4.2355236792329,FALSE,FALSE
"continuous","outer",1,6,4,0.75,1,5.3716908166175,0.25940850216138,0.11601100895485,5,5,"none",0,4.2355236792329,FALSE,FALSE
"continuous","outer",1,6,5,1,1,5.3716908166175,0.25940850216138,0.11601100895485,5,5,"none",0,4.2355236792329,FALSE,FALSE
"continuous","outer",1,6,6,0,0.1,4.71198696988291,0.23978720813009,0.107236099502754,5,5,"none",0,4.2355236792329,FALSE,FALSE
"continuous","outer",1,6,7,0.25,0.1,5.15837632836004,0.251769732341515,0.112594847238511,5,5,"none",0,4.2355236792329,FALSE,FALSE
"continuous","outer",1,6,8,0.5,0.1,5.3716908166175,0.25940850216138,0.11601100895485,5,5,"none",0,4.2355236792329,FALSE,FALSE
"continuous","outer",1,6,9,0.75,0.1,5.3716908166175,0.25940850216138,0.11601100895485,5,5,"none",0,4.2355236792329,FALSE,FALSE
"continuous","outer",1,6,10,1,0.1,5.3716908166175,0.25940850216138,0.11601100895485,5,5,"none",0,4.2355236792329,FALSE,FALSE
"continuous","outer",1,6,11,0,0.01,4.18026571028983,0.260053779657114,0.116299585823812,5,5,"none",0,4.2355236792329,TRUE,TRUE
"continuous","outer",1,6,12,0.25,0.01,4.22862047533488,0.254051875088569,0.113615452501865,5,5,"none",0,4.2355236792329,TRUE,FALSE
"continuous","outer",1,6,13,0.5,0.01,4.28084883333436,0.26629777211307,0.119091984140314,5,5,"none",0,4.2355236792329,FALSE,FALSE
"continuous","outer",1,6,14,0.75,0.01,4.34705806660829,0.286779477965251,0.128251681456441,5,5,"none",0,4.2355236792329,FALSE,FALSE
"continuous","outer",1,6,15,1,0.01,4.42125374812909,0.317322304257091,0.141910848619145,5,5,"none",0,4.2355236792329,FALSE,FALSE
"continuous","outer",1,6,16,0,0.001,4.11607334508299,0.311757439759032,0.139422165558498,5,5,"none",0,4.2355236792329,TRUE,FALSE
"continuous","outer",1,6,17,0.25,0.001,4.11237722561202,0.308738791510417,0.138072185021685,5,5,"none",0,4.2355236792329,TRUE,FALSE
"continuous","outer",1,6,18,0.5,0.001,4.10748700288907,0.301883731295292,0.135006508895511,5,5,"none",0,4.2355236792329,TRUE,FALSE
"continuous","outer",1,6,19,0.75,0.001,,,,1,1,"kkt_not_met",4,4.2355236792329,FALSE,FALSE
"continuous","outer",1,6,20,1,0.001,4.10700456834189,0.287377468360137,0.128519110891012,5,5,"none",0,4.2355236792329,TRUE,FALSE
"logistic","outer",1,6,1,0,1,0.646633583056591,0.00476010027935203,0.00212878156086937,5,5,"none",0,0.496637925228838,FALSE,FALSE
"logistic","outer",1,6,2,0.25,1,0.692679840605181,0.000154558200041579,0.0000691205283545962,5,5,"none",0,0.496637925228838,FALSE,FALSE
"logistic","outer",1,6,3,0.5,1,0.692679840605181,0.000154558200041579,0.0000691205283545962,5,5,"none",0,0.496637925228838,FALSE,FALSE
"logistic","outer",1,6,4,0.75,1,0.692679840605181,0.000154558200041579,0.0000691205283545962,5,5,"none",0,0.496637925228838,FALSE,FALSE
"logistic","outer",1,6,5,1,1,0.692679840605181,0.000154558200041579,0.0000691205283545962,5,5,"none",0,0.496637925228838,FALSE,FALSE
"logistic","outer",1,6,6,0,0.1,0.534612727857194,0.0170977037276213,0.00764632555882255,5,5,"none",0,0.496637925228838,FALSE,FALSE
"logistic","outer",1,6,7,0.25,0.1,0.621386565695064,0.00897920055132076,0.00401562056327136,5,5,"none",0,0.496637925228838,FALSE,FALSE
"logistic","outer",1,6,8,0.5,0.1,0.692679840605181,0.000154558200041559,0.0000691205283545871,5,5,"none",0,0.496637925228838,FALSE,FALSE
"logistic","outer",1,6,9,0.75,0.1,0.692679840605181,0.000154558200041579,0.0000691205283545962,5,5,"none",0,0.496637925228838,FALSE,FALSE
"logistic","outer",1,6,10,1,0.1,0.692679840605181,0.000154558200041579,0.0000691205283545962,5,5,"none",0,0.496637925228838,FALSE,FALSE
"logistic","outer",1,6,11,0,0.01,0.475723736659775,0.0379942472369944,0.0169915439151706,5,5,"none",0,0.496637925228838,TRUE,TRUE
"logistic","outer",1,6,12,0.25,0.01,0.486519657228756,0.0281724462794953,0.0125991009946825,5,5,"none",0,0.496637925228838,TRUE,FALSE
"logistic","outer",1,6,13,0.5,0.01,0.504207538454023,0.0215969601531919,0.00965845420197829,5,5,"none",0,0.496637925228838,FALSE,FALSE
"logistic","outer",1,6,14,0.75,0.01,0.520000744228671,0.0235241815917079,0.0105203338308216,5,5,"none",0,0.496637925228838,FALSE,FALSE
"logistic","outer",1,6,15,1,0.01,0.530783110584229,0.0250716222579443,0.011212370334992,5,5,"none",0,0.496637925228838,FALSE,FALSE
"logistic","outer",1,6,16,0,0.001,0.483234901788671,0.0679631780929277,0.0303940572365422,5,5,"none",0,0.496637925228838,TRUE,FALSE
"logistic","outer",1,6,17,0.25,0.001,0.479864647811045,0.0645705793562068,0.0288768409574046,5,5,"none",0,0.496637925228838,TRUE,FALSE
"logistic","outer",1,6,18,0.5,0.001,0.47712801090336,0.0615332003329507,0.0275184837635181,5,5,"none",0,0.496637925228838,TRUE,FALSE
"logistic","outer",1,6,19,0.75,0.001,0.4743269669257,0.0583788713141271,0.0261078249416201,5,5,"none",0,0.496637925228838,TRUE,FALSE
"logistic","outer",1,6,20,1,0.001,0.471877742915699,0.0553654507874653,0.0247601823131383,5,5,"none",0,0.496637925228838,TRUE,FALSE
"continuous","outer",1,7,1,0,1,5.21751586020251,0.436008618908542,0.19498898213106,5,5,"none",0,4.46463776805056,FALSE,FALSE
"continuous","outer",1,7,2,0.25,1,5.33532508436201,0.422173793065627,0.188801859922734,5,5,"none",0,4.46463776805056,FALSE,FALSE
"continuous","outer",1,7,3,0.5,1,5.33532508436201,0.422173793065627,0.188801859922734,5,5,"none",0,4.46463776805056,FALSE,FALSE
"continuous","outer",1,7,4,0.75,1,5.33532508436201,0.422173793065627,0.188801859922734,5,5,"none",0,4.46463776805056,FALSE,FALSE
"continuous","outer",1,7,5,1,1,5.33532508436201,0.422173793065627,0.188801859922734,5,5,"none",0,4.46463776805056,FALSE,FALSE
"continuous","outer",1,7,6,0,0.1,4.68987759212418,0.495939688595414,0.221790971287885,5,5,"none",0,4.46463776805056,FALSE,FALSE
"continuous","outer",1,7,7,0.25,0.1,5.11998821577562,0.451152150579125,0.201761375378029,5,5,"none",0,4.46463776805056,FALSE,FALSE
"continuous","outer",1,7,8,0.5,0.1,5.33532508436201,0.422173793065627,0.188801859922734,5,5,"none",0,4.46463776805056,FALSE,FALSE
"continuous","outer",1,7,9,0.75,0.1,5.33532508436201,0.422173793065627,0.188801859922734,5,5,"none",0,4.46463776805056,FALSE,FALSE
"continuous","outer",1,7,10,1,0.1,5.33532508436201,0.422173793065627,0.188801859922734,5,5,"none",0,4.46463776805056,FALSE,FALSE
"continuous","outer",1,7,11,0,0.01,4.23478042468752,0.513976644887253,0.229857343363034,5,5,"none",0,4.46463776805056,TRUE,TRUE
"continuous","outer",1,7,12,0.25,0.01,4.27351564847396,0.551205716393676,0.246506690288546,5,5,"none",0,4.46463776805056,TRUE,FALSE
"continuous","outer",1,7,13,0.5,0.01,4.33257665068025,0.573888659811363,0.256650810970892,5,5,"none",0,4.46463776805056,TRUE,FALSE
"continuous","outer",1,7,14,0.75,0.01,4.39684143756925,0.579867346689725,0.259324561026133,5,5,"none",0,4.46463776805056,TRUE,FALSE
"continuous","outer",1,7,15,1,0.01,4.46408748968646,0.576411349768731,0.257778992217058,5,5,"none",0,4.46463776805056,TRUE,FALSE
"continuous","outer",1,7,16,0,0.001,4.24319664506147,0.529403509175332,0.236756446808595,5,5,"none",0,4.46463776805056,TRUE,FALSE
"continuous","outer",1,7,17,0.25,0.001,4.23804771476428,0.532260573863613,0.238034164980418,5,5,"none",0,4.46463776805056,TRUE,FALSE
"continuous","outer",1,7,18,0.5,0.001,4.23727717055347,0.536164200810969,0.239779920023035,5,5,"none",0,4.46463776805056,TRUE,FALSE
"continuous","outer",1,7,19,0.75,0.001,,,,1,1,"kkt_not_met",4,4.46463776805056,FALSE,FALSE
"continuous","outer",1,7,20,1,0.001,4.24354296364642,0.53810517652115,0.240647950749163,5,5,"none",0,4.46463776805056,TRUE,FALSE
"logistic","outer",1,7,1,0,1,0.647121890455181,0.00681830796783221,0.00304924002152025,5,5,"none",0,0.512900860020362,FALSE,FALSE
"logistic","outer",1,7,2,0.25,1,0.692679840605181,0.000154558200041579,0.0000691205283545962,5,5,"none",0,0.512900860020362,FALSE,FALSE
"logistic","outer",1,7,3,0.5,1,0.692679840605181,0.000154558200041579,0.0000691205283545962,5,5,"none",0,0.512900860020362,FALSE,FALSE
"logistic","outer",1,7,4,0.75,1,0.692679840605181,0.000154558200041579,0.0000691205283545962,5,5,"none",0,0.512900860020362,FALSE,FALSE
"logistic","outer",1,7,5,1,1,0.692679840605181,0.000154558200041579,0.0000691205283545962,5,5,"none",0,0.512900860020362,FALSE,FALSE
"logistic","outer",1,7,6,0,0.1,0.539753294635091,0.0287634407181519,0.0128634017425146,5,5,"none",0,0.512900860020362,FALSE,FALSE
"logistic","outer",1,7,7,0.25,0.1,0.623767080543724,0.010916920507468,0.00488219527193199,5,5,"none",0,0.512900860020362,FALSE,FALSE
"logistic","outer",1,7,8,0.5,0.1,0.692679840605181,0.000154558200041579,0.0000691205283545962,5,5,"none",0,0.512900860020362,FALSE,FALSE
"logistic","outer",1,7,9,0.75,0.1,0.692679840605181,0.000154558200041579,0.0000691205283545962,5,5,"none",0,0.512900860020362,FALSE,FALSE
"logistic","outer",1,7,10,1,0.1,0.692679840605181,0.000154558200041579,0.0000691205283545962,5,5,"none",0,0.512900860020362,FALSE,FALSE
"logistic","outer",1,7,11,0,0.01,0.488822249222244,0.0538414105483535,0.0240786107981185,5,5,"none",0,0.512900860020362,TRUE,TRUE
"logistic","outer",1,7,12,0.25,0.01,0.502744519106328,0.0515799468750702,0.023067253497697,5,5,"none",0,0.512900860020362,TRUE,FALSE
"logistic","outer",1,7,13,0.5,0.01,0.518217809462722,0.0447479065683018,0.0200118721875064,5,5,"none",0,0.512900860020362,FALSE,FALSE
"logistic","outer",1,7,14,0.75,0.01,0.532354533439562,0.037764120440165,0.0168886280829396,5,5,"none",0,0.512900860020362,FALSE,FALSE
"logistic","outer",1,7,15,1,0.01,0.537132064674964,0.0327420875082047,0.0146427066787185,5,5,"none",0,0.512900860020362,FALSE,FALSE
"logistic","outer",1,7,16,0,0.001,0.499156454583315,0.0764418715623543,0.0341858442281465,5,5,"none",0,0.512900860020362,TRUE,FALSE
"logistic","outer",1,7,17,0.25,0.001,0.495889983481938,0.0746603314394052,0.0333891152642349,5,5,"none",0,0.512900860020362,TRUE,FALSE
"logistic","outer",1,7,18,0.5,0.001,0.493895702694767,0.0730471319687988,0.0326676705287264,5,5,"none",0,0.512900860020362,TRUE,FALSE
"logistic","outer",1,7,19,0.75,0.001,0.492921862611407,0.0710807138448884,0.0317882616092762,5,5,"none",0,0.512900860020362,TRUE,FALSE
"logistic","outer",1,7,20,1,0.001,0.493156566766495,0.0698027981047982,0.0312167603164045,5,5,"none",0,0.512900860020362,TRUE,FALSE
"continuous","outer",1,8,1,0,1,5.20079636890155,0.366188451912081,0.163764454210165,5,5,"none",0,4.31830856628025,FALSE,FALSE
"continuous","outer",1,8,2,0.25,1,5.32074903022554,0.360674325096695,0.161298461731014,5,5,"none",0,4.31830856628025,FALSE,FALSE
"continuous","outer",1,8,3,0.5,1,5.32074903022554,0.360674325096695,0.161298461731014,5,5,"none",0,4.31830856628025,FALSE,FALSE
"continuous","outer",1,8,4,0.75,1,5.32074903022554,0.360674325096695,0.161298461731014,5,5,"none",0,4.31830856628025,FALSE,FALSE
"continuous","outer",1,8,5,1,1,5.32074903022554,0.360674325096695,0.161298461731014,5,5,"none",0,4.31830856628025,FALSE,FALSE
"continuous","outer",1,8,6,0,0.1,4.64380048305005,0.402562371840023,0.180031365723568,5,5,"none",0,4.31830856628025,FALSE,FALSE
"continuous","outer",1,8,7,0.25,0.1,5.0993098028786,0.376243973216971,0.168261420047551,5,5,"none",0,4.31830856628025,FALSE,FALSE
"continuous","outer",1,8,8,0.5,0.1,5.32074903022554,0.360674325096695,0.161298461731014,5,5,"none",0,4.31830856628025,FALSE,FALSE
"continuous","outer",1,8,9,0.75,0.1,5.32074903022554,0.360674325096695,0.161298461731014,5,5,"none",0,4.31830856628025,FALSE,FALSE
"continuous","outer",1,8,10,1,0.1,5.32074903022554,0.360674325096695,0.161298461731014,5,5,"none",0,4.31830856628025,FALSE,FALSE
"continuous","outer",1,8,11,0,0.01,4.12100038088144,0.4506091948901,0.201518558212143,5,5,"none",0,4.31830856628025,TRUE,TRUE
"continuous","outer",1,8,12,0.25,0.01,4.16989809391636,0.467282768278758,0.208975206917117,5,5,"none",0,4.31830856628025,TRUE,FALSE
"continuous","outer",1,8,13,0.5,0.01,4.24575546289054,0.486028902002047,0.217358732781232,5,5,"none",0,4.31830856628025,TRUE,FALSE
"continuous","outer",1,8,14,0.75,0.01,4.32938810874097,0.49270666724158,0.220345120183908,5,5,"none",0,4.31830856628025,FALSE,FALSE
"continuous","outer",1,8,15,1,0.01,4.40261790164359,0.486901766546213,0.217749089672413,5,5,"none",0,4.31830856628025,FALSE,FALSE
"continuous","outer",1,8,16,0,0.001,4.09070699111787,0.512191499874147,0.229059002243234,5,5,"none",0,4.31830856628025,TRUE,FALSE
"continuous","outer",1,8,17,0.25,0.001,4.0893616182362,0.511940939067624,0.228946948044057,5,5,"none",0,4.31830856628025,TRUE,FALSE
"continuous","outer",1,8,18,0.5,0.001,4.09036946586376,0.512708070973464,0.22929001986189,5,5,"none",0,4.31830856628025,TRUE,FALSE
"continuous","outer",1,8,19,0.75,0.001,,,,2,2,"kkt_not_met",3,4.31830856628025,FALSE,FALSE
"continuous","outer",1,8,20,1,0.001,4.09334894426331,0.513909492077179,0.229827311713392,5,5,"none",0,4.31830856628025,TRUE,FALSE
"logistic","outer",1,8,1,0,1,0.646245991768753,0.00392237187463153,0.00175413802894188,5,5,"none",0,0.478274711014777,FALSE,FALSE
"logistic","outer",1,8,2,0.25,1,0.692624627826332,0.000165106917391479,0.0000738380581685581,5,5,"none",0,0.478274711014777,FALSE,FALSE
"logistic","outer",1,8,3,0.5,1,0.692624627826332,0.000165106917391479,0.0000738380581685581,5,5,"none",0,0.478274711014777,FALSE,FALSE
"logistic","outer",1,8,4,0.75,1,0.692624627826332,0.000165106917391479,0.0000738380581685581,5,5,"none",0,0.478274711014777,FALSE,FALSE
"logistic","outer",1,8,5,1,1,0.692624627826332,0.000165106917391479,0.0000738380581685581,5,5,"none",0,0.478274711014777,FALSE,FALSE
"logistic","outer",1,8,6,0,0.1,0.531754484698474,0.0152746504720757,0.00683103135762209,5,5,"none",0,0.478274711014777,FALSE,FALSE
"logistic","outer",1,8,7,0.25,0.1,0.620815322606735,0.00568753628043657,0.00254354354951049,5,5,"none",0,0.478274711014777,FALSE,FALSE
"logistic","outer",1,8,8,0.5,0.1,0.692624627826332,0.000165106917391497,0.0000738380581685661,5,5,"none",0,0.478274711014777,FALSE,FALSE
"logistic","outer",1,8,9,0.75,0.1,0.692624627826332,0.000165106917391479,0.0000738380581685581,5,5,"none",0,0.478274711014777,FALSE,FALSE
"logistic","outer",1,8,10,1,0.1,0.692624627826332,0.000165106917391479,0.0000738380581685581,5,5,"none",0,0.478274711014777,FALSE,FALSE
"logistic","outer",1,8,11,0,0.01,0.473402425624348,0.0228685162054632,0.0102271113559942,5,5,"none",0,0.478274711014777,TRUE,TRUE
"logistic","outer",1,8,12,0.25,0.01,0.48165930600575,0.0209827611889361,0.00938377607482109,5,5,"none",0,0.478274711014777,FALSE,FALSE
"logistic","outer",1,8,13,0.5,0.01,0.499389350260026,0.0218531987824672,0.00977304760068246,5,5,"none",0,0.478274711014777,FALSE,FALSE
"logistic","outer",1,8,14,0.75,0.01,0.51591735261224,0.0196989364473727,0.0088096321961547,5,5,"none",0,0.478274711014777,FALSE,FALSE
"logistic","outer",1,8,15,1,0.01,0.525148013070103,0.0148551298425698,0.00664341602851435,5,5,"none",0,0.478274711014777,FALSE,FALSE
"logistic","outer",1,8,16,0,0.001,0.480929353323607,0.02904484637922,0.0129892501799949,5,5,"none",0,0.478274711014777,FALSE,FALSE
"logistic","outer",1,8,17,0.25,0.001,0.47669649289719,0.0269904420946612,0.0120704926532868,5,5,"none",0,0.478274711014777,TRUE,FALSE
"logistic","outer",1,8,18,0.5,0.001,0.473507668810863,0.026062315102551,0.0116554216440647,5,5,"none",0,0.478274711014777,TRUE,FALSE
"logistic","outer",1,8,19,0.75,0.001,0.469923125432086,0.0252932840672975,0.0113115005097379,5,5,"none",0,0.478274711014777,TRUE,FALSE
"logistic","outer",1,8,20,1,0.001,0.467569088832212,0.0239384989416454,0.0107056221825652,5,5,"none",0,0.478274711014777,TRUE,FALSE
"continuous","outer",1,9,1,0,1,5.28136408922767,0.637464959029241,0.2850829963327,5,5,"none",0,4.36647031983455,FALSE,FALSE
"continuous","outer",1,9,2,0.25,1,5.39979703737515,0.656031595944533,0.29338624878393,5,5,"none",0,4.36647031983455,FALSE,FALSE
"continuous","outer",1,9,3,0.5,1,5.39979703737515,0.656031595944533,0.29338624878393,5,5,"none",0,4.36647031983455,FALSE,FALSE
"continuous","outer",1,9,4,0.75,1,5.39979703737515,0.656031595944533,0.29338624878393,5,5,"none",0,4.36647031983455,FALSE,FALSE
"continuous","outer",1,9,5,1,1,5.39979703737515,0.656031595944533,0.29338624878393,5,5,"none",0,4.36647031983455,FALSE,FALSE
"continuous","outer",1,9,6,0,0.1,4.74139776510194,0.548451102102086,0.245274789326989,5,5,"none",0,4.36647031983455,FALSE,FALSE
"continuous","outer",1,9,7,0.25,0.1,5.18860298542041,0.614448059993066,0.274789526157473,5,5,"none",0,4.36647031983455,FALSE,FALSE
"continuous","outer",1,9,8,0.5,0.1,5.39979703737515,0.656031595944533,0.29338624878393,5,5,"none",0,4.36647031983455,FALSE,FALSE
"continuous","outer",1,9,9,0.75,0.1,5.39979703737515,0.656031595944533,0.29338624878393,5,5,"none",0,4.36647031983455,FALSE,FALSE
"continuous","outer",1,9,10,1,0.1,5.39979703737515,0.656031595944533,0.29338624878393,5,5,"none",0,4.36647031983455,FALSE,FALSE
"continuous","outer",1,9,11,0,0.01,4.25167367885196,0.396140899750675,0.177159596102088,5,5,"none",0,4.36647031983455,TRUE,TRUE
"continuous","outer",1,9,12,0.25,0.01,4.27612639864956,0.425399869322581,0.190244605084964,5,5,"none",0,4.36647031983455,TRUE,FALSE
"continuous","outer",1,9,13,0.5,0.01,4.34223342009054,0.455268216764293,0.203602136136013,5,5,"none",0,4.36647031983455,TRUE,FALSE
"continuous","outer",1,9,14,0.75,0.01,4.41610974416791,0.455607515833077,0.203753875292514,5,5,"none",0,4.36647031983455,FALSE,FALSE
"continuous","outer",1,9,15,1,0.01,4.49092258296564,0.435545687571671,0.194781952943428,5,5,"none",0,4.36647031983455,FALSE,FALSE
"continuous","outer",1,9,16,0,0.001,4.24431766039118,0.283251000577825,0.12667369839737,5,5,"none",0,4.36647031983455,TRUE,FALSE
"continuous","outer",1,9,17,0.25,0.001,4.23748210958303,0.291810744937427,0.130501732448988,5,5,"none",0,4.36647031983455,TRUE,FALSE
"continuous","outer",1,9,18,0.5,0.001,4.23374332993939,0.296786571854502,0.132726989895158,5,5,"none",0,4.36647031983455,TRUE,FALSE
"continuous","outer",1,9,19,0.75,0.001,,,,1,1,"kkt_not_met",4,4.36647031983455,FALSE,FALSE
"continuous","outer",1,9,20,1,0.001,4.23799827258333,0.307289057155427,0.13742384410827,5,5,"none",0,4.36647031983455,TRUE,FALSE
"logistic","outer",1,9,1,0,1,0.645529070705874,0.00680463993294455,0.00304312749049473,5,5,"none",0,0.497048583041054,FALSE,FALSE
"logistic","outer",1,9,2,0.25,1,0.692683447702587,0.000148862115084355,0.0000665731617206029,5,5,"none",0,0.497048583041054,FALSE,FALSE
"logistic","outer",1,9,3,0.5,1,0.692683447702587,0.000148862115084355,0.0000665731617206029,5,5,"none",0,0.497048583041054,FALSE,FALSE
"logistic","outer",1,9,4,0.75,1,0.692683447702587,0.000148862115084355,0.0000665731617206029,5,5,"none",0,0.497048583041054,FALSE,FALSE
"logistic","outer",1,9,5,1,1,0.692683447702587,0.000148862115084355,0.0000665731617206029,5,5,"none",0,0.497048583041054,FALSE,FALSE
"logistic","outer",1,9,6,0,0.1,0.533222335766642,0.0194471656488638,0.00869703687211167,5,5,"none",0,0.497048583041054,FALSE,FALSE
"logistic","outer",1,9,7,0.25,0.1,0.620807523178013,0.0114663188010283,0.00512789365815661,5,5,"none",0,0.497048583041054,FALSE,FALSE
"logistic","outer",1,9,8,0.5,0.1,0.692683447702587,0.000148862115084355,0.0000665731617206029,5,5,"none",0,0.497048583041054,FALSE,FALSE
"logistic","outer",1,9,9,0.75,0.1,0.692683447702587,0.000148862115084355,0.0000665731617206029,5,5,"none",0,0.497048583041054,FALSE,FALSE
"logistic","outer",1,9,10,1,0.1,0.692683447702587,0.000148862115084355,0.0000665731617206029,5,5,"none",0,0.497048583041054,FALSE,FALSE
"logistic","outer",1,9,11,0,0.01,0.483899215566856,0.0294028795334329,0.0131493674741986,5,5,"none",0,0.497048583041054,TRUE,TRUE
"logistic","outer",1,9,12,0.25,0.01,0.493107161758874,0.035347644805035,0.0158079473257151,5,5,"none",0,0.497048583041054,TRUE,FALSE
"logistic","outer",1,9,13,0.5,0.01,0.506416672441025,0.0356412015811079,0.015939229907026,5,5,"none",0,0.497048583041054,FALSE,FALSE
"logistic","outer",1,9,14,0.75,0.01,0.518788872350626,0.0321247197771347,0.014366611435961,5,5,"none",0,0.497048583041054,FALSE,FALSE
"logistic","outer",1,9,15,1,0.01,0.527090600538917,0.0312035246324245,0.0139546404431381,5,5,"none",0,0.497048583041054,FALSE,FALSE
"logistic","outer",1,9,16,0,0.001,0.500344889216255,0.0402557674523085,0.0180029265019571,5,5,"none",0,0.497048583041054,FALSE,FALSE
"logistic","outer",1,9,17,0.25,0.001,0.496569468792643,0.0389372842500549,0.0174132828884709,5,5,"none",0,0.497048583041054,TRUE,FALSE
"logistic","outer",1,9,18,0.5,0.001,0.493377625977214,0.0383496645973219,0.0171504913907858,5,5,"none",0,0.497048583041054,TRUE,FALSE
"logistic","outer",1,9,19,0.75,0.001,0.490485709751822,0.0370666295200285,0.0165767006607168,5,5,"none",0,0.497048583041054,TRUE,FALSE
"logistic","outer",1,9,20,1,0.001,0.488261896860078,0.0360030991470744,0.0161010754187046,5,5,"none",0,0.497048583041054,TRUE,FALSE
"continuous","outer",1,10,1,0,1,5.17257152866324,0.350965685456609,0.156956626090157,5,5,"none",0,4.37955030590416,FALSE,FALSE
"continuous","outer",1,10,2,0.25,1,5.28824710433331,0.361305669082771,0.161580807345024,5,5,"none",0,4.37955030590416,FALSE,FALSE
"continuous","outer",1,10,3,0.5,1,5.28824710433331,0.361305669082771,0.161580807345024,5,5,"none",0,4.37955030590416,FALSE,FALSE
"continuous","outer",1,10,4,0.75,1,5.28824710433331,0.361305669082771,0.161580807345024,5,5,"none",0,4.37955030590416,FALSE,FALSE
"continuous","outer",1,10,5,1,1,5.28824710433331,0.361305669082771,0.161580807345024,5,5,"none",0,4.37955030590416,FALSE,FALSE
"continuous","outer",1,10,6,0,0.1,4.66462547457934,0.320553174704382,0.143355737808473,5,5,"none",0,4.37955030590416,FALSE,FALSE
"continuous","outer",1,10,7,0.25,0.1,5.07621487694416,0.355643042305669,0.159048403664062,5,5,"none",0,4.37955030590416,FALSE,FALSE
"continuous","outer",1,10,8,0.5,0.1,5.28824710433331,0.361305669082771,0.161580807345024,5,5,"none",0,4.37955030590416,FALSE,FALSE
"continuous","outer",1,10,9,0.75,0.1,5.28824710433331,0.361305669082771,0.161580807345024,5,5,"none",0,4.37955030590416,FALSE,FALSE
"continuous","outer",1,10,10,1,0.1,5.28824710433331,0.361305669082771,0.161580807345024,5,5,"none",0,4.37955030590416,FALSE,FALSE
"continuous","outer",1,10,11,0,0.01,4.2555453650832,0.277283477221502,0.124004940820958,5,5,"none",0,4.37955030590416,TRUE,TRUE
"continuous","outer",1,10,12,0.25,0.01,4.29141313728775,0.303694451252236,0.135816287477899,5,5,"none",0,4.37955030590416,TRUE,FALSE
"continuous","outer",1,10,13,0.5,0.01,4.34753924199685,0.334849608599473,0.149749297413524,5,5,"none",0,4.37955030590416,TRUE,FALSE
"continuous","outer",1,10,14,0.75,0.01,4.40037284125451,0.357742472672247,0.159987297466801,5,5,"none",0,4.37955030590416,FALSE,FALSE
"continuous","outer",1,10,15,1,0.01,4.44542858667297,0.380218754545051,0.170038996296608,5,5,"none",0,4.37955030590416,FALSE,FALSE
"continuous","outer",1,10,16,0,0.001,4.29594503246998,0.247001687941566,0.110462512958906,5,5,"none",0,4.37955030590416,TRUE,FALSE
"continuous","outer",1,10,17,0.25,0.001,4.29162590982913,0.248613154351781,0.111183182646246,5,5,"none",0,4.37955030590416,TRUE,FALSE
"continuous","outer",1,10,18,0.5,0.001,4.28442457770433,0.254113873929247,0.113643179226322,5,5,"none",0,4.37955030590416,TRUE,FALSE
"continuous","outer",1,10,19,0.75,0.001,4.27681255504507,0.257991740833238,0.115377414027326,5,5,"none",0,4.37955030590416,TRUE,FALSE
"continuous","outer",1,10,20,1,0.001,4.27365780864915,0.258001991438506,0.115381998237364,5,5,"none",0,4.37955030590416,TRUE,FALSE
"logistic","outer",1,10,1,0,1,0.646529850636632,0.0103423445468968,0.0046252370907171,5,5,"none",0,0.507216098070339,FALSE,FALSE
"logistic","outer",1,10,2,0.25,1,0.692683447702587,0.000148862115084355,0.0000665731617206029,5,5,"none",0,0.507216098070339,FALSE,FALSE
"logistic","outer",1,10,3,0.5,1,0.692683447702587,0.000148862115084355,0.0000665731617206029,5,5,"none",0,0.507216098070339,FALSE,FALSE
"logistic","outer",1,10,4,0.75,1,0.692683447702587,0.000148862115084355,0.0000665731617206029,5,5,"none",0,0.507216098070339,FALSE,FALSE
"logistic","outer",1,10,5,1,1,0.692683447702587,0.000148862115084355,0.0000665731617206029,5,5,"none",0,0.507216098070339,FALSE,FALSE
"logistic","outer",1,10,6,0,0.1,0.53919309850697,0.0317556635172425,0.0142015644590329,5,5,"none",0,0.507216098070339,FALSE,FALSE
"logistic","outer",1,10,7,0.25,0.1,0.624272021473433,0.0159506734154694,0.00713335800877765,5,5,"none",0,0.507216098070339,FALSE,FALSE
"logistic","outer",1,10,8,0.5,0.1,0.692683447702587,0.000148862115084407,0.0000665731617206263,5,5,"none",0,0.507216098070339,FALSE,FALSE
"logistic","outer",1,10,9,0.75,0.1,0.692683447702587,0.000148862115084407,0.0000665731617206263,5,5,"none",0,0.507216098070339,FALSE,FALSE
"logistic","outer",1,10,10,1,0.1,0.692683447702587,0.000148862115084407,0.0000665731617206263,5,5,"none",0,0.507216098070339,FALSE,FALSE
"logistic","outer",1,10,11,0,0.01,0.490807057795995,0.0346187537028009,0.0154819773151571,5,5,"none",0,0.507216098070339,TRUE,TRUE
"logistic","outer",1,10,12,0.25,0.01,0.497582010216913,0.0424600389971655,0.0189887067049908,5,5,"none",0,0.507216098070339,TRUE,FALSE
"logistic","outer",1,10,13,0.5,0.01,0.513957215914496,0.0465473008975387,0.0208165857952067,5,5,"none",0,0.507216098070339,FALSE,FALSE
"logistic","outer",1,10,14,0.75,0.01,0.529584051941194,0.0507141906294001,0.0226800755342443,5,5,"none",0,0.507216098070339,FALSE,FALSE
"logistic","outer",1,10,15,1,0.01,0.538774465548716,0.0526032311769296,0.0235248801495502,5,5,"none",0,0.507216098070339,FALSE,FALSE
"logistic","outer",1,10,16,0,0.001,0.498258043227055,0.0350894793202792,0.0156924922110435,5,5,"none",0,0.507216098070339,TRUE,FALSE
"logistic","outer",1,10,17,0.25,0.001,0.496391861245493,0.0360009249750492,0.016100103099416,5,5,"none",0,0.507216098070339,TRUE,FALSE
"logistic","outer",1,10,18,0.5,0.001,0.493940781232423,0.0366415306961655,0.0163865906872543,5,5,"none",0,0.507216098070339,TRUE,FALSE
"logistic","outer",1,10,19,0.75,0.001,0.49217536010817,0.036471095864075,0.0163103699131966,5,5,"none",0,0.507216098070339,TRUE,FALSE
"logistic","outer",1,10,20,1,0.001,0.490787578016353,0.0367352876104318,0.0164285200539863,5,5,"none",0,0.507216098070339,TRUE,FALSE
"continuous","outer",2,1,1,0,1,5.1973202049892,0.486226924201555,0.217447291001063,5,5,"none",0,4.2468538153051,FALSE,FALSE
"continuous","outer",2,1,2,0.25,1,5.31212730816168,0.497942322733826,0.222686576501395,5,5,"none",0,4.2468538153051,FALSE,FALSE
"continuous","outer",2,1,3,0.5,1,5.31212730816168,0.497942322733826,0.222686576501395,5,5,"none",0,4.2468538153051,FALSE,FALSE
"continuous","outer",2,1,4,0.75,1,5.31212730816168,0.497942322733826,0.222686576501395,5,5,"none",0,4.2468538153051,FALSE,FALSE
"continuous","outer",2,1,5,1,1,5.31212730816168,0.497942322733826,0.222686576501395,5,5,"none",0,4.2468538153051,FALSE,FALSE
"continuous","outer",2,1,6,0,0.1,4.66623568106417,0.432058454438856,0.193222414875755,5,5,"none",0,4.2468538153051,FALSE,FALSE
"continuous","outer",2,1,7,0.25,0.1,5.10075875300358,0.485620380921671,0.21717603660004,5,5,"none",0,4.2468538153051,FALSE,FALSE
"continuous","outer",2,1,8,0.5,0.1,5.31212730816168,0.497942322733827,0.222686576501395,5,5,"none",0,4.2468538153051,FALSE,FALSE
"continuous","outer",2,1,9,0.75,0.1,5.31212730816168,0.497942322733827,0.222686576501395,5,5,"none",0,4.2468538153051,FALSE,FALSE
"continuous","outer",2,1,10,1,0.1,5.31212730816168,0.497942322733827,0.222686576501395,5,5,"none",0,4.2468538153051,FALSE,FALSE
"continuous","outer",2,1,11,0,0.01,4.14475973684037,0.354742332989812,0.158645594212417,5,5,"none",0,4.2468538153051,TRUE,TRUE
"continuous","outer",2,1,12,0.25,0.01,4.19579024188956,0.362737423544298,0.162221107405637,5,5,"none",0,4.2468538153051,TRUE,FALSE
"continuous","outer",2,1,13,0.5,0.01,4.27217007971648,0.380011866521824,0.169946473159875,5,5,"none",0,4.2468538153051,FALSE,FALSE
"continuous","outer",2,1,14,0.75,0.01,4.34819925675525,0.380226112268401,0.170042286770522,5,5,"none",0,4.2468538153051,FALSE,FALSE
"continuous","outer",2,1,15,1,0.01,4.42597045346363,0.397294838308645,0.177675653113584,5,5,"none",0,4.2468538153051,FALSE,FALSE
"continuous","outer",2,1,16,0,0.001,4.09728908767446,0.360548645400693,0.161242256062283,5,5,"none",0,4.2468538153051,TRUE,FALSE
"continuous","outer",2,1,17,0.25,0.001,4.0923090024223,0.360843576578146,0.161374153294577,5,5,"none",0,4.2468538153051,TRUE,FALSE
"continuous","outer",2,1,18,0.5,0.001,4.09106151272745,0.359019386879499,0.160558350860571,5,5,"none",0,4.2468538153051,TRUE,FALSE
"continuous","outer",2,1,19,0.75,0.001,,,,1,1,"kkt_not_met",4,4.2468538153051,FALSE,FALSE
"continuous","outer",2,1,20,1,0.001,4.08989353107119,0.350973865314724,0.156960284233915,5,5,"none",0,4.2468538153051,TRUE,FALSE
"logistic","outer",2,1,1,0,1,0.647822725097782,0.0075160474498742,0.00336127860400653,5,5,"none",0,0.505328340110037,FALSE,FALSE
"logistic","outer",2,1,2,0.25,1,0.692679840605181,0.000154558200041579,0.0000691205283545962,5,5,"none",0,0.505328340110037,FALSE,FALSE
"logistic","outer",2,1,3,0.5,1,0.692679840605181,0.000154558200041579,0.0000691205283545962,5,5,"none",0,0.505328340110037,FALSE,FALSE
"logistic","outer",2,1,4,0.75,1,0.692679840605181,0.000154558200041579,0.0000691205283545962,5,5,"none",0,0.505328340110037,FALSE,FALSE
"logistic","outer",2,1,5,1,1,0.692679840605181,0.000154558200041579,0.0000691205283545962,5,5,"none",0,0.505328340110037,FALSE,FALSE
"logistic","outer",2,1,6,0,0.1,0.538230407585635,0.0301623960193458,0.0134890335727052,5,5,"none",0,0.505328340110037,FALSE,FALSE
"logistic","outer",2,1,7,0.25,0.1,0.623458861828202,0.0131711258555635,0.00589030655064899,5,5,"none",0,0.505328340110037,FALSE,FALSE
"logistic","outer",2,1,8,0.5,0.1,0.692679840605181,0.000154558200041579,0.0000691205283545962,5,5,"none",0,0.505328340110037,FALSE,FALSE
"logistic","outer",2,1,9,0.75,0.1,0.692679840605181,0.000154558200041579,0.0000691205283545962,5,5,"none",0,0.505328340110037,FALSE,FALSE
"logistic","outer",2,1,10,1,0.1,0.692679840605181,0.000154558200041579,0.0000691205283545962,5,5,"none",0,0.505328340110037,FALSE,FALSE
"logistic","outer",2,1,11,0,0.01,0.477206916223458,0.0645067660672728,0.0288483027870197,5,5,"none",0,0.505328340110037,TRUE,TRUE
"logistic","outer",2,1,12,0.25,0.01,0.48805149902068,0.0584071495082784,0.0261204713345008,5,5,"none",0,0.505328340110037,TRUE,FALSE
"logistic","outer",2,1,13,0.5,0.01,0.503459150556162,0.0539881151473383,0.0241442190893069,5,5,"none",0,0.505328340110037,TRUE,FALSE
"logistic","outer",2,1,14,0.75,0.01,0.519624418351365,0.0478049916121063,0.0213790421816954,5,5,"none",0,0.505328340110037,FALSE,FALSE
"logistic","outer",2,1,15,1,0.01,0.532066288704465,0.0439819760508326,0.0196693376468859,5,5,"none",0,0.505328340110037,FALSE,FALSE
"logistic","outer",2,1,16,0,0.001,0.481459375746654,0.0994642843981093,0.0444817802495088,5,5,"none",0,0.505328340110037,TRUE,FALSE
"logistic","outer",2,1,17,0.25,0.001,0.476236712164954,0.0939553913748977,0.0420181283933737,5,5,"none",0,0.505328340110037,TRUE,FALSE
"logistic","outer",2,1,18,0.5,0.001,0.472752706047443,0.0892176290323073,0.0398993366615196,5,5,"none",0,0.505328340110037,TRUE,FALSE
"logistic","outer",2,1,19,0.75,0.001,0.47001170225066,0.0858751159707875,0.0384045193772717,5,5,"none",0,0.505328340110037,TRUE,FALSE
"logistic","outer",2,1,20,1,0.001,0.46830774783417,0.0827805608961428,0.0370205922758672,5,5,"none",0,0.505328340110037,TRUE,FALSE
"continuous","outer",2,2,1,0,1,5.18403665946133,0.458863192030187,0.205209857950407,5,5,"none",0,4.33927258127046,FALSE,FALSE
"continuous","outer",2,2,2,0.25,1,5.30089063961439,0.457931533983244,0.204793207805458,5,5,"none",0,4.33927258127046,FALSE,FALSE
"continuous","outer",2,2,3,0.5,1,5.30089063961439,0.457931533983244,0.204793207805458,5,5,"none",0,4.33927258127046,FALSE,FALSE
"continuous","outer",2,2,4,0.75,1,5.30089063961439,0.457931533983244,0.204793207805458,5,5,"none",0,4.33927258127046,FALSE,FALSE
"continuous","outer",2,2,5,1,1,5.30089063961439,0.457931533983244,0.204793207805458,5,5,"none",0,4.33927258127046,FALSE,FALSE
"continuous","outer",2,2,6,0,0.1,4.65436152654591,0.482520612676486,0.215789778097894,5,5,"none",0,4.33927258127046,FALSE,FALSE
"continuous","outer",2,2,7,0.25,0.1,5.08431707303222,0.474021206556838,0.211988728127512,5,5,"none",0,4.33927258127046,FALSE,FALSE
"continuous","outer",2,2,8,0.5,0.1,5.30089063961439,0.457931533983244,0.204793207805458,5,5,"none",0,4.33927258127046,FALSE,FALSE
"continuous","outer",2,2,9,0.75,0.1,5.30089063961439,0.457931533983244,0.204793207805458,5,5,"none",0,4.33927258127046,FALSE,FALSE
"continuous","outer",2,2,10,1,0.1,5.30089063961439,0.457931533983244,0.204793207805458,5,5,"none",0,4.33927258127046,FALSE,FALSE
"continuous","outer",2,2,11,0,0.01,4.17354188041638,0.496030529602632,0.221831596621341,5,5,"none",0,4.33927258127046,TRUE,TRUE
"continuous","outer",2,2,12,0.25,0.01,4.21179907050479,0.512246288482349,0.2290835044537,5,5,"none",0,4.33927258127046,TRUE,FALSE
"continuous","outer",2,2,13,0.5,0.01,4.26470778601559,0.53436017952993,0.238973137179583,5,5,"none",0,4.33927258127046,TRUE,FALSE
"continuous","outer",2,2,14,0.75,0.01,4.34351126260901,0.557897669627972,0.249499422755373,5,5,"none",0,4.33927258127046,FALSE,FALSE
"continuous","outer",2,2,15,1,0.01,4.40562965629759,0.585632357471791,0.261902752226076,5,5,"none",0,4.33927258127046,FALSE,FALSE
"continuous","outer",2,2,16,0,0.001,4.13890680229267,0.466449702218479,0.208602648449011,5,5,"none",0,4.33927258127046,TRUE,FALSE
"continuous","outer",2,2,17,0.25,0.001,4.13126669660453,0.4747110296403,0.212297226388926,5,5,"none",0,4.33927258127046,TRUE,FALSE
"continuous","outer",2,2,18,0.5,0.001,4.12405841938827,0.481928667208802,0.215525052036951,5,5,"none",0,4.33927258127046,TRUE,FALSE
"continuous","outer",2,2,19,0.75,0.001,,,,1,1,"kkt_not_met",4,4.33927258127046,FALSE,FALSE
"continuous","outer",2,2,20,1,0.001,4.11984050447212,0.49066504016504,0.219432076798339,5,5,"none",0,4.33927258127046,TRUE,FALSE
"logistic","outer",2,2,1,0,1,0.647336970241804,0.0121693779381717,0.00544231126272764,5,5,"none",0,0.518931448236451,FALSE,FALSE
"logistic","outer",2,2,2,0.25,1,0.692679840605181,0.000154558200041579,0.0000691205283545962,5,5,"none",0,0.518931448236451,FALSE,FALSE
"logistic","outer",2,2,3,0.5,1,0.692679840605181,0.000154558200041579,0.0000691205283545962,5,5,"none",0,0.518931448236451,FALSE,FALSE
"logistic","outer",2,2,4,0.75,1,0.692679840605181,0.000154558200041579,0.0000691205283545962,5,5,"none",0,0.518931448236451,FALSE,FALSE
"logistic","outer",2,2,5,1,1,0.692679840605181,0.000154558200041579,0.0000691205283545962,5,5,"none",0,0.518931448236451,FALSE,FALSE
"logistic","outer",2,2,6,0,0.1,0.538097056572153,0.0391932227186853,0.0175277420512539,5,5,"none",0,0.518931448236451,FALSE,FALSE
"logistic","outer",2,2,7,0.25,0.1,0.622262313845106,0.0194245819481485,0.00868693713411505,5,5,"none",0,0.518931448236451,FALSE,FALSE
"logistic","outer",2,2,8,0.5,0.1,0.692679840605181,0.000154558200041579,0.0000691205283545962,5,5,"none",0,0.518931448236451,FALSE,FALSE
"logistic","outer",2,2,9,0.75,0.1,0.692679840605181,0.000154558200041579,0.0000691205283545962,5,5,"none",0,0.518931448236451,FALSE,FALSE
"logistic","outer",2,2,10,1,0.1,0.692679840605181,0.000154558200041579,0.0000691205283545962,5,5,"none",0,0.518931448236451,FALSE,FALSE
"logistic","outer",2,2,11,0,0.01,0.484985835367446,0.0653945651163584,0.0292453385918428,5,5,"none",0,0.518931448236451,TRUE,TRUE
"logistic","outer",2,2,12,0.25,0.01,0.493263474730174,0.0622957852860535,0.0278595221222694,5,5,"none",0,0.518931448236451,TRUE,FALSE
"logistic","outer",2,2,13,0.5,0.01,0.50996010853571,0.0621029344314038,0.0277732765981662,5,5,"none",0,0.518931448236451,TRUE,FALSE
"logistic","outer",2,2,14,0.75,0.01,0.525548780938027,0.061507443784609,0.0275069650849265,5,5,"none",0,0.518931448236451,FALSE,FALSE
"logistic","outer",2,2,15,1,0.01,0.534843441038821,0.0557515875392124,0.0249328679182418,5,5,"none",0,0.518931448236451,FALSE,FALSE
"logistic","outer",2,2,16,0,0.001,0.494054887009847,0.0862013969358297,0.0385504366607914,5,5,"none",0,0.518931448236451,TRUE,FALSE
"logistic","outer",2,2,17,0.25,0.001,0.490643977433152,0.0839164151923222,0.0375285617596257,5,5,"none",0,0.518931448236451,TRUE,FALSE
"logistic","outer",2,2,18,0.5,0.001,0.487567732175096,0.0820136860076587,0.0366776353996896,5,5,"none",0,0.518931448236451,TRUE,FALSE
"logistic","outer",2,2,19,0.75,0.001,0.484711418624623,0.0804364603014604,0.0359722786207057,5,5,"none",0,0.518931448236451,TRUE,FALSE
"logistic","outer",2,2,20,1,0.001,0.483265841462886,0.0797507212044685,0.0356656067735651,5,5,"none",0,0.518931448236451,TRUE,FALSE
"continuous","outer",2,3,1,0,1,5.25748319356448,0.341715947989009,0.152820017739841,5,5,"none",0,4.31318188784557,FALSE,FALSE
"continuous","outer",2,3,2,0.25,1,5.37599420707376,0.351182274360019,0.157053487592397,5,5,"none",0,4.31318188784557,FALSE,FALSE
"continuous","outer",2,3,3,0.5,1,5.37599420707376,0.351182274360019,0.157053487592397,5,5,"none",0,4.31318188784557,FALSE,FALSE
"continuous","outer",2,3,4,0.75,1,5.37599420707376,0.351182274360019,0.157053487592397,5,5,"none",0,4.31318188784557,FALSE,FALSE
"continuous","outer",2,3,5,1,1,5.37599420707376,0.351182274360019,0.157053487592397,5,5,"none",0,4.31318188784557,FALSE,FALSE
"continuous","outer",2,3,6,0,0.1,4.72441611087285,0.295709488523608,0.132245303586096,5,5,"none",0,4.31318188784557,FALSE,FALSE
"continuous","outer",2,3,7,0.25,0.1,5.15936259443562,0.334785822418017,0.149720771365972,5,5,"none",0,4.31318188784557,FALSE,FALSE
"continuous","outer",2,3,8,0.5,0.1,5.37599420707376,0.351182274360018,0.157053487592397,5,5,"none",0,4.31318188784557,FALSE,FALSE
"continuous","outer",2,3,9,0.75,0.1,5.37599420707376,0.351182274360018,0.157053487592397,5,5,"none",0,4.31318188784557,FALSE,FALSE
"continuous","outer",2,3,10,1,0.1,5.37599420707376,0.351182274360018,0.157053487592397,5,5,"none",0,4.31318188784557,FALSE,FALSE
"continuous","outer",2,3,11,0,0.01,4.26393931649563,0.194830442186416,0.0871308225630337,5,5,"none",0,4.31318188784557,TRUE,TRUE
"continuous","outer",2,3,12,0.25,0.01,4.30352447250493,0.213839948416127,0.0956321321927017,5,5,"none",0,4.31318188784557,TRUE,FALSE
"continuous","outer",2,3,13,0.5,0.01,4.3521899504153,0.225192261006759,0.100709040723598,5,5,"none",0,4.31318188784557,FALSE,FALSE
"continuous","outer",2,3,14,0.75,0.01,4.41661211428143,0.25727928223144,0.115058792854371,5,5,"none",0,4.31318188784557,FALSE,FALSE
"continuous","outer",2,3,15,1,0.01,4.49043478691449,0.290891635251848,0.130090694101841,5,5,"none",0,4.31318188784557,FALSE,FALSE
"continuous","outer",2,3,16,0,0.001,4.26000831794742,0.148785861189486,0.0665390599421078,5,5,"none",0,4.31318188784557,TRUE,FALSE
"continuous","outer",2,3,17,0.25,0.001,4.25289396718216,0.149498898114247,0.0668579397489541,5,5,"none",0,4.31318188784557,TRUE,FALSE
"continuous","outer",2,3,18,0.5,0.001,4.24781944005823,0.151403059901746,0.0677095067883551,5,5,"none",0,4.31318188784557,TRUE,FALSE
"continuous","outer",2,3,19,0.75,0.001,,,,0,0,"kkt_not_met",5,4.31318188784557,FALSE,FALSE
"continuous","outer",2,3,20,1,0.001,4.24457764912055,0.153403741333774,0.0686042387250225,5,5,"none",0,4.31318188784557,TRUE,FALSE
"logistic","outer",2,3,1,0,1,0.646265599838548,0.00556728819645167,0.00248976697151963,5,5,"none",0,0.496378731619054,FALSE,FALSE
"logistic","outer",2,3,2,0.25,1,0.692679840605181,0.000154558200041579,0.0000691205283545962,5,5,"none",0,0.496378731619054,FALSE,FALSE
"logistic","outer",2,3,3,0.5,1,0.692679840605181,0.000154558200041579,0.0000691205283545962,5,5,"none",0,0.496378731619054,FALSE,FALSE
"logistic","outer",2,3,4,0.75,1,0.692679840605181,0.000154558200041579,0.0000691205283545962,5,5,"none",0,0.496378731619054,FALSE,FALSE
"logistic","outer",2,3,5,1,1,0.692679840605181,0.000154558200041579,0.0000691205283545962,5,5,"none",0,0.496378731619054,FALSE,FALSE
"logistic","outer",2,3,6,0,0.1,0.535026706175893,0.0195598078831223,0.00874741201069956,5,5,"none",0,0.496378731619054,FALSE,FALSE
"logistic","outer",2,3,7,0.25,0.1,0.624176916816256,0.00698592091992193,0.00312419881247666,5,5,"none",0,0.496378731619054,FALSE,FALSE
"logistic","outer",2,3,8,0.5,0.1,0.692679840605181,0.000154558200041579,0.0000691205283545962,5,5,"none",0,0.496378731619054,FALSE,FALSE
"logistic","outer",2,3,9,0.75,0.1,0.692679840605181,0.000154558200041579,0.0000691205283545962,5,5,"none",0,0.496378731619054,FALSE,FALSE
"logistic","outer",2,3,10,1,0.1,0.692679840605181,0.000154558200041579,0.0000691205283545962,5,5,"none",0,0.496378731619054,FALSE,FALSE
"logistic","outer",2,3,11,0,0.01,0.479431947975377,0.0394957957918745,0.0176630568432163,5,5,"none",0,0.496378731619054,TRUE,TRUE
"logistic","outer",2,3,12,0.25,0.01,0.486524416967496,0.0306248173224889,0.0136958346663197,5,5,"none",0,0.496378731619054,TRUE,FALSE
"logistic","outer",2,3,13,0.5,0.01,0.500281808371548,0.0276568216405674,0.0123685066459792,5,5,"none",0,0.496378731619054,FALSE,FALSE
"logistic","outer",2,3,14,0.75,0.01,0.516872019413043,0.0262858567298359,0.0117553924989467,5,5,"none",0,0.496378731619054,FALSE,FALSE
"logistic","outer",2,3,15,1,0.01,0.527846996658175,0.0252775728824185,0.0113044742542586,5,5,"none",0,0.496378731619054,FALSE,FALSE
"logistic","outer",2,3,16,0,0.001,0.491750354069207,0.062924467593734,0.0281406773975144,5,5,"none",0,0.496378731619054,TRUE,FALSE
"logistic","outer",2,3,17,0.25,0.001,0.486670513092916,0.0588737885018239,0.0263291586366047,5,5,"none",0,0.496378731619054,TRUE,FALSE
"logistic","outer",2,3,18,0.5,0.001,0.482346981166446,0.0548013071334727,0.0245078896012578,5,5,"none",0,0.496378731619054,TRUE,FALSE
"logistic","outer",2,3,19,0.75,0.001,0.478991422191016,0.0510725481536912,0.022840337891157,5,5,"none",0,0.496378731619054,TRUE,FALSE
"logistic","outer",2,3,20,1,0.001,0.475089347331915,0.0476045104651589,0.0212893842871391,5,5,"none",0,0.496378731619054,TRUE,FALSE
"continuous","outer",2,4,1,0,1,5.24731390515948,0.141548590012348,0.0633024538773718,5,5,"none",0,4.18975485440559,FALSE,FALSE
"continuous","outer",2,4,2,0.25,1,5.36195664679671,0.14355650337164,0.0642004200302331,5,5,"none",0,4.18975485440559,FALSE,FALSE
"continuous","outer",2,4,3,0.5,1,5.36195664679671,0.14355650337164,0.0642004200302331,5,5,"none",0,4.18975485440559,FALSE,FALSE
"continuous","outer",2,4,4,0.75,1,5.36195664679671,0.14355650337164,0.0642004200302331,5,5,"none",0,4.18975485440559,FALSE,FALSE
"continuous","outer",2,4,5,1,1,5.36195664679671,0.14355650337164,0.0642004200302331,5,5,"none",0,4.18975485440559,FALSE,FALSE
"continuous","outer",2,4,6,0,0.1,4.71745067338667,0.140156354335963,0.062679827154752,5,5,"none",0,4.18975485440559,FALSE,FALSE
"continuous","outer",2,4,7,0.25,0.1,5.15512473488616,0.138566548110091,0.0619688441963315,5,5,"none",0,4.18975485440559,FALSE,FALSE
"continuous","outer",2,4,8,0.5,0.1,5.36195664679671,0.14355650337164,0.064200420030233,5,5,"none",0,4.18975485440559,FALSE,FALSE
"continuous","outer",2,4,9,0.75,0.1,5.36195664679671,0.14355650337164,0.064200420030233,5,5,"none",0,4.18975485440559,FALSE,FALSE
"continuous","outer",2,4,10,1,0.1,5.36195664679671,0.14355650337164,0.064200420030233,5,5,"none",0,4.18975485440559,FALSE,FALSE
"continuous","outer",2,4,11,0,0.01,4.18454849011958,0.132353422858896,0.0591902501134534,5,5,"none",0,4.18975485440559,TRUE,TRUE
"continuous","outer",2,4,12,0.25,0.01,4.23215145342285,0.153442066407828,0.0686213782191879,5,5,"none",0,4.18975485440559,FALSE,FALSE
"continuous","outer",2,4,13,0.5,0.01,4.30020324880408,0.166074834832116,0.0742709240073323,5,5,"none",0,4.18975485440559,FALSE,FALSE
"continuous","outer",2,4,14,0.75,0.01,4.38144677791265,0.168757098575783,0.0754704688202168,5,5,"none",0,4.18975485440559,FALSE,FALSE
"continuous","outer",2,4,15,1,0.01,4.47723780303427,0.155694548622342,0.0696287188891404,5,5,"none",0,4.18975485440559,FALSE,FALSE
"continuous","outer",2,4,16,0,0.001,4.13440780205678,0.140131709670938,0.0626688057254964,5,5,"none",0,4.18975485440559,TRUE,FALSE
"continuous","outer",2,4,17,0.25,0.001,4.12707360262034,0.140159539906586,0.0626812517852441,5,5,"none",0,4.18975485440559,TRUE,FALSE
"continuous","outer",2,4,18,0.5,0.001,4.12836129905594,0.142410112143564,0.0636877382872754,5,5,"none",0,4.18975485440559,TRUE,FALSE
"continuous","outer",2,4,19,0.75,0.001,,,,2,2,"kkt_not_met",3,4.18975485440559,FALSE,FALSE
"continuous","outer",2,4,20,1,0.001,,,,4,4,"kkt_not_met",1,4.18975485440559,FALSE,FALSE
"logistic","outer",2,4,1,0,1,0.648348939690598,0.00987661560939897,0.00441695677805032,5,5,"none",0,0.520398817114003,FALSE,FALSE
"logistic","outer",2,4,2,0.25,1,0.692679840605181,0.000154558200041579,0.0000691205283545962,5,5,"none",0,0.520398817114003,FALSE,FALSE
"logistic","outer",2,4,3,0.5,1,0.692679840605181,0.000154558200041579,0.0000691205283545962,5,5,"none",0,0.520398817114003,FALSE,FALSE
"logistic","outer",2,4,4,0.75,1,0.692679840605181,0.000154558200041579,0.0000691205283545962,5,5,"none",0,0.520398817114003,FALSE,FALSE
"logistic","outer",2,4,5,1,1,0.692679840605181,0.000154558200041579,0.0000691205283545962,5,5,"none",0,0.520398817114003,FALSE,FALSE
"logistic","outer",2,4,6,0,0.1,0.541982463828386,0.0377684678698263,0.0168905723125896,5,5,"none",0,0.520398817114003,FALSE,FALSE
"logistic","outer",2,4,7,0.25,0.1,0.623641615390819,0.013547711607673,0.00605872081886395,5,5,"none",0,0.520398817114003,FALSE,FALSE
"logistic","outer",2,4,8,0.5,0.1,0.692679840605181,0.000154558200041579,0.0000691205283545962,5,5,"none",0,0.520398817114003,FALSE,FALSE
"logistic","outer",2,4,9,0.75,0.1,0.692679840605181,0.000154558200041579,0.0000691205283545962,5,5,"none",0,0.520398817114003,FALSE,FALSE
"logistic","outer",2,4,10,1,0.1,0.692679840605181,0.000154558200041579,0.0000691205283545962,5,5,"none",0,0.520398817114003,FALSE,FALSE
"logistic","outer",2,4,11,0,0.01,0.492442915021972,0.0625112974501097,0.0279559020920309,5,5,"none",0,0.520398817114003,TRUE,TRUE
"logistic","outer",2,4,12,0.25,0.01,0.496009305201633,0.0575495597680882,0.0257369455433264,5,5,"none",0,0.520398817114003,TRUE,FALSE
"logistic","outer",2,4,13,0.5,0.01,0.507564606863251,0.0529175850896762,0.0236654634931291,5,5,"none",0,0.520398817114003,TRUE,FALSE
"logistic","outer",2,4,14,0.75,0.01,0.521745448906699,0.0489083981968927,0.0218725006077761,5,5,"none",0,0.520398817114003,FALSE,FALSE
"logistic","outer",2,4,15,1,0.01,0.531249354287139,0.0454045761642232,0.0203055437585539,5,5,"none",0,0.520398817114003,FALSE,FALSE
"logistic","outer",2,4,16,0,0.001,0.508420969871148,0.076927259058428,0.0344029161154763,5,5,"none",0,0.520398817114003,TRUE,FALSE
"logistic","outer",2,4,17,0.25,0.001,0.503576859846532,0.074289652674787,0.0332233426811345,5,5,"none",0,0.520398817114003,TRUE,FALSE
"logistic","outer",2,4,18,0.5,0.001,0.499365881716084,0.0713352983335536,0.0319021152538107,5,5,"none",0,0.520398817114003,TRUE,FALSE
"logistic","outer",2,4,19,0.75,0.001,0.496500143932492,0.0691456802227695,0.0309228882657151,5,5,"none",0,0.520398817114003,TRUE,FALSE
"logistic","outer",2,4,20,1,0.001,0.494105464331367,0.0680285012440692,0.0304232706378335,5,5,"none",0,0.520398817114003,TRUE,FALSE
"continuous","outer",2,5,1,0,1,5.16204222596364,0.453017935925249,0.2025957799511,5,5,"none",0,4.35435061276936,FALSE,FALSE
"continuous","outer",2,5,2,0.25,1,5.28106065308339,0.459221044813474,0.205369894580281,5,5,"none",0,4.35435061276936,FALSE,FALSE
"continuous","outer",2,5,3,0.5,1,5.28106065308339,0.459221044813474,0.205369894580281,5,5,"none",0,4.35435061276936,FALSE,FALSE
"continuous","outer",2,5,4,0.75,1,5.28106065308339,0.459221044813474,0.205369894580281,5,5,"none",0,4.35435061276936,FALSE,FALSE
"continuous","outer",2,5,5,1,1,5.28106065308339,0.459221044813474,0.205369894580281,5,5,"none",0,4.35435061276936,FALSE,FALSE
"continuous","outer",2,5,6,0,0.1,4.62850117140964,0.436561481543568,0.195236229817888,5,5,"none",0,4.35435061276936,FALSE,FALSE
"continuous","outer",2,5,7,0.25,0.1,5.06139884646068,0.452979867341751,0.202578755162999,5,5,"none",0,4.35435061276936,FALSE,FALSE
"continuous","outer",2,5,8,0.5,0.1,5.28106065308339,0.459221044813474,0.205369894580281,5,5,"none",0,4.35435061276936,FALSE,FALSE
"continuous","outer",2,5,9,0.75,0.1,5.28106065308339,0.459221044813474,0.205369894580281,5,5,"none",0,4.35435061276936,FALSE,FALSE
"continuous","outer",2,5,10,1,0.1,5.28106065308339,0.459221044813474,0.205369894580281,5,5,"none",0,4.35435061276936,FALSE,FALSE
"continuous","outer",2,5,11,0,0.01,4.16854467737362,0.45555756068799,0.203731534672466,5,5,"none",0,4.35435061276936,TRUE,TRUE
"continuous","outer",2,5,12,0.25,0.01,4.22390483417168,0.444959250105833,0.198991826090794,5,5,"none",0,4.35435061276936,TRUE,FALSE
"continuous","outer",2,5,13,0.5,0.01,4.28890903898781,0.440815635268458,0.197138745201005,5,5,"none",0,4.35435061276936,TRUE,FALSE
"continuous","outer",2,5,14,0.75,0.01,4.33799104299802,0.436813671541333,0.195349012613537,5,5,"none",0,4.35435061276936,TRUE,FALSE
"continuous","outer",2,5,15,1,0.01,4.40367606696535,0.42465631666735,0.189912078228575,5,5,"none",0,4.35435061276936,FALSE,FALSE
"continuous","outer",2,5,16,0,0.001,4.15142836142737,0.493882513160447,0.220870974465039,5,5,"none",0,4.35435061276936,TRUE,FALSE
"continuous","outer",2,5,17,0.25,0.001,4.14973886462796,0.490963823390774,0.219565696718994,5,5,"none",0,4.35435061276936,TRUE,FALSE
"continuous","outer",2,5,18,0.5,0.001,4.14528027918036,0.488417498383844,0.218426945557334,5,5,"none",0,4.35435061276936,TRUE,FALSE
"continuous","outer",2,5,19,0.75,0.001,,,,1,1,"kkt_not_met",4,4.35435061276936,FALSE,FALSE
"continuous","outer",2,5,20,1,0.001,4.13903664702876,0.481456663901041,0.2153139657406,5,5,"none",0,4.35435061276936,TRUE,FALSE
"logistic","outer",2,5,1,0,1,0.646710452294516,0.00635009421978627,0.00283984846779412,5,5,"none",0,0.487332974563729,FALSE,FALSE
"logistic","outer",2,5,2,0.25,1,0.692679840605181,0.000154558200041579,0.0000691205283545962,5,5,"none",0,0.487332974563729,FALSE,FALSE
"logistic","outer",2,5,3,0.5,1,0.692679840605181,0.000154558200041579,0.0000691205283545962,5,5,"none",0,0.487332974563729,FALSE,FALSE
"logistic","outer",2,5,4,0.75,1,0.692679840605181,0.000154558200041579,0.0000691205283545962,5,5,"none",0,0.487332974563729,FALSE,FALSE
"logistic","outer",2,5,5,1,1,0.692679840605181,0.000154558200041579,0.0000691205283545962,5,5,"none",0,0.487332974563729,FALSE,FALSE
"logistic","outer",2,5,6,0,0.1,0.536008642795508,0.0168821712212435,0.00754993649169821,5,5,"none",0,0.487332974563729,FALSE,FALSE
"logistic","outer",2,5,7,0.25,0.1,0.621792189925081,0.0105445065438994,0.00471564668427007,5,5,"none",0,0.487332974563729,FALSE,FALSE
"logistic","outer",2,5,8,0.5,0.1,0.692679840605181,0.000154558200041579,0.0000691205283545962,5,5,"none",0,0.487332974563729,FALSE,FALSE
"logistic","outer",2,5,9,0.75,0.1,0.692679840605181,0.000154558200041579,0.0000691205283545962,5,5,"none",0,0.487332974563729,FALSE,FALSE
"logistic","outer",2,5,10,1,0.1,0.692679840605181,0.000154558200041579,0.0000691205283545962,5,5,"none",0,0.487332974563729,FALSE,FALSE
"logistic","outer",2,5,11,0,0.01,0.481230853105436,0.0136447583877028,0.00610212145829278,5,5,"none",0,0.487332974563729,TRUE,TRUE
"logistic","outer",2,5,12,0.25,0.01,0.492782769534567,0.0193051620390579,0.0086335309271964,5,5,"none",0,0.487332974563729,FALSE,FALSE
"logistic","outer",2,5,13,0.5,0.01,0.509762991167231,0.0217663892783627,0.00973422521022833,5,5,"none",0,0.487332974563729,FALSE,FALSE
"logistic","outer",2,5,14,0.75,0.01,0.526148926599241,0.0256531134750355,0.011472421112939,5,5,"none",0,0.487332974563729,FALSE,FALSE
"logistic","outer",2,5,15,1,0.01,0.532328164132538,0.0297870929487158,0.0133211929370866,5,5,"none",0,0.487332974563729,FALSE,FALSE
"logistic","outer",2,5,16,0,0.001,0.487126429204277,0.0224408408053393,0.010035849102598,5,5,"none",0,0.487332974563729,TRUE,FALSE
"logistic","outer",2,5,17,0.25,0.001,0.485134184447738,0.0220337977311549,0.00985381390586859,5,5,"none",0,0.487332974563729,TRUE,FALSE
"logistic","outer",2,5,18,0.5,0.001,0.484257477558209,0.0218852743020488,0.0097873922091221,5,5,"none",0,0.487332974563729,TRUE,FALSE
"logistic","outer",2,5,19,0.75,0.001,0.483521566814033,0.02153151956524,0.00962918828134866,5,5,"none",0,0.487332974563729,TRUE,FALSE
"logistic","outer",2,5,20,1,0.001,0.48312131245451,0.0208918302665517,0.00934311053007944,5,5,"none",0,0.487332974563729,TRUE,FALSE
"continuous","outer",2,6,1,0,1,5.21827223365013,0.593121838192246,0.265252149827498,5,5,"none",0,4.35159754443027,FALSE,FALSE
"continuous","outer",2,6,2,0.25,1,5.33405375869687,0.5979120128489,0.267394381058774,5,5,"none",0,4.35159754443027,FALSE,FALSE
"continuous","outer",2,6,3,0.5,1,5.33405375869687,0.5979120128489,0.267394381058774,5,5,"none",0,4.35159754443027,FALSE,FALSE
"continuous","outer",2,6,4,0.75,1,5.33405375869687,0.5979120128489,0.267394381058774,5,5,"none",0,4.35159754443027,FALSE,FALSE
"continuous","outer",2,6,5,1,1,5.33405375869687,0.5979120128489,0.267394381058774,5,5,"none",0,4.35159754443027,FALSE,FALSE
"continuous","outer",2,6,6,0,0.1,4.69631391493016,0.556966593963359,0.249083033059719,5,5,"none",0,4.35159754443027,FALSE,FALSE
"continuous","outer",2,6,7,0.25,0.1,5.12065543315346,0.594581740786659,0.265905038115826,5,5,"none",0,4.35159754443027,FALSE,FALSE
"continuous","outer",2,6,8,0.5,0.1,5.33405375869687,0.5979120128489,0.267394381058774,5,5,"none",0,4.35159754443027,FALSE,FALSE
"continuous","outer",2,6,9,0.75,0.1,5.33405375869687,0.5979120128489,0.267394381058774,5,5,"none",0,4.35159754443027,FALSE,FALSE
"continuous","outer",2,6,10,1,0.1,5.33405375869687,0.5979120128489,0.267394381058774,5,5,"none",0,4.35159754443027,FALSE,FALSE
"continuous","outer",2,6,11,0,0.01,4.23176463819238,0.412955638226639,0.184679375753315,5,5,"none",0,4.35159754443027,TRUE,TRUE
"continuous","outer",2,6,12,0.25,0.01,4.26666822756677,0.450770913271508,0.201590880870951,5,5,"none",0,4.35159754443027,TRUE,FALSE
"continuous","outer",2,6,13,0.5,0.01,4.32741787669698,0.482966469496755,0.215989171329565,5,5,"none",0,4.35159754443027,TRUE,FALSE
"continuous","outer",2,6,14,0.75,0.01,4.38695976131637,0.506451907443068,0.226492178475426,5,5,"none",0,4.35159754443027,FALSE,FALSE
"continuous","outer",2,6,15,1,0.01,4.45003967231657,0.515666241233241,0.230612953819866,5,5,"none",0,4.35159754443027,FALSE,FALSE
"continuous","outer",2,6,16,0,0.001,4.21164903487825,0.307408645257506,0.13747732553338,5,5,"none",0,4.35159754443027,TRUE,FALSE
"continuous","outer",2,6,17,0.25,0.001,4.20548348158674,0.311653324177057,0.139375603654736,5,5,"none",0,4.35159754443027,TRUE,FALSE
"continuous","outer",2,6,18,0.5,0.001,4.20189121038297,0.320082476115284,0.143145235000046,5,5,"none",0,4.35159754443027,TRUE,FALSE
"continuous","outer",2,6,19,0.75,0.001,,,,2,2,"kkt_not_met",3,4.35159754443027,FALSE,FALSE
"continuous","outer",2,6,20,1,0.001,4.20084124771605,0.337101327489114,0.150756296714216,5,5,"none",0,4.35159754443027,TRUE,FALSE
"logistic","outer",2,6,1,0,1,0.647582482294462,0.00318497488819422,0.00142436407132641,5,5,"none",0,0.505821605882114,FALSE,FALSE
"logistic","outer",2,6,2,0.25,1,0.692679840605181,0.000154558200041579,0.0000691205283545962,5,5,"none",0,0.505821605882114,FALSE,FALSE
"logistic","outer",2,6,3,0.5,1,0.692679840605181,0.000154558200041579,0.0000691205283545962,5,5,"none",0,0.505821605882114,FALSE,FALSE
"logistic","outer",2,6,4,0.75,1,0.692679840605181,0.000154558200041579,0.0000691205283545962,5,5,"none",0,0.505821605882114,FALSE,FALSE
"logistic","outer",2,6,5,1,1,0.692679840605181,0.000154558200041579,0.0000691205283545962,5,5,"none",0,0.505821605882114,FALSE,FALSE
"logistic","outer",2,6,6,0,0.1,0.5415471405105,0.014730357659892,0.00658761621208063,5,5,"none",0,0.505821605882114,FALSE,FALSE
"logistic","outer",2,6,7,0.25,0.1,0.623151424113957,0.00610091135019333,0.00272841050074646,5,5,"none",0,0.505821605882114,FALSE,FALSE
"logistic","outer",2,6,8,0.5,0.1,0.692679840605181,0.000154558200041579,0.0000691205283545962,5,5,"none",0,0.505821605882114,FALSE,FALSE
"logistic","outer",2,6,9,0.75,0.1,0.692679840605181,0.000154558200041579,0.0000691205283545962,5,5,"none",0,0.505821605882114,FALSE,FALSE
"logistic","outer",2,6,10,1,0.1,0.692679840605181,0.000154558200041579,0.0000691205283545962,5,5,"none",0,0.505821605882114,FALSE,FALSE
"logistic","outer",2,6,11,0,0.01,0.490796314776668,0.0335975722935008,0.0150252911054463,5,5,"none",0,0.505821605882114,TRUE,TRUE
"logistic","outer",2,6,12,0.25,0.01,0.499008227748715,0.0303266209734382,0.0135624772048957,5,5,"none",0,0.505821605882114,TRUE,FALSE
"logistic","outer",2,6,13,0.5,0.01,0.512698413037928,0.0293425252615195,0.0131223762232525,5,5,"none",0,0.505821605882114,FALSE,FALSE
"logistic","outer",2,6,14,0.75,0.01,0.525316973118545,0.027324118619533,0.0122197173317087,5,5,"none",0,0.505821605882114,FALSE,FALSE
"logistic","outer",2,6,15,1,0.01,0.533726068272678,0.0252284350148731,0.0112824991318384,5,5,"none",0,0.505821605882114,FALSE,FALSE
"logistic","outer",2,6,16,0,0.001,0.500257062267527,0.0447638590537752,0.0200190063558922,5,5,"none",0,0.505821605882114,TRUE,FALSE
"logistic","outer",2,6,17,0.25,0.001,0.495916932713422,0.0428092809365244,0.0191448924483909,5,5,"none",0,0.505821605882114,TRUE,FALSE
"logistic","outer",2,6,18,0.5,0.001,0.493299868383738,0.0416518317122311,0.018627265419186,5,5,"none",0,0.505821605882114,TRUE,FALSE
"logistic","outer",2,6,19,0.75,0.001,0.492137732900086,0.0408404844768677,0.0182644199048602,5,5,"none",0,0.505821605882114,TRUE,FALSE
"logistic","outer",2,6,20,1,0.001,0.491084676261459,0.0409619749833854,0.0183187521110991,5,5,"none",0,0.505821605882114,TRUE,FALSE
"continuous","outer",2,7,1,0,1,5.21884002566149,0.399969825672131,0.178871943830325,5,5,"none",0,4.27179017476871,FALSE,FALSE
"continuous","outer",2,7,2,0.25,1,5.33538764096797,0.397891389421821,0.177942438881807,5,5,"none",0,4.27179017476871,FALSE,FALSE
"continuous","outer",2,7,3,0.5,1,5.33538764096797,0.397891389421821,0.177942438881807,5,5,"none",0,4.27179017476871,FALSE,FALSE
"continuous","outer",2,7,4,0.75,1,5.33538764096797,0.397891389421821,0.177942438881807,5,5,"none",0,4.27179017476871,FALSE,FALSE
"continuous","outer",2,7,5,1,1,5.33538764096797,0.397891389421821,0.177942438881807,5,5,"none",0,4.27179017476871,FALSE,FALSE
"continuous","outer",2,7,6,0,0.1,4.68033742006362,0.418156099510864,0.187005092742492,5,5,"none",0,4.27179017476871,FALSE,FALSE
"continuous","outer",2,7,7,0.25,0.1,5.11813728812527,0.409222073153073,0.183009674692733,5,5,"none",0,4.27179017476871,FALSE,FALSE
"continuous","outer",2,7,8,0.5,0.1,5.33538764096797,0.397891389421821,0.177942438881807,5,5,"none",0,4.27179017476871,FALSE,FALSE
"continuous","outer",2,7,9,0.75,0.1,5.33538764096797,0.397891389421821,0.177942438881807,5,5,"none",0,4.27179017476871,FALSE,FALSE
"continuous","outer",2,7,10,1,0.1,5.33538764096797,0.397891389421821,0.177942438881807,5,5,"none",0,4.27179017476871,FALSE,FALSE
"continuous","outer",2,7,11,0,0.01,4.18943123980582,0.377432443745752,0.168792920225873,5,5,"none",0,4.27179017476871,TRUE,TRUE
"continuous","outer",2,7,12,0.25,0.01,4.22294230303151,0.396971344798282,0.177530982417693,5,5,"none",0,4.27179017476871,TRUE,FALSE
"continuous","outer",2,7,13,0.5,0.01,4.28684278903896,0.418394271847599,0.187111606649552,5,5,"none",0,4.27179017476871,FALSE,FALSE
"continuous","outer",2,7,14,0.75,0.01,4.35786608191507,0.433569221414953,0.193898050407098,5,5,"none",0,4.27179017476871,FALSE,FALSE
"continuous","outer",2,7,15,1,0.01,4.41448224592005,0.45248667012865,0.202358190664037,5,5,"none",0,4.27179017476871,FALSE,FALSE
"continuous","outer",2,7,16,0,0.001,4.16518370519265,0.343312427630953,0.153533985140657,5,5,"none",0,4.27179017476871,TRUE,FALSE
"continuous","outer",2,7,17,0.25,0.001,4.15199032272989,0.340243509061125,0.152161523032748,5,5,"none",0,4.27179017476871,TRUE,FALSE
"continuous","outer",2,7,18,0.5,0.001,4.13928823349878,0.338596495797771,0.151424956309408,5,5,"none",0,4.27179017476871,TRUE,FALSE
"continuous","outer",2,7,19,0.75,0.001,,,,3,3,"kkt_not_met",2,4.27179017476871,FALSE,FALSE
"continuous","outer",2,7,20,1,0.001,4.12060202550295,0.338066979150619,0.151188149265758,5,5,"none",0,4.27179017476871,TRUE,FALSE
"logistic","outer",2,7,1,0,1,0.647453880832613,0.00545554999223453,0.00243979612745697,5,5,"none",0,0.506827595021089,FALSE,FALSE
"logistic","outer",2,7,2,0.25,1,0.692679840605181,0.000154558200041579,0.0000691205283545962,5,5,"none",0,0.506827595021089,FALSE,FALSE
"logistic","outer",2,7,3,0.5,1,0.692679840605181,0.000154558200041579,0.0000691205283545962,5,5,"none",0,0.506827595021089,FALSE,FALSE
"logistic","outer",2,7,4,0.75,1,0.692679840605181,0.000154558200041579,0.0000691205283545962,5,5,"none",0,0.506827595021089,FALSE,FALSE
"logistic","outer",2,7,5,1,1,0.692679840605181,0.000154558200041579,0.0000691205283545962,5,5,"none",0,0.506827595021089,FALSE,FALSE
"logistic","outer",2,7,6,0,0.1,0.536732167863025,0.0199661647799492,0.00892914033958571,5,5,"none",0,0.506827595021089,FALSE,FALSE
"logistic","outer",2,7,7,0.25,0.1,0.620850930100339,0.0109571488482794,0.00490018593286726,5,5,"none",0,0.506827595021089,FALSE,FALSE
"logistic","outer",2,7,8,0.5,0.1,0.692679840605181,0.000154558200041579,0.0000691205283545962,5,5,"none",0,0.506827595021089,FALSE,FALSE
"logistic","outer",2,7,9,0.75,0.1,0.692679840605181,0.000154558200041579,0.0000691205283545962,5,5,"none",0,0.506827595021089,FALSE,FALSE
"logistic","outer",2,7,10,1,0.1,0.692679840605181,0.000154558200041579,0.0000691205283545962,5,5,"none",0,0.506827595021089,FALSE,FALSE
"logistic","outer",2,7,11,0,0.01,0.483349927120956,0.0398579621106711,0.0178250225448143,5,5,"none",0,0.506827595021089,TRUE,TRUE
"logistic","outer",2,7,12,0.25,0.01,0.491067551866953,0.0365657705989844,0.0163527097417984,5,5,"none",0,0.506827595021089,TRUE,FALSE
"logistic","outer",2,7,13,0.5,0.01,0.508283576760385,0.0336529373409324,0.0150500511073732,5,5,"none",0,0.506827595021089,FALSE,FALSE
"logistic","outer",2,7,14,0.75,0.01,0.521441325346004,0.0307501758859301,0.0137518967202029,5,5,"none",0,0.506827595021089,FALSE,FALSE
"logistic","outer",2,7,15,1,0.01,0.524397753668663,0.0294044979642722,0.0131500912584734,5,5,"none",0,0.506827595021089,FALSE,FALSE
"logistic","outer",2,7,16,0,0.001,0.496175761861622,0.0665309115996567,0.0297535281883723,5,5,"none",0,0.506827595021089,TRUE,FALSE
"logistic","outer",2,7,17,0.25,0.001,0.49071338237963,0.061455807411452,0.0274838725968284,5,5,"none",0,0.506827595021089,TRUE,FALSE
"logistic","outer",2,7,18,0.5,0.001,0.487546479241733,0.058182715170567,0.0260201012473792,5,5,"none",0,0.506827595021089,TRUE,FALSE
"logistic","outer",2,7,19,0.75,0.001,0.484653952696709,0.0554270163999916,0.0247877152920754,5,5,"none",0,0.506827595021089,TRUE,FALSE
"logistic","outer",2,7,20,1,0.001,0.482997835824858,0.0532849614502238,0.0238297591962312,5,5,"none",0,0.506827595021089,TRUE,FALSE
"continuous","outer",2,8,1,0,1,5.24403223679941,0.308788411692896,0.138094375841901,5,5,"none",0,4.31134555206167,FALSE,FALSE
"continuous","outer",2,8,2,0.25,1,5.36074601773082,0.317385572497392,0.141939143036371,5,5,"none",0,4.31134555206167,FALSE,FALSE
"continuous","outer",2,8,3,0.5,1,5.36074601773082,0.317385572497392,0.141939143036371,5,5,"none",0,4.31134555206167,FALSE,FALSE
"continuous","outer",2,8,4,0.75,1,5.36074601773082,0.317385572497392,0.141939143036371,5,5,"none",0,4.31134555206167,FALSE,FALSE
"continuous","outer",2,8,5,1,1,5.36074601773082,0.317385572497392,0.141939143036371,5,5,"none",0,4.31134555206167,FALSE,FALSE
"continuous","outer",2,8,6,0,0.1,4.71109340457318,0.265612783226995,0.118785647797696,5,5,"none",0,4.31134555206167,FALSE,FALSE
"continuous","outer",2,8,7,0.25,0.1,5.1380123866476,0.293493118632324,0.131254112838057,5,5,"none",0,4.31134555206167,FALSE,FALSE
"continuous","outer",2,8,8,0.5,0.1,5.36074601773082,0.317385572497392,0.141939143036371,5,5,"none",0,4.31134555206167,FALSE,FALSE
"continuous","outer",2,8,9,0.75,0.1,5.36074601773082,0.317385572497392,0.141939143036371,5,5,"none",0,4.31134555206167,FALSE,FALSE
"continuous","outer",2,8,10,1,0.1,5.36074601773082,0.317385572497392,0.141939143036371,5,5,"none",0,4.31134555206167,FALSE,FALSE
"continuous","outer",2,8,11,0,0.01,4.23038781420425,0.200503390607469,0.0896678422234987,5,5,"none",0,4.31134555206167,TRUE,TRUE
"continuous","outer",2,8,12,0.25,0.01,4.27865989677576,0.197012924169783,0.0881068581779292,5,5,"none",0,4.31134555206167,TRUE,FALSE
"continuous","outer",2,8,13,0.5,0.01,4.33256506173938,0.189106493620549,0.0845709949444354,5,5,"none",0,4.31134555206167,FALSE,FALSE
"continuous","outer",2,8,14,0.75,0.01,4.38428470976323,0.186809704615598,0.0835438396754269,5,5,"none",0,4.31134555206167,FALSE,FALSE
"continuous","outer",2,8,15,1,0.01,4.43721560794865,0.169894436623217,0.0759791018577086,5,5,"none",0,4.31134555206167,FALSE,FALSE
"continuous","outer",2,8,16,0,0.001,4.222854132112,0.206904446772164,0.0925304815659091,5,5,"none",0,4.31134555206167,TRUE,FALSE
"continuous","outer",2,8,17,0.25,0.001,4.22044924741563,0.203250316092094,0.0908963046460482,5,5,"none",0,4.31134555206167,TRUE,FALSE
"continuous","outer",2,8,18,0.5,0.001,4.22129613324969,0.199059704359048,0.0890222061055684,5,5,"none",0,4.31134555206167,TRUE,FALSE
"continuous","outer",2,8,19,0.75,0.001,,,,3,3,"kkt_not_met",2,4.31134555206167,FALSE,FALSE
"continuous","outer",2,8,20,1,0.001,4.22151692268117,0.179597974399485,0.080318655875703,5,5,"none",0,4.31134555206167,TRUE,FALSE
"logistic","outer",2,8,1,0,1,0.646010099079408,0.00689913731211701,0.00308538800319976,5,5,"none",0,0.489784770216438,FALSE,FALSE
"logistic","outer",2,8,2,0.25,1,0.692624627826332,0.000165106917391479,0.0000738380581685581,5,5,"none",0,0.489784770216438,FALSE,FALSE
"logistic","outer",2,8,3,0.5,1,0.692624627826332,0.000165106917391479,0.0000738380581685581,5,5,"none",0,0.489784770216438,FALSE,FALSE
"logistic","outer",2,8,4,0.75,1,0.692624627826332,0.000165106917391479,0.0000738380581685581,5,5,"none",0,0.489784770216438,FALSE,FALSE
"logistic","outer",2,8,5,1,1,0.692624627826332,0.000165106917391479,0.0000738380581685581,5,5,"none",0,0.489784770216438,FALSE,FALSE
"logistic","outer",2,8,6,0,0.1,0.530709096930899,0.0275856732946706,0.0123366881383968,5,5,"none",0,0.489784770216438,FALSE,FALSE
"logistic","outer",2,8,7,0.25,0.1,0.62131975446177,0.0103959029466957,0.00464918913526039,5,5,"none",0,0.489784770216438,FALSE,FALSE
"logistic","outer",2,8,8,0.5,0.1,0.692624627826332,0.000165106917391479,0.0000738380581685581,5,5,"none",0,0.489784770216438,FALSE,FALSE
"logistic","outer",2,8,9,0.75,0.1,0.692624627826332,0.000165106917391479,0.0000738380581685581,5,5,"none",0,0.489784770216438,FALSE,FALSE
"logistic","outer",2,8,10,1,0.1,0.692624627826332,0.000165106917391479,0.0000738380581685581,5,5,"none",0,0.489784770216438,FALSE,FALSE
"logistic","outer",2,8,11,0,0.01,0.468483275887434,0.0476315893419782,0.0213014943290036,5,5,"none",0,0.489784770216438,TRUE,TRUE
"logistic","outer",2,8,12,0.25,0.01,0.482459916418506,0.0450007377513511,0.0201249417299324,5,5,"none",0,0.489784770216438,TRUE,FALSE
"logistic","outer",2,8,13,0.5,0.01,0.503513702434658,0.04416790051827,0.01975248559646,5,5,"none",0,0.489784770216438,FALSE,FALSE
"logistic","outer",2,8,14,0.75,0.01,0.520046424903585,0.0376969615588738,0.0168585937181677,5,5,"none",0,0.489784770216438,FALSE,FALSE
"logistic","outer",2,8,15,1,0.01,0.529308638746006,0.0325995675955568,0.0145789698361529,5,5,"none",0,0.489784770216438,FALSE,FALSE
"logistic","outer",2,8,16,0,0.001,0.477659695840508,0.061241215643611,0.0273879042407675,5,5,"none",0,0.489784770216438,TRUE,FALSE
"logistic","outer",2,8,17,0.25,0.001,0.473811445037067,0.0587394945916022,0.0262691005741608,5,5,"none",0,0.489784770216438,TRUE,FALSE
"logistic","outer",2,8,18,0.5,0.001,0.47132790896119,0.0555481447727921,0.0248418855471926,5,5,"none",0,0.489784770216438,TRUE,FALSE
"logistic","outer",2,8,19,0.75,0.001,0.469167319774502,0.0526737659257755,0.0235564242481892,5,5,"none",0,0.489784770216438,TRUE,FALSE
"logistic","outer",2,8,20,1,0.001,0.469557157581139,0.0506093365669062,0.0226331833719536,5,5,"none",0,0.489784770216438,TRUE,FALSE
"continuous","outer",2,9,1,0,1,5.2436223502344,0.332484133146136,0.14869142463097,5,5,"none",0,4.3838582772506,FALSE,FALSE
"continuous","outer",2,9,2,0.25,1,5.36092484585136,0.338439840937614,0.151354898126144,5,5,"none",0,4.3838582772506,FALSE,FALSE
"continuous","outer",2,9,3,0.5,1,5.36092484585136,0.338439840937614,0.151354898126144,5,5,"none",0,4.3838582772506,FALSE,FALSE
"continuous","outer",2,9,4,0.75,1,5.36092484585136,0.338439840937614,0.151354898126144,5,5,"none",0,4.3838582772506,FALSE,FALSE
"continuous","outer",2,9,5,1,1,5.36092484585136,0.338439840937614,0.151354898126144,5,5,"none",0,4.3838582772506,FALSE,FALSE
"continuous","outer",2,9,6,0,0.1,4.71479500477642,0.357406379650058,0.159836992097925,5,5,"none",0,4.3838582772506,FALSE,FALSE
"continuous","outer",2,9,7,0.25,0.1,5.15831512751231,0.328976262309276,0.147122657101469,5,5,"none",0,4.3838582772506,FALSE,FALSE
"continuous","outer",2,9,8,0.5,0.1,5.36092484585136,0.338439840937615,0.151354898126144,5,5,"none",0,4.3838582772506,FALSE,FALSE
"continuous","outer",2,9,9,0.75,0.1,5.36092484585136,0.338439840937615,0.151354898126144,5,5,"none",0,4.3838582772506,FALSE,FALSE
"continuous","outer",2,9,10,1,0.1,5.36092484585136,0.338439840937615,0.151354898126144,5,5,"none",0,4.3838582772506,FALSE,FALSE
"continuous","outer",2,9,11,0,0.01,4.2395592455338,0.432776086565708,0.193543349719451,5,5,"none",0,4.3838582772506,TRUE,TRUE
"continuous","outer",2,9,12,0.25,0.01,4.26290425654413,0.419131071064594,0.187441113276546,5,5,"none",0,4.3838582772506,TRUE,FALSE
"continuous","outer",2,9,13,0.5,0.01,4.31207028036694,0.39735213303083,0.177701276092295,5,5,"none",0,4.3838582772506,TRUE,FALSE
"continuous","outer",2,9,14,0.75,0.01,4.37033376952794,0.376004613011072,0.168154374909252,5,5,"none",0,4.3838582772506,TRUE,FALSE
"continuous","outer",2,9,15,1,0.01,4.41572226544377,0.367972323851904,0.164562225994285,5,5,"none",0,4.3838582772506,FALSE,FALSE
"continuous","outer",2,9,16,0,0.001,4.23198967589572,0.379861675999357,0.169879305916313,5,5,"none",0,4.3838582772506,TRUE,FALSE
"continuous","outer",2,9,17,0.25,0.001,4.22490001576025,0.376304123953123,0.168288320274538,5,5,"none",0,4.3838582772506,TRUE,FALSE
"continuous","outer",2,9,18,0.5,0.001,4.22101822689944,0.380233281522445,0.1700454929584,5,5,"none",0,4.3838582772506,TRUE,FALSE
"continuous","outer",2,9,19,0.75,0.001,,,,3,3,"kkt_not_met",2,4.3838582772506,FALSE,FALSE
"continuous","outer",2,9,20,1,0.001,4.21193198878174,0.38443886813561,0.17192628846886,5,5,"none",0,4.3838582772506,TRUE,FALSE
"logistic","outer",2,9,1,0,1,0.646360134577668,0.00764511518043321,0.00341899944785284,5,5,"none",0,0.511671183776849,FALSE,FALSE
"logistic","outer",2,9,2,0.25,1,0.692683447702587,0.000148862115084355,0.0000665731617206029,5,5,"none",0,0.511671183776849,FALSE,FALSE
"logistic","outer",2,9,3,0.5,1,0.692683447702587,0.000148862115084355,0.0000665731617206029,5,5,"none",0,0.511671183776849,FALSE,FALSE
"logistic","outer",2,9,4,0.75,1,0.692683447702587,0.000148862115084355,0.0000665731617206029,5,5,"none",0,0.511671183776849,FALSE,FALSE
"logistic","outer",2,9,5,1,1,0.692683447702587,0.000148862115084355,0.0000665731617206029,5,5,"none",0,0.511671183776849,FALSE,FALSE
"logistic","outer",2,9,6,0,0.1,0.536324232566695,0.0273918134963352,0.0122499914009603,5,5,"none",0,0.511671183776849,FALSE,FALSE
"logistic","outer",2,9,7,0.25,0.1,0.624601821211934,0.00853021337805412,0.00381482739518143,5,5,"none",0,0.511671183776849,FALSE,FALSE
"logistic","outer",2,9,8,0.5,0.1,0.692683447702587,0.000148862115084346,0.0000665731617205991,5,5,"none",0,0.511671183776849,FALSE,FALSE
"logistic","outer",2,9,9,0.75,0.1,0.692683447702587,0.000148862115084367,0.0000665731617206082,5,5,"none",0,0.511671183776849,FALSE,FALSE
"logistic","outer",2,9,10,1,0.1,0.692683447702587,0.000148862115084367,0.0000665731617206082,5,5,"none",0,0.511671183776849,FALSE,FALSE
"logistic","outer",2,9,11,0,0.01,0.484581325541847,0.0605747645142968,0.0270898582350019,5,5,"none",0,0.511671183776849,TRUE,TRUE
"logistic","outer",2,9,12,0.25,0.01,0.491848421468092,0.047077422972512,0.0210536635944094,5,5,"none",0,0.511671183776849,TRUE,FALSE
"logistic","outer",2,9,13,0.5,0.01,0.507564943732343,0.0416465922820855,0.0186249222747922,5,5,"none",0,0.511671183776849,TRUE,FALSE
"logistic","outer",2,9,14,0.75,0.01,0.520127488865369,0.0347421189805253,0.0155371479445681,5,5,"none",0,0.511671183776849,FALSE,FALSE
"logistic","outer",2,9,15,1,0.01,0.527875653326515,0.0342629872300654,0.0153228737117267,5,5,"none",0,0.511671183776849,FALSE,FALSE
"logistic","outer",2,9,16,0,0.001,0.502226992739466,0.104439206051843,0.0467066328496058,5,5,"none",0,0.511671183776849,TRUE,FALSE
"logistic","outer",2,9,17,0.25,0.001,0.496196944170376,0.0986719268849126,0.0441274271971107,5,5,"none",0,0.511671183776849,TRUE,FALSE
"logistic","outer",2,9,18,0.5,0.001,0.491537582550927,0.0929802616168682,0.0415820371082064,5,5,"none",0,0.511671183776849,TRUE,FALSE
"logistic","outer",2,9,19,0.75,0.001,0.487988622772447,0.0871583896153537,0.0389784167978685,5,5,"none",0,0.511671183776849,TRUE,FALSE
"logistic","outer",2,9,20,1,0.001,0.485727604872732,0.0816204219944458,0.0365017623863599,5,5,"none",0,0.511671183776849,TRUE,FALSE
"continuous","outer",2,10,1,0,1,5.26213709369787,0.110532025215961,0.0494314244147221,5,5,"none",0,4.24795021656696,FALSE,FALSE
"continuous","outer",2,10,2,0.25,1,5.38093414359937,0.104551448305794,0.0467568291115622,5,5,"none",0,4.24795021656696,FALSE,FALSE
"continuous","outer",2,10,3,0.5,1,5.38093414359937,0.104551448305794,0.0467568291115622,5,5,"none",0,4.24795021656696,FALSE,FALSE
"continuous","outer",2,10,4,0.75,1,5.38093414359937,0.104551448305794,0.0467568291115622,5,5,"none",0,4.24795021656696,FALSE,FALSE
"continuous","outer",2,10,5,1,1,5.38093414359937,0.104551448305794,0.0467568291115622,5,5,"none",0,4.24795021656696,FALSE,FALSE
"continuous","outer",2,10,6,0,0.1,4.72390207775886,0.14347498739322,0.064163964976433,5,5,"none",0,4.24795021656696,FALSE,FALSE
"continuous","outer",2,10,7,0.25,0.1,5.17002692755791,0.108453308691168,0.0485017941236439,5,5,"none",0,4.24795021656696,FALSE,FALSE
"continuous","outer",2,10,8,0.5,0.1,5.38093414359937,0.104551448305794,0.0467568291115622,5,5,"none",0,4.24795021656696,FALSE,FALSE
"continuous","outer",2,10,9,0.75,0.1,5.38093414359937,0.104551448305794,0.0467568291115622,5,5,"none",0,4.24795021656696,FALSE,FALSE
"continuous","outer",2,10,10,1,0.1,5.38093414359937,0.104551448305794,0.0467568291115622,5,5,"none",0,4.24795021656696,FALSE,FALSE
"continuous","outer",2,10,11,0,0.01,4.22452695725608,0.176241601131654,0.0788176401187566,5,5,"none",0,4.24795021656696,TRUE,TRUE
"continuous","outer",2,10,12,0.25,0.01,4.2687216287273,0.161818149419277,0.0723672764189443,5,5,"none",0,4.24795021656696,FALSE,FALSE
"continuous","outer",2,10,13,0.5,0.01,4.33244432124301,0.150991299102794,0.0675253617609703,5,5,"none",0,4.24795021656696,FALSE,FALSE
"continuous","outer",2,10,14,0.75,0.01,4.40986981204212,0.154128636109087,0.0689284215238493,5,5,"none",0,4.24795021656696,FALSE,FALSE
"continuous","outer",2,10,15,1,0.01,4.48484195014891,0.163157092438465,0.0729660699407247,5,5,"none",0,4.24795021656696,FALSE,FALSE
"continuous","outer",2,10,16,0,0.001,4.17056895028365,0.219359397815836,0.0981005050039256,5,5,"none",0,4.24795021656696,TRUE,FALSE
"continuous","outer",2,10,17,0.25,0.001,4.16108892911115,0.215933763672141,0.0965685148416564,5,5,"none",0,4.24795021656696,TRUE,FALSE
"continuous","outer",2,10,18,0.5,0.001,4.15819272917869,0.210583661819213,0.0941758765557177,5,5,"none",0,4.24795021656696,TRUE,FALSE
"continuous","outer",2,10,19,0.75,0.001,,,,1,1,"kkt_not_met",4,4.24795021656696,FALSE,FALSE
"continuous","outer",2,10,20,1,0.001,4.15806039486366,0.200999751813915,0.0898898217033001,5,5,"none",0,4.24795021656696,TRUE,FALSE
"logistic","outer",2,10,1,0,1,0.646528855687804,0.00766233811063495,0.00342670177639341,5,5,"none",0,0.499141948877549,FALSE,FALSE
"logistic","outer",2,10,2,0.25,1,0.692683447702587,0.000148862115084387,0.0000665731617206172,5,5,"none",0,0.499141948877549,FALSE,FALSE
"logistic","outer",2,10,3,0.5,1,0.692683447702587,0.000148862115084387,0.0000665731617206172,5,5,"none",0,0.499141948877549,FALSE,FALSE
"logistic","outer",2,10,4,0.75,1,0.692683447702587,0.000148862115084387,0.0000665731617206172,5,5,"none",0,0.499141948877549,FALSE,FALSE
"logistic","outer",2,10,5,1,1,0.692683447702587,0.000148862115084387,0.0000665731617206172,5,5,"none",0,0.499141948877549,FALSE,FALSE
"logistic","outer",2,10,6,0,0.1,0.534753753706961,0.0248674028111918,0.0111210406219389,5,5,"none",0,0.499141948877549,FALSE,FALSE
"logistic","outer",2,10,7,0.25,0.1,0.625347657523129,0.00729428730685104,0.00326210445310656,5,5,"none",0,0.499141948877549,FALSE,FALSE
"logistic","outer",2,10,8,0.5,0.1,0.692683447702587,0.000148862115084379,0.0000665731617206134,5,5,"none",0,0.499141948877549,FALSE,FALSE
"logistic","outer",2,10,9,0.75,0.1,0.692683447702587,0.000148862115084379,0.0000665731617206134,5,5,"none",0,0.499141948877549,FALSE,FALSE
"logistic","outer",2,10,10,1,0.1,0.692683447702587,0.000148862115084379,0.0000665731617206134,5,5,"none",0,0.499141948877549,FALSE,FALSE
"logistic","outer",2,10,11,0,0.01,0.477015829876836,0.0429444478385856,0.0192053409246542,5,5,"none",0,0.499141948877549,TRUE,TRUE
"logistic","outer",2,10,12,0.25,0.01,0.486162215436886,0.0365051664049997,0.0163256067223042,5,5,"none",0,0.499141948877549,TRUE,FALSE
"logistic","outer",2,10,13,0.5,0.01,0.501474300224907,0.0294935805441685,0.0131899301993252,5,5,"none",0,0.499141948877549,FALSE,FALSE
"logistic","outer",2,10,14,0.75,0.01,0.522050383583663,0.0304447135383359,0.0136152898054454,5,5,"none",0,0.499141948877549,FALSE,FALSE
"logistic","outer",2,10,15,1,0.01,0.534203613788924,0.0315442133323749,0.0141070010615891,5,5,"none",0,0.499141948877549,FALSE,FALSE
"logistic","outer",2,10,16,0,0.001,0.484970178601875,0.0577625701709056,0.0258322066914493,5,5,"none",0,0.499141948877549,TRUE,FALSE
"logistic","outer",2,10,17,0.25,0.001,0.481842302725111,0.0556521412191584,0.0248883941718912,5,5,"none",0,0.499141948877549,TRUE,FALSE
"logistic","outer",2,10,18,0.5,0.001,0.479991772222751,0.0542964861224599,0.0242821267818389,5,5,"none",0,0.499141948877549,TRUE,FALSE
"logistic","outer",2,10,19,0.75,0.001,0.478135704500072,0.0525597957242298,0.0235054552245761,5,5,"none",0,0.499141948877549,TRUE,FALSE
"logistic","outer",2,10,20,1,0.001,0.476677718618428,0.050231545921602,0.0224642302591209,5,5,"none",0,0.499141948877549,TRUE,FALSE
"continuous","outer",3,1,1,0,1,5.28179839671135,0.266545006684386,0.119202550801885,5,5,"none",0,4.28639004912736,FALSE,FALSE
"continuous","outer",3,1,2,0.25,1,5.40318652837824,0.268117927540078,0.119905982393196,5,5,"none",0,4.28639004912736,FALSE,FALSE
"continuous","outer",3,1,3,0.5,1,5.40318652837824,0.268117927540078,0.119905982393196,5,5,"none",0,4.28639004912736,FALSE,FALSE
"continuous","outer",3,1,4,0.75,1,5.40318652837824,0.268117927540078,0.119905982393196,5,5,"none",0,4.28639004912736,FALSE,FALSE
"continuous","outer",3,1,5,1,1,5.40318652837824,0.268117927540078,0.119905982393196,5,5,"none",0,4.28639004912736,FALSE,FALSE
"continuous","outer",3,1,6,0,0.1,4.72298450800829,0.274977085571084,0.122973491118344,5,5,"none",0,4.28639004912736,FALSE,FALSE
"continuous","outer",3,1,7,0.25,0.1,5.18280400590308,0.274789443666494,0.122889575107526,5,5,"none",0,4.28639004912736,FALSE,FALSE
"continuous","outer",3,1,8,0.5,0.1,5.40318652837824,0.268117927540078,0.119905982393196,5,5,"none",0,4.28639004912736,FALSE,FALSE
"continuous","outer",3,1,9,0.75,0.1,5.40318652837824,0.268117927540078,0.119905982393196,5,5,"none",0,4.28639004912736,FALSE,FALSE
"continuous","outer",3,1,10,1,0.1,5.40318652837824,0.268117927540078,0.119905982393196,5,5,"none",0,4.28639004912736,FALSE,FALSE
"continuous","outer",3,1,11,0,0.01,4.20509871154991,0.265840804659807,0.118887622082514,5,5,"none",0,4.28639004912736,TRUE,TRUE
"continuous","outer",3,1,12,0.25,0.01,4.26103617731426,0.273638983002382,0.122375073457447,5,5,"none",0,4.28639004912736,TRUE,FALSE
"continuous","outer",3,1,13,0.5,0.01,4.33188564287389,0.288098676975879,0.128841645189164,5,5,"none",0,4.28639004912736,FALSE,FALSE
"continuous","outer",3,1,14,0.75,0.01,4.39849248602654,0.302802091764031,0.135417212182701,5,5,"none",0,4.28639004912736,FALSE,FALSE
"continuous","outer",3,1,15,1,0.01,4.46460348436253,0.305479850283572,0.136614742198105,5,5,"none",0,4.28639004912736,FALSE,FALSE
"continuous","outer",3,1,16,0,0.001,4.17751805570669,0.246180599730903,0.110095311147993,5,5,"none",0,4.28639004912736,TRUE,FALSE
"continuous","outer",3,1,17,0.25,0.001,4.17547450026892,0.248902702373029,0.111312672457898,5,5,"none",0,4.28639004912736,TRUE,FALSE
"continuous","outer",3,1,18,0.5,0.001,4.17405908393063,0.251179674158059,0.112330965196734,5,5,"none",0,4.28639004912736,TRUE,FALSE
"continuous","outer",3,1,19,0.75,0.001,,,,0,0,"kkt_not_met",5,4.28639004912736,FALSE,FALSE
"continuous","outer",3,1,20,1,0.001,4.17789943879811,0.255254005667548,0.114153061640351,5,5,"none",0,4.28639004912736,TRUE,FALSE
"logistic","outer",3,1,1,0,1,0.645101189450893,0.0097373011192217,0.0043546534439929,5,5,"none",0,0.496709935248705,FALSE,FALSE
"logistic","outer",3,1,2,0.25,1,0.692679840605181,0.000154558200041579,0.0000691205283545962,5,5,"none",0,0.496709935248705,FALSE,FALSE
"logistic","outer",3,1,3,0.5,1,0.692679840605181,0.000154558200041579,0.0000691205283545962,5,5,"none",0,0.496709935248705,FALSE,FALSE
"logistic","outer",3,1,4,0.75,1,0.692679840605181,0.000154558200041579,0.0000691205283545962,5,5,"none",0,0.496709935248705,FALSE,FALSE
"logistic","outer",3,1,5,1,1,0.692679840605181,0.000154558200041579,0.0000691205283545962,5,5,"none",0,0.496709935248705,FALSE,FALSE
"logistic","outer",3,1,6,0,0.1,0.529643893862413,0.0300461979437973,0.013437068213549,5,5,"none",0,0.496709935248705,FALSE,FALSE
"logistic","outer",3,1,7,0.25,0.1,0.620021782578585,0.0144039096652469,0.00644162423065165,5,5,"none",0,0.496709935248705,FALSE,FALSE
"logistic","outer",3,1,8,0.5,0.1,0.692679840605181,0.000154558200041579,0.0000691205283545962,5,5,"none",0,0.496709935248705,FALSE,FALSE
"logistic","outer",3,1,9,0.75,0.1,0.692679840605181,0.000154558200041579,0.0000691205283545962,5,5,"none",0,0.496709935248705,FALSE,FALSE
"logistic","outer",3,1,10,1,0.1,0.692679840605181,0.000154558200041579,0.0000691205283545962,5,5,"none",0,0.496709935248705,FALSE,FALSE
"logistic","outer",3,1,11,0,0.01,0.47067820514427,0.0582087180854454,0.0260317301044355,5,5,"none",0,0.496709935248705,TRUE,TRUE
"logistic","outer",3,1,12,0.25,0.01,0.479138053271982,0.0526692015026102,0.0235543829760941,5,5,"none",0,0.496709935248705,TRUE,FALSE
"logistic","outer",3,1,13,0.5,0.01,0.496853471118726,0.0512342855805196,0.0229126690673358,5,5,"none",0,0.496709935248705,FALSE,FALSE
"logistic","outer",3,1,14,0.75,0.01,0.512646761219516,0.0479930780347692,0.0214631569870392,5,5,"none",0,0.496709935248705,FALSE,FALSE
"logistic","outer",3,1,15,1,0.01,0.523536971598869,0.0466774678723593,0.0208747982360316,5,5,"none",0,0.496709935248705,FALSE,FALSE
"logistic","outer",3,1,16,0,0.001,0.485315202389693,0.0931290550959207,0.0416485795749604,5,5,"none",0,0.496709935248705,TRUE,FALSE
"logistic","outer",3,1,17,0.25,0.001,0.481376499124958,0.088937855884446,0.0397742183061402,5,5,"none",0,0.496709935248705,TRUE,FALSE
"logistic","outer",3,1,18,0.5,0.001,0.47830134194507,0.0855517909327494,0.0382599240244955,5,5,"none",0,0.496709935248705,TRUE,FALSE
"logistic","outer",3,1,19,0.75,0.001,0.47574967373065,0.0819150902118176,0.0366335420193304,5,5,"none",0,0.496709935248705,TRUE,FALSE
"logistic","outer",3,1,20,1,0.001,0.473247575325228,0.0788475550419728,0.0352616985867015,5,5,"none",0,0.496709935248705,TRUE,FALSE
"continuous","outer",3,2,1,0,1,5.20974296368664,0.184319197390126,0.0824300509845048,5,5,"none",0,4.32946194654874,FALSE,FALSE
"continuous","outer",3,2,2,0.25,1,5.31901562406264,0.207268305057976,0.0926932039381596,5,5,"none",0,4.32946194654874,FALSE,FALSE
"continuous","outer",3,2,3,0.5,1,5.31901562406264,0.207268305057976,0.0926932039381596,5,5,"none",0,4.32946194654874,FALSE,FALSE
"continuous","outer",3,2,4,0.75,1,5.31901562406264,0.207268305057976,0.0926932039381596,5,5,"none",0,4.32946194654874,FALSE,FALSE
"continuous","outer",3,2,5,1,1,5.31901562406264,0.207268305057976,0.0926932039381596,5,5,"none",0,4.32946194654874,FALSE,FALSE
"continuous","outer",3,2,6,0,0.1,4.71628686422714,0.0950704560170157,0.0425168004611902,5,5,"none",0,4.32946194654874,FALSE,FALSE
"continuous","outer",3,2,7,0.25,0.1,5.11571440148737,0.159441034151153,0.0713041981529689,5,5,"none",0,4.32946194654874,FALSE,FALSE
"continuous","outer",3,2,8,0.5,0.1,5.31901562406264,0.207268305057976,0.0926932039381595,5,5,"none",0,4.32946194654874,FALSE,FALSE
"continuous","outer",3,2,9,0.75,0.1,5.31901562406264,0.207268305057976,0.0926932039381595,5,5,"none",0,4.32946194654874,FALSE,FALSE
"continuous","outer",3,2,10,1,0.1,5.31901562406264,0.207268305057976,0.0926932039381595,5,5,"none",0,4.32946194654874,FALSE,FALSE
"continuous","outer",3,2,11,0,0.01,4.2485424533625,0.19569030725846,0.0875153659135472,5,5,"none",0,4.32946194654874,TRUE,TRUE
"continuous","outer",3,2,12,0.25,0.01,4.29067988284745,0.175420997342926,0.0784506549479183,5,5,"none",0,4.32946194654874,TRUE,FALSE
"continuous","outer",3,2,13,0.5,0.01,4.3565991653415,0.16463352508383,0.0736263506925723,5,5,"none",0,4.32946194654874,FALSE,FALSE
"continuous","outer",3,2,14,0.75,0.01,4.43118291701918,0.157879940257852,0.0706060557400325,5,5,"none",0,4.32946194654874,FALSE,FALSE
"continuous","outer",3,2,15,1,0.01,4.49097640294623,0.162365003942355,0.0726118371964256,5,5,"none",0,4.32946194654874,FALSE,FALSE
"continuous","outer",3,2,16,0,0.001,4.21943099892579,0.290602158316478,0.12996123608076,5,5,"none",0,4.32946194654874,TRUE,FALSE
"continuous","outer",3,2,17,0.25,0.001,4.2156679595642,0.283926069447103,0.12697559837361,5,5,"none",0,4.32946194654874,TRUE,FALSE
"continuous","outer",3,2,18,0.5,0.001,4.21227538816333,0.280310659612733,0.125358737942375,5,5,"none",0,4.32946194654874,TRUE,FALSE
"continuous","outer",3,2,19,0.75,0.001,,,,1,1,"kkt_not_met",4,4.32946194654874,FALSE,FALSE
"continuous","outer",3,2,20,1,0.001,4.2111868184449,0.264471226487692,0.118275128103844,5,5,"none",0,4.32946194654874,TRUE,FALSE
"logistic","outer",3,2,1,0,1,0.647935604094934,0.00801539901229306,0.00358459541165439,5,5,"none",0,0.503805415807805,FALSE,FALSE
"logistic","outer",3,2,2,0.25,1,0.692679840605181,0.000154558200041579,0.0000691205283545962,5,5,"none",0,0.503805415807805,FALSE,FALSE
"logistic","outer",3,2,3,0.5,1,0.692679840605181,0.000154558200041579,0.0000691205283545962,5,5,"none",0,0.503805415807805,FALSE,FALSE
"logistic","outer",3,2,4,0.75,1,0.692679840605181,0.000154558200041579,0.0000691205283545962,5,5,"none",0,0.503805415807805,FALSE,FALSE
"logistic","outer",3,2,5,1,1,0.692679840605181,0.000154558200041579,0.0000691205283545962,5,5,"none",0,0.503805415807805,FALSE,FALSE
"logistic","outer",3,2,6,0,0.1,0.540275078871651,0.0293998744579801,0.0131480235636007,5,5,"none",0,0.503805415807805,FALSE,FALSE
"logistic","outer",3,2,7,0.25,0.1,0.624844706637093,0.0127871145409791,0.00571857146994106,5,5,"none",0,0.503805415807805,FALSE,FALSE
"logistic","outer",3,2,8,0.5,0.1,0.692679840605181,0.000154558200041579,0.0000691205283545962,5,5,"none",0,0.503805415807805,FALSE,FALSE
"logistic","outer",3,2,9,0.75,0.1,0.692679840605181,0.000154558200041579,0.0000691205283545962,5,5,"none",0,0.503805415807805,FALSE,FALSE
"logistic","outer",3,2,10,1,0.1,0.692679840605181,0.000154558200041579,0.0000691205283545962,5,5,"none",0,0.503805415807805,FALSE,FALSE
"logistic","outer",3,2,11,0,0.01,0.483711001663864,0.0463775377771234,0.0207406654197425,5,5,"none",0,0.503805415807805,TRUE,TRUE
"logistic","outer",3,2,12,0.25,0.01,0.496709466973908,0.0402152515436945,0.0179848072367909,5,5,"none",0,0.503805415807805,TRUE,FALSE
"logistic","outer",3,2,13,0.5,0.01,0.513981167705856,0.0417031553615533,0.0186502180529336,5,5,"none",0,0.503805415807805,FALSE,FALSE
"logistic","outer",3,2,14,0.75,0.01,0.531675042477068,0.0415230693029361,0.01856968111916,5,5,"none",0,0.503805415807805,FALSE,FALSE
"logistic","outer",3,2,15,1,0.01,0.540319005016481,0.0394155242952729,0.0176271583386049,5,5,"none",0,0.503805415807805,FALSE,FALSE
"logistic","outer",3,2,16,0,0.001,0.491242112754248,0.0600018937564891,0.026833662643646,5,5,"none",0,0.503805415807805,TRUE,FALSE
"logistic","outer",3,2,17,0.25,0.001,0.486480196844371,0.0575183591261987,0.0257229921920852,5,5,"none",0,0.503805415807805,TRUE,FALSE
"logistic","outer",3,2,18,0.5,0.001,0.482613047315413,0.0548595835980462,0.0245339516285128,5,5,"none",0,0.503805415807805,TRUE,FALSE
"logistic","outer",3,2,19,0.75,0.001,0.480363905989796,0.0524168094482973,0.0234415098180092,5,5,"none",0,0.503805415807805,TRUE,FALSE
"logistic","outer",3,2,20,1,0.001,0.480871525861684,0.0507393464013864,0.0226913255374819,5,5,"none",0,0.503805415807805,TRUE,FALSE
"continuous","outer",3,3,1,0,1,5.32022347857041,0.354131569538474,0.158372452493344,5,5,"none",0,4.30405408643658,FALSE,FALSE
"continuous","outer",3,3,2,0.25,1,5.43729229994901,0.352884543669102,0.157814765570621,5,5,"none",0,4.30405408643658,FALSE,FALSE
"continuous","outer",3,3,3,0.5,1,5.43729229994901,0.352884543669102,0.157814765570621,5,5,"none",0,4.30405408643658,FALSE,FALSE
"continuous","outer",3,3,4,0.75,1,5.43729229994901,0.352884543669102,0.157814765570621,5,5,"none",0,4.30405408643658,FALSE,FALSE
"continuous","outer",3,3,5,1,1,5.43729229994901,0.352884543669102,0.157814765570621,5,5,"none",0,4.30405408643658,FALSE,FALSE
"continuous","outer",3,3,6,0,0.1,4.76818893106549,0.362415128240154,0.162076972563858,5,5,"none",0,4.30405408643658,FALSE,FALSE
"continuous","outer",3,3,7,0.25,0.1,5.22007129648639,0.360457010087873,0.161201275504562,5,5,"none",0,4.30405408643658,FALSE,FALSE
"continuous","outer",3,3,8,0.5,0.1,5.43729229994901,0.352884543669102,0.157814765570621,5,5,"none",0,4.30405408643658,FALSE,FALSE
"continuous","outer",3,3,9,0.75,0.1,5.43729229994901,0.352884543669102,0.157814765570621,5,5,"none",0,4.30405408643658,FALSE,FALSE
"continuous","outer",3,3,10,1,0.1,5.43729229994901,0.352884543669102,0.157814765570621,5,5,"none",0,4.30405408643658,FALSE,FALSE
"continuous","outer",3,3,11,0,0.01,4.20337147435071,0.353669654334078,0.15816587773397,5,5,"none",0,4.30405408643658,TRUE,TRUE
"continuous","outer",3,3,12,0.25,0.01,4.26125422124375,0.374522448493228,0.167491530786104,5,5,"none",0,4.30405408643658,TRUE,FALSE
"continuous","outer",3,3,13,0.5,0.01,4.33295176630555,0.378072698549721,0.169079250878792,5,5,"none",0,4.30405408643658,FALSE,FALSE
"continuous","outer",3,3,14,0.75,0.01,4.40335871941461,0.379140174870622,0.169556640802373,5,5,"none",0,4.30405408643658,FALSE,FALSE
"continuous","outer",3,3,15,1,0.01,4.46929194056144,0.367419999980446,0.16431521924985,5,5,"none",0,4.30405408643658,FALSE,FALSE
"continuous","outer",3,3,16,0,0.001,4.16039977093528,0.358543541643119,0.160345546401508,5,5,"none",0,4.30405408643658,TRUE,FALSE
"continuous","outer",3,3,17,0.25,0.001,4.15491760668414,0.366866669867315,0.164067762500458,5,5,"none",0,4.30405408643658,TRUE,FALSE
"continuous","outer",3,3,18,0.5,0.001,4.14735853891797,0.371929115983524,0.166331757230112,5,5,"none",0,4.30405408643658,TRUE,FALSE
"continuous","outer",3,3,19,0.75,0.001,,,,3,3,"kkt_not_met",2,4.30405408643658,FALSE,FALSE
"continuous","outer",3,3,20,1,0.001,4.13459062620951,0.378931816770057,0.169463460227069,5,5,"none",0,4.30405408643658,TRUE,FALSE
"logistic","outer",3,3,1,0,1,0.648086063471353,0.00620432862226281,0.00277466011082545,5,5,"none",0,0.497427221007164,FALSE,FALSE
"logistic","outer",3,3,2,0.25,1,0.692679840605181,0.000154558200041579,0.0000691205283545962,5,5,"none",0,0.497427221007164,FALSE,FALSE
"logistic","outer",3,3,3,0.5,1,0.692679840605181,0.000154558200041579,0.0000691205283545962,5,5,"none",0,0.497427221007164,FALSE,FALSE
"logistic","outer",3,3,4,0.75,1,0.692679840605181,0.000154558200041579,0.0000691205283545962,5,5,"none",0,0.497427221007164,FALSE,FALSE
"logistic","outer",3,3,5,1,1,0.692679840605181,0.000154558200041579,0.0000691205283545962,5,5,"none",0,0.497427221007164,FALSE,FALSE
"logistic","outer",3,3,6,0,0.1,0.538718971468881,0.0173924778621016,0.00777815255936386,5,5,"none",0,0.497427221007164,FALSE,FALSE
"logistic","outer",3,3,7,0.25,0.1,0.625670478151809,0.00780025420449062,0.00348837972860391,5,5,"none",0,0.497427221007164,FALSE,FALSE
"logistic","outer",3,3,8,0.5,0.1,0.692679840605181,0.000154558200041609,0.0000691205283546098,5,5,"none",0,0.497427221007164,FALSE,FALSE
"logistic","outer",3,3,9,0.75,0.1,0.692679840605181,0.000154558200041579,0.0000691205283545962,5,5,"none",0,0.497427221007164,FALSE,FALSE
"logistic","outer",3,3,10,1,0.1,0.692679840605181,0.000154558200041579,0.0000691205283545962,5,5,"none",0,0.497427221007164,FALSE,FALSE
"logistic","outer",3,3,11,0,0.01,0.482825417299916,0.0344061158439416,0.0153868827737572,5,5,"none",0,0.497427221007164,TRUE,TRUE
"logistic","outer",3,3,12,0.25,0.01,0.49256764037079,0.0303474917217308,0.0135718108872805,5,5,"none",0,0.497427221007164,TRUE,FALSE
"logistic","outer",3,3,13,0.5,0.01,0.511323584941984,0.0277086219148494,0.0123916724328887,5,5,"none",0,0.497427221007164,FALSE,FALSE
"logistic","outer",3,3,14,0.75,0.01,0.53023525482246,0.0244649316521009,0.0109410500477968,5,5,"none",0,0.497427221007164,FALSE,FALSE
"logistic","outer",3,3,15,1,0.01,0.538036215878898,0.0268335191234808,0.0120003145671287,5,5,"none",0,0.497427221007164,FALSE,FALSE
"logistic","outer",3,3,16,0,0.001,0.492470184149913,0.0487136565146406,0.0217854094798624,5,5,"none",0,0.497427221007164,TRUE,FALSE
"logistic","outer",3,3,17,0.25,0.001,0.487047162346394,0.0477358273702597,0.0213481109924192,5,5,"none",0,0.497427221007164,TRUE,FALSE
"logistic","outer",3,3,18,0.5,0.001,0.482676375008952,0.0467104164123142,0.0208895332710513,5,5,"none",0,0.497427221007164,TRUE,FALSE
"logistic","outer",3,3,19,0.75,0.001,0.479323577738913,0.0453202371462964,0.0202678262031059,5,5,"none",0,0.497427221007164,TRUE,FALSE
"logistic","outer",3,3,20,1,0.001,0.477932492185487,0.0435915388481951,0.0194947288216774,5,5,"none",0,0.497427221007164,TRUE,FALSE
"continuous","outer",3,4,1,0,1,5.19229068673948,0.289431615581461,0.129437753455547,5,5,"none",0,4.30252627073772,FALSE,FALSE
"continuous","outer",3,4,2,0.25,1,5.31728777388466,0.283348778210494,0.126717425884035,5,5,"none",0,4.30252627073772,FALSE,FALSE
"continuous","outer",3,4,3,0.5,1,5.31728777388466,0.283348778210494,0.126717425884035,5,5,"none",0,4.30252627073772,FALSE,FALSE
"continuous","outer",3,4,4,0.75,1,5.31728777388466,0.283348778210494,0.126717425884035,5,5,"none",0,4.30252627073772,FALSE,FALSE
"continuous","outer",3,4,5,1,1,5.31728777388466,0.283348778210494,0.126717425884035,5,5,"none",0,4.30252627073772,FALSE,FALSE
"continuous","outer",3,4,6,0,0.1,4.6307928796008,0.324033485362815,0.144912180051487,5,5,"none",0,4.30252627073772,FALSE,FALSE
"continuous","outer",3,4,7,0.25,0.1,5.08549859946401,0.294655107219566,0.131773769932088,5,5,"none",0,4.30252627073772,FALSE,FALSE
"continuous","outer",3,4,8,0.5,0.1,5.31728777388466,0.283348778210493,0.126717425884035,5,5,"none",0,4.30252627073772,FALSE,FALSE
"continuous","outer",3,4,9,0.75,0.1,5.31728777388466,0.283348778210493,0.126717425884035,5,5,"none",0,4.30252627073772,FALSE,FALSE
"continuous","outer",3,4,10,1,0.1,5.31728777388466,0.283348778210493,0.126717425884035,5,5,"none",0,4.30252627073772,FALSE,FALSE
"continuous","outer",3,4,11,0,0.01,4.17191640611177,0.292052535835666,0.130609864625949,5,5,"none",0,4.30252627073772,TRUE,TRUE
"continuous","outer",3,4,12,0.25,0.01,4.20902890889198,0.298263009979595,0.133387273097614,5,5,"none",0,4.30252627073772,TRUE,FALSE
"continuous","outer",3,4,13,0.5,0.01,4.26833603593674,0.304850813785058,0.136333428523904,5,5,"none",0,4.30252627073772,TRUE,FALSE
"continuous","outer",3,4,14,0.75,0.01,4.33378831719661,0.304367265261274,0.136117179049984,5,5,"none",0,4.30252627073772,FALSE,FALSE
"continuous","outer",3,4,15,1,0.01,4.40785178097059,0.30289887563963,0.135460495247693,5,5,"none",0,4.30252627073772,FALSE,FALSE
"continuous","outer",3,4,16,0,0.001,4.21595210993664,0.23638738029607,0.105715650273021,5,5,"none",0,4.30252627073772,TRUE,FALSE
"continuous","outer",3,4,17,0.25,0.001,4.20558658143888,0.23540946089075,0.105278311419659,5,5,"none",0,4.30252627073772,TRUE,FALSE
"continuous","outer",3,4,18,0.5,0.001,4.19825843104791,0.228753407426534,0.102301633818087,5,5,"none",0,4.30252627073772,TRUE,FALSE
"continuous","outer",3,4,19,0.75,0.001,,,,2,2,"kkt_not_met",3,4.30252627073772,FALSE,FALSE
"continuous","outer",3,4,20,1,0.001,4.18624801337747,0.214268635035527,0.0958238466771062,5,5,"none",0,4.30252627073772,TRUE,FALSE
"logistic","outer",3,4,1,0,1,0.644616516395501,0.00687385190245511,0.00307408002423117,5,5,"none",0,0.5037685479963,FALSE,FALSE
"logistic","outer",3,4,2,0.25,1,0.692679840605181,0.000154558200041579,0.0000691205283545962,5,5,"none",0,0.5037685479963,FALSE,FALSE
"logistic","outer",3,4,3,0.5,1,0.692679840605181,0.000154558200041579,0.0000691205283545962,5,5,"none",0,0.5037685479963,FALSE,FALSE
"logistic","outer",3,4,4,0.75,1,0.692679840605181,0.000154558200041579,0.0000691205283545962,5,5,"none",0,0.5037685479963,FALSE,FALSE
"logistic","outer",3,4,5,1,1,0.692679840605181,0.000154558200041579,0.0000691205283545962,5,5,"none",0,0.5037685479963,FALSE,FALSE
"logistic","outer",3,4,6,0,0.1,0.530791603047037,0.0251588820581388,0.0112513941039796,5,5,"none",0,0.5037685479963,FALSE,FALSE
"logistic","outer",3,4,7,0.25,0.1,0.619484651801751,0.0124597876350757,0.00557218642744813,5,5,"none",0,0.5037685479963,FALSE,FALSE
"logistic","outer",3,4,8,0.5,0.1,0.692679840605181,0.000154558200041579,0.0000691205283545962,5,5,"none",0,0.5037685479963,FALSE,FALSE
"logistic","outer",3,4,9,0.75,0.1,0.692679840605181,0.000154558200041579,0.0000691205283545962,5,5,"none",0,0.5037685479963,FALSE,FALSE
"logistic","outer",3,4,10,1,0.1,0.692679840605181,0.000154558200041579,0.0000691205283545962,5,5,"none",0,0.5037685479963,FALSE,FALSE
"logistic","outer",3,4,11,0,0.01,0.479477502526969,0.0482408228542299,0.0215739518385167,5,5,"none",0,0.5037685479963,TRUE,TRUE
"logistic","outer",3,4,12,0.25,0.01,0.482995352280256,0.0445607476074977,0.0199281721557152,5,5,"none",0,0.5037685479963,TRUE,FALSE
"logistic","outer",3,4,13,0.5,0.01,0.500707195093526,0.0456539719704379,0.0204170769537538,5,5,"none",0,0.5037685479963,TRUE,FALSE
"logistic","outer",3,4,14,0.75,0.01,0.516138583640447,0.0461267467870048,0.0206285082793325,5,5,"none",0,0.5037685479963,FALSE,FALSE
"logistic","outer",3,4,15,1,0.01,0.526520956997677,0.0448982077294893,0.0200790889102089,5,5,"none",0,0.5037685479963,FALSE,FALSE
"logistic","outer",3,4,16,0,0.001,0.490531545926759,0.0736107106434323,0.0329197105741564,5,5,"none",0,0.5037685479963,TRUE,FALSE
"logistic","outer",3,4,17,0.25,0.001,0.485709755898152,0.0705850168575662,0.0315665791772973,5,5,"none",0,0.5037685479963,TRUE,FALSE
"logistic","outer",3,4,18,0.5,0.001,0.482204931773836,0.0666206021895579,0.0297936390395645,5,5,"none",0,0.5037685479963,TRUE,FALSE
"logistic","outer",3,4,19,0.75,0.001,0.47900353330547,0.062671300274562,0.0280274575304444,5,5,"none",0,0.5037685479963,TRUE,FALSE
"logistic","outer",3,4,20,1,0.001,0.477195428251404,0.0594193021238291,0.0265731197448959,5,5,"none",0,0.5037685479963,TRUE,FALSE
"continuous","outer",3,5,1,0,1,5.22673536060564,0.180516059027235,0.0807292358030523,5,5,"none",0,4.20279726606609,FALSE,FALSE
"continuous","outer",3,5,2,0.25,1,5.34662136354245,0.188329202994032,0.0842233800086026,5,5,"none",0,4.20279726606609,FALSE,FALSE
"continuous","outer",3,5,3,0.5,1,5.34662136354245,0.188329202994032,0.0842233800086026,5,5,"none",0,4.20279726606609,FALSE,FALSE
"continuous","outer",3,5,4,0.75,1,5.34662136354245,0.188329202994032,0.0842233800086026,5,5,"none",0,4.20279726606609,FALSE,FALSE
"continuous","outer",3,5,5,1,1,5.34662136354245,0.188329202994032,0.0842233800086026,5,5,"none",0,4.20279726606609,FALSE,FALSE
"continuous","outer",3,5,6,0,0.1,4.67630238610912,0.221691703181474,0.0991435436722966,5,5,"none",0,4.20279726606609,FALSE,FALSE
"continuous","outer",3,5,7,0.25,0.1,5.13109568589692,0.178504112465582,0.0798294659472619,5,5,"none",0,4.20279726606609,FALSE,FALSE
"continuous","outer",3,5,8,0.5,0.1,5.34662136354245,0.188329202994032,0.0842233800086026,5,5,"none",0,4.20279726606609,FALSE,FALSE
"continuous","outer",3,5,9,0.75,0.1,5.34662136354245,0.188329202994032,0.0842233800086026,5,5,"none",0,4.20279726606609,FALSE,FALSE
"continuous","outer",3,5,10,1,0.1,5.34662136354245,0.188329202994032,0.0842233800086026,5,5,"none",0,4.20279726606609,FALSE,FALSE
"continuous","outer",3,5,11,0,0.01,4.148780923893,0.254076378967424,0.113626410969631,5,5,"none",0,4.20279726606609,TRUE,TRUE
"continuous","outer",3,5,12,0.25,0.01,4.20534667287985,0.283796352557562,0.126917587217041,5,5,"none",0,4.20279726606609,FALSE,FALSE
"continuous","outer",3,5,13,0.5,0.01,4.27204411098146,0.295253925903189,0.132041569788643,5,5,"none",0,4.20279726606609,FALSE,FALSE
"continuous","outer",3,5,14,0.75,0.01,4.35168851081789,0.297677462225962,0.133125408181376,5,5,"none",0,4.20279726606609,FALSE,FALSE
"continuous","outer",3,5,15,1,0.01,4.42882910741445,0.276016176420851,0.123438186673319,5,5,"none",0,4.20279726606609,FALSE,FALSE
"continuous","outer",3,5,16,0,0.001,4.11143755621649,0.203021448378705,0.0907939518930497,5,5,"none",0,4.20279726606609,TRUE,FALSE
"continuous","outer",3,5,17,0.25,0.001,4.10967366272274,0.208230707385456,0.0931236033433494,5,5,"none",0,4.20279726606609,TRUE,FALSE
"continuous","outer",3,5,18,0.5,0.001,4.10986113207869,0.208090232204248,0.093060780932483,5,5,"none",0,4.20279726606609,TRUE,FALSE
"continuous","outer",3,5,19,0.75,0.001,,,,2,2,"kkt_not_met",3,4.20279726606609,FALSE,FALSE
"continuous","outer",3,5,20,1,0.001,,,,4,4,"kkt_not_met",1,4.20279726606609,FALSE,FALSE
"logistic","outer",3,5,1,0,1,0.64661039954985,0.00895094084430663,0.0040029824380898,5,5,"none",0,0.489152381757217,FALSE,FALSE
"logistic","outer",3,5,2,0.25,1,0.692679840605181,0.000154558200041579,0.0000691205283545962,5,5,"none",0,0.489152381757217,FALSE,FALSE
"logistic","outer",3,5,3,0.5,1,0.692679840605181,0.000154558200041579,0.0000691205283545962,5,5,"none",0,0.489152381757217,FALSE,FALSE
"logistic","outer",3,5,4,0.75,1,0.692679840605181,0.000154558200041579,0.0000691205283545962,5,5,"none",0,0.489152381757217,FALSE,FALSE
"logistic","outer",3,5,5,1,1,0.692679840605181,0.000154558200041579,0.0000691205283545962,5,5,"none",0,0.489152381757217,FALSE,FALSE
"logistic","outer",3,5,6,0,0.1,0.534315465865174,0.0282283845255976,0.0126241173388479,5,5,"none",0,0.489152381757217,FALSE,FALSE
"logistic","outer",3,5,7,0.25,0.1,0.623222084660023,0.0116041398293173,0.00518952909575326,5,5,"none",0,0.489152381757217,FALSE,FALSE
"logistic","outer",3,5,8,0.5,0.1,0.692679840605181,0.000154558200041579,0.0000691205283545962,5,5,"none",0,0.489152381757217,FALSE,FALSE
"logistic","outer",3,5,9,0.75,0.1,0.692679840605181,0.000154558200041579,0.0000691205283545962,5,5,"none",0,0.489152381757217,FALSE,FALSE
"logistic","outer",3,5,10,1,0.1,0.692679840605181,0.000154558200041579,0.0000691205283545962,5,5,"none",0,0.489152381757217,FALSE,FALSE
"logistic","outer",3,5,11,0,0.01,0.473308500682777,0.0363599522249272,0.0162606649667164,5,5,"none",0,0.489152381757217,TRUE,TRUE
"logistic","outer",3,5,12,0.25,0.01,0.485091542484264,0.035087243395868,0.0156914922752483,5,5,"none",0,0.489152381757217,TRUE,FALSE
"logistic","outer",3,5,13,0.5,0.01,0.504343140634909,0.0360544766301233,0.0161240521276267,5,5,"none",0,0.489152381757217,FALSE,FALSE
"logistic","outer",3,5,14,0.75,0.01,0.52251711424588,0.0366792500067844,0.0164034592757759,5,5,"none",0,0.489152381757217,FALSE,FALSE
"logistic","outer",3,5,15,1,0.01,0.53209857682599,0.0346816795008881,0.0155101185875694,5,5,"none",0,0.489152381757217,FALSE,FALSE
"logistic","outer",3,5,16,0,0.001,0.479784438687399,0.0430038467824494,0.0192319049399085,5,5,"none",0,0.489152381757217,TRUE,FALSE
"logistic","outer",3,5,17,0.25,0.001,0.477037619176964,0.0405902176088082,0.0181524971589608,5,5,"none",0,0.489152381757217,TRUE,FALSE
"logistic","outer",3,5,18,0.5,0.001,0.476094828078426,0.0387150461501254,0.0173138949887444,5,5,"none",0,0.489152381757217,TRUE,FALSE
"logistic","outer",3,5,19,0.75,0.001,0.474634452885211,0.0372684517502491,0.0166669583059456,5,5,"none",0,0.489152381757217,TRUE,FALSE
"logistic","outer",3,5,20,1,0.001,0.47287823007714,0.036390109432795,0.0162741516800772,5,5,"none",0,0.489152381757217,TRUE,FALSE
"continuous","outer",3,6,1,0,1,5.20225676294283,0.2910963909646,0.13018226364034,5,5,"none",0,4.18342370121784,FALSE,FALSE
"continuous","outer",3,6,2,0.25,1,5.31708819072239,0.314226021903716,0.140526149055209,5,5,"none",0,4.18342370121784,FALSE,FALSE
"continuous","outer",3,6,3,0.5,1,5.31708819072239,0.314226021903716,0.140526149055209,5,5,"none",0,4.18342370121784,FALSE,FALSE
"continuous","outer",3,6,4,0.75,1,5.31708819072239,0.314226021903716,0.140526149055209,5,5,"none",0,4.18342370121784,FALSE,FALSE
"continuous","outer",3,6,5,1,1,5.31708819072239,0.314226021903716,0.140526149055209,5,5,"none",0,4.18342370121784,FALSE,FALSE
"continuous","outer",3,6,6,0,0.1,4.68230311958013,0.183735944706102,0.0821692124545974,5,5,"none",0,4.18342370121784,FALSE,FALSE
"continuous","outer",3,6,7,0.25,0.1,5.10935964247247,0.263705206681041,0.117932553631888,5,5,"none",0,4.18342370121784,FALSE,FALSE
"continuous","outer",3,6,8,0.5,0.1,5.31708819072239,0.314226021903717,0.14052614905521,5,5,"none",0,4.18342370121784,FALSE,FALSE
"continuous","outer",3,6,9,0.75,0.1,5.31708819072239,0.314226021903717,0.14052614905521,5,5,"none",0,4.18342370121784,FALSE,FALSE
"continuous","outer",3,6,10,1,0.1,5.31708819072239,0.314226021903717,0.14052614905521,5,5,"none",0,4.18342370121784,FALSE,FALSE
"continuous","outer",3,6,11,0,0.01,4.1885103559446,0.139810301071682,0.0625250674301984,5,5,"none",0,4.18342370121784,FALSE,FALSE
"continuous","outer",3,6,12,0.25,0.01,4.22591049031951,0.148739179566121,0.066518183285479,5,5,"none",0,4.18342370121784,FALSE,FALSE
"continuous","outer",3,6,13,0.5,0.01,4.29962868458966,0.15915221899748,0.0711750360896596,5,5,"none",0,4.18342370121784,FALSE,FALSE
"continuous","outer",3,6,14,0.75,0.01,4.36508713108492,0.154183223634359,0.0689528338072958,5,5,"none",0,4.18342370121784,FALSE,FALSE
"continuous","outer",3,6,15,1,0.01,4.4222268987356,0.130992674746265,0.0585817050574337,5,5,"none",0,4.18342370121784,FALSE,FALSE
"continuous","outer",3,6,16,0,0.001,4.12153998349084,0.161671166730655,0.0723015437622895,5,5,"none",0,4.18342370121784,TRUE,TRUE
"continuous","outer",3,6,17,0.25,0.001,4.11515002101276,0.161302647863422,0.0721367371146644,5,5,"none",0,4.18342370121784,TRUE,FALSE
"continuous","outer",3,6,18,0.5,0.001,4.11217478331636,0.16139852369829,0.0721796140914972,5,5,"none",0,4.18342370121784,TRUE,FALSE
"continuous","outer",3,6,19,0.75,0.001,,,,3,3,"kkt_not_met",2,4.18342370121784,FALSE,FALSE
"continuous","outer",3,6,20,1,0.001,4.10985360871575,0.164507727945601,0.0735700925020809,5,5,"none",0,4.18342370121784,TRUE,FALSE
"logistic","outer",3,6,1,0,1,0.647289664988305,0.0064606026386988,0.002889269335149,5,5,"none",0,0.502183277839741,FALSE,FALSE
"logistic","outer",3,6,2,0.25,1,0.692679840605181,0.000154558200041579,0.0000691205283545962,5,5,"none",0,0.502183277839741,FALSE,FALSE
"logistic","outer",3,6,3,0.5,1,0.692679840605181,0.000154558200041579,0.0000691205283545962,5,5,"none",0,0.502183277839741,FALSE,FALSE
"logistic","outer",3,6,4,0.75,1,0.692679840605181,0.000154558200041579,0.0000691205283545962,5,5,"none",0,0.502183277839741,FALSE,FALSE
"logistic","outer",3,6,5,1,1,0.692679840605181,0.000154558200041579,0.0000691205283545962,5,5,"none",0,0.502183277839741,FALSE,FALSE
"logistic","outer",3,6,6,0,0.1,0.537392502079601,0.0255523110688877,0.0114273409064507,5,5,"none",0,0.502183277839741,FALSE,FALSE
"logistic","outer",3,6,7,0.25,0.1,0.624040159671038,0.011496135277184,0.00514122799166338,5,5,"none",0,0.502183277839741,FALSE,FALSE
"logistic","outer",3,6,8,0.5,0.1,0.692679840605181,0.000154558200041579,0.0000691205283545962,5,5,"none",0,0.502183277839741,FALSE,FALSE
"logistic","outer",3,6,9,0.75,0.1,0.692679840605181,0.000154558200041579,0.0000691205283545962,5,5,"none",0,0.502183277839741,FALSE,FALSE
"logistic","outer",3,6,10,1,0.1,0.692679840605181,0.000154558200041579,0.0000691205283545962,5,5,"none",0,0.502183277839741,FALSE,FALSE
"logistic","outer",3,6,11,0,0.01,0.478844801666434,0.0506579557582195,0.0226549265353111,5,5,"none",0,0.502183277839741,TRUE,TRUE
"logistic","outer",3,6,12,0.25,0.01,0.489779120906436,0.04750651355495,0.0212455587365767,5,5,"none",0,0.502183277839741,TRUE,FALSE
"logistic","outer",3,6,13,0.5,0.01,0.507174732447258,0.0432463876617795,0.0193403725186094,5,5,"none",0,0.502183277839741,FALSE,FALSE
"logistic","outer",3,6,14,0.75,0.01,0.525409801305094,0.0392255929325885,0.0175422184510006,5,5,"none",0,0.502183277839741,FALSE,FALSE
"logistic","outer",3,6,15,1,0.01,0.536003943629853,0.0357473522945574,0.0159867019492527,5,5,"none",0,0.502183277839741,FALSE,FALSE
"logistic","outer",3,6,16,0,0.001,0.478896088006365,0.0648327961206527,0.0289941078594328,5,5,"none",0,0.502183277839741,TRUE,FALSE
"logistic","outer",3,6,17,0.25,0.001,0.47717592940339,0.0645625159119012,0.0288732348754846,5,5,"none",0,0.502183277839741,TRUE,FALSE
"logistic","outer",3,6,18,0.5,0.001,0.475988245410098,0.0639424525964824,0.0285959341307585,5,5,"none",0,0.502183277839741,TRUE,FALSE
"logistic","outer",3,6,19,0.75,0.001,0.474334069146135,0.0643730830478236,0.0287885179232346,5,5,"none",0,0.502183277839741,TRUE,FALSE
"logistic","outer",3,6,20,1,0.001,0.473445873586138,0.064258789407948,0.028737404253603,5,5,"none",0,0.502183277839741,TRUE,FALSE
"continuous","outer",3,7,1,0,1,5.26511581496314,0.344134678100569,0.153901706729576,5,5,"none",0,4.3336745622295,FALSE,FALSE
"continuous","outer",3,7,2,0.25,1,5.38377198435035,0.350392027010065,0.156700078233689,5,5,"none",0,4.3336745622295,FALSE,FALSE
"continuous","outer",3,7,3,0.5,1,5.38377198435035,0.350392027010065,0.156700078233689,5,5,"none",0,4.3336745622295,FALSE,FALSE
"continuous","outer",3,7,4,0.75,1,5.38377198435035,0.350392027010065,0.156700078233689,5,5,"none",0,4.3336745622295,FALSE,FALSE
"continuous","outer",3,7,5,1,1,5.38377198435035,0.350392027010065,0.156700078233689,5,5,"none",0,4.3336745622295,FALSE,FALSE
"continuous","outer",3,7,6,0,0.1,4.72565009039273,0.317268018184531,0.14188657114945,5,5,"none",0,4.3336745622295,FALSE,FALSE
"continuous","outer",3,7,7,0.25,0.1,5.16076157791168,0.349887364078518,0.156474386109557,5,5,"none",0,4.3336745622295,FALSE,FALSE
"continuous","outer",3,7,8,0.5,0.1,5.38377198435035,0.350392027010065,0.15670007823369,5,5,"none",0,4.3336745622295,FALSE,FALSE
"continuous","outer",3,7,9,0.75,0.1,5.38377198435035,0.350392027010065,0.15670007823369,5,5,"none",0,4.3336745622295,FALSE,FALSE
"continuous","outer",3,7,10,1,0.1,5.38377198435035,0.350392027010065,0.15670007823369,5,5,"none",0,4.3336745622295,FALSE,FALSE
"continuous","outer",3,7,11,0,0.01,4.22940332097191,0.271845520704483,0.12157301273481,5,5,"none",0,4.3336745622295,TRUE,TRUE
"continuous","outer",3,7,12,0.25,0.01,4.25952077868267,0.324164665108137,0.14497084541705,5,5,"none",0,4.3336745622295,TRUE,FALSE
"continuous","outer",3,7,13,0.5,0.01,4.31987825628122,0.370358305660017,0.165629269497489,5,5,"none",0,4.3336745622295,TRUE,FALSE
"continuous","outer",3,7,14,0.75,0.01,4.40268801276848,0.390828405816305,0.174783776588627,5,5,"none",0,4.3336745622295,FALSE,FALSE
"continuous","outer",3,7,15,1,0.01,4.4778280941097,0.383846063765744,0.171661178295184,5,5,"none",0,4.3336745622295,FALSE,FALSE
"continuous","outer",3,7,16,0,0.001,4.2226539835507,0.241071931308545,0.107810645174613,5,5,"none",0,4.3336745622295,TRUE,FALSE
"continuous","outer",3,7,17,0.25,0.001,4.2185915486456,0.250388622627867,0.111977196197691,5,5,"none",0,4.3336745622295,TRUE,FALSE
"continuous","outer",3,7,18,0.5,0.001,4.2167751905009,0.261394941712174,0.116899371728603,5,5,"none",0,4.3336745622295,TRUE,FALSE
"continuous","outer",3,7,19,0.75,0.001,,,,2,2,"kkt_not_met",3,4.3336745622295,FALSE,FALSE
"continuous","outer",3,7,20,1,0.001,4.2177361657931,0.284690833857517,0.127317611415301,5,5,"none",0,4.3336745622295,TRUE,FALSE
"logistic","outer",3,7,1,0,1,0.645066597195026,0.00703111937018959,0.00314441217393189,5,5,"none",0,0.48876988919413,FALSE,FALSE
"logistic","outer",3,7,2,0.25,1,0.692679840605181,0.000154558200041579,0.0000691205283545962,5,5,"none",0,0.48876988919413,FALSE,FALSE
"logistic","outer",3,7,3,0.5,1,0.692679840605181,0.000154558200041579,0.0000691205283545962,5,5,"none",0,0.48876988919413,FALSE,FALSE
"logistic","outer",3,7,4,0.75,1,0.692679840605181,0.000154558200041579,0.0000691205283545962,5,5,"none",0,0.48876988919413,FALSE,FALSE
"logistic","outer",3,7,5,1,1,0.692679840605181,0.000154558200041579,0.0000691205283545962,5,5,"none",0,0.48876988919413,FALSE,FALSE
"logistic","outer",3,7,6,0,0.1,0.529414561429072,0.0235470862148712,0.0105305770897,5,5,"none",0,0.48876988919413,FALSE,FALSE
"logistic","outer",3,7,7,0.25,0.1,0.620192642921541,0.0108147679261841,0.00483651124876641,5,5,"none",0,0.48876988919413,FALSE,FALSE
"logistic","outer",3,7,8,0.5,0.1,0.692679840605181,0.000154558200041579,0.0000691205283545962,5,5,"none",0,0.48876988919413,FALSE,FALSE
"logistic","outer",3,7,9,0.75,0.1,0.692679840605181,0.000154558200041579,0.0000691205283545962,5,5,"none",0,0.48876988919413,FALSE,FALSE
"logistic","outer",3,7,10,1,0.1,0.692679840605181,0.000154558200041579,0.0000691205283545962,5,5,"none",0,0.48876988919413,FALSE,FALSE
"logistic","outer",3,7,11,0,0.01,0.471585763703888,0.038424872730066,0.0171841254902411,5,5,"none",0,0.48876988919413,TRUE,TRUE
"logistic","outer",3,7,12,0.25,0.01,0.482245249017301,0.0330246934469073,0.0147690918966753,5,5,"none",0,0.48876988919413,TRUE,FALSE
"logistic","outer",3,7,13,0.5,0.01,0.49804877195987,0.0321799885856861,0.0143913283985523,5,5,"none",0,0.48876988919413,FALSE,FALSE
"logistic","outer",3,7,14,0.75,0.01,0.513568551931829,0.0310906594997401,0.0139041656213437,5,5,"none",0,0.48876988919413,FALSE,FALSE
"logistic","outer",3,7,15,1,0.01,0.523720237097402,0.0312296797654535,0.0139663373742207,5,5,"none",0,0.48876988919413,FALSE,FALSE
"logistic","outer",3,7,16,0,0.001,0.489430596902972,0.0605246474680329,0.0270674452105464,5,5,"none",0,0.48876988919413,FALSE,FALSE
"logistic","outer",3,7,17,0.25,0.001,0.485339042182474,0.0590726823929754,0.0264181066887896,5,5,"none",0,0.48876988919413,TRUE,FALSE
"logistic","outer",3,7,18,0.5,0.001,0.482346333829996,0.0586567382053189,0.0262320907931004,5,5,"none",0,0.48876988919413,TRUE,FALSE
"logistic","outer",3,7,19,0.75,0.001,0.480655897238938,0.0582104683468371,0.0260325128451255,5,5,"none",0,0.48876988919413,TRUE,FALSE
"logistic","outer",3,7,20,1,0.001,0.479967862516783,0.057329629104655,0.0256385895605718,5,5,"none",0,0.48876988919413,TRUE,FALSE
"continuous","outer",3,8,1,0,1,5.16696458493313,0.466601939723677,0.20867073113108,5,5,"none",0,4.29686353980088,FALSE,FALSE
"continuous","outer",3,8,2,0.25,1,5.2806109227334,0.469685040716848,0.210049535811526,5,5,"none",0,4.29686353980088,FALSE,FALSE
"continuous","outer",3,8,3,0.5,1,5.2806109227334,0.469685040716848,0.210049535811526,5,5,"none",0,4.29686353980088,FALSE,FALSE
"continuous","outer",3,8,4,0.75,1,5.2806109227334,0.469685040716848,0.210049535811526,5,5,"none",0,4.29686353980088,FALSE,FALSE
"continuous","outer",3,8,5,1,1,5.2806109227334,0.469685040716848,0.210049535811526,5,5,"none",0,4.29686353980088,FALSE,FALSE
"continuous","outer",3,8,6,0,0.1,4.65107412206034,0.44586031407915,0.199394794150077,5,5,"none",0,4.29686353980088,FALSE,FALSE
"continuous","outer",3,8,7,0.25,0.1,5.07567369677449,0.471393220930211,0.210813457226505,5,5,"none",0,4.29686353980088,FALSE,FALSE
"continuous","outer",3,8,8,0.5,0.1,5.2806109227334,0.469685040716848,0.210049535811526,5,5,"none",0,4.29686353980088,FALSE,FALSE
"continuous","outer",3,8,9,0.75,0.1,5.2806109227334,0.469685040716848,0.210049535811526,5,5,"none",0,4.29686353980088,FALSE,FALSE
"continuous","outer",3,8,10,1,0.1,5.2806109227334,0.469685040716848,0.210049535811526,5,5,"none",0,4.29686353980088,FALSE,FALSE
"continuous","outer",3,8,11,0,0.01,4.17958547146034,0.365946217730542,0.163656123790886,5,5,"none",0,4.29686353980088,TRUE,TRUE
"continuous","outer",3,8,12,0.25,0.01,4.20255378089748,0.408649526089302,0.182753623861751,5,5,"none",0,4.29686353980088,TRUE,FALSE
"continuous","outer",3,8,13,0.5,0.01,4.26352635946264,0.448638190825454,0.200637098397648,5,5,"none",0,4.29686353980088,TRUE,FALSE
"continuous","outer",3,8,14,0.75,0.01,4.31135353582481,0.464642965742316,0.207794651333385,5,5,"none",0,4.29686353980088,FALSE,FALSE
"continuous","outer",3,8,15,1,0.01,4.37655783460869,0.466084674851091,0.208439403247585,5,5,"none",0,4.29686353980088,FALSE,FALSE
"continuous","outer",3,8,16,0,0.001,4.15795497878299,0.365212778274778,0.163328119694792,5,5,"none",0,4.29686353980088,TRUE,FALSE
"continuous","outer",3,8,17,0.25,0.001,4.14928318081045,0.361046497453019,0.161464902268631,5,5,"none",0,4.29686353980088,TRUE,FALSE
"continuous","outer",3,8,18,0.5,0.001,4.14266711164717,0.360011587456674,0.161002076448147,5,5,"none",0,4.29686353980088,TRUE,FALSE
"continuous","outer",3,8,19,0.75,0.001,,,,4,4,"kkt_not_met",1,4.29686353980088,FALSE,FALSE
"continuous","outer",3,8,20,1,0.001,4.13532596512006,0.361208997906754,0.161537574680816,5,5,"none",0,4.29686353980088,TRUE,FALSE
"logistic","outer",3,8,1,0,1,0.647965434478942,0.00539013202254364,0.0024105403220212,5,5,"none",0,0.488216485930582,FALSE,FALSE
"logistic","outer",3,8,2,0.25,1,0.692624627826332,0.000165106917391479,0.0000738380581685581,5,5,"none",0,0.488216485930582,FALSE,FALSE
"logistic","outer",3,8,3,0.5,1,0.692624627826332,0.000165106917391479,0.0000738380581685581,5,5,"none",0,0.488216485930582,FALSE,FALSE
"logistic","outer",3,8,4,0.75,1,0.692624627826332,0.000165106917391479,0.0000738380581685581,5,5,"none",0,0.488216485930582,FALSE,FALSE
"logistic","outer",3,8,5,1,1,0.692624627826332,0.000165106917391479,0.0000738380581685581,5,5,"none",0,0.488216485930582,FALSE,FALSE
"logistic","outer",3,8,6,0,0.1,0.53993896511791,0.0116603067031331,0.00521464768534042,5,5,"none",0,0.488216485930582,FALSE,FALSE
"logistic","outer",3,8,7,0.25,0.1,0.624307978347004,0.00977613300250283,0.00437201959013509,5,5,"none",0,0.488216485930582,FALSE,FALSE
"logistic","outer",3,8,8,0.5,0.1,0.692624627826332,0.000165106917391479,0.0000738380581685581,5,5,"none",0,0.488216485930582,FALSE,FALSE
"logistic","outer",3,8,9,0.75,0.1,0.692624627826332,0.000165106917391479,0.0000738380581685581,5,5,"none",0,0.488216485930582,FALSE,FALSE
"logistic","outer",3,8,10,1,0.1,0.692624627826332,0.000165106917391479,0.0000738380581685581,5,5,"none",0,0.488216485930582,FALSE,FALSE
"logistic","outer",3,8,11,0,0.01,0.484185490531571,0.0166294287057275,0.0074369066025986,5,5,"none",0,0.488216485930582,TRUE,TRUE
"logistic","outer",3,8,12,0.25,0.01,0.492126231781648,0.0119461176684762,0.00534246623478481,5,5,"none",0,0.488216485930582,FALSE,FALSE
"logistic","outer",3,8,13,0.5,0.01,0.507282195137773,0.0173935724862607,0.00777864209016981,5,5,"none",0,0.488216485930582,FALSE,FALSE
"logistic","outer",3,8,14,0.75,0.01,0.525714411034584,0.0225790871967445,0.0100976747683632,5,5,"none",0,0.488216485930582,FALSE,FALSE
"logistic","outer",3,8,15,1,0.01,0.534985470431757,0.0238345538985592,0.0106591365461122,5,5,"none",0,0.488216485930582,FALSE,FALSE
"logistic","outer",3,8,16,0,0.001,0.488893443932873,0.0262200383545023,0.0117259576266638,5,5,"none",0,0.488216485930582,FALSE,FALSE
"logistic","outer",3,8,17,0.25,0.001,0.485160444443042,0.0244158113208432,0.0109190827678429,5,5,"none",0,0.488216485930582,TRUE,FALSE
"logistic","outer",3,8,18,0.5,0.001,0.482203667731187,0.0233190646544139,0.0104286027477964,5,5,"none",0,0.488216485930582,TRUE,FALSE
"logistic","outer",3,8,19,0.75,0.001,0.479751034785123,0.0230777435458966,0.0103206806671864,5,5,"none",0,0.488216485930582,TRUE,FALSE
"logistic","outer",3,8,20,1,0.001,0.478147512076571,0.0225149100012355,0.0100689738540105,5,5,"none",0,0.488216485930582,TRUE,FALSE
"continuous","outer",3,9,1,0,1,5.2101457947975,0.205738991278148,0.092009274024035,5,5,"none",0,4.27149367499131,FALSE,FALSE
"continuous","outer",3,9,2,0.25,1,5.32527979583849,0.217644299350304,0.0973334896525186,5,5,"none",0,4.27149367499131,FALSE,FALSE
"continuous","outer",3,9,3,0.5,1,5.32527979583849,0.217644299350304,0.0973334896525186,5,5,"none",0,4.27149367499131,FALSE,FALSE
"continuous","outer",3,9,4,0.75,1,5.32527979583849,0.217644299350304,0.0973334896525186,5,5,"none",0,4.27149367499131,FALSE,FALSE
"continuous","outer",3,9,5,1,1,5.32527979583849,0.217644299350304,0.0973334896525186,5,5,"none",0,4.27149367499131,FALSE,FALSE
"continuous","outer",3,9,6,0,0.1,4.69101065185933,0.146128661173302,0.0653507239689074,5,5,"none",0,4.27149367499131,FALSE,FALSE
"continuous","outer",3,9,7,0.25,0.1,5.11557095255177,0.206976475105884,0.0925626936160098,5,5,"none",0,4.27149367499131,FALSE,FALSE
"continuous","outer",3,9,8,0.5,0.1,5.32527979583849,0.217644299350304,0.0973334896525186,5,5,"none",0,4.27149367499131,FALSE,FALSE
"continuous","outer",3,9,9,0.75,0.1,5.32527979583849,0.217644299350304,0.0973334896525186,5,5,"none",0,4.27149367499131,FALSE,FALSE
"continuous","outer",3,9,10,1,0.1,5.32527979583849,0.217644299350304,0.0973334896525186,5,5,"none",0,4.27149367499131,FALSE,FALSE
"continuous","outer",3,9,11,0,0.01,4.23181290495886,0.123080409635671,0.055043232528776,5,5,"none",0,4.27149367499131,TRUE,TRUE
"continuous","outer",3,9,12,0.25,0.01,4.27927646462513,0.102718287273359,0.0459370145751163,5,5,"none",0,4.27149367499131,FALSE,FALSE
"continuous","outer",3,9,13,0.5,0.01,4.32336401477608,0.0948478516896097,0.0424172487795571,5,5,"none",0,4.27149367499131,FALSE,FALSE
"continuous","outer",3,9,14,0.75,0.01,4.3855921177799,0.124622943040719,0.0557330744390264,5,5,"none",0,4.27149367499131,FALSE,FALSE
"continuous","outer",3,9,15,1,0.01,4.45488859111202,0.127809538399003,0.0571581632066083,5,5,"none",0,4.27149367499131,FALSE,FALSE
"continuous","outer",3,9,16,0,0.001,4.21333122419196,0.186492833897889,0.0834021307824515,5,5,"none",0,4.27149367499131,TRUE,FALSE
"continuous","outer",3,9,17,0.25,0.001,4.20675615197339,0.180351540631822,0.080655660939914,5,5,"none",0,4.27149367499131,TRUE,FALSE
"continuous","outer",3,9,18,0.5,0.001,4.20238194578682,0.17473052299185,0.0781418654307732,5,5,"none",0,4.27149367499131,TRUE,FALSE
"continuous","outer",3,9,19,0.75,0.001,,,,1,1,"kkt_not_met",4,4.27149367499131,FALSE,FALSE
"continuous","outer",3,9,20,1,0.001,4.19912294142248,0.161825879841432,0.072370733568831,5,5,"none",0,4.27149367499131,TRUE,FALSE
"logistic","outer",3,9,1,0,1,0.647406209785116,0.00360444884072306,0.00161195852585541,5,5,"none",0,0.490207398925233,FALSE,FALSE
"logistic","outer",3,9,2,0.25,1,0.692683447702587,0.000148862115084355,0.0000665731617206029,5,5,"none",0,0.490207398925233,FALSE,FALSE
"logistic","outer",3,9,3,0.5,1,0.692683447702587,0.000148862115084355,0.0000665731617206029,5,5,"none",0,0.490207398925233,FALSE,FALSE
"logistic","outer",3,9,4,0.75,1,0.692683447702587,0.000148862115084355,0.0000665731617206029,5,5,"none",0,0.490207398925233,FALSE,FALSE
"logistic","outer",3,9,5,1,1,0.692683447702587,0.000148862115084355,0.0000665731617206029,5,5,"none",0,0.490207398925233,FALSE,FALSE
"logistic","outer",3,9,6,0,0.1,0.536654024448629,0.00705361179134025,0.00315447109046617,5,5,"none",0,0.490207398925233,FALSE,FALSE
"logistic","outer",3,9,7,0.25,0.1,0.624380052843546,0.00521803170646593,0.00233357472088141,5,5,"none",0,0.490207398925233,FALSE,FALSE
"logistic","outer",3,9,8,0.5,0.1,0.692683447702587,0.000148862115084355,0.0000665731617206029,5,5,"none",0,0.490207398925233,FALSE,FALSE
"logistic","outer",3,9,9,0.75,0.1,0.692683447702587,0.000148862115084355,0.0000665731617206029,5,5,"none",0,0.490207398925233,FALSE,FALSE
"logistic","outer",3,9,10,1,0.1,0.692683447702587,0.000148862115084355,0.0000665731617206029,5,5,"none",0,0.490207398925233,FALSE,FALSE
"logistic","outer",3,9,11,0,0.01,0.480494500708539,0.0217187006710627,0.0097128982166933,5,5,"none",0,0.490207398925233,TRUE,TRUE
"logistic","outer",3,9,12,0.25,0.01,0.488739526459028,0.0184840525731789,0.0082663196106616,5,5,"none",0,0.490207398925233,TRUE,FALSE
"logistic","outer",3,9,13,0.5,0.01,0.506025415414805,0.0220839578540346,0.00987624619477233,5,5,"none",0,0.490207398925233,FALSE,FALSE
"logistic","outer",3,9,14,0.75,0.01,0.521549022768259,0.0210177434708337,0.00939942062688728,5,5,"none",0,0.490207398925233,FALSE,FALSE
"logistic","outer",3,9,15,1,0.01,0.530496160084581,0.0172627650433176,0.00772014322329307,5,5,"none",0,0.490207398925233,FALSE,FALSE
"logistic","outer",3,9,16,0,0.001,0.49057013956205,0.0417126841287375,0.0186544794471667,5,5,"none",0,0.490207398925233,FALSE,FALSE
"logistic","outer",3,9,17,0.25,0.001,0.48643742645782,0.0382226708364366,0.0170936980543742,5,5,"none",0,0.490207398925233,TRUE,FALSE
"logistic","outer",3,9,18,0.5,0.001,0.483129502591605,0.0342712434725527,0.0153265660156148,5,5,"none",0,0.490207398925233,TRUE,FALSE
"logistic","outer",3,9,19,0.75,0.001,0.480940924286945,0.0298114663184284,0.0133320930393903,5,5,"none",0,0.490207398925233,TRUE,FALSE
"logistic","outer",3,9,20,1,0.001,0.480599590074509,0.026293307791431,0.0117587247149929,5,5,"none",0,0.490207398925233,TRUE,FALSE
"continuous","outer",3,10,1,0,1,5.21041907656487,0.163651937776664,0.0731873715036373,5,5,"none",0,4.31530662408611,FALSE,FALSE
"continuous","outer",3,10,2,0.25,1,5.32505489329409,0.171778931994054,0.0768218738082038,5,5,"none",0,4.31530662408611,FALSE,FALSE
"continuous","outer",3,10,3,0.5,1,5.32505489329409,0.171778931994054,0.0768218738082038,5,5,"none",0,4.31530662408611,FALSE,FALSE
"continuous","outer",3,10,4,0.75,1,5.32505489329409,0.171778931994054,0.0768218738082038,5,5,"none",0,4.31530662408611,FALSE,FALSE
"continuous","outer",3,10,5,1,1,5.32505489329409,0.171778931994054,0.0768218738082038,5,5,"none",0,4.31530662408611,FALSE,FALSE
"continuous","outer",3,10,6,0,0.1,4.6922296774516,0.14988851441685,0.067032181456507,5,5,"none",0,4.31530662408611,FALSE,FALSE
"continuous","outer",3,10,7,0.25,0.1,5.11005095622448,0.144365099995034,0.06456203543349,5,5,"none",0,4.31530662408611,FALSE,FALSE
"continuous","outer",3,10,8,0.5,0.1,5.32505489329409,0.171778931994054,0.0768218738082038,5,5,"none",0,4.31530662408611,FALSE,FALSE
"continuous","outer",3,10,9,0.75,0.1,5.32505489329409,0.171778931994054,0.0768218738082038,5,5,"none",0,4.31530662408611,FALSE,FALSE
"continuous","outer",3,10,10,1,0.1,5.32505489329409,0.171778931994054,0.0768218738082038,5,5,"none",0,4.31530662408611,FALSE,FALSE
"continuous","outer",3,10,11,0,0.01,4.23936663684918,0.169806973672229,0.0759399872369244,5,5,"none",0,4.31530662408611,TRUE,TRUE
"continuous","outer",3,10,12,0.25,0.01,4.28949456031949,0.152097284910875,0.0680199736507738,5,5,"none",0,4.31530662408611,TRUE,FALSE
"continuous","outer",3,10,13,0.5,0.01,4.34350909464694,0.144541571150598,0.0646409557334718,5,5,"none",0,4.31530662408611,FALSE,FALSE
"continuous","outer",3,10,14,0.75,0.01,4.39047911699293,0.145471456876823,0.0650568132725011,5,5,"none",0,4.31530662408611,FALSE,FALSE
"continuous","outer",3,10,15,1,0.01,4.43986958133381,0.153212025049038,0.06851850059601,5,5,"none",0,4.31530662408611,FALSE,FALSE
"continuous","outer",3,10,16,0,0.001,4.25179446948289,0.230761644251433,0.103199744629165,5,5,"none",0,4.31530662408611,TRUE,FALSE
"continuous","outer",3,10,17,0.25,0.001,4.2493974933842,0.223807356398562,0.100089692554341,5,5,"none",0,4.31530662408611,TRUE,FALSE
"continuous","outer",3,10,18,0.5,0.001,4.24919598027706,0.217608355188122,0.0973174149345119,5,5,"none",0,4.31530662408611,TRUE,FALSE
"continuous","outer",3,10,19,0.75,0.001,,,,1,1,"kkt_not_met",4,4.31530662408611,FALSE,FALSE
"continuous","outer",3,10,20,1,0.001,,,,4,4,"kkt_not_met",1,4.31530662408611,FALSE,FALSE
"logistic","outer",3,10,1,0,1,0.647383727604503,0.00676349124746975,0.00302472523891344,5,5,"none",0,0.499959444839833,FALSE,FALSE
"logistic","outer",3,10,2,0.25,1,0.692683447702587,0.000148862115084355,0.0000665731617206029,5,5,"none",0,0.499959444839833,FALSE,FALSE
"logistic","outer",3,10,3,0.5,1,0.692683447702587,0.000148862115084355,0.0000665731617206029,5,5,"none",0,0.499959444839833,FALSE,FALSE
"logistic","outer",3,10,4,0.75,1,0.692683447702587,0.000148862115084355,0.0000665731617206029,5,5,"none",0,0.499959444839833,FALSE,FALSE
"logistic","outer",3,10,5,1,1,0.692683447702587,0.000148862115084355,0.0000665731617206029,5,5,"none",0,0.499959444839833,FALSE,FALSE
"logistic","outer",3,10,6,0,0.1,0.537646830138874,0.0218709202936086,0.00978097290139769,5,5,"none",0,0.499959444839833,FALSE,FALSE
"logistic","outer",3,10,7,0.25,0.1,0.621196052376833,0.0131530368750191,0.00588221691262083,5,5,"none",0,0.499959444839833,FALSE,FALSE
"logistic","outer",3,10,8,0.5,0.1,0.692683447702587,0.000148862115084379,0.0000665731617206134,5,5,"none",0,0.499959444839833,FALSE,FALSE
"logistic","outer",3,10,9,0.75,0.1,0.692683447702587,0.000148862115084379,0.0000665731617206134,5,5,"none",0,0.499959444839833,FALSE,FALSE
"logistic","outer",3,10,10,1,0.1,0.692683447702587,0.000148862115084379,0.0000665731617206134,5,5,"none",0,0.499959444839833,FALSE,FALSE
"logistic","outer",3,10,11,0,0.01,0.48580859150967,0.0316422699858749,0.0141508533301635,5,5,"none",0,0.499959444839833,TRUE,TRUE
"logistic","outer",3,10,12,0.25,0.01,0.496043071125878,0.0270863265428906,0.0121133734821321,5,5,"none",0,0.499959444839833,TRUE,FALSE
"logistic","outer",3,10,13,0.5,0.01,0.509890056482006,0.0277069349239775,0.0123909179876353,5,5,"none",0,0.499959444839833,FALSE,FALSE
"logistic","outer",3,10,14,0.75,0.01,0.520872732663026,0.0301571090166104,0.0134866691532026,5,5,"none",0,0.499959444839833,FALSE,FALSE
"logistic","outer",3,10,15,1,0.01,0.52617099255838,0.0322128014231142,0.0144060027455571,5,5,"none",0,0.499959444839833,FALSE,FALSE
"logistic","outer",3,10,16,0,0.001,0.501920898986383,0.052919855213119,0.0236664787231961,5,5,"none",0,0.499959444839833,FALSE,FALSE
"logistic","outer",3,10,17,0.25,0.001,0.498708670606742,0.0499513288729477,0.0223389133852718,5,5,"none",0,0.499959444839833,TRUE,FALSE
"logistic","outer",3,10,18,0.5,0.001,0.49565898298247,0.0461747292732673,0.020649966699535,5,5,"none",0,0.499959444839833,TRUE,FALSE
"logistic","outer",3,10,19,0.75,0.001,0.491915726238959,0.0420099343195693,0.0187874137737716,5,5,"none",0,0.499959444839833,TRUE,FALSE
"logistic","outer",3,10,20,1,0.001,0.490046414312321,0.0373628922660659,0.0167091933885849,5,5,"none",0,0.499959444839833,TRUE,FALSE
"continuous","outer",4,1,1,0,1,5.28944299881831,0.429694673312971,0.192165299819473,5,5,"none",0,4.27252398691178,FALSE,FALSE
"continuous","outer",4,1,2,0.25,1,5.40587983839023,0.454572207572105,0.203290871362674,5,5,"none",0,4.27252398691178,FALSE,FALSE
"continuous","outer",4,1,3,0.5,1,5.40587983839023,0.454572207572105,0.203290871362674,5,5,"none",0,4.27252398691178,FALSE,FALSE
"continuous","outer",4,1,4,0.75,1,5.40587983839023,0.454572207572105,0.203290871362674,5,5,"none",0,4.27252398691178,FALSE,FALSE
"continuous","outer",4,1,5,1,1,5.40587983839023,0.454572207572105,0.203290871362674,5,5,"none",0,4.27252398691178,FALSE,FALSE
"continuous","outer",4,1,6,0,0.1,4.75364258959737,0.294125848234551,0.131537078118448,5,5,"none",0,4.27252398691178,FALSE,FALSE
"continuous","outer",4,1,7,0.25,0.1,5.19291239198195,0.422503586670593,0.188949348106584,5,5,"none",0,4.27252398691178,FALSE,FALSE
"continuous","outer",4,1,8,0.5,0.1,5.40587983839023,0.454572207572105,0.203290871362674,5,5,"none",0,4.27252398691178,FALSE,FALSE
"continuous","outer",4,1,9,0.75,0.1,5.40587983839023,0.454572207572105,0.203290871362674,5,5,"none",0,4.27252398691178,FALSE,FALSE
"continuous","outer",4,1,10,1,0.1,5.40587983839023,0.454572207572105,0.203290871362674,5,5,"none",0,4.27252398691178,FALSE,FALSE
"continuous","outer",4,1,11,0,0.01,4.22327563105703,0.168243560225662,0.075240807488232,5,5,"none",0,4.27252398691178,TRUE,TRUE
"continuous","outer",4,1,12,0.25,0.01,4.28537668577616,0.18780853622186,0.0839905307493622,5,5,"none",0,4.27252398691178,FALSE,FALSE
"continuous","outer",4,1,13,0.5,0.01,4.35751620672256,0.214784727556926,0.0960546502692118,5,5,"none",0,4.27252398691178,FALSE,FALSE
"continuous","outer",4,1,14,0.75,0.01,4.427864806896,0.240251159499693,0.107443584862892,5,5,"none",0,4.27252398691178,FALSE,FALSE
"continuous","outer",4,1,15,1,0.01,4.50431727459025,0.243586875870901,0.108935362574828,5,5,"none",0,4.27252398691178,FALSE,FALSE
"continuous","outer",4,1,16,0,0.001,4.16098685287186,0.26440232031079,0.11824431232472,5,5,"none",0,4.27252398691178,TRUE,FALSE
"continuous","outer",4,1,17,0.25,0.001,4.15736202417897,0.25750997709287,0.115161962732814,5,5,"none",0,4.27252398691178,TRUE,FALSE
"continuous","outer",4,1,18,0.5,0.001,4.15818311094783,0.254618324749361,0.113868776491338,5,5,"none",0,4.27252398691178,TRUE,FALSE
"continuous","outer",4,1,19,0.75,0.001,,,,0,0,"kkt_not_met",5,4.27252398691178,FALSE,FALSE
"continuous","outer",4,1,20,1,0.001,4.17050683265992,0.25587268882005,0.114429745157457,5,5,"none",0,4.27252398691178,TRUE,FALSE
"logistic","outer",4,1,1,0,1,0.647347414646543,0.0065664363372472,0.0029365996040019,5,5,"none",0,0.504860043089087,FALSE,FALSE
"logistic","outer",4,1,2,0.25,1,0.692679840605181,0.000154558200041579,0.0000691205283545962,5,5,"none",0,0.504860043089087,FALSE,FALSE
"logistic","outer",4,1,3,0.5,1,0.692679840605181,0.000154558200041579,0.0000691205283545962,5,5,"none",0,0.504860043089087,FALSE,FALSE
"logistic","outer",4,1,4,0.75,1,0.692679840605181,0.000154558200041579,0.0000691205283545962,5,5,"none",0,0.504860043089087,FALSE,FALSE
"logistic","outer",4,1,5,1,1,0.692679840605181,0.000154558200041579,0.0000691205283545962,5,5,"none",0,0.504860043089087,FALSE,FALSE
"logistic","outer",4,1,6,0,0.1,0.53517633351777,0.0283010883233913,0.0126566314656657,5,5,"none",0,0.504860043089087,FALSE,FALSE
"logistic","outer",4,1,7,0.25,0.1,0.623166403792938,0.00789055394922443,0.00352876300211905,5,5,"none",0,0.504860043089087,FALSE,FALSE
"logistic","outer",4,1,8,0.5,0.1,0.692679840605181,0.000154558200041559,0.0000691205283545871,5,5,"none",0,0.504860043089087,FALSE,FALSE
"logistic","outer",4,1,9,0.75,0.1,0.692679840605181,0.000154558200041579,0.0000691205283545962,5,5,"none",0,0.504860043089087,FALSE,FALSE
"logistic","outer",4,1,10,1,0.1,0.692679840605181,0.000154558200041579,0.0000691205283545962,5,5,"none",0,0.504860043089087,FALSE,FALSE
"logistic","outer",4,1,11,0,0.01,0.473732898755591,0.0614539960258819,0.0274830625205748,5,5,"none",0,0.504860043089087,TRUE,TRUE
"logistic","outer",4,1,12,0.25,0.01,0.483931382377262,0.0465420707197916,0.0208142467886113,5,5,"none",0,0.504860043089087,TRUE,FALSE
"logistic","outer",4,1,13,0.5,0.01,0.50275530292819,0.0406547541444821,0.0181813587751207,5,5,"none",0,0.504860043089087,TRUE,FALSE
"logistic","outer",4,1,14,0.75,0.01,0.524822976157251,0.0340693331865171,0.0152362689906284,5,5,"none",0,0.504860043089087,FALSE,FALSE
"logistic","outer",4,1,15,1,0.01,0.535424982855738,0.0274647198103883,0.0122825960958027,5,5,"none",0,0.504860043089087,FALSE,FALSE
"logistic","outer",4,1,16,0,0.001,0.482720213029227,0.0867069757239992,0.0387765383684573,5,5,"none",0,0.504860043089087,TRUE,FALSE
"logistic","outer",4,1,17,0.25,0.001,0.479109735881149,0.0820499914555592,0.0366938716895815,5,5,"none",0,0.504860043089087,TRUE,FALSE
"logistic","outer",4,1,18,0.5,0.001,0.476501590859696,0.0779126910123378,0.0348436146827049,5,5,"none",0,0.504860043089087,TRUE,FALSE
"logistic","outer",4,1,19,0.75,0.001,0.474498664886411,0.0746282305118673,0.0333747592930118,5,5,"none",0,0.504860043089087,TRUE,FALSE
"logistic","outer",4,1,20,1,0.001,0.472831484391969,0.0716180344680976,0.0320285586971178,5,5,"none",0,0.504860043089087,TRUE,FALSE
"continuous","outer",4,2,1,0,1,5.15528509254003,0.46519741250535,0.208042607463794,5,5,"none",0,4.14106793398584,FALSE,FALSE
"continuous","outer",4,2,2,0.25,1,5.27354488266079,0.478568872774036,0.214022506287639,5,5,"none",0,4.14106793398584,FALSE,FALSE
"continuous","outer",4,2,3,0.5,1,5.27354488266079,0.478568872774036,0.214022506287639,5,5,"none",0,4.14106793398584,FALSE,FALSE
"continuous","outer",4,2,4,0.75,1,5.27354488266079,0.478568872774036,0.214022506287639,5,5,"none",0,4.14106793398584,FALSE,FALSE
"continuous","outer",4,2,5,1,1,5.27354488266079,0.478568872774036,0.214022506287639,5,5,"none",0,4.14106793398584,FALSE,FALSE
"continuous","outer",4,2,6,0,0.1,4.61695596853311,0.395819191938696,0.177015723994792,5,5,"none",0,4.14106793398584,FALSE,FALSE
"continuous","outer",4,2,7,0.25,0.1,5.05607635446231,0.452563123246872,0.202392381537924,5,5,"none",0,4.14106793398584,FALSE,FALSE
"continuous","outer",4,2,8,0.5,0.1,5.27354488266079,0.478568872774036,0.214022506287639,5,5,"none",0,4.14106793398584,FALSE,FALSE
"continuous","outer",4,2,9,0.75,0.1,5.27354488266079,0.478568872774036,0.214022506287639,5,5,"none",0,4.14106793398584,FALSE,FALSE
"continuous","outer",4,2,10,1,0.1,5.27354488266079,0.478568872774036,0.214022506287639,5,5,"none",0,4.14106793398584,FALSE,FALSE
"continuous","outer",4,2,11,0,0.01,4.11727248656145,0.252002260894321,0.112698837168668,5,5,"none",0,4.14106793398584,TRUE,TRUE
"continuous","outer",4,2,12,0.25,0.01,4.15612877423778,0.269506500049268,0.120526970897643,5,5,"none",0,4.14106793398584,FALSE,FALSE
"continuous","outer",4,2,13,0.5,0.01,4.21328007040063,0.300461873250266,0.134370634646904,5,5,"none",0,4.14106793398584,FALSE,FALSE
"continuous","outer",4,2,14,0.75,0.01,4.29136324230704,0.315283279705876,0.140998969118284,5,5,"none",0,4.14106793398584,FALSE,FALSE
"continuous","outer",4,2,15,1,0.01,4.37034158038245,0.318867377823046,0.142601826523888,5,5,"none",0,4.14106793398584,FALSE,FALSE
"continuous","outer",4,2,16,0,0.001,4.05206956369141,0.21194163514516,0.094783180689407,5,5,"none",0,4.14106793398584,TRUE,FALSE
"continuous","outer",4,2,17,0.25,0.001,4.04790229394325,0.21038792161667,0.0940883388759542,5,5,"none",0,4.14106793398584,TRUE,FALSE
"continuous","outer",4,2,18,0.5,0.001,4.04721411480674,0.209863519632445,0.0938538191791018,5,5,"none",0,4.14106793398584,TRUE,FALSE
"continuous","outer",4,2,19,0.75,0.001,,,,1,1,"kkt_not_met",4,4.14106793398584,FALSE,FALSE
"continuous","outer",4,2,20,1,0.001,4.04763931483916,0.215676739834988,0.0964535702873138,5,5,"none",0,4.14106793398584,TRUE,FALSE
"logistic","outer",4,2,1,0,1,0.648013964184331,0.00209945369504288,0.000938904235545798,5,5,"none",0,0.489288386939256,FALSE,FALSE
"logistic","outer",4,2,2,0.25,1,0.692679840605181,0.000154558200041579,0.0000691205283545962,5,5,"none",0,0.489288386939256,FALSE,FALSE
"logistic","outer",4,2,3,0.5,1,0.692679840605181,0.000154558200041579,0.0000691205283545962,5,5,"none",0,0.489288386939256,FALSE,FALSE
"logistic","outer",4,2,4,0.75,1,0.692679840605181,0.000154558200041579,0.0000691205283545962,5,5,"none",0,0.489288386939256,FALSE,FALSE
"logistic","outer",4,2,5,1,1,0.692679840605181,0.000154558200041579,0.0000691205283545962,5,5,"none",0,0.489288386939256,FALSE,FALSE
"logistic","outer",4,2,6,0,0.1,0.540018138995075,0.00754092268137572,0.00337240314572522,5,5,"none",0,0.489288386939256,FALSE,FALSE
"logistic","outer",4,2,7,0.25,0.1,0.622899353157345,0.00430462484295082,0.00192508675329448,5,5,"none",0,0.489288386939256,FALSE,FALSE
"logistic","outer",4,2,8,0.5,0.1,0.692679840605181,0.000154558200041579,0.0000691205283545962,5,5,"none",0,0.489288386939256,FALSE,FALSE
"logistic","outer",4,2,9,0.75,0.1,0.692679840605181,0.000154558200041579,0.0000691205283545962,5,5,"none",0,0.489288386939256,FALSE,FALSE
"logistic","outer",4,2,10,1,0.1,0.692679840605181,0.000154558200041579,0.0000691205283545962,5,5,"none",0,0.489288386939256,FALSE,FALSE
"logistic","outer",4,2,11,0,0.01,0.483531281726673,0.0169795567762322,0.00759348863589449,5,5,"none",0,0.489288386939256,TRUE,TRUE
"logistic","outer",4,2,12,0.25,0.01,0.495349337361712,0.0133408548185877,0.00596621165046354,5,5,"none",0,0.489288386939256,FALSE,FALSE
"logistic","outer",4,2,13,0.5,0.01,0.512917676975545,0.0139393636391563,0.00623387293204848,5,5,"none",0,0.489288386939256,FALSE,FALSE
"logistic","outer",4,2,14,0.75,0.01,0.525612522557742,0.0143300915876615,0.00640861178276178,5,5,"none",0,0.489288386939256,FALSE,FALSE
"logistic","outer",4,2,15,1,0.01,0.532305095443805,0.0162115546244161,0.0072500276322291,5,5,"none",0,0.489288386939256,FALSE,FALSE
"logistic","outer",4,2,16,0,0.001,0.486084486373378,0.0281725306858658,0.012599138742359,5,5,"none",0,0.489288386939256,TRUE,FALSE
"logistic","outer",4,2,17,0.25,0.001,0.483656720206344,0.0254774444693501,0.0113938595452886,5,5,"none",0,0.489288386939256,TRUE,FALSE
"logistic","outer",4,2,18,0.5,0.001,0.482141820705,0.0232163377690876,0.0103826618880551,5,5,"none",0,0.489288386939256,TRUE,FALSE
"logistic","outer",4,2,19,0.75,0.001,0.480779843300745,0.0214679364692932,0.00960075305639728,5,5,"none",0,0.489288386939256,TRUE,FALSE
"logistic","outer",4,2,20,1,0.001,0.480006460277114,0.0207550189787192,0.00928192666214288,5,5,"none",0,0.489288386939256,TRUE,FALSE
"continuous","outer",4,3,1,0,1,5.28936575142287,0.298188252931224,0.133353840729224,5,5,"none",0,4.49289203242674,FALSE,FALSE
"continuous","outer",4,3,2,0.25,1,5.40750004059504,0.287949417275498,0.128774894221893,5,5,"none",0,4.49289203242674,FALSE,FALSE
"continuous","outer",4,3,3,0.5,1,5.40750004059504,0.287949417275498,0.128774894221893,5,5,"none",0,4.49289203242674,FALSE,FALSE
"continuous","outer",4,3,4,0.75,1,5.40750004059504,0.287949417275498,0.128774894221893,5,5,"none",0,4.49289203242674,FALSE,FALSE
"continuous","outer",4,3,5,1,1,5.40750004059504,0.287949417275498,0.128774894221893,5,5,"none",0,4.49289203242674,FALSE,FALSE
"continuous","outer",4,3,6,0,0.1,4.75434343000174,0.358087645855043,0.16014166360695,5,5,"none",0,4.49289203242674,FALSE,FALSE
"continuous","outer",4,3,7,0.25,0.1,5.19082844161911,0.311924141739228,0.139496716950439,5,5,"none",0,4.49289203242674,FALSE,FALSE
"continuous","outer",4,3,8,0.5,0.1,5.40750004059504,0.287949417275498,0.128774894221893,5,5,"none",0,4.49289203242674,FALSE,FALSE
"continuous","outer",4,3,9,0.75,0.1,5.40750004059504,0.287949417275498,0.128774894221893,5,5,"none",0,4.49289203242674,FALSE,FALSE
"continuous","outer",4,3,10,1,0.1,5.40750004059504,0.287949417275498,0.128774894221893,5,5,"none",0,4.49289203242674,FALSE,FALSE
"continuous","outer",4,3,11,0,0.01,4.30202988752126,0.426780730340067,0.190862144905479,5,5,"none",0,4.49289203242674,TRUE,TRUE
"continuous","outer",4,3,12,0.25,0.01,4.32861881248947,0.421031163022378,0.188290860232767,5,5,"none",0,4.49289203242674,TRUE,FALSE
"continuous","outer",4,3,13,0.5,0.01,4.38634003574511,0.411258075370636,0.183920202564895,5,5,"none",0,4.49289203242674,TRUE,FALSE
"continuous","outer",4,3,14,0.75,0.01,4.44604718696155,0.399365908460367,0.178601863842668,5,5,"none",0,4.49289203242674,TRUE,FALSE
"continuous","outer",4,3,15,1,0.01,4.5206388509986,0.405666791437037,0.181419704373489,5,5,"none",0,4.49289203242674,FALSE,FALSE
"continuous","outer",4,3,16,0,0.001,4.347308807726,0.475048332794079,0.212448072945101,5,5,"none",0,4.49289203242674,TRUE,FALSE
"continuous","outer",4,3,17,0.25,0.001,4.3388879556531,0.472332069507279,0.211233323074286,5,5,"none",0,4.49289203242674,TRUE,FALSE
"continuous","outer",4,3,18,0.5,0.001,4.33114774100638,0.468067120066659,0.209325979700321,5,5,"none",0,4.49289203242674,TRUE,FALSE
"continuous","outer",4,3,19,0.75,0.001,,,,1,1,"kkt_not_met",4,4.49289203242674,FALSE,FALSE
"continuous","outer",4,3,20,1,0.001,4.32424245799838,0.45139884209856,0.201871699179415,5,5,"none",0,4.49289203242674,TRUE,FALSE
"logistic","outer",4,3,1,0,1,0.647495452413174,0.00779235267812168,0.00348484605858652,5,5,"none",0,0.525159832529245,FALSE,FALSE
"logistic","outer",4,3,2,0.25,1,0.692679840605181,0.000154558200041579,0.0000691205283545962,5,5,"none",0,0.525159832529245,FALSE,FALSE
"logistic","outer",4,3,3,0.5,1,0.692679840605181,0.000154558200041579,0.0000691205283545962,5,5,"none",0,0.525159832529245,FALSE,FALSE
"logistic","outer",4,3,4,0.75,1,0.692679840605181,0.000154558200041579,0.0000691205283545962,5,5,"none",0,0.525159832529245,FALSE,FALSE
"logistic","outer",4,3,5,1,1,0.692679840605181,0.000154558200041579,0.0000691205283545962,5,5,"none",0,0.525159832529245,FALSE,FALSE
"logistic","outer",4,3,6,0,0.1,0.540196431797492,0.0307912430302157,0.0137702625054558,5,5,"none",0,0.525159832529245,FALSE,FALSE
"logistic","outer",4,3,7,0.25,0.1,0.625082835747376,0.0145155030254617,0.00649153029850726,5,5,"none",0,0.525159832529245,FALSE,FALSE
"logistic","outer",4,3,8,0.5,0.1,0.692679840605181,0.000154558200041579,0.0000691205283545962,5,5,"none",0,0.525159832529245,FALSE,FALSE
"logistic","outer",4,3,9,0.75,0.1,0.692679840605181,0.000154558200041579,0.0000691205283545962,5,5,"none",0,0.525159832529245,FALSE,FALSE
"logistic","outer",4,3,10,1,0.1,0.692679840605181,0.000154558200041579,0.0000691205283545962,5,5,"none",0,0.525159832529245,FALSE,FALSE
"logistic","outer",4,3,11,0,0.01,0.496743541789217,0.0635407577630986,0.0284162907400272,5,5,"none",0,0.525159832529245,TRUE,TRUE
"logistic","outer",4,3,12,0.25,0.01,0.500212545375758,0.0526703609098882,0.0235549014787916,5,5,"none",0,0.525159832529245,TRUE,FALSE
"logistic","outer",4,3,13,0.5,0.01,0.515329922788965,0.0536957317549661,0.0240134612611396,5,5,"none",0,0.525159832529245,TRUE,FALSE
"logistic","outer",4,3,14,0.75,0.01,0.530385832230917,0.0534202804879648,0.023890275709639,5,5,"none",0,0.525159832529245,FALSE,FALSE
"logistic","outer",4,3,15,1,0.01,0.540801744753668,0.0497080630008135,0.0222301215799322,5,5,"none",0,0.525159832529245,FALSE,FALSE
"logistic","outer",4,3,16,0,0.001,0.52685680036663,0.105604280157078,0.0472276698292317,5,5,"none",0,0.525159832529245,FALSE,FALSE
"logistic","outer",4,3,17,0.25,0.001,0.521186647643285,0.100915465871914,0.0451307683341321,5,5,"none",0,0.525159832529245,TRUE,FALSE
"logistic","outer",4,3,18,0.5,0.001,0.516046517490309,0.0966966426791113,0.0432440532453,5,5,"none",0,0.525159832529245,TRUE,FALSE
"logistic","outer",4,3,19,0.75,0.001,0.510965397618929,0.0923390986146795,0.041295300296696,5,5,"none",0,0.525159832529245,TRUE,FALSE
"logistic","outer",4,3,20,1,0.001,0.506806922093383,0.0888200298042403,0.0397215248811677,5,5,"none",0,0.525159832529245,TRUE,FALSE
"continuous","outer",4,4,1,0,1,5.1874842822025,0.322325431614455,0.144148315193376,5,5,"none",0,4.3068160938367,FALSE,FALSE
"continuous","outer",4,4,2,0.25,1,5.30409766187306,0.314136766622888,0.140486232880153,5,5,"none",0,4.3068160938367,FALSE,FALSE
"continuous","outer",4,4,3,0.5,1,5.30409766187306,0.314136766622888,0.140486232880153,5,5,"none",0,4.3068160938367,FALSE,FALSE
"continuous","outer",4,4,4,0.75,1,5.30409766187306,0.314136766622888,0.140486232880153,5,5,"none",0,4.3068160938367,FALSE,FALSE
"continuous","outer",4,4,5,1,1,5.30409766187306,0.314136766622888,0.140486232880153,5,5,"none",0,4.3068160938367,FALSE,FALSE
"continuous","outer",4,4,6,0,0.1,4.66085062181235,0.376905580280615,0.168557299721292,5,5,"none",0,4.3068160938367,FALSE,FALSE
"continuous","outer",4,4,7,0.25,0.1,5.09313050336453,0.337036199230921,0.1507271704717,5,5,"none",0,4.3068160938367,FALSE,FALSE
"continuous","outer",4,4,8,0.5,0.1,5.30409766187306,0.314136766622888,0.140486232880153,5,5,"none",0,4.3068160938367,FALSE,FALSE
"continuous","outer",4,4,9,0.75,0.1,5.30409766187306,0.314136766622888,0.140486232880153,5,5,"none",0,4.3068160938367,FALSE,FALSE
"continuous","outer",4,4,10,1,0.1,5.30409766187306,0.314136766622888,0.140486232880153,5,5,"none",0,4.3068160938367,FALSE,FALSE
"continuous","outer",4,4,11,0,0.01,4.16390025109703,0.435393979229942,0.194714106910456,5,5,"none",0,4.3068160938367,TRUE,TRUE
"continuous","outer",4,4,12,0.25,0.01,4.21934852999709,0.434488497890971,0.194309163345197,5,5,"none",0,4.3068160938367,TRUE,FALSE
"continuous","outer",4,4,13,0.5,0.01,4.28274671406495,0.458210446976853,0.204917941488161,5,5,"none",0,4.3068160938367,TRUE,FALSE
"continuous","outer",4,4,14,0.75,0.01,4.36306867552311,0.489772513274159,0.219032926638388,5,5,"none",0,4.3068160938367,FALSE,FALSE
"continuous","outer",4,4,15,1,0.01,4.44818469517209,0.507095446481033,0.226779977882439,5,5,"none",0,4.3068160938367,FALSE,FALSE
"continuous","outer",4,4,16,0,0.001,4.13602344099596,0.420904838185491,0.188234366048261,5,5,"none",0,4.3068160938367,TRUE,FALSE
"continuous","outer",4,4,17,0.25,0.001,4.12539289531477,0.421877307764342,0.188669267665134,5,5,"none",0,4.3068160938367,TRUE,FALSE
"continuous","outer",4,4,18,0.5,0.001,4.11747443368634,0.42338082306886,0.189341660150356,5,5,"none",0,4.3068160938367,TRUE,FALSE
"continuous","outer",4,4,19,0.75,0.001,,,,2,2,"kkt_not_met",3,4.3068160938367,FALSE,FALSE
"continuous","outer",4,4,20,1,0.001,4.118290722042,0.437384377175559,0.195604239932191,5,5,"none",0,4.3068160938367,TRUE,FALSE
"logistic","outer",4,4,1,0,1,0.646745982672976,0.00414122225497088,0.00185201089440997,5,5,"none",0,0.505063358698829,FALSE,FALSE
"logistic","outer",4,4,2,0.25,1,0.692679840605181,0.000154558200041579,0.0000691205283545962,5,5,"none",0,0.505063358698829,FALSE,FALSE
"logistic","outer",4,4,3,0.5,1,0.692679840605181,0.000154558200041579,0.0000691205283545962,5,5,"none",0,0.505063358698829,FALSE,FALSE
"logistic","outer",4,4,4,0.75,1,0.692679840605181,0.000154558200041579,0.0000691205283545962,5,5,"none",0,0.505063358698829,FALSE,FALSE
"logistic","outer",4,4,5,1,1,0.692679840605181,0.000154558200041579,0.0000691205283545962,5,5,"none",0,0.505063358698829,FALSE,FALSE
"logistic","outer",4,4,6,0,0.1,0.539506508504675,0.0172496800704308,0.00771429144552133,5,5,"none",0,0.505063358698829,FALSE,FALSE
"logistic","outer",4,4,7,0.25,0.1,0.621680356556409,0.00766232847612033,0.00342669746770749,5,5,"none",0,0.505063358698829,FALSE,FALSE
"logistic","outer",4,4,8,0.5,0.1,0.692679840605181,0.000154558200041579,0.0000691205283545962,5,5,"none",0,0.505063358698829,FALSE,FALSE
"logistic","outer",4,4,9,0.75,0.1,0.692679840605181,0.000154558200041579,0.0000691205283545962,5,5,"none",0,0.505063358698829,FALSE,FALSE
"logistic","outer",4,4,10,1,0.1,0.692679840605181,0.000154558200041579,0.0000691205283545962,5,5,"none",0,0.505063358698829,FALSE,FALSE
"logistic","outer",4,4,11,0,0.01,0.496189387324243,0.0339435092581543,0.0151799988192253,5,5,"none",0,0.505063358698829,TRUE,TRUE
"logistic","outer",4,4,12,0.25,0.01,0.491268296000721,0.0308466979468424,0.0137950626981086,5,5,"none",0,0.505063358698829,TRUE,FALSE
"logistic","outer",4,4,13,0.5,0.01,0.504524258068372,0.0293473794829468,0.0131245470970703,5,5,"none",0,0.505063358698829,TRUE,FALSE
"logistic","outer",4,4,14,0.75,0.01,0.520323238705911,0.0293599758027721,0.0131301803425495,5,5,"none",0,0.505063358698829,FALSE,FALSE
"logistic","outer",4,4,15,1,0.01,0.530808727902064,0.0286772500987282,0.0128248561257037,5,5,"none",0,0.505063358698829,FALSE,FALSE
"logistic","outer",4,4,16,0,0.001,0.520823507881676,0.0444111089932278,0.0198612517330019,5,5,"none",0,0.505063358698829,FALSE,FALSE
"logistic","outer",4,4,17,0.25,0.001,0.513083954961361,0.0429128037508784,0.0191911892584144,5,5,"none",0,0.505063358698829,FALSE,FALSE
"logistic","outer",4,4,18,0.5,0.001,0.505789535928594,0.042712010595512,0.0191013918294512,5,5,"none",0,0.505063358698829,FALSE,FALSE
"logistic","outer",4,4,19,0.75,0.001,0.500159120908701,0.0441349370085502,0.0197377438667579,5,5,"none",0,0.505063358698829,TRUE,FALSE
"logistic","outer",4,4,20,1,0.001,0.495665714298844,0.046221422795539,0.0206708486775167,5,5,"none",0,0.505063358698829,TRUE,FALSE
"continuous","outer",4,5,1,0,1,5.21539210803886,0.413852167105558,0.185080315656726,5,5,"none",0,4.29979655814773,FALSE,FALSE
"continuous","outer",4,5,2,0.25,1,5.32798220972757,0.421524829590187,0.188511634633535,5,5,"none",0,4.29979655814773,FALSE,FALSE
"continuous","outer",4,5,3,0.5,1,5.32798220972757,0.421524829590187,0.188511634633535,5,5,"none",0,4.29979655814773,FALSE,FALSE
"continuous","outer",4,5,4,0.75,1,5.32798220972757,0.421524829590187,0.188511634633535,5,5,"none",0,4.29979655814773,FALSE,FALSE
"continuous","outer",4,5,5,1,1,5.32798220972757,0.421524829590187,0.188511634633535,5,5,"none",0,4.29979655814773,FALSE,FALSE
"continuous","outer",4,5,6,0,0.1,4.70404483910792,0.370626184590059,0.165749068596951,5,5,"none",0,4.29979655814773,FALSE,FALSE
"continuous","outer",4,5,7,0.25,0.1,5.11845990567588,0.415426646796753,0.185784444380467,5,5,"none",0,4.29979655814773,FALSE,FALSE
"continuous","outer",4,5,8,0.5,0.1,5.32798220972757,0.421524829590187,0.188511634633535,5,5,"none",0,4.29979655814773,FALSE,FALSE
"continuous","outer",4,5,9,0.75,0.1,5.32798220972757,0.421524829590187,0.188511634633535,5,5,"none",0,4.29979655814773,FALSE,FALSE
"continuous","outer",4,5,10,1,0.1,5.32798220972757,0.421524829590187,0.188511634633535,5,5,"none",0,4.29979655814773,FALSE,FALSE
"continuous","outer",4,5,11,0,0.01,4.23920401025608,0.252686022573056,0.11300462468748,5,5,"none",0,4.29979655814773,TRUE,TRUE
"continuous","outer",4,5,12,0.25,0.01,4.29199130111535,0.296001820292537,0.132376038327558,5,5,"none",0,4.29979655814773,TRUE,FALSE
"continuous","outer",4,5,13,0.5,0.01,4.35383148073508,0.318764575622328,0.142555851982079,5,5,"none",0,4.29979655814773,FALSE,FALSE
"continuous","outer",4,5,14,0.75,0.01,4.40953037430177,0.337654563954888,0.151003711583236,5,5,"none",0,4.29979655814773,FALSE,FALSE
"continuous","outer",4,5,15,1,0.01,4.46476946646941,0.381736629722131,0.17071781071207,5,5,"none",0,4.29979655814773,FALSE,FALSE
"continuous","outer",4,5,16,0,0.001,4.22427841086469,0.202683022997164,0.0906426034613626,5,5,"none",0,4.29979655814773,TRUE,FALSE
"continuous","outer",4,5,17,0.25,0.001,4.21530747174446,0.202271079803225,0.0904583768644594,5,5,"none",0,4.29979655814773,TRUE,FALSE
"continuous","outer",4,5,18,0.5,0.001,4.2090713974194,0.202867626658141,0.0907251607283304,5,5,"none",0,4.29979655814773,TRUE,FALSE
"continuous","outer",4,5,19,0.75,0.001,,,,3,3,"kkt_not_met",2,4.29979655814773,FALSE,FALSE
"continuous","outer",4,5,20,1,0.001,4.21432763193628,0.211455640938425,0.094565837472821,5,5,"none",0,4.29979655814773,TRUE,FALSE
"logistic","outer",4,5,1,0,1,0.648729155466754,0.0039924111744221,0.00178546055602752,5,5,"none",0,0.510287445405149,FALSE,FALSE
"logistic","outer",4,5,2,0.25,1,0.692679840605181,0.000154558200041579,0.0000691205283545962,5,5,"none",0,0.510287445405149,FALSE,FALSE
"logistic","outer",4,5,3,0.5,1,0.692679840605181,0.000154558200041579,0.0000691205283545962,5,5,"none",0,0.510287445405149,FALSE,FALSE
"logistic","outer",4,5,4,0.75,1,0.692679840605181,0.000154558200041579,0.0000691205283545962,5,5,"none",0,0.510287445405149,FALSE,FALSE
"logistic","outer",4,5,5,1,1,0.692679840605181,0.000154558200041579,0.0000691205283545962,5,5,"none",0,0.510287445405149,FALSE,FALSE
"logistic","outer",4,5,6,0,0.1,0.544547800876697,0.0107380763090359,0.00480221371491684,5,5,"none",0,0.510287445405149,FALSE,FALSE
"logistic","outer",4,5,7,0.25,0.1,0.62472541918314,0.00398514266854289,0.00178220998137936,5,5,"none",0,0.510287445405149,FALSE,FALSE
"logistic","outer",4,5,8,0.5,0.1,0.692679840605181,0.000154558200041579,0.0000691205283545962,5,5,"none",0,0.510287445405149,FALSE,FALSE
"logistic","outer",4,5,9,0.75,0.1,0.692679840605181,0.000154558200041579,0.0000691205283545962,5,5,"none",0,0.510287445405149,FALSE,FALSE
"logistic","outer",4,5,10,1,0.1,0.692679840605181,0.000154558200041579,0.0000691205283545962,5,5,"none",0,0.510287445405149,FALSE,FALSE
"logistic","outer",4,5,11,0,0.01,0.498069534194689,0.0273200800096463,0.0122179112104604,5,5,"none",0,0.510287445405149,TRUE,TRUE
"logistic","outer",4,5,12,0.25,0.01,0.503242862947341,0.0104570933038194,0.00467655429487962,5,5,"none",0,0.510287445405149,TRUE,FALSE
"logistic","outer",4,5,13,0.5,0.01,0.517569118368179,0.00966205931913773,0.00432100428804546,5,5,"none",0,0.510287445405149,FALSE,FALSE
"logistic","outer",4,5,14,0.75,0.01,0.530673117588581,0.0108364002547078,0.00484618552018454,5,5,"none",0,0.510287445405149,FALSE,FALSE
"logistic","outer",4,5,15,1,0.01,0.538553862536078,0.0114666028496301,0.00512802068855314,5,5,"none",0,0.510287445405149,FALSE,FALSE
"logistic","outer",4,5,16,0,0.001,0.516467521260519,0.0424943087487931,0.0190040326038331,5,5,"none",0,0.510287445405149,FALSE,FALSE
"logistic","outer",4,5,17,0.25,0.001,0.51105390741403,0.0410050496111589,0.0183380156702605,5,5,"none",0,0.510287445405149,FALSE,FALSE
"logistic","outer",4,5,18,0.5,0.001,0.506749163764345,0.0376778877997088,0.0168500636737518,5,5,"none",0,0.510287445405149,TRUE,FALSE
"logistic","outer",4,5,19,0.75,0.001,0.503501606968034,0.0329311507708744,0.0147272583401939,5,5,"none",0,0.510287445405149,TRUE,FALSE
"logistic","outer",4,5,20,1,0.001,0.499978470084468,0.0300887712600366,0.0134561075793768,5,5,"none",0,0.510287445405149,TRUE,FALSE
"continuous","outer",4,6,1,0,1,5.22456402327771,0.304262623873929,0.136070381998911,5,5,"none",0,4.30195985384201,FALSE,FALSE
"continuous","outer",4,6,2,0.25,1,5.33995989608846,0.311047558516216,0.139104697015521,5,5,"none",0,4.30195985384201,FALSE,FALSE
"continuous","outer",4,6,3,0.5,1,5.33995989608846,0.311047558516216,0.139104697015521,5,5,"none",0,4.30195985384201,FALSE,FALSE
"continuous","outer",4,6,4,0.75,1,5.33995989608846,0.311047558516216,0.139104697015521,5,5,"none",0,4.30195985384201,FALSE,FALSE
"continuous","outer",4,6,5,1,1,5.33995989608846,0.311047558516216,0.139104697015521,5,5,"none",0,4.30195985384201,FALSE,FALSE
"continuous","outer",4,6,6,0,0.1,4.69569560260601,0.285883317042803,0.127850906108166,5,5,"none",0,4.30195985384201,FALSE,FALSE
"continuous","outer",4,6,7,0.25,0.1,5.12938981314903,0.30175724248741,0.134949941380947,5,5,"none",0,4.30195985384201,FALSE,FALSE
"continuous","outer",4,6,8,0.5,0.1,5.33995989608846,0.311047558516216,0.139104697015521,5,5,"none",0,4.30195985384201,FALSE,FALSE
"continuous","outer",4,6,9,0.75,0.1,5.33995989608846,0.311047558516216,0.139104697015521,5,5,"none",0,4.30195985384201,FALSE,FALSE
"continuous","outer",4,6,10,1,0.1,5.33995989608846,0.311047558516216,0.139104697015521,5,5,"none",0,4.30195985384201,FALSE,FALSE
"continuous","outer",4,6,11,0,0.01,4.19220345527881,0.312673402686973,0.139831796632847,5,5,"none",0,4.30195985384201,TRUE,TRUE
"continuous","outer",4,6,12,0.25,0.01,4.25331585826641,0.324046871563456,0.144918166542406,5,5,"none",0,4.30195985384201,TRUE,FALSE
"continuous","outer",4,6,13,0.5,0.01,4.30678804547573,0.323249041707067,0.144561366183733,5,5,"none",0,4.30195985384201,FALSE,FALSE
"continuous","outer",4,6,14,0.75,0.01,4.36293360253831,0.322323774882534,0.144147574280337,5,5,"none",0,4.30195985384201,FALSE,FALSE
"continuous","outer",4,6,15,1,0.01,4.41873473086508,0.306704767668896,0.137162541906186,5,5,"none",0,4.30195985384201,FALSE,FALSE
"continuous","outer",4,6,16,0,0.001,4.1642300247479,0.311737140338585,0.139413087381694,5,5,"none",0,4.30195985384201,TRUE,FALSE
"continuous","outer",4,6,17,0.25,0.001,4.16133969708892,0.314436229506606,0.140620156753099,5,5,"none",0,4.30195985384201,TRUE,FALSE
"continuous","outer",4,6,18,0.5,0.001,4.16145779659191,0.317046060551862,0.141787308678496,5,5,"none",0,4.30195985384201,TRUE,FALSE
"continuous","outer",4,6,19,0.75,0.001,,,,1,1,"kkt_not_met",4,4.30195985384201,FALSE,FALSE
"continuous","outer",4,6,20,1,0.001,4.16313963696856,0.325606409165984,0.14561561296095,5,5,"none",0,4.30195985384201,TRUE,FALSE
"logistic","outer",4,6,1,0,1,0.646827321093471,0.00410907909144764,0.00183763603468,5,5,"none",0,0.488036191988133,FALSE,FALSE
"logistic","outer",4,6,2,0.25,1,0.692679840605181,0.000154558200041579,0.0000691205283545962,5,5,"none",0,0.488036191988133,FALSE,FALSE
"logistic","outer",4,6,3,0.5,1,0.692679840605181,0.000154558200041579,0.0000691205283545962,5,5,"none",0,0.488036191988133,FALSE,FALSE
"logistic","outer",4,6,4,0.75,1,0.692679840605181,0.000154558200041579,0.0000691205283545962,5,5,"none",0,0.488036191988133,FALSE,FALSE
"logistic","outer",4,6,5,1,1,0.692679840605181,0.000154558200041579,0.0000691205283545962,5,5,"none",0,0.488036191988133,FALSE,FALSE
"logistic","outer",4,6,6,0,0.1,0.533309859263681,0.0143041191698428,0.00639699656440529,5,5,"none",0,0.488036191988133,FALSE,FALSE
"logistic","outer",4,6,7,0.25,0.1,0.621069666174558,0.00547733847078881,0.0024495402312917,5,5,"none",0,0.488036191988133,FALSE,FALSE
"logistic","outer",4,6,8,0.5,0.1,0.692679840605181,0.000154558200041559,0.0000691205283545871,5,5,"none",0,0.488036191988133,FALSE,FALSE
"logistic","outer",4,6,9,0.75,0.1,0.692679840605181,0.000154558200041579,0.0000691205283545962,5,5,"none",0,0.488036191988133,FALSE,FALSE
"logistic","outer",4,6,10,1,0.1,0.692679840605181,0.000154558200041579,0.0000691205283545962,5,5,"none",0,0.488036191988133,FALSE,FALSE
"logistic","outer",4,6,11,0,0.01,0.473386839910515,0.0276197975240866,0.0123519489577276,5,5,"none",0,0.488036191988133,TRUE,TRUE
"logistic","outer",4,6,12,0.25,0.01,0.480840313002619,0.0268861112331583,0.0120238344735925,5,5,"none",0,0.488036191988133,TRUE,FALSE
"logistic","outer",4,6,13,0.5,0.01,0.495811701468129,0.0236409695174436,0.0105725629790009,5,5,"none",0,0.488036191988133,FALSE,FALSE
"logistic","outer",4,6,14,0.75,0.01,0.511843774799021,0.0210986633386169,0.009435609091906,5,5,"none",0,0.488036191988133,FALSE,FALSE
"logistic","outer",4,6,15,1,0.01,0.524999328233723,0.0211435939562646,0.00945570267497227,5,5,"none",0,0.488036191988133,FALSE,FALSE
"logistic","outer",4,6,16,0,0.001,0.483365830583996,0.037706079036106,0.0168626711779426,5,5,"none",0,0.488036191988133,TRUE,FALSE
"logistic","outer",4,6,17,0.25,0.001,0.478749483329549,0.0367926415984398,0.0164541695371796,5,5,"none",0,0.488036191988133,TRUE,FALSE
"logistic","outer",4,6,18,0.5,0.001,0.475210397925449,0.0363350129462127,0.0162495117822133,5,5,"none",0,0.488036191988133,TRUE,FALSE
"logistic","outer",4,6,19,0.75,0.001,0.473042304673059,0.0360274451710423,0.0161119632916194,5,5,"none",0,0.488036191988133,TRUE,FALSE
"logistic","outer",4,6,20,1,0.001,0.472166289112075,0.0354861816271855,0.0158699028760582,5,5,"none",0,0.488036191988133,TRUE,FALSE
"continuous","outer",4,7,1,0,1,5.26292815522348,0.576930730989948,0.258011266560434,5,5,"none",0,4.43699753020857,FALSE,FALSE
"continuous","outer",4,7,2,0.25,1,5.38066164691601,0.571686537159483,0.255665991782013,5,5,"none",0,4.43699753020857,FALSE,FALSE
"continuous","outer",4,7,3,0.5,1,5.38066164691601,0.571686537159483,0.255665991782013,5,5,"none",0,4.43699753020857,FALSE,FALSE
"continuous","outer",4,7,4,0.75,1,5.38066164691601,0.571686537159483,0.255665991782013,5,5,"none",0,4.43699753020857,FALSE,FALSE
"continuous","outer",4,7,5,1,1,5.38066164691601,0.571686537159483,0.255665991782013,5,5,"none",0,4.43699753020857,FALSE,FALSE
"continuous","outer",4,7,6,0,0.1,4.72379767207525,0.603704894276272,0.269985036390214,5,5,"none",0,4.43699753020857,FALSE,FALSE
"continuous","outer",4,7,7,0.25,0.1,5.16096387771956,0.590027818433772,0.263868462126764,5,5,"none",0,4.43699753020857,FALSE,FALSE
"continuous","outer",4,7,8,0.5,0.1,5.38066164691601,0.571686537159483,0.255665991782013,5,5,"none",0,4.43699753020857,FALSE,FALSE
"continuous","outer",4,7,9,0.75,0.1,5.38066164691601,0.571686537159483,0.255665991782013,5,5,"none",0,4.43699753020857,FALSE,FALSE
"continuous","outer",4,7,10,1,0.1,5.38066164691601,0.571686537159483,0.255665991782013,5,5,"none",0,4.43699753020857,FALSE,FALSE
"continuous","outer",4,7,11,0,0.01,4.22951328776082,0.557026371502111,0.249109766387754,5,5,"none",0,4.43699753020857,TRUE,TRUE
"continuous","outer",4,7,12,0.25,0.01,4.2716570048833,0.602058458786764,0.269248728055192,5,5,"none",0,4.43699753020857,TRUE,FALSE
"continuous","outer",4,7,13,0.5,0.01,4.33637799828921,0.626551584734849,0.280202386975468,5,5,"none",0,4.43699753020857,TRUE,FALSE
"continuous","outer",4,7,14,0.75,0.01,4.40845322935676,0.646492716904687,0.289120332391482,5,5,"none",0,4.43699753020857,TRUE,FALSE
"continuous","outer",4,7,15,1,0.01,4.47187802688872,0.658070736483135,0.294298180155928,5,5,"none",0,4.43699753020857,FALSE,FALSE
"continuous","outer",4,7,16,0,0.001,4.2154564016235,0.517749734306028,0.231544720248147,5,5,"none",0,4.43699753020857,TRUE,FALSE
"continuous","outer",4,7,17,0.25,0.001,4.20709712709364,0.520166893253313,0.232625706591857,5,5,"none",0,4.43699753020857,TRUE,FALSE
"continuous","outer",4,7,18,0.5,0.001,4.20310596536694,0.522997438349681,0.233891564841628,5,5,"none",0,4.43699753020857,TRUE,FALSE
"continuous","outer",4,7,19,0.75,0.001,,,,2,2,"kkt_not_met",3,4.43699753020857,FALSE,FALSE
"continuous","outer",4,7,20,1,0.001,4.20812578592087,0.535831411177749,0.239631091974617,5,5,"none",0,4.43699753020857,TRUE,FALSE
"logistic","outer",4,7,1,0,1,0.646894363109014,0.00637578487484614,0.00285133767801419,5,5,"none",0,0.508743913950231,FALSE,FALSE
"logistic","outer",4,7,2,0.25,1,0.692679840605181,0.000154558200041579,0.0000691205283545962,5,5,"none",0,0.508743913950231,FALSE,FALSE
"logistic","outer",4,7,3,0.5,1,0.692679840605181,0.000154558200041579,0.0000691205283545962,5,5,"none",0,0.508743913950231,FALSE,FALSE
"logistic","outer",4,7,4,0.75,1,0.692679840605181,0.000154558200041579,0.0000691205283545962,5,5,"none",0,0.508743913950231,FALSE,FALSE
"logistic","outer",4,7,5,1,1,0.692679840605181,0.000154558200041579,0.0000691205283545962,5,5,"none",0,0.508743913950231,FALSE,FALSE
"logistic","outer",4,7,6,0,0.1,0.536298180618991,0.0232783852329558,0.0104104103574633,5,5,"none",0,0.508743913950231,FALSE,FALSE
"logistic","outer",4,7,7,0.25,0.1,0.621826937910721,0.00947387054147448,0.00423684370815394,5,5,"none",0,0.508743913950231,FALSE,FALSE
"logistic","outer",4,7,8,0.5,0.1,0.692679840605181,0.000154558200041559,0.0000691205283545871,5,5,"none",0,0.508743913950231,FALSE,FALSE
"logistic","outer",4,7,9,0.75,0.1,0.692679840605181,0.000154558200041579,0.0000691205283545962,5,5,"none",0,0.508743913950231,FALSE,FALSE
"logistic","outer",4,7,10,1,0.1,0.692679840605181,0.000154558200041579,0.0000691205283545962,5,5,"none",0,0.508743913950231,FALSE,FALSE
"logistic","outer",4,7,11,0,0.01,0.482241486189282,0.0461417313669893,0.0206352095872245,5,5,"none",0,0.508743913950231,TRUE,TRUE
"logistic","outer",4,7,12,0.25,0.01,0.492136460829487,0.039073613501769,0.0174742511833018,5,5,"none",0,0.508743913950231,TRUE,FALSE
"logistic","outer",4,7,13,0.5,0.01,0.508844924173334,0.0341224168541697,0.0152600087285016,5,5,"none",0,0.508743913950231,FALSE,FALSE
"logistic","outer",4,7,14,0.75,0.01,0.523950406367989,0.0299402335770013,0.0133896795080793,5,5,"none",0,0.508743913950231,FALSE,FALSE
"logistic","outer",4,7,15,1,0.01,0.527861299807457,0.0282849275209746,0.0126494041351108,5,5,"none",0,0.508743913950231,FALSE,FALSE
"logistic","outer",4,7,16,0,0.001,0.492035021124325,0.0683473676560603,0.0305658720324242,5,5,"none",0,0.508743913950231,TRUE,FALSE
"logistic","outer",4,7,17,0.25,0.001,0.488382720718247,0.0656844423786962,0.0293749756445865,5,5,"none",0,0.508743913950231,TRUE,FALSE
"logistic","outer",4,7,18,0.5,0.001,0.485807347403519,0.0635999673805992,0.0284427700859578,5,5,"none",0,0.508743913950231,TRUE,FALSE
"logistic","outer",4,7,19,0.75,0.001,0.483700412656237,0.0617459524968602,0.0276136294236905,5,5,"none",0,0.508743913950231,TRUE,FALSE
"logistic","outer",4,7,20,1,0.001,0.482218840266762,0.0593118678644273,0.026525073683469,5,5,"none",0,0.508743913950231,TRUE,FALSE
"continuous","outer",4,8,1,0,1,5.17505385700625,0.111511415429671,0.0498694210335925,5,5,"none",0,4.24313701762948,FALSE,FALSE
"continuous","outer",4,8,2,0.25,1,5.29498128030489,0.114445269241279,0.0511814803453531,5,5,"none",0,4.24313701762948,FALSE,FALSE
"continuous","outer",4,8,3,0.5,1,5.29498128030489,0.114445269241279,0.0511814803453531,5,5,"none",0,4.24313701762948,FALSE,FALSE
"continuous","outer",4,8,4,0.75,1,5.29498128030489,0.114445269241279,0.0511814803453531,5,5,"none",0,4.24313701762948,FALSE,FALSE
"continuous","outer",4,8,5,1,1,5.29498128030489,0.114445269241279,0.0511814803453531,5,5,"none",0,4.24313701762948,FALSE,FALSE
"continuous","outer",4,8,6,0,0.1,4.64989032084773,0.0995602458613281,0.0445246955205044,5,5,"none",0,4.24313701762948,FALSE,FALSE
"continuous","outer",4,8,7,0.25,0.1,5.07661325972432,0.109705882446483,0.0490619621363872,5,5,"none",0,4.24313701762948,FALSE,FALSE
"continuous","outer",4,8,8,0.5,0.1,5.29498128030489,0.114445269241279,0.0511814803453531,5,5,"none",0,4.24313701762948,FALSE,FALSE
"continuous","outer",4,8,9,0.75,0.1,5.29498128030489,0.114445269241279,0.0511814803453531,5,5,"none",0,4.24313701762948,FALSE,FALSE
"continuous","outer",4,8,10,1,0.1,5.29498128030489,0.114445269241279,0.0511814803453531,5,5,"none",0,4.24313701762948,FALSE,FALSE
"continuous","outer",4,8,11,0,0.01,4.18613545535285,0.126066761660705,0.05637876975532,5,5,"none",0,4.24313701762948,TRUE,TRUE
"continuous","outer",4,8,12,0.25,0.01,4.24140117432805,0.10795189252408,0.0482775539967188,5,5,"none",0,4.24313701762948,TRUE,FALSE
"continuous","outer",4,8,13,0.5,0.01,4.30522308000382,0.132284149353104,0.059159270059855,5,5,"none",0,4.24313701762948,FALSE,FALSE
"continuous","outer",4,8,14,0.75,0.01,4.3780569102212,0.153274876828739,0.0685466087663937,5,5,"none",0,4.24313701762948,FALSE,FALSE
"continuous","outer",4,8,15,1,0.01,4.43916612408266,0.173346035123124,0.0775227036330744,5,5,"none",0,4.24313701762948,FALSE,FALSE
"continuous","outer",4,8,16,0,0.001,4.15131479717836,0.232258309570534,0.103869073707781,5,5,"none",0,4.24313701762948,TRUE,FALSE
"continuous","outer",4,8,17,0.25,0.001,4.14799293158994,0.225153608912138,0.100691754981389,5,5,"none",0,4.24313701762948,TRUE,FALSE
"continuous","outer",4,8,18,0.5,0.001,4.14698717111906,0.214997592823482,0.0961498465104253,5,5,"none",0,4.24313701762948,TRUE,FALSE
"continuous","outer",4,8,19,0.75,0.001,,,,3,3,"kkt_not_met",2,4.24313701762948,FALSE,FALSE
"continuous","outer",4,8,20,1,0.001,4.14915579122399,0.193408010560876,0.0864946918014231,5,5,"none",0,4.24313701762948,TRUE,FALSE
"logistic","outer",4,8,1,0,1,0.645306807957858,0.00367819459912382,0.00164493863162269,5,5,"none",0,0.494324017207786,FALSE,FALSE
"logistic","outer",4,8,2,0.25,1,0.692624627826332,0.000165106917391479,0.0000738380581685581,5,5,"none",0,0.494324017207786,FALSE,FALSE
"logistic","outer",4,8,3,0.5,1,0.692624627826332,0.000165106917391479,0.0000738380581685581,5,5,"none",0,0.494324017207786,FALSE,FALSE
"logistic","outer",4,8,4,0.75,1,0.692624627826332,0.000165106917391479,0.0000738380581685581,5,5,"none",0,0.494324017207786,FALSE,FALSE
"logistic","outer",4,8,5,1,1,0.692624627826332,0.000165106917391479,0.0000738380581685581,5,5,"none",0,0.494324017207786,FALSE,FALSE
"logistic","outer",4,8,6,0,0.1,0.531980954287691,0.0141492078995996,0.00632771813825635,5,5,"none",0,0.494324017207786,FALSE,FALSE
"logistic","outer",4,8,7,0.25,0.1,0.622646308142253,0.00745389594805489,0.0033334836074122,5,5,"none",0,0.494324017207786,FALSE,FALSE
"logistic","outer",4,8,8,0.5,0.1,0.692624627826332,0.000165106917391479,0.0000738380581685581,5,5,"none",0,0.494324017207786,FALSE,FALSE
"logistic","outer",4,8,9,0.75,0.1,0.692624627826332,0.000165106917391479,0.0000738380581685581,5,5,"none",0,0.494324017207786,FALSE,FALSE
"logistic","outer",4,8,10,1,0.1,0.692624627826332,0.000165106917391479,0.0000738380581685581,5,5,"none",0,0.494324017207786,FALSE,FALSE
"logistic","outer",4,8,11,0,0.01,0.469326461609362,0.0359684183474424,0.0160855656936064,5,5,"none",0,0.494324017207786,TRUE,TRUE
"logistic","outer",4,8,12,0.25,0.01,0.484891350363595,0.0313394653352073,0.0140154349736044,5,5,"none",0,0.494324017207786,TRUE,FALSE
"logistic","outer",4,8,13,0.5,0.01,0.506089343915854,0.0298415201605979,0.0133455335262055,5,5,"none",0,0.494324017207786,FALSE,FALSE
"logistic","outer",4,8,14,0.75,0.01,0.520628925441663,0.0276590287138327,0.0123694936791497,5,5,"none",0,0.494324017207786,FALSE,FALSE
"logistic","outer",4,8,15,1,0.01,0.529761222247394,0.0259748565154835,0.0116163089748849,5,5,"none",0,0.494324017207786,FALSE,FALSE
"logistic","outer",4,8,16,0,0.001,0.478671507899626,0.0644979089029474,0.0288443417427158,5,5,"none",0,0.494324017207786,TRUE,FALSE
"logistic","outer",4,8,17,0.25,0.001,0.474270702468959,0.060567218229294,0.0270864834337532,5,5,"none",0,0.494324017207786,TRUE,FALSE
"logistic","outer",4,8,18,0.5,0.001,0.471092391481311,0.0581064926747758,0.0259860135109785,5,5,"none",0,0.494324017207786,TRUE,FALSE
"logistic","outer",4,8,19,0.75,0.001,0.468989518380908,0.0566496615527865,0.0253344988268774,5,5,"none",0,0.494324017207786,TRUE,FALSE
"logistic","outer",4,8,20,1,0.001,0.469202583992784,0.0548872863803872,0.0245463406894089,5,5,"none",0,0.494324017207786,TRUE,FALSE
"continuous","outer",4,9,1,0,1,5.17222285159308,0.190488227602972,0.0851889251667396,5,5,"none",0,4.25087558506722,FALSE,FALSE
"continuous","outer",4,9,2,0.25,1,5.29357877533411,0.205448945881587,0.091879561779381,5,5,"none",0,4.25087558506722,FALSE,FALSE
"continuous","outer",4,9,3,0.5,1,5.29357877533411,0.205448945881587,0.091879561779381,5,5,"none",0,4.25087558506722,FALSE,FALSE
"continuous","outer",4,9,4,0.75,1,5.29357877533411,0.205448945881587,0.091879561779381,5,5,"none",0,4.25087558506722,FALSE,FALSE
"continuous","outer",4,9,5,1,1,5.29357877533411,0.205448945881587,0.091879561779381,5,5,"none",0,4.25087558506722,FALSE,FALSE
"continuous","outer",4,9,6,0,0.1,4.61672605727587,0.175098440617231,0.0783064031948678,5,5,"none",0,4.25087558506722,FALSE,FALSE
"continuous","outer",4,9,7,0.25,0.1,5.07220469040754,0.182952965712184,0.0818190536035265,5,5,"none",0,4.25087558506722,FALSE,FALSE
"continuous","outer",4,9,8,0.5,0.1,5.29357877533411,0.205448945881587,0.091879561779381,5,5,"none",0,4.25087558506722,FALSE,FALSE
"continuous","outer",4,9,9,0.75,0.1,5.29357877533411,0.205448945881587,0.091879561779381,5,5,"none",0,4.25087558506722,FALSE,FALSE
"continuous","outer",4,9,10,1,0.1,5.29357877533411,0.205448945881587,0.091879561779381,5,5,"none",0,4.25087558506722,FALSE,FALSE
"continuous","outer",4,9,11,0,0.01,4.10913098255579,0.314038545629318,0.140442307116465,5,5,"none",0,4.25087558506722,TRUE,TRUE
"continuous","outer",4,9,12,0.25,0.01,4.1364338644551,0.283028262838728,0.126574087052215,5,5,"none",0,4.25087558506722,TRUE,FALSE
"continuous","outer",4,9,13,0.5,0.01,4.1952323465951,0.255191256684418,0.114124999441991,5,5,"none",0,4.25087558506722,TRUE,FALSE
"continuous","outer",4,9,14,0.75,0.01,4.2537380455691,0.228155135292755,0.102034078386052,5,5,"none",0,4.25087558506722,FALSE,FALSE
"continuous","outer",4,9,15,1,0.01,4.31342811397465,0.213993135780953,0.0957006396649107,5,5,"none",0,4.25087558506722,FALSE,FALSE
"continuous","outer",4,9,16,0,0.001,4.08886137932022,0.395682332503768,0.17695451859482,5,5,"none",0,4.25087558506722,TRUE,FALSE
"continuous","outer",4,9,17,0.25,0.001,4.08357363460486,0.392313535548485,0.175447946795939,5,5,"none",0,4.25087558506722,TRUE,FALSE
"continuous","outer",4,9,18,0.5,0.001,4.07920431287965,0.389229939265755,0.174068920615269,5,5,"none",0,4.25087558506722,TRUE,FALSE
"continuous","outer",4,9,19,0.75,0.001,,,,4,4,"kkt_not_met",1,4.25087558506722,FALSE,FALSE
"continuous","outer",4,9,20,1,0.001,4.0781734508134,0.386173712050832,0.172702134253818,5,5,"none",0,4.25087558506722,TRUE,FALSE
"logistic","outer",4,9,1,0,1,0.646336521080222,0.00774595737469509,0.00346409744812681,5,5,"none",0,0.497067300897986,FALSE,FALSE
"logistic","outer",4,9,2,0.25,1,0.692683447702587,0.000148862115084387,0.0000665731617206172,5,5,"none",0,0.497067300897986,FALSE,FALSE
"logistic","outer",4,9,3,0.5,1,0.692683447702587,0.000148862115084387,0.0000665731617206172,5,5,"none",0,0.497067300897986,FALSE,FALSE
"logistic","outer",4,9,4,0.75,1,0.692683447702587,0.000148862115084387,0.0000665731617206172,5,5,"none",0,0.497067300897986,FALSE,FALSE
"logistic","outer",4,9,5,1,1,0.692683447702587,0.000148862115084387,0.0000665731617206172,5,5,"none",0,0.497067300897986,FALSE,FALSE
"logistic","outer",4,9,6,0,0.1,0.534627328859479,0.0233110189120372,0.0104250045824197,5,5,"none",0,0.497067300897986,FALSE,FALSE
"logistic","outer",4,9,7,0.25,0.1,0.621119434125845,0.00979181729220135,0.00437903381772403,5,5,"none",0,0.497067300897986,FALSE,FALSE
"logistic","outer",4,9,8,0.5,0.1,0.692683447702587,0.000148862115084326,0.00006657316172059,5,5,"none",0,0.497067300897986,FALSE,FALSE
"logistic","outer",4,9,9,0.75,0.1,0.692683447702587,0.000148862115084326,0.00006657316172059,5,5,"none",0,0.497067300897986,FALSE,FALSE
"logistic","outer",4,9,10,1,0.1,0.692683447702587,0.000148862115084326,0.00006657316172059,5,5,"none",0,0.497067300897986,FALSE,FALSE
"logistic","outer",4,9,11,0,0.01,0.481546639393247,0.03470525418036,0.0155206615047387,5,5,"none",0,0.497067300897986,TRUE,TRUE
"logistic","outer",4,9,12,0.25,0.01,0.490042407081001,0.0293543514332402,0.0131276650480287,5,5,"none",0,0.497067300897986,TRUE,FALSE
"logistic","outer",4,9,13,0.5,0.01,0.506399720620044,0.0310552746602406,0.0138883410400449,5,5,"none",0,0.497067300897986,FALSE,FALSE
"logistic","outer",4,9,14,0.75,0.01,0.520400621248512,0.0307242289519561,0.0137402928985682,5,5,"none",0,0.497067300897986,FALSE,FALSE
"logistic","outer",4,9,15,1,0.01,0.52696053208501,0.0293558079920828,0.0131283164409458,5,5,"none",0,0.497067300897986,FALSE,FALSE
"logistic","outer",4,9,16,0,0.001,0.498476023033255,0.0418068648307029,0.0186965983375194,5,5,"none",0,0.497067300897986,FALSE,FALSE
"logistic","outer",4,9,17,0.25,0.001,0.494228110542214,0.0391562917466214,0.0175112260184519,5,5,"none",0,0.497067300897986,TRUE,FALSE
"logistic","outer",4,9,18,0.5,0.001,0.489797431324611,0.0375372600380014,0.0167871730268115,5,5,"none",0,0.497067300897986,TRUE,FALSE
"logistic","outer",4,9,19,0.75,0.001,0.48670184196944,0.034862435919264,0.015590955315341,5,5,"none",0,0.497067300897986,TRUE,FALSE
"logistic","outer",4,9,20,1,0.001,0.48394006965954,0.033264731860346,0.0148764403386073,5,5,"none",0,0.497067300897986,TRUE,FALSE
"continuous","outer",4,10,1,0,1,5.27261432383268,0.184518080421159,0.0825189941798969,5,5,"none",0,4.2295980717946,FALSE,FALSE
"continuous","outer",4,10,2,0.25,1,5.395801991789,0.167782512973081,0.07503462088871,5,5,"none",0,4.2295980717946,FALSE,FALSE
"continuous","outer",4,10,3,0.5,1,5.395801991789,0.167782512973081,0.07503462088871,5,5,"none",0,4.2295980717946,FALSE,FALSE
"continuous","outer",4,10,4,0.75,1,5.395801991789,0.167782512973081,0.07503462088871,5,5,"none",0,4.2295980717946,FALSE,FALSE
"continuous","outer",4,10,5,1,1,5.395801991789,0.167782512973081,0.07503462088871,5,5,"none",0,4.2295980717946,FALSE,FALSE
"continuous","outer",4,10,6,0,0.1,4.70234768255615,0.25363907412405,0.113430842298297,5,5,"none",0,4.2295980717946,FALSE,FALSE
"continuous","outer",4,10,7,0.25,0.1,5.17418498715475,0.207514180595521,0.0928031628213506,5,5,"none",0,4.2295980717946,FALSE,FALSE
"continuous","outer",4,10,8,0.5,0.1,5.395801991789,0.167782512973081,0.0750346208887099,5,5,"none",0,4.2295980717946,FALSE,FALSE
"continuous","outer",4,10,9,0.75,0.1,5.395801991789,0.167782512973081,0.0750346208887099,5,5,"none",0,4.2295980717946,FALSE,FALSE
"continuous","outer",4,10,10,1,0.1,5.395801991789,0.167782512973081,0.0750346208887099,5,5,"none",0,4.2295980717946,FALSE,FALSE
"continuous","outer",4,10,11,0,0.01,4.14803354767522,0.277143355108625,0.12394227630705,5,5,"none",0,4.2295980717946,TRUE,TRUE
"continuous","outer",4,10,12,0.25,0.01,4.20147285009195,0.292429859551573,0.130778608921607,5,5,"none",0,4.2295980717946,TRUE,FALSE
"continuous","outer",4,10,13,0.5,0.01,4.27322216122448,0.311529103069096,0.139320050286408,5,5,"none",0,4.2295980717946,FALSE,FALSE
"continuous","outer",4,10,14,0.75,0.01,4.33331495923205,0.339215815983454,0.151701924716412,5,5,"none",0,4.2295980717946,FALSE,FALSE
"continuous","outer",4,10,15,1,0.01,4.41305146930961,0.347241117064083,0.15529094846765,5,5,"none",0,4.2295980717946,FALSE,FALSE
"continuous","outer",4,10,16,0,0.001,4.10516948450611,0.311216430683013,0.139180218944413,5,5,"none",0,4.2295980717946,TRUE,FALSE
"continuous","outer",4,10,17,0.25,0.001,4.10040551501589,0.30988598561867,0.138585225823574,5,5,"none",0,4.2295980717946,TRUE,FALSE
"continuous","outer",4,10,18,0.5,0.001,4.0970144823424,0.310757234165607,0.138974860018823,5,5,"none",0,4.2295980717946,TRUE,FALSE
"continuous","outer",4,10,19,0.75,0.001,,,,3,3,"kkt_not_met",2,4.2295980717946,FALSE,FALSE
"continuous","outer",4,10,20,1,0.001,4.08948850266487,0.313294520872271,0.140109569129725,5,5,"none",0,4.2295980717946,TRUE,FALSE
"logistic","outer",4,10,1,0,1,0.644080348577821,0.00887227884498706,0.00396780372254488,5,5,"none",0,0.480994140315659,FALSE,FALSE
"logistic","outer",4,10,2,0.25,1,0.692683447702587,0.000148862115084355,0.0000665731617206029,5,5,"none",0,0.480994140315659,FALSE,FALSE
"logistic","outer",4,10,3,0.5,1,0.692683447702587,0.000148862115084355,0.0000665731617206029,5,5,"none",0,0.480994140315659,FALSE,FALSE
"logistic","outer",4,10,4,0.75,1,0.692683447702587,0.000148862115084355,0.0000665731617206029,5,5,"none",0,0.480994140315659,FALSE,FALSE
"logistic","outer",4,10,5,1,1,0.692683447702587,0.000148862115084355,0.0000665731617206029,5,5,"none",0,0.480994140315659,FALSE,FALSE
"logistic","outer",4,10,6,0,0.1,0.524653636200419,0.0291513628384898,0.0130368857887249,5,5,"none",0,0.480994140315659,FALSE,FALSE
"logistic","outer",4,10,7,0.25,0.1,0.619328041840235,0.015613513143002,0.00698257535106775,5,5,"none",0,0.480994140315659,FALSE,FALSE
"logistic","outer",4,10,8,0.5,0.1,0.692683447702587,0.000148862115084387,0.0000665731617206172,5,5,"none",0,0.480994140315659,FALSE,FALSE
"logistic","outer",4,10,9,0.75,0.1,0.692683447702587,0.000148862115084387,0.0000665731617206172,5,5,"none",0,0.480994140315659,FALSE,FALSE
"logistic","outer",4,10,10,1,0.1,0.692683447702587,0.000148862115084387,0.0000665731617206172,5,5,"none",0,0.480994140315659,FALSE,FALSE
"logistic","outer",4,10,11,0,0.01,0.459575448517166,0.0482040707244569,0.0215575157864186,5,5,"none",0,0.480994140315659,TRUE,TRUE
"logistic","outer",4,10,12,0.25,0.01,0.472968951090109,0.0440684792395236,0.0197080230489226,5,5,"none",0,0.480994140315659,TRUE,FALSE
"logistic","outer",4,10,13,0.5,0.01,0.492618409308923,0.040694309235499,0.0181990483495946,5,5,"none",0,0.480994140315659,FALSE,FALSE
"logistic","outer",4,10,14,0.75,0.01,0.512304225151192,0.0403716483487322,0.0180547500142965,5,5,"none",0,0.480994140315659,FALSE,FALSE
"logistic","outer",4,10,15,1,0.01,0.521153827410611,0.0415092287975296,0.0185634914569736,5,5,"none",0,0.480994140315659,FALSE,FALSE
"logistic","outer",4,10,16,0,0.001,0.46275394202758,0.0629486624493329,0.0281514976658793,5,5,"none",0,0.480994140315659,TRUE,FALSE
"logistic","outer",4,10,17,0.25,0.001,0.459969830924968,0.0617862543019493,0.0276316529388495,5,5,"none",0,0.480994140315659,TRUE,FALSE
"logistic","outer",4,10,18,0.5,0.001,0.45787884720851,0.0617844996004871,0.0276308682124995,5,5,"none",0,0.480994140315659,TRUE,FALSE
"logistic","outer",4,10,19,0.75,0.001,0.455239181248773,0.0611830540483094,0.0273618935846127,5,5,"none",0,0.480994140315659,TRUE,FALSE
"logistic","outer",4,10,20,1,0.001,0.454204295382384,0.0599039143774819,0.0267898449332753,5,5,"none",0,0.480994140315659,TRUE,FALSE
"continuous","outer",5,1,1,0,1,5.22288878799486,0.371284882565692,0.166043647286983,5,5,"none",0,4.29209511484018,FALSE,FALSE
"continuous","outer",5,1,2,0.25,1,5.34324488678707,0.386996779110675,0.173070221032988,5,5,"none",0,4.29209511484018,FALSE,FALSE
"continuous","outer",5,1,3,0.5,1,5.34324488678707,0.386996779110675,0.173070221032988,5,5,"none",0,4.29209511484018,FALSE,FALSE
"continuous","outer",5,1,4,0.75,1,5.34324488678707,0.386996779110675,0.173070221032988,5,5,"none",0,4.29209511484018,FALSE,FALSE
"continuous","outer",5,1,5,1,1,5.34324488678707,0.386996779110675,0.173070221032988,5,5,"none",0,4.29209511484018,FALSE,FALSE
"continuous","outer",5,1,6,0,0.1,4.68056758336819,0.308265852706611,0.137860680358784,5,5,"none",0,4.29209511484018,FALSE,FALSE
"continuous","outer",5,1,7,0.25,0.1,5.12971063242363,0.363040288659883,0.162356552802929,5,5,"none",0,4.29209511484018,FALSE,FALSE
"continuous","outer",5,1,8,0.5,0.1,5.34324488678707,0.386996779110675,0.173070221032988,5,5,"none",0,4.29209511484018,FALSE,FALSE
"continuous","outer",5,1,9,0.75,0.1,5.34324488678707,0.386996779110675,0.173070221032988,5,5,"none",0,4.29209511484018,FALSE,FALSE
"continuous","outer",5,1,10,1,0.1,5.34324488678707,0.386996779110675,0.173070221032988,5,5,"none",0,4.29209511484018,FALSE,FALSE
"continuous","outer",5,1,11,0,0.01,4.19855846964848,0.282819590508688,0.126480765949216,5,5,"none",0,4.29209511484018,TRUE,TRUE
"continuous","outer",5,1,12,0.25,0.01,4.23443270936738,0.2926250902432,0.130865918741161,5,5,"none",0,4.29209511484018,TRUE,FALSE
"continuous","outer",5,1,13,0.5,0.01,4.29716070315934,0.301234339323344,0.134716091976847,5,5,"none",0,4.29209511484018,FALSE,FALSE
"continuous","outer",5,1,14,0.75,0.01,4.35933168655186,0.301614356706123,0.134886040916952,5,5,"none",0,4.29209511484018,FALSE,FALSE
"continuous","outer",5,1,15,1,0.01,4.42850372068165,0.298862505491655,0.133655375641049,5,5,"none",0,4.29209511484018,FALSE,FALSE
"continuous","outer",5,1,16,0,0.001,4.18336318116988,0.312875226299258,0.139922054896154,5,5,"none",0,4.29209511484018,TRUE,FALSE
"continuous","outer",5,1,17,0.25,0.001,4.1762914577168,0.313090552847456,0.14001835185598,5,5,"none",0,4.29209511484018,TRUE,FALSE
"continuous","outer",5,1,18,0.5,0.001,4.16649734188264,0.310098410922228,0.138680225307353,5,5,"none",0,4.29209511484018,TRUE,FALSE
"continuous","outer",5,1,19,0.75,0.001,,,,4,4,"kkt_not_met",1,4.29209511484018,FALSE,FALSE
"continuous","outer",5,1,20,1,0.001,4.15457218351989,0.307510622897205,0.137522931320291,5,5,"none",0,4.29209511484018,TRUE,FALSE
"logistic","outer",5,1,1,0,1,0.646538585187876,0.00547383684342751,0.00244797425592936,5,5,"none",0,0.502157029749499,FALSE,FALSE
"logistic","outer",5,1,2,0.25,1,0.692679840605181,0.000154558200041579,0.0000691205283545962,5,5,"none",0,0.502157029749499,FALSE,FALSE
"logistic","outer",5,1,3,0.5,1,0.692679840605181,0.000154558200041579,0.0000691205283545962,5,5,"none",0,0.502157029749499,FALSE,FALSE
"logistic","outer",5,1,4,0.75,1,0.692679840605181,0.000154558200041579,0.0000691205283545962,5,5,"none",0,0.502157029749499,FALSE,FALSE
"logistic","outer",5,1,5,1,1,0.692679840605181,0.000154558200041579,0.0000691205283545962,5,5,"none",0,0.502157029749499,FALSE,FALSE
"logistic","outer",5,1,6,0,0.1,0.536415974498092,0.0213352268509869,0.00954140351083708,5,5,"none",0,0.502157029749499,FALSE,FALSE
"logistic","outer",5,1,7,0.25,0.1,0.622326523401549,0.00784877292951235,0.00351007796206996,5,5,"none",0,0.502157029749499,FALSE,FALSE
"logistic","outer",5,1,8,0.5,0.1,0.692679840605181,0.000154558200041579,0.0000691205283545962,5,5,"none",0,0.502157029749499,FALSE,FALSE
"logistic","outer",5,1,9,0.75,0.1,0.692679840605181,0.000154558200041579,0.0000691205283545962,5,5,"none",0,0.502157029749499,FALSE,FALSE
"logistic","outer",5,1,10,1,0.1,0.692679840605181,0.000154558200041579,0.0000691205283545962,5,5,"none",0,0.502157029749499,FALSE,FALSE
"logistic","outer",5,1,11,0,0.01,0.480689760538394,0.0469547747291123,0.0209988136324969,5,5,"none",0,0.502157029749499,TRUE,TRUE
"logistic","outer",5,1,12,0.25,0.01,0.490481362512951,0.0381675839553359,0.0170690624522123,5,5,"none",0,0.502157029749499,TRUE,FALSE
"logistic","outer",5,1,13,0.5,0.01,0.504601201331854,0.0341383956190232,0.0152671546493834,5,5,"none",0,0.502157029749499,FALSE,FALSE
"logistic","outer",5,1,14,0.75,0.01,0.519064797451458,0.0293471994185392,0.0131244665698192,5,5,"none",0,0.502157029749499,FALSE,FALSE
"logistic","outer",5,1,15,1,0.01,0.52892492354426,0.0268785652106901,0.0120204597897528,5,5,"none",0,0.502157029749499,FALSE,FALSE
"logistic","outer",5,1,16,0,0.001,0.488381934288842,0.0641777168988429,0.0287011475253099,5,5,"none",0,0.502157029749499,TRUE,FALSE
"logistic","outer",5,1,17,0.25,0.001,0.48489607853966,0.0616265904169029,0.0275602490787464,5,5,"none",0,0.502157029749499,TRUE,FALSE
"logistic","outer",5,1,18,0.5,0.001,0.481690318554459,0.0589007716366683,0.0263412258613564,5,5,"none",0,0.502157029749499,TRUE,FALSE
"logistic","outer",5,1,19,0.75,0.001,0.479001444634459,0.0560561719969286,0.0250690822287105,5,5,"none",0,0.502157029749499,TRUE,FALSE
"logistic","outer",5,1,20,1,0.001,0.477534064625626,0.0550586238245879,0.0246229651238736,5,5,"none",0,0.502157029749499,TRUE,FALSE
"continuous","outer",5,2,1,0,1,5.217444243611,0.414234186516745,0.185251159931154,5,5,"none",0,4.20796969391666,FALSE,FALSE
"continuous","outer",5,2,2,0.25,1,5.33609597153204,0.434153248420441,0.194159235224092,5,5,"none",0,4.20796969391666,FALSE,FALSE
"continuous","outer",5,2,3,0.5,1,5.33609597153204,0.434153248420441,0.194159235224092,5,5,"none",0,4.20796969391666,FALSE,FALSE
"continuous","outer",5,2,4,0.75,1,5.33609597153204,0.434153248420441,0.194159235224092,5,5,"none",0,4.20796969391666,FALSE,FALSE
"continuous","outer",5,2,5,1,1,5.33609597153204,0.434153248420441,0.194159235224092,5,5,"none",0,4.20796969391666,FALSE,FALSE
"continuous","outer",5,2,6,0,0.1,4.67624019175212,0.322397089656554,0.14418036164403,5,5,"none",0,4.20796969391666,FALSE,FALSE
"continuous","outer",5,2,7,0.25,0.1,5.11398103177609,0.411150335720394,0.183872019928532,5,5,"none",0,4.20796969391666,FALSE,FALSE
"continuous","outer",5,2,8,0.5,0.1,5.33609597153204,0.434153248420441,0.194159235224092,5,5,"none",0,4.20796969391666,FALSE,FALSE
"continuous","outer",5,2,9,0.75,0.1,5.33609597153204,0.434153248420441,0.194159235224092,5,5,"none",0,4.20796969391666,FALSE,FALSE
"continuous","outer",5,2,10,1,0.1,5.33609597153204,0.434153248420441,0.194159235224092,5,5,"none",0,4.20796969391666,FALSE,FALSE
"continuous","outer",5,2,11,0,0.01,4.16078797460546,0.242640253037025,0.108512019973708,5,5,"none",0,4.20796969391666,TRUE,TRUE
"continuous","outer",5,2,12,0.25,0.01,4.21687798363417,0.250168990564563,0.111878973752973,5,5,"none",0,4.20796969391666,FALSE,FALSE
"continuous","outer",5,2,13,0.5,0.01,4.30754784329427,0.258068265165964,0.115411636749307,5,5,"none",0,4.20796969391666,FALSE,FALSE
"continuous","outer",5,2,14,0.75,0.01,4.39402738796236,0.272689444070638,0.121950426737715,5,5,"none",0,4.20796969391666,FALSE,FALSE
"continuous","outer",5,2,15,1,0.01,4.47046584185593,0.291627025907566,0.130419570801082,5,5,"none",0,4.20796969391666,FALSE,FALSE
"continuous","outer",5,2,16,0,0.001,4.11815758613139,0.25771403139159,0.115253218589422,5,5,"none",0,4.20796969391666,TRUE,FALSE
"continuous","outer",5,2,17,0.25,0.001,4.11217823093324,0.255566321734944,0.114292733631783,5,5,"none",0,4.20796969391666,TRUE,FALSE
"continuous","outer",5,2,18,0.5,0.001,4.10188486801174,0.253641832389069,0.113432075831913,5,5,"none",0,4.20796969391666,TRUE,FALSE
"continuous","outer",5,2,19,0.75,0.001,,,,1,1,"kkt_not_met",4,4.20796969391666,FALSE,FALSE
"continuous","outer",5,2,20,1,0.001,4.09688346433941,0.248396360698877,0.111086229577249,5,5,"none",0,4.20796969391666,TRUE,FALSE
"logistic","outer",5,2,1,0,1,0.646193068614677,0.00789401659467157,0.00353031154423941,5,5,"none",0,0.474727382266508,FALSE,FALSE
"logistic","outer",5,2,2,0.25,1,0.692679840605181,0.000154558200041579,0.0000691205283545962,5,5,"none",0,0.474727382266508,FALSE,FALSE
"logistic","outer",5,2,3,0.5,1,0.692679840605181,0.000154558200041579,0.0000691205283545962,5,5,"none",0,0.474727382266508,FALSE,FALSE
"logistic","outer",5,2,4,0.75,1,0.692679840605181,0.000154558200041579,0.0000691205283545962,5,5,"none",0,0.474727382266508,FALSE,FALSE
"logistic","outer",5,2,5,1,1,0.692679840605181,0.000154558200041579,0.0000691205283545962,5,5,"none",0,0.474727382266508,FALSE,FALSE
"logistic","outer",5,2,6,0,0.1,0.532101350372422,0.0236823885768433,0.0105910861454772,5,5,"none",0,0.474727382266508,FALSE,FALSE
"logistic","outer",5,2,7,0.25,0.1,0.62070082388769,0.0110912510112629,0.00496015824333943,5,5,"none",0,0.474727382266508,FALSE,FALSE
"logistic","outer",5,2,8,0.5,0.1,0.692679840605181,0.000154558200041559,0.0000691205283545871,5,5,"none",0,0.474727382266508,FALSE,FALSE
"logistic","outer",5,2,9,0.75,0.1,0.692679840605181,0.000154558200041579,0.0000691205283545962,5,5,"none",0,0.474727382266508,FALSE,FALSE
"logistic","outer",5,2,10,1,0.1,0.692679840605181,0.000154558200041579,0.0000691205283545962,5,5,"none",0,0.474727382266508,FALSE,FALSE
"logistic","outer",5,2,11,0,0.01,0.467041248250852,0.0335421795117053,0.0150005187003348,5,5,"none",0,0.474727382266508,TRUE,TRUE
"logistic","outer",5,2,12,0.25,0.01,0.482938399820209,0.0327314974346175,0.0146379706538329,5,5,"none",0,0.474727382266508,FALSE,FALSE
"logistic","outer",5,2,13,0.5,0.01,0.502943917193581,0.0314408763664245,0.0140607873654984,5,5,"none",0,0.474727382266508,FALSE,FALSE
"logistic","outer",5,2,14,0.75,0.01,0.521599998146556,0.0311189080638768,0.013916798763279,5,5,"none",0,0.474727382266508,FALSE,FALSE
"logistic","outer",5,2,15,1,0.01,0.529592804069796,0.0326414312757077,0.014597691843074,5,5,"none",0,0.474727382266508,FALSE,FALSE
"logistic","outer",5,2,16,0,0.001,0.468478059856529,0.038563402449744,0.0172460778642619,5,5,"none",0,0.474727382266508,TRUE,FALSE
"logistic","outer",5,2,17,0.25,0.001,0.46357107535924,0.0381023513972218,0.0170398895653544,5,5,"none",0,0.474727382266508,TRUE,FALSE
"logistic","outer",5,2,18,0.5,0.001,0.460607991748251,0.0368087304659473,0.0164613646974651,5,5,"none",0,0.474727382266508,TRUE,FALSE
"logistic","outer",5,2,19,0.75,0.001,0.459173512604469,0.0355733118008299,0.0159088686742902,5,5,"none",0,0.474727382266508,TRUE,FALSE
"logistic","outer",5,2,20,1,0.001,0.458889748261495,0.0354140262379728,0.0158376340050136,5,5,"none",0,0.474727382266508,TRUE,FALSE
"continuous","outer",5,3,1,0,1,5.21798527998767,0.569549592808046,0.254710321215223,5,5,"none",0,4.29402648951102,FALSE,FALSE
"continuous","outer",5,3,2,0.25,1,5.33756389744616,0.573534512370392,0.256492431420478,5,5,"none",0,4.29402648951102,FALSE,FALSE
"continuous","outer",5,3,3,0.5,1,5.33756389744616,0.573534512370392,0.256492431420478,5,5,"none",0,4.29402648951102,FALSE,FALSE
"continuous","outer",5,3,4,0.75,1,5.33756389744616,0.573534512370392,0.256492431420478,5,5,"none",0,4.29402648951102,FALSE,FALSE
"continuous","outer",5,3,5,1,1,5.33756389744616,0.573534512370392,0.256492431420478,5,5,"none",0,4.29402648951102,FALSE,FALSE
"continuous","outer",5,3,6,0,0.1,4.67028557489653,0.550311795894273,0.246106916887917,5,5,"none",0,4.29402648951102,FALSE,FALSE
"continuous","outer",5,3,7,0.25,0.1,5.11797778750421,0.569071557988812,0.254496537544939,5,5,"none",0,4.29402648951102,FALSE,FALSE
"continuous","outer",5,3,8,0.5,0.1,5.33756389744616,0.573534512370392,0.256492431420478,5,5,"none",0,4.29402648951102,FALSE,FALSE
"continuous","outer",5,3,9,0.75,0.1,5.33756389744616,0.573534512370392,0.256492431420478,5,5,"none",0,4.29402648951102,FALSE,FALSE
"continuous","outer",5,3,10,1,0.1,5.33756389744616,0.573534512370392,0.256492431420478,5,5,"none",0,4.29402648951102,FALSE,FALSE
"continuous","outer",5,3,11,0,0.01,4.16475577715202,0.435332293868653,0.194686520378244,5,5,"none",0,4.29402648951102,TRUE,TRUE
"continuous","outer",5,3,12,0.25,0.01,4.20715033038823,0.473531484227165,0.211769717643662,5,5,"none",0,4.29402648951102,TRUE,FALSE
"continuous","outer",5,3,13,0.5,0.01,4.26989485072616,0.517076734282252,0.231243745487742,5,5,"none",0,4.29402648951102,TRUE,FALSE
"continuous","outer",5,3,14,0.75,0.01,4.34690828105205,0.556192864941572,0.248737010921943,5,5,"none",0,4.29402648951102,FALSE,FALSE
"continuous","outer",5,3,15,1,0.01,4.40176907859221,0.563583637008341,0.252042264671443,5,5,"none",0,4.29402648951102,FALSE,FALSE
"continuous","outer",5,3,16,0,0.001,4.1389886859232,0.368951454457954,0.165000106513081,5,5,"none",0,4.29402648951102,TRUE,FALSE
"continuous","outer",5,3,17,0.25,0.001,4.1325253093786,0.370716362702802,0.165789397474987,5,5,"none",0,4.29402648951102,TRUE,FALSE
"continuous","outer",5,3,18,0.5,0.001,4.12771759449128,0.371799222818703,0.166273667240842,5,5,"none",0,4.29402648951102,TRUE,FALSE
"continuous","outer",5,3,19,0.75,0.001,,,,1,1,"kkt_not_met",4,4.29402648951102,FALSE,FALSE
"continuous","outer",5,3,20,1,0.001,4.12514582930961,0.377628636295379,0.168880660201402,5,5,"none",0,4.29402648951102,TRUE,FALSE
"logistic","outer",5,3,1,0,1,0.646735253534824,0.00687020394599857,0.00307244860850802,5,5,"none",0,0.48120244297688,FALSE,FALSE
"logistic","outer",5,3,2,0.25,1,0.692679840605181,0.000154558200041579,0.0000691205283545962,5,5,"none",0,0.48120244297688,FALSE,FALSE
"logistic","outer",5,3,3,0.5,1,0.692679840605181,0.000154558200041579,0.0000691205283545962,5,5,"none",0,0.48120244297688,FALSE,FALSE
"logistic","outer",5,3,4,0.75,1,0.692679840605181,0.000154558200041579,0.0000691205283545962,5,5,"none",0,0.48120244297688,FALSE,FALSE
"logistic","outer",5,3,5,1,1,0.692679840605181,0.000154558200041579,0.0000691205283545962,5,5,"none",0,0.48120244297688,FALSE,FALSE
"logistic","outer",5,3,6,0,0.1,0.534380526845141,0.0198568085523905,0.00888023474786889,5,5,"none",0,0.48120244297688,FALSE,FALSE
"logistic","outer",5,3,7,0.25,0.1,0.621498780646947,0.0119312191617919,0.00533580342004297,5,5,"none",0,0.48120244297688,FALSE,FALSE
"logistic","outer",5,3,8,0.5,0.1,0.692679840605181,0.000154558200041579,0.0000691205283545962,5,5,"none",0,0.48120244297688,FALSE,FALSE
"logistic","outer",5,3,9,0.75,0.1,0.692679840605181,0.000154558200041579,0.0000691205283545962,5,5,"none",0,0.48120244297688,FALSE,FALSE
"logistic","outer",5,3,10,1,0.1,0.692679840605181,0.000154558200041579,0.0000691205283545962,5,5,"none",0,0.48120244297688,FALSE,FALSE
"logistic","outer",5,3,11,0,0.01,0.473368687446566,0.025052329183288,0.0112037422097068,5,5,"none",0,0.48120244297688,TRUE,TRUE
"logistic","outer",5,3,12,0.25,0.01,0.482671321246076,0.0281894124504547,0.0126066884969991,5,5,"none",0,0.48120244297688,FALSE,FALSE
"logistic","outer",5,3,13,0.5,0.01,0.500364727051531,0.0344419309474025,0.0154028997749491,5,5,"none",0,0.48120244297688,FALSE,FALSE
"logistic","outer",5,3,14,0.75,0.01,0.51666337196165,0.0375514914552427,0.016793537510085,5,5,"none",0,0.48120244297688,FALSE,FALSE
"logistic","outer",5,3,15,1,0.01,0.529099748677644,0.0363140918673945,0.0162401555913333,5,5,"none",0,0.48120244297688,FALSE,FALSE
"logistic","outer",5,3,16,0,0.001,0.477502695924771,0.0287810233856131,0.0128712649504484,5,5,"none",0,0.48120244297688,TRUE,FALSE
"logistic","outer",5,3,17,0.25,0.001,0.474656925485256,0.028986108479664,0.0129629817927424,5,5,"none",0,0.48120244297688,TRUE,FALSE
"logistic","outer",5,3,18,0.5,0.001,0.472164194263856,0.0292189735984883,0.0130671222397983,5,5,"none",0,0.48120244297688,TRUE,FALSE
"logistic","outer",5,3,19,0.75,0.001,0.469743600305728,0.0293924852770735,0.0131447190214396,5,5,"none",0,0.48120244297688,TRUE,FALSE
"logistic","outer",5,3,20,1,0.001,0.468012662090931,0.0294932466693097,0.0131897808859492,5,5,"none",0,0.48120244297688,TRUE,FALSE
"continuous","outer",5,4,1,0,1,5.29300590428457,0.228502930304779,0.102189617043877,5,5,"none",0,4.3524921628033,FALSE,FALSE
"continuous","outer",5,4,2,0.25,1,5.41096996782446,0.233359033794018,0.104361332545419,5,5,"none",0,4.3524921628033,FALSE,FALSE
"continuous","outer",5,4,3,0.5,1,5.41096996782446,0.233359033794018,0.104361332545419,5,5,"none",0,4.3524921628033,FALSE,FALSE
"continuous","outer",5,4,4,0.75,1,5.41096996782446,0.233359033794018,0.104361332545419,5,5,"none",0,4.3524921628033,FALSE,FALSE
"continuous","outer",5,4,5,1,1,5.41096996782446,0.233359033794018,0.104361332545419,5,5,"none",0,4.3524921628033,FALSE,FALSE
"continuous","outer",5,4,6,0,0.1,4.75361966590204,0.252128020682489,0.112755078655704,5,5,"none",0,4.3524921628033,FALSE,FALSE
"continuous","outer",5,4,7,0.25,0.1,5.19905544083858,0.224203799033561,0.100266987090549,5,5,"none",0,4.3524921628033,FALSE,FALSE
"continuous","outer",5,4,8,0.5,0.1,5.41096996782446,0.233359033794018,0.104361332545419,5,5,"none",0,4.3524921628033,FALSE,FALSE
"continuous","outer",5,4,9,0.75,0.1,5.41096996782446,0.233359033794018,0.104361332545419,5,5,"none",0,4.3524921628033,FALSE,FALSE
"continuous","outer",5,4,10,1,0.1,5.41096996782446,0.233359033794018,0.104361332545419,5,5,"none",0,4.3524921628033,FALSE,FALSE
"continuous","outer",5,4,11,0,0.01,4.25455088356016,0.28543508085797,0.127650448792314,5,5,"none",0,4.3524921628033,TRUE,TRUE
"continuous","outer",5,4,12,0.25,0.01,4.30010005176282,0.303401750833191,0.135685387871094,5,5,"none",0,4.3524921628033,TRUE,FALSE
"continuous","outer",5,4,13,0.5,0.01,4.35424025125559,0.315553746694432,0.1411199256327,5,5,"none",0,4.3524921628033,FALSE,FALSE
"continuous","outer",5,4,14,0.75,0.01,4.42795755823915,0.312327075500071,0.139676914406374,5,5,"none",0,4.3524921628033,FALSE,FALSE
"continuous","outer",5,4,15,1,0.01,4.50333819157472,0.300359746395302,0.134324962128898,5,5,"none",0,4.3524921628033,FALSE,FALSE
"continuous","outer",5,4,16,0,0.001,4.23673230661203,0.262474174895167,0.117382019480752,5,5,"none",0,4.3524921628033,TRUE,FALSE
"continuous","outer",5,4,17,0.25,0.001,4.23346093043414,0.264101965826224,0.118109989715753,5,5,"none",0,4.3524921628033,TRUE,FALSE
"continuous","outer",5,4,18,0.5,0.001,4.23130910946734,0.266996509388588,0.119404468949609,5,5,"none",0,4.3524921628033,TRUE,FALSE
"continuous","outer",5,4,19,0.75,0.001,,,,3,3,"kkt_not_met",2,4.3524921628033,FALSE,FALSE
"continuous","outer",5,4,20,1,0.001,4.22665782660798,0.281374129636293,0.125834336195318,5,5,"none",0,4.3524921628033,TRUE,FALSE
"logistic","outer",5,4,1,0,1,0.645644776125082,0.00967566889126773,0.00432709067373093,5,5,"none",0,0.493473577602187,FALSE,FALSE
"logistic","outer",5,4,2,0.25,1,0.692679840605181,0.000154558200041579,0.0000691205283545962,5,5,"none",0,0.493473577602187,FALSE,FALSE
"logistic","outer",5,4,3,0.5,1,0.692679840605181,0.000154558200041579,0.0000691205283545962,5,5,"none",0,0.493473577602187,FALSE,FALSE
"logistic","outer",5,4,4,0.75,1,0.692679840605181,0.000154558200041579,0.0000691205283545962,5,5,"none",0,0.493473577602187,FALSE,FALSE
"logistic","outer",5,4,5,1,1,0.692679840605181,0.000154558200041579,0.0000691205283545962,5,5,"none",0,0.493473577602187,FALSE,FALSE
"logistic","outer",5,4,6,0,0.1,0.530723765360038,0.0317705453567387,0.0142082198199816,5,5,"none",0,0.493473577602187,FALSE,FALSE
"logistic","outer",5,4,7,0.25,0.1,0.621785061519482,0.0165917019446609,0.00742003468213545,5,5,"none",0,0.493473577602187,FALSE,FALSE
"logistic","outer",5,4,8,0.5,0.1,0.692679840605181,0.000154558200041579,0.0000691205283545962,5,5,"none",0,0.493473577602187,FALSE,FALSE
"logistic","outer",5,4,9,0.75,0.1,0.692679840605181,0.000154558200041579,0.0000691205283545962,5,5,"none",0,0.493473577602187,FALSE,FALSE
"logistic","outer",5,4,10,1,0.1,0.692679840605181,0.000154558200041579,0.0000691205283545962,5,5,"none",0,0.493473577602187,FALSE,FALSE
"logistic","outer",5,4,11,0,0.01,0.470914315686718,0.0581792794800173,0.0260185647598555,5,5,"none",0,0.493473577602187,TRUE,TRUE
"logistic","outer",5,4,12,0.25,0.01,0.479591045278081,0.0491043876079939,0.0219601497369945,5,5,"none",0,0.493473577602187,TRUE,FALSE
"logistic","outer",5,4,13,0.5,0.01,0.496261567447912,0.0507251407468407,0.022684972575636,5,5,"none",0,0.493473577602187,FALSE,FALSE
"logistic","outer",5,4,14,0.75,0.01,0.512299362016339,0.0523813378933546,0.0234256464563853,5,5,"none",0,0.493473577602187,FALSE,FALSE
"logistic","outer",5,4,15,1,0.01,0.523916775600981,0.0493443026834054,0.0220674430204839,5,5,"none",0,0.493473577602187,FALSE,FALSE
"logistic","outer",5,4,16,0,0.001,0.474743737697563,0.0777253512538119,0.0347598337957144,5,5,"none",0,0.493473577602187,TRUE,FALSE
"logistic","outer",5,4,17,0.25,0.001,0.470340274695315,0.0747333253514632,0.033421759134096,5,5,"none",0,0.493473577602187,TRUE,FALSE
"logistic","outer",5,4,18,0.5,0.001,0.466887691815861,0.0712062711220487,0.0318444125306362,5,5,"none",0,0.493473577602187,TRUE,FALSE
"logistic","outer",5,4,19,0.75,0.001,0.463919068051804,0.068566160841395,0.0306637193195087,5,5,"none",0,0.493473577602187,TRUE,FALSE
"logistic","outer",5,4,20,1,0.001,0.463706579593445,0.0665610310336478,0.0297669980087419,5,5,"none",0,0.493473577602187,TRUE,FALSE
"continuous","outer",5,5,1,0,1,5.21118978334717,0.404961998725198,0.181104511490745,5,5,"none",0,4.33042238801892,FALSE,FALSE
"continuous","outer",5,5,2,0.25,1,5.32478704539628,0.407271523819093,0.182137362511883,5,5,"none",0,4.33042238801892,FALSE,FALSE
"continuous","outer",5,5,3,0.5,1,5.32478704539628,0.407271523819093,0.182137362511883,5,5,"none",0,4.33042238801892,FALSE,FALSE
"continuous","outer",5,5,4,0.75,1,5.32478704539628,0.407271523819093,0.182137362511883,5,5,"none",0,4.33042238801892,FALSE,FALSE
"continuous","outer",5,5,5,1,1,5.32478704539628,0.407271523819093,0.182137362511883,5,5,"none",0,4.33042238801892,FALSE,FALSE
"continuous","outer",5,5,6,0,0.1,4.69626791470076,0.417779864903655,0.18683683551105,5,5,"none",0,4.33042238801892,FALSE,FALSE
"continuous","outer",5,5,7,0.25,0.1,5.12174786810848,0.406468124013445,0.181778071196176,5,5,"none",0,4.33042238801892,FALSE,FALSE
"continuous","outer",5,5,8,0.5,0.1,5.32478704539628,0.407271523819093,0.182137362511883,5,5,"none",0,4.33042238801892,FALSE,FALSE
"continuous","outer",5,5,9,0.75,0.1,5.32478704539628,0.407271523819093,0.182137362511883,5,5,"none",0,4.33042238801892,FALSE,FALSE
"continuous","outer",5,5,10,1,0.1,5.32478704539628,0.407271523819093,0.182137362511883,5,5,"none",0,4.33042238801892,FALSE,FALSE
"continuous","outer",5,5,11,0,0.01,4.21407730336477,0.409465909974521,0.183118721834368,5,5,"none",0,4.33042238801892,TRUE,TRUE
"continuous","outer",5,5,12,0.25,0.01,4.2542563159739,0.428048331015394,0.191429033161151,5,5,"none",0,4.33042238801892,TRUE,FALSE
"continuous","outer",5,5,13,0.5,0.01,4.31686367267889,0.447961234701208,0.200334354415328,5,5,"none",0,4.33042238801892,TRUE,FALSE
"continuous","outer",5,5,14,0.75,0.01,4.38336060974414,0.465563633712831,0.20820638656674,5,5,"none",0,4.33042238801892,FALSE,FALSE
"continuous","outer",5,5,15,1,0.01,4.45263789417025,0.460188312565987,0.205802469869693,5,5,"none",0,4.33042238801892,FALSE,FALSE
"continuous","outer",5,5,16,0,0.001,4.18301708220169,0.351689429278987,0.157280294167184,5,5,"none",0,4.33042238801892,TRUE,FALSE
"continuous","outer",5,5,17,0.25,0.001,4.17742600837304,0.353309527065146,0.158004823923193,5,5,"none",0,4.33042238801892,TRUE,FALSE
"continuous","outer",5,5,18,0.5,0.001,4.17156882069245,0.35726186799694,0.159772364521943,5,5,"none",0,4.33042238801892,TRUE,FALSE
"continuous","outer",5,5,19,0.75,0.001,,,,1,1,"kkt_not_met",4,4.33042238801892,FALSE,FALSE
"continuous","outer",5,5,20,1,0.001,4.16823706674154,0.362657403328874,0.162185321277384,5,5,"none",0,4.33042238801892,TRUE,FALSE
"logistic","outer",5,5,1,0,1,0.647824638327271,0.0080368214212179,0.00359417580417394,5,5,"none",0,0.489436778092903,FALSE,FALSE
"logistic","outer",5,5,2,0.25,1,0.692679840605181,0.000154558200041579,0.0000691205283545962,5,5,"none",0,0.489436778092903,FALSE,FALSE
"logistic","outer",5,5,3,0.5,1,0.692679840605181,0.000154558200041579,0.0000691205283545962,5,5,"none",0,0.489436778092903,FALSE,FALSE
"logistic","outer",5,5,4,0.75,1,0.692679840605181,0.000154558200041579,0.0000691205283545962,5,5,"none",0,0.489436778092903,FALSE,FALSE
"logistic","outer",5,5,5,1,1,0.692679840605181,0.000154558200041579,0.0000691205283545962,5,5,"none",0,0.489436778092903,FALSE,FALSE
"logistic","outer",5,5,6,0,0.1,0.538690168050834,0.0250497636446872,0.0112025948659647,5,5,"none",0,0.489436778092903,FALSE,FALSE
"logistic","outer",5,5,7,0.25,0.1,0.623611152650671,0.0111784197136666,0.00499914127215643,5,5,"none",0,0.489436778092903,FALSE,FALSE
"logistic","outer",5,5,8,0.5,0.1,0.692679840605181,0.000154558200041579,0.0000691205283545962,5,5,"none",0,0.489436778092903,FALSE,FALSE
"logistic","outer",5,5,9,0.75,0.1,0.692679840605181,0.000154558200041579,0.0000691205283545962,5,5,"none",0,0.489436778092903,FALSE,FALSE
"logistic","outer",5,5,10,1,0.1,0.692679840605181,0.000154558200041579,0.0000691205283545962,5,5,"none",0,0.489436778092903,FALSE,FALSE
"logistic","outer",5,5,11,0,0.01,0.47755914193554,0.0348540024754586,0.0155871837646143,5,5,"none",0,0.489436778092903,TRUE,TRUE
"logistic","outer",5,5,12,0.25,0.01,0.484272937092477,0.0330813402023987,0.014794425095872,5,5,"none",0,0.489436778092903,TRUE,FALSE
"logistic","outer",5,5,13,0.5,0.01,0.501698885295952,0.0339865345709895,0.0151992403240758,5,5,"none",0,0.489436778092903,FALSE,FALSE
"logistic","outer",5,5,14,0.75,0.01,0.520289632739872,0.0349909812687026,0.0156484425432482,5,5,"none",0,0.489436778092903,FALSE,FALSE
"logistic","outer",5,5,15,1,0.01,0.526294174072755,0.0337664486614737,0.0151008149131624,5,5,"none",0,0.489436778092903,FALSE,FALSE
"logistic","outer",5,5,16,0,0.001,0.480105556535603,0.0452273986652429,0.0202263075721933,5,5,"none",0,0.489436778092903,TRUE,FALSE
"logistic","outer",5,5,17,0.25,0.001,0.47496573227458,0.0445951528406686,0.0199435586437456,5,5,"none",0,0.489436778092903,TRUE,FALSE
"logistic","outer",5,5,18,0.5,0.001,0.471852391351206,0.0443429068860276,0.0198307508234203,5,5,"none",0,0.489436778092903,TRUE,FALSE
"logistic","outer",5,5,19,0.75,0.001,0.470822175777782,0.043796592409094,0.0195864315619171,5,5,"none",0,0.489436778092903,TRUE,FALSE
"logistic","outer",5,5,20,1,0.001,0.470590472666935,0.0421416200571878,0.0188463054259681,5,5,"none",0,0.489436778092903,TRUE,FALSE
"continuous","outer",5,6,1,0,1,5.19965823941068,0.252637105924174,0.112982748497053,5,5,"none",0,4.3401868021871,FALSE,FALSE
"continuous","outer",5,6,2,0.25,1,5.31418142879366,0.238520440421859,0.106669583761293,5,5,"none",0,4.3401868021871,FALSE,FALSE
"continuous","outer",5,6,3,0.5,1,5.31418142879366,0.238520440421859,0.106669583761293,5,5,"none",0,4.3401868021871,FALSE,FALSE
"continuous","outer",5,6,4,0.75,1,5.31418142879366,0.238520440421859,0.106669583761293,5,5,"none",0,4.3401868021871,FALSE,FALSE
"continuous","outer",5,6,5,1,1,5.31418142879366,0.238520440421859,0.106669583761293,5,5,"none",0,4.3401868021871,FALSE,FALSE
"continuous","outer",5,6,6,0,0.1,4.68330634126665,0.319180827317495,0.142742005399308,5,5,"none",0,4.3401868021871,FALSE,FALSE
"continuous","outer",5,6,7,0.25,0.1,5.11239159578304,0.268426140829323,0.12004381956646,5,5,"none",0,4.3401868021871,FALSE,FALSE
"continuous","outer",5,6,8,0.5,0.1,5.31418142879366,0.238520440421859,0.106669583761293,5,5,"none",0,4.3401868021871,FALSE,FALSE
"continuous","outer",5,6,9,0.75,0.1,5.31418142879366,0.238520440421859,0.106669583761293,5,5,"none",0,4.3401868021871,FALSE,FALSE
"continuous","outer",5,6,10,1,0.1,5.31418142879366,0.238520440421859,0.106669583761293,5,5,"none",0,4.3401868021871,FALSE,FALSE
"continuous","outer",5,6,11,0,0.01,4.20356037443047,0.374575793236287,0.167515387280449,5,5,"none",0,4.3401868021871,TRUE,TRUE
"continuous","outer",5,6,12,0.25,0.01,4.25115739856233,0.377722835500861,0.168922787366779,5,5,"none",0,4.3401868021871,TRUE,FALSE
"continuous","outer",5,6,13,0.5,0.01,4.30771445856005,0.379349852252615,0.16965041137827,5,5,"none",0,4.3401868021871,TRUE,FALSE
"continuous","outer",5,6,14,0.75,0.01,4.36904005025334,0.393894520746602,0.176154984870821,5,5,"none",0,4.3401868021871,FALSE,FALSE
"continuous","outer",5,6,15,1,0.01,4.43760340814783,0.41459304691026,0.18541164717802,5,5,"none",0,4.3401868021871,FALSE,FALSE
"continuous","outer",5,6,16,0,0.001,4.19047185469757,0.352972177555073,0.157853956635854,5,5,"none",0,4.3401868021871,TRUE,FALSE
"continuous","outer",5,6,17,0.25,0.001,4.1831313810017,0.360240358777039,0.161104386092875,5,5,"none",0,4.3401868021871,TRUE,FALSE
"continuous","outer",5,6,18,0.5,0.001,4.17633881750649,0.366375231722201,0.163847984680616,5,5,"none",0,4.3401868021871,TRUE,FALSE
"continuous","outer",5,6,19,0.75,0.001,,,,1,1,"kkt_not_met",4,4.3401868021871,FALSE,FALSE
"continuous","outer",5,6,20,1,0.001,4.1778728095512,0.365720703380293,0.163555270707474,5,5,"none",0,4.3401868021871,TRUE,FALSE
"logistic","outer",5,6,1,0,1,0.647871339419951,0.00641602071758081,0.00286933169391153,5,5,"none",0,0.502813946343674,FALSE,FALSE
"logistic","outer",5,6,2,0.25,1,0.692679840605181,0.000154558200041579,0.0000691205283545962,5,5,"none",0,0.502813946343674,FALSE,FALSE
"logistic","outer",5,6,3,0.5,1,0.692679840605181,0.000154558200041579,0.0000691205283545962,5,5,"none",0,0.502813946343674,FALSE,FALSE
"logistic","outer",5,6,4,0.75,1,0.692679840605181,0.000154558200041579,0.0000691205283545962,5,5,"none",0,0.502813946343674,FALSE,FALSE
"logistic","outer",5,6,5,1,1,0.692679840605181,0.000154558200041579,0.0000691205283545962,5,5,"none",0,0.502813946343674,FALSE,FALSE
"logistic","outer",5,6,6,0,0.1,0.539218923387648,0.024809600105507,0.0110951904660999,5,5,"none",0,0.502813946343674,FALSE,FALSE
"logistic","outer",5,6,7,0.25,0.1,0.625983671636889,0.0112187155782023,0.00501716213061926,5,5,"none",0,0.502813946343674,FALSE,FALSE
"logistic","outer",5,6,8,0.5,0.1,0.692679840605181,0.000154558200041579,0.0000691205283545962,5,5,"none",0,0.502813946343674,FALSE,FALSE
"logistic","outer",5,6,9,0.75,0.1,0.692679840605181,0.000154558200041579,0.0000691205283545962,5,5,"none",0,0.502813946343674,FALSE,FALSE
"logistic","outer",5,6,10,1,0.1,0.692679840605181,0.000154558200041579,0.0000691205283545962,5,5,"none",0,0.502813946343674,FALSE,FALSE
"logistic","outer",5,6,11,0,0.01,0.482444386093139,0.0455477213919739,0.020369560250535,5,5,"none",0,0.502813946343674,TRUE,TRUE
"logistic","outer",5,6,12,0.25,0.01,0.496100755084897,0.045239492342166,0.0202317160289328,5,5,"none",0,0.502813946343674,TRUE,FALSE
"logistic","outer",5,6,13,0.5,0.01,0.510349531903266,0.0439903580224368,0.0196730861785444,5,5,"none",0,0.502813946343674,FALSE,FALSE
"logistic","outer",5,6,14,0.75,0.01,0.525264889041021,0.0445929329656656,0.0199425658854639,5,5,"none",0,0.502813946343674,FALSE,FALSE
"logistic","outer",5,6,15,1,0.01,0.536154045664936,0.0406384777657804,0.0181740797572798,5,5,"none",0,0.502813946343674,FALSE,FALSE
"logistic","outer",5,6,16,0,0.001,0.494813182647375,0.0538886251100581,0.0240997257920184,5,5,"none",0,0.502813946343674,TRUE,FALSE
"logistic","outer",5,6,17,0.25,0.001,0.492208231315203,0.0534845390768996,0.0239190130242383,5,5,"none",0,0.502813946343674,TRUE,FALSE
"logistic","outer",5,6,18,0.5,0.001,0.490294521038556,0.0531765819606873,0.0237812904150372,5,5,"none",0,0.502813946343674,TRUE,FALSE
"logistic","outer",5,6,19,0.75,0.001,0.487519452362435,0.0535296421406485,0.0239391837275455,5,5,"none",0,0.502813946343674,TRUE,FALSE
"logistic","outer",5,6,20,1,0.001,0.486623354502958,0.054898436159322,0.0245513270221353,5,5,"none",0,0.502813946343674,TRUE,FALSE
"continuous","outer",5,7,1,0,1,5.20309028253789,0.370800380137913,0.165826971214227,5,5,"none",0,4.26130275588355,FALSE,FALSE
"continuous","outer",5,7,2,0.25,1,5.32065386890001,0.387812920671258,0.173435210634733,5,5,"none",0,4.26130275588355,FALSE,FALSE
"continuous","outer",5,7,3,0.5,1,5.32065386890001,0.387812920671258,0.173435210634733,5,5,"none",0,4.26130275588355,FALSE,FALSE
"continuous","outer",5,7,4,0.75,1,5.32065386890001,0.387812920671258,0.173435210634733,5,5,"none",0,4.26130275588355,FALSE,FALSE
"continuous","outer",5,7,5,1,1,5.32065386890001,0.387812920671258,0.173435210634733,5,5,"none",0,4.26130275588355,FALSE,FALSE
"continuous","outer",5,7,6,0,0.1,4.65977967733032,0.288036773109816,0.128813960938646,5,5,"none",0,4.26130275588355,FALSE,FALSE
"continuous","outer",5,7,7,0.25,0.1,5.09772258595628,0.369676122404102,0.165324187870821,5,5,"none",0,4.26130275588355,FALSE,FALSE
"continuous","outer",5,7,8,0.5,0.1,5.32065386890001,0.387812920671258,0.173435210634733,5,5,"none",0,4.26130275588355,FALSE,FALSE
"continuous","outer",5,7,9,0.75,0.1,5.32065386890001,0.387812920671258,0.173435210634733,5,5,"none",0,4.26130275588355,FALSE,FALSE
"continuous","outer",5,7,10,1,0.1,5.32065386890001,0.387812920671258,0.173435210634733,5,5,"none",0,4.26130275588355,FALSE,FALSE
"continuous","outer",5,7,11,0,0.01,4.17316393182899,0.202974922040055,0.0907731446818565,5,5,"none",0,4.26130275588355,TRUE,TRUE
"continuous","outer",5,7,12,0.25,0.01,4.21836039423842,0.224912698626283,0.100584016626258,5,5,"none",0,4.26130275588355,TRUE,FALSE
"continuous","outer",5,7,13,0.5,0.01,4.28152905806745,0.256916514069134,0.114896558000173,5,5,"none",0,4.26130275588355,FALSE,FALSE
"continuous","outer",5,7,14,0.75,0.01,4.32759546690339,0.27608632469673,0.123469557935994,5,5,"none",0,4.26130275588355,FALSE,FALSE
"continuous","outer",5,7,15,1,0.01,4.385345247274,0.294328033660172,0.131627498189598,5,5,"none",0,4.26130275588355,FALSE,FALSE
"continuous","outer",5,7,16,0,0.001,4.16909500913528,0.208749626904617,0.0933556712072886,5,5,"none",0,4.26130275588355,TRUE,FALSE
"continuous","outer",5,7,17,0.25,0.001,4.16462309241836,0.216182299549979,0.0966796634651949,5,5,"none",0,4.26130275588355,TRUE,FALSE
"continuous","outer",5,7,18,0.5,0.001,4.16508792416856,0.22653984752014,0.101311699733494,5,5,"none",0,4.26130275588355,TRUE,FALSE
"continuous","outer",5,7,19,0.75,0.001,,,,2,2,"kkt_not_met",3,4.26130275588355,FALSE,FALSE
"continuous","outer",5,7,20,1,0.001,4.17023871025073,0.245887552562752,0.109964256470273,5,5,"none",0,4.26130275588355,TRUE,FALSE
"logistic","outer",5,7,1,0,1,0.646980516282419,0.00772447156739014,0.00345448870298974,5,5,"none",0,0.509196873974065,FALSE,FALSE
"logistic","outer",5,7,2,0.25,1,0.692679840605181,0.000154558200041579,0.0000691205283545962,5,5,"none",0,0.509196873974065,FALSE,FALSE
"logistic","outer",5,7,3,0.5,1,0.692679840605181,0.000154558200041579,0.0000691205283545962,5,5,"none",0,0.509196873974065,FALSE,FALSE
"logistic","outer",5,7,4,0.75,1,0.692679840605181,0.000154558200041579,0.0000691205283545962,5,5,"none",0,0.509196873974065,FALSE,FALSE
"logistic","outer",5,7,5,1,1,0.692679840605181,0.000154558200041579,0.0000691205283545962,5,5,"none",0,0.509196873974065,FALSE,FALSE
"logistic","outer",5,7,6,0,0.1,0.537613380866929,0.0253882004629456,0.0113539484123076,5,5,"none",0,0.509196873974065,FALSE,FALSE
"logistic","outer",5,7,7,0.25,0.1,0.62117644812199,0.01198144594226,0.00535826551912646,5,5,"none",0,0.509196873974065,FALSE,FALSE
"logistic","outer",5,7,8,0.5,0.1,0.692679840605181,0.000154558200041579,0.0000691205283545962,5,5,"none",0,0.509196873974065,FALSE,FALSE
"logistic","outer",5,7,9,0.75,0.1,0.692679840605181,0.000154558200041579,0.0000691205283545962,5,5,"none",0,0.509196873974065,FALSE,FALSE
"logistic","outer",5,7,10,1,0.1,0.692679840605181,0.000154558200041579,0.0000691205283545962,5,5,"none",0,0.509196873974065,FALSE,FALSE
"logistic","outer",5,7,11,0,0.01,0.492642653404164,0.0370163625088241,0.016554220569901,5,5,"none",0,0.509196873974065,TRUE,TRUE
"logistic","outer",5,7,12,0.25,0.01,0.499992177719794,0.0361347374530251,0.0161599458588143,5,5,"none",0,0.509196873974065,TRUE,FALSE
"logistic","outer",5,7,13,0.5,0.01,0.51333134579114,0.0378180639495329,0.016912752353718,5,5,"none",0,0.509196873974065,FALSE,FALSE
"logistic","outer",5,7,14,0.75,0.01,0.525839544181367,0.0393935014825097,0.0176173094373261,5,5,"none",0,0.509196873974065,FALSE,FALSE
"logistic","outer",5,7,15,1,0.01,0.532569295469977,0.0361470720956619,0.0161654620786971,5,5,"none",0,0.509196873974065,FALSE,FALSE
"logistic","outer",5,7,16,0,0.001,0.515705476826483,0.0459587920937038,0.0205533966570603,5,5,"none",0,0.509196873974065,FALSE,FALSE
"logistic","outer",5,7,17,0.25,0.001,0.51232974190614,0.0466480460744862,0.0208616404080187,5,5,"none",0,0.509196873974065,FALSE,FALSE
"logistic","outer",5,7,18,0.5,0.001,0.509593189948699,0.048065560212079,0.0214955720021636,5,5,"none",0,0.509196873974065,FALSE,FALSE
"logistic","outer",5,7,19,0.75,0.001,0.506680261709904,0.0486312271094944,0.021748545929212,5,5,"none",0,0.509196873974065,TRUE,FALSE
"logistic","outer",5,7,20,1,0.001,0.503843011746197,0.0479668267884565,0.0214514170727893,5,5,"none",0,0.509196873974065,TRUE,FALSE
"continuous","outer",5,8,1,0,1,5.24683152906801,0.259863180974292,0.116214347501569,5,5,"none",0,4.22683677151757,FALSE,FALSE
"continuous","outer",5,8,2,0.25,1,5.36659154431321,0.267827925698269,0.119776289626818,5,5,"none",0,4.22683677151757,FALSE,FALSE
"continuous","outer",5,8,3,0.5,1,5.36659154431321,0.267827925698269,0.119776289626818,5,5,"none",0,4.22683677151757,FALSE,FALSE
"continuous","outer",5,8,4,0.75,1,5.36659154431321,0.267827925698269,0.119776289626818,5,5,"none",0,4.22683677151757,FALSE,FALSE
"continuous","outer",5,8,5,1,1,5.36659154431321,0.267827925698269,0.119776289626818,5,5,"none",0,4.22683677151757,FALSE,FALSE
"continuous","outer",5,8,6,0,0.1,4.69488109613349,0.218755885372524,0.0978306060342231,5,5,"none",0,4.22683677151757,FALSE,FALSE
"continuous","outer",5,8,7,0.25,0.1,5.15506443003359,0.260343330862075,0.116429077059264,5,5,"none",0,4.22683677151757,FALSE,FALSE
"continuous","outer",5,8,8,0.5,0.1,5.36659154431321,0.267827925698269,0.119776289626819,5,5,"none",0,4.22683677151757,FALSE,FALSE
"continuous","outer",5,8,9,0.75,0.1,5.36659154431321,0.267827925698269,0.119776289626819,5,5,"none",0,4.22683677151757,FALSE,FALSE
"continuous","outer",5,8,10,1,0.1,5.36659154431321,0.267827925698269,0.119776289626819,5,5,"none",0,4.22683677151757,FALSE,FALSE
"continuous","outer",5,8,11,0,0.01,4.19738357621319,0.125606484895184,0.0561729277280863,5,5,"none",0,4.22683677151757,TRUE,TRUE
"continuous","outer",5,8,12,0.25,0.01,4.23146911323103,0.142486581094533,0.0637219362417822,5,5,"none",0,4.22683677151757,FALSE,FALSE
"continuous","outer",5,8,13,0.5,0.01,4.2897995445693,0.173758411627157,0.0777071240121424,5,5,"none",0,4.22683677151757,FALSE,FALSE
"continuous","outer",5,8,14,0.75,0.01,4.36032066913608,0.22425120733175,0.100288188726038,5,5,"none",0,4.22683677151757,FALSE,FALSE
"continuous","outer",5,8,15,1,0.01,4.44160235436723,0.263110774914227,0.117666715664172,5,5,"none",0,4.22683677151757,FALSE,FALSE
"continuous","outer",5,8,16,0,0.001,4.19604372582617,0.13162397574246,0.0588640314457846,5,5,"none",0,4.22683677151757,TRUE,FALSE
"continuous","outer",5,8,17,0.25,0.001,4.1905769859117,0.126495624040353,0.0565705628420971,5,5,"none",0,4.22683677151757,TRUE,FALSE
"continuous","outer",5,8,18,0.5,0.001,4.18413519679587,0.123343465427403,0.0551608746552135,5,5,"none",0,4.22683677151757,TRUE,FALSE
"continuous","outer",5,8,19,0.75,0.001,,,,4,4,"kkt_not_met",1,4.22683677151757,FALSE,FALSE
"continuous","outer",5,8,20,1,0.001,4.17559109991134,0.114588805264172,0.051245671606235,5,5,"none",0,4.22683677151757,TRUE,FALSE
"logistic","outer",5,8,1,0,1,0.646967614798274,0.00843372478335726,0.0037716763838223,5,5,"none",0,0.510218766281438,FALSE,FALSE
"logistic","outer",5,8,2,0.25,1,0.692624627826332,0.000165106917391479,0.0000738380581685581,5,5,"none",0,0.510218766281438,FALSE,FALSE
"logistic","outer",5,8,3,0.5,1,0.692624627826332,0.000165106917391479,0.0000738380581685581,5,5,"none",0,0.510218766281438,FALSE,FALSE
"logistic","outer",5,8,4,0.75,1,0.692624627826332,0.000165106917391479,0.0000738380581685581,5,5,"none",0,0.510218766281438,FALSE,FALSE
"logistic","outer",5,8,5,1,1,0.692624627826332,0.000165106917391479,0.0000738380581685581,5,5,"none",0,0.510218766281438,FALSE,FALSE
"logistic","outer",5,8,6,0,0.1,0.537630776133296,0.0274279490844153,0.0122661517272311,5,5,"none",0,0.510218766281438,FALSE,FALSE
"logistic","outer",5,8,7,0.25,0.1,0.624498628994816,0.0094708280160659,0.00423548304942657,5,5,"none",0,0.510218766281438,FALSE,FALSE
"logistic","outer",5,8,8,0.5,0.1,0.692624627826332,0.000165106917391458,0.0000738380581685485,5,5,"none",0,0.510218766281438,FALSE,FALSE
"logistic","outer",5,8,9,0.75,0.1,0.692624627826332,0.000165106917391458,0.0000738380581685485,5,5,"none",0,0.510218766281438,FALSE,FALSE
"logistic","outer",5,8,10,1,0.1,0.692624627826332,0.000165106917391458,0.0000738380581685485,5,5,"none",0,0.510218766281438,FALSE,FALSE
"logistic","outer",5,8,11,0,0.01,0.490663806541547,0.0437262192756692,0.0195549597398916,5,5,"none",0,0.510218766281438,TRUE,TRUE
"logistic","outer",5,8,12,0.25,0.01,0.497343864453142,0.0349090518643672,0.0156118025997582,5,5,"none",0,0.510218766281438,TRUE,FALSE
"logistic","outer",5,8,13,0.5,0.01,0.510698548234016,0.0309567719464889,0.0138442892872615,5,5,"none",0,0.510218766281438,FALSE,FALSE
"logistic","outer",5,8,14,0.75,0.01,0.525618541850168,0.02972951445888,0.0132954430536237,5,5,"none",0,0.510218766281438,FALSE,FALSE
"logistic","outer",5,8,15,1,0.01,0.535426485061394,0.0282383219946463,0.0126285615101113,5,5,"none",0,0.510218766281438,FALSE,FALSE
"logistic","outer",5,8,16,0,0.001,0.506772987685564,0.0562899566936136,0.0251736339234878,5,5,"none",0,0.510218766281438,TRUE,FALSE
"logistic","outer",5,8,17,0.25,0.001,0.502818318141216,0.0532058475468336,0.0237943783830421,5,5,"none",0,0.510218766281438,TRUE,FALSE
"logistic","outer",5,8,18,0.5,0.001,0.498106746523151,0.0502663698102583,0.0224798039755761,5,5,"none",0,0.510218766281438,TRUE,FALSE
"logistic","outer",5,8,19,0.75,0.001,0.493328177352281,0.0479497089100371,0.0214437617248341,5,5,"none",0,0.510218766281438,TRUE,FALSE
"logistic","outer",5,8,20,1,0.001,0.490683406071412,0.0465567903542744,0.0208208296092728,5,5,"none",0,0.510218766281438,TRUE,FALSE
"continuous","outer",5,9,1,0,1,5.23089277230685,0.418539381974461,0.187176501871129,5,5,"none",0,4.30158989167884,FALSE,FALSE
"continuous","outer",5,9,2,0.25,1,5.35128874549443,0.421985275891494,0.188717552479477,5,5,"none",0,4.30158989167884,FALSE,FALSE
"continuous","outer",5,9,3,0.5,1,5.35128874549443,0.421985275891494,0.188717552479477,5,5,"none",0,4.30158989167884,FALSE,FALSE
"continuous","outer",5,9,4,0.75,1,5.35128874549443,0.421985275891494,0.188717552479477,5,5,"none",0,4.30158989167884,FALSE,FALSE
"continuous","outer",5,9,5,1,1,5.35128874549443,0.421985275891494,0.188717552479477,5,5,"none",0,4.30158989167884,FALSE,FALSE
"continuous","outer",5,9,6,0,0.1,4.67696498487448,0.401603732340624,0.179602649106253,5,5,"none",0,4.30158989167884,FALSE,FALSE
"continuous","outer",5,9,7,0.25,0.1,5.127373707846,0.424601152119656,0.189887407892856,5,5,"none",0,4.30158989167884,FALSE,FALSE
"continuous","outer",5,9,8,0.5,0.1,5.35128874549443,0.421985275891494,0.188717552479477,5,5,"none",0,4.30158989167884,FALSE,FALSE
"continuous","outer",5,9,9,0.75,0.1,5.35128874549443,0.421985275891494,0.188717552479477,5,5,"none",0,4.30158989167884,FALSE,FALSE
"continuous","outer",5,9,10,1,0.1,5.35128874549443,0.421985275891494,0.188717552479477,5,5,"none",0,4.30158989167884,FALSE,FALSE
"continuous","outer",5,9,11,0,0.01,4.15643148512792,0.372632085465583,0.166646134739711,5,5,"none",0,4.30158989167884,TRUE,TRUE
"continuous","outer",5,9,12,0.25,0.01,4.20422270769251,0.38745356318422,0.173274501080885,5,5,"none",0,4.30158989167884,TRUE,FALSE
"continuous","outer",5,9,13,0.5,0.01,4.29069266963469,0.39891181224116,0.178398785839773,5,5,"none",0,4.30158989167884,TRUE,FALSE
"continuous","outer",5,9,14,0.75,0.01,4.37560222356841,0.405658752939247,0.18141610944799,5,5,"none",0,4.30158989167884,FALSE,FALSE
"continuous","outer",5,9,15,1,0.01,4.4523080402691,0.392796604446664,0.175663981774767,5,5,"none",0,4.30158989167884,FALSE,FALSE
"continuous","outer",5,9,16,0,0.001,4.13352360521452,0.377393029086217,0.168775293454267,5,5,"none",0,4.30158989167884,TRUE,FALSE
"continuous","outer",5,9,17,0.25,0.001,4.13043628263934,0.382711104406732,0.171153609039495,5,5,"none",0,4.30158989167884,TRUE,FALSE
"continuous","outer",5,9,18,0.5,0.001,4.13044197921991,0.383795809605901,0.171638703951672,5,5,"none",0,4.30158989167884,TRUE,FALSE
"continuous","outer",5,9,19,0.75,0.001,,,,2,2,"kkt_not_met",3,4.30158989167884,FALSE,FALSE
"continuous","outer",5,9,20,1,0.001,4.13734809385891,0.385087585246343,0.172216403580414,5,5,"none",0,4.30158989167884,TRUE,FALSE
"logistic","outer",5,9,1,0,1,0.646192908682122,0.00356934626970582,0.0015962601788595,5,5,"none",0,0.508226411210901,FALSE,FALSE
"logistic","outer",5,9,2,0.25,1,0.692683447702587,0.000148862115084387,0.0000665731617206172,5,5,"none",0,0.508226411210901,FALSE,FALSE
"logistic","outer",5,9,3,0.5,1,0.692683447702587,0.000148862115084387,0.0000665731617206172,5,5,"none",0,0.508226411210901,FALSE,FALSE
"logistic","outer",5,9,4,0.75,1,0.692683447702587,0.000148862115084387,0.0000665731617206172,5,5,"none",0,0.508226411210901,FALSE,FALSE
"logistic","outer",5,9,5,1,1,0.692683447702587,0.000148862115084387,0.0000665731617206172,5,5,"none",0,0.508226411210901,FALSE,FALSE
"logistic","outer",5,9,6,0,0.1,0.534899502727441,0.0171681669386798,0.00767783766479052,5,5,"none",0,0.508226411210901,FALSE,FALSE
"logistic","outer",5,9,7,0.25,0.1,0.622204735205126,0.00657887429898948,0.00294216202959335,5,5,"none",0,0.508226411210901,FALSE,FALSE
"logistic","outer",5,9,8,0.5,0.1,0.692683447702587,0.000148862115084355,0.0000665731617206029,5,5,"none",0,0.508226411210901,FALSE,FALSE
"logistic","outer",5,9,9,0.75,0.1,0.692683447702587,0.000148862115084355,0.0000665731617206029,5,5,"none",0,0.508226411210901,FALSE,FALSE
"logistic","outer",5,9,10,1,0.1,0.692683447702587,0.000148862115084355,0.0000665731617206029,5,5,"none",0,0.508226411210901,FALSE,FALSE
"logistic","outer",5,9,11,0,0.01,0.48702749497845,0.0474022177450844,0.0211989162324511,5,5,"none",0,0.508226411210901,TRUE,TRUE
"logistic","outer",5,9,12,0.25,0.01,0.489279924461778,0.0368926540788303,0.0164988964781299,5,5,"none",0,0.508226411210901,TRUE,FALSE
"logistic","outer",5,9,13,0.5,0.01,0.504699348708501,0.0299897915063377,0.0134118424878434,5,5,"none",0,0.508226411210901,TRUE,FALSE
"logistic","outer",5,9,14,0.75,0.01,0.522087217475106,0.0246441916647155,0.0110212175625675,5,5,"none",0,0.508226411210901,FALSE,FALSE
"logistic","outer",5,9,15,1,0.01,0.530088011739294,0.02143793736037,0.00958733704703396,5,5,"none",0,0.508226411210901,FALSE,FALSE
"logistic","outer",5,9,16,0,0.001,0.508022731124048,0.069839666026576,0.0312332481522613,5,5,"none",0,0.508226411210901,TRUE,FALSE
"logistic","outer",5,9,17,0.25,0.001,0.501483048727162,0.0668929656531804,0.029915443683414,5,5,"none",0,0.508226411210901,TRUE,FALSE
"logistic","outer",5,9,18,0.5,0.001,0.496071816469685,0.0642749059260203,0.0287446117795971,5,5,"none",0,0.508226411210901,TRUE,FALSE
"logistic","outer",5,9,19,0.75,0.001,0.491553891649776,0.0620905881809166,0.0277677551870949,5,5,"none",0,0.508226411210901,TRUE,FALSE
"logistic","outer",5,9,20,1,0.001,0.488162012787553,0.0599506268994909,0.0268107354081978,5,5,"none",0,0.508226411210901,TRUE,FALSE
"continuous","outer",5,10,1,0,1,5.1988416666879,0.422265217463486,0.188842746156417,5,5,"none",0,4.30023371679594,FALSE,FALSE
"continuous","outer",5,10,2,0.25,1,5.31278589741667,0.425607102423398,0.190337282545087,5,5,"none",0,4.30023371679594,FALSE,FALSE
"continuous","outer",5,10,3,0.5,1,5.31278589741667,0.425607102423398,0.190337282545087,5,5,"none",0,4.30023371679594,FALSE,FALSE
"continuous","outer",5,10,4,0.75,1,5.31278589741667,0.425607102423398,0.190337282545087,5,5,"none",0,4.30023371679594,FALSE,FALSE
"continuous","outer",5,10,5,1,1,5.31278589741667,0.425607102423398,0.190337282545087,5,5,"none",0,4.30023371679594,FALSE,FALSE
"continuous","outer",5,10,6,0,0.1,4.69823908007143,0.386242580226163,0.172732933038123,5,5,"none",0,4.30023371679594,FALSE,FALSE
"continuous","outer",5,10,7,0.25,0.1,5.09570960004304,0.426820142984196,0.190879770775769,5,5,"none",0,4.30023371679594,FALSE,FALSE
"continuous","outer",5,10,8,0.5,0.1,5.31278589741667,0.425607102423398,0.190337282545087,5,5,"none",0,4.30023371679594,FALSE,FALSE
"continuous","outer",5,10,9,0.75,0.1,5.31278589741667,0.425607102423398,0.190337282545087,5,5,"none",0,4.30023371679594,FALSE,FALSE
"continuous","outer",5,10,10,1,0.1,5.31278589741667,0.425607102423398,0.190337282545087,5,5,"none",0,4.30023371679594,FALSE,FALSE
"continuous","outer",5,10,11,0,0.01,4.25399466094753,0.234133875893802,0.104707852466808,5,5,"none",0,4.30023371679594,TRUE,TRUE
"continuous","outer",5,10,12,0.25,0.01,4.27162937096448,0.272874970104427,0.122033396502344,5,5,"none",0,4.30023371679594,TRUE,FALSE
"continuous","outer",5,10,13,0.5,0.01,4.31956875458934,0.298678724121341,0.133573186113645,5,5,"none",0,4.30023371679594,FALSE,FALSE
"continuous","outer",5,10,14,0.75,0.01,4.36604137381423,0.32715665431679,0.146308903668748,5,5,"none",0,4.30023371679594,FALSE,FALSE
"continuous","outer",5,10,15,1,0.01,4.41468893785263,0.333504905109864,0.149147927731054,5,5,"none",0,4.30023371679594,FALSE,FALSE
"continuous","outer",5,10,16,0,0.001,4.23227960320741,0.176390187510533,0.0788840899674974,5,5,"none",0,4.30023371679594,TRUE,FALSE
"continuous","outer",5,10,17,0.25,0.001,4.22614578560363,0.183995812308974,0.0822854287796319,5,5,"none",0,4.30023371679594,TRUE,FALSE
"continuous","outer",5,10,18,0.5,0.001,4.21920561908368,0.190830948268,0.0853421945075988,5,5,"none",0,4.30023371679594,TRUE,FALSE
"continuous","outer",5,10,19,0.75,0.001,,,,1,1,"kkt_not_met",4,4.30023371679594,FALSE,FALSE
"continuous","outer",5,10,20,1,0.001,4.21121662626392,0.199048265588841,0.0890170905320163,5,5,"none",0,4.30023371679594,TRUE,FALSE
"logistic","outer",5,10,1,0,1,0.646207512654574,0.00404529730358174,0.00180911195200107,5,5,"none",0,0.489488094527342,FALSE,FALSE
"logistic","outer",5,10,2,0.25,1,0.692683447702587,0.000148862115084355,0.0000665731617206029,5,5,"none",0,0.489488094527342,FALSE,FALSE
"logistic","outer",5,10,3,0.5,1,0.692683447702587,0.000148862115084355,0.0000665731617206029,5,5,"none",0,0.489488094527342,FALSE,FALSE
"logistic","outer",5,10,4,0.75,1,0.692683447702587,0.000148862115084355,0.0000665731617206029,5,5,"none",0,0.489488094527342,FALSE,FALSE
"logistic","outer",5,10,5,1,1,0.692683447702587,0.000148862115084355,0.0000665731617206029,5,5,"none",0,0.489488094527342,FALSE,FALSE
"logistic","outer",5,10,6,0,0.1,0.536440171601106,0.0130744046388653,0.0058470515075683,5,5,"none",0,0.489488094527342,FALSE,FALSE
"logistic","outer",5,10,7,0.25,0.1,0.622655083800492,0.00501689431560468,0.00224362334512487,5,5,"none",0,0.489488094527342,FALSE,FALSE
"logistic","outer",5,10,8,0.5,0.1,0.692683447702587,0.000148862115084346,0.0000665731617205991,5,5,"none",0,0.489488094527342,FALSE,FALSE
"logistic","outer",5,10,9,0.75,0.1,0.692683447702587,0.000148862115084346,0.0000665731617205991,5,5,"none",0,0.489488094527342,FALSE,FALSE
"logistic","outer",5,10,10,1,0.1,0.692683447702587,0.000148862115084346,0.0000665731617205991,5,5,"none",0,0.489488094527342,FALSE,FALSE
"logistic","outer",5,10,11,0,0.01,0.478274026135097,0.0222831506805465,0.00996532793491456,5,5,"none",0,0.489488094527342,TRUE,TRUE
"logistic","outer",5,10,12,0.25,0.01,0.487457990896263,0.0192345187245012,0.00860193827649545,5,5,"none",0,0.489488094527342,TRUE,FALSE
"logistic","outer",5,10,13,0.5,0.01,0.50529127464081,0.0192012340893671,0.00858705293514222,5,5,"none",0,0.489488094527342,FALSE,FALSE
"logistic","outer",5,10,14,0.75,0.01,0.522749181472497,0.0176006206453096,0.0078712368418197,5,5,"none",0,0.489488094527342,FALSE,FALSE
"logistic","outer",5,10,15,1,0.01,0.527451962318004,0.0192870798888743,0.00862544434379839,5,5,"none",0,0.489488094527342,FALSE,FALSE
"logistic","outer",5,10,16,0,0.001,0.481063320746878,0.037935559788623,0.0169652980903737,5,5,"none",0,0.489488094527342,TRUE,FALSE
"logistic","outer",5,10,17,0.25,0.001,0.478546188826344,0.0364698388607426,0.0163098077642168,5,5,"none",0,0.489488094527342,TRUE,FALSE
"logistic","outer",5,10,18,0.5,0.001,0.476230893141467,0.0360088504259793,0.0161036474688224,5,5,"none",0,0.489488094527342,TRUE,FALSE
"logistic","outer",5,10,19,0.75,0.001,0.475188848374474,0.0345229928716995,0.0154391517695721,5,5,"none",0,0.489488094527342,TRUE,FALSE
"logistic","outer",5,10,20,1,0.001,0.474865378789181,0.0326973864061841,0.014622715738161,5,5,"none",0,0.489488094527342,TRUE,FALSE
