"family","scope","repeat_id","outer_fold","config_id","alpha","lambda_fraction","mean_metric","sd_metric","se_metric","n_valid","n_converged","one_se_threshold","eligible_one_se","selected_one_se"
"continuous","outer",1,1,1,0,1,5.32384092772272,0.326567558374544,0.146045451954322,5,5,4.31898002522117,FALSE,FALSE
"continuous","outer",1,1,2,0.25,1,5.44598973136985,0.327859736400353,0.14662333153527,5,5,4.31898002522117,FALSE,FALSE
"continuous","outer",1,1,3,0.5,1,5.44598973136985,0.327859736400353,0.14662333153527,5,5,4.31898002522117,FALSE,FALSE
"continuous","outer",1,1,4,0.75,1,5.44598973136985,0.327859736400353,0.14662333153527,5,5,4.31898002522117,FALSE,FALSE
"continuous","outer",1,1,5,1,1,5.44598973136985,0.327859736400353,0.14662333153527,5,5,4.31898002522117,FALSE,FALSE
"continuous","outer",1,1,6,0,0.1,4.75573882773534,0.310734917775901,0.138964879825945,5,5,4.31898002522117,FALSE,FALSE
"continuous","outer",1,1,7,0.25,0.1,5.21854958426704,0.337990439051137,0.151153919492668,5,5,4.31898002522117,FALSE,FALSE
"continuous","outer",1,1,8,0.5,0.1,5.44598973136985,0.327859736400353,0.14662333153527,5,5,4.31898002522117,FALSE,FALSE
"continuous","outer",1,1,9,0.75,0.1,5.44598973136985,0.327859736400353,0.14662333153527,5,5,4.31898002522117,FALSE,FALSE
"continuous","outer",1,1,10,1,0.1,5.44598973136985,0.327859736400353,0.14662333153527,5,5,4.31898002522117,FALSE,FALSE
"continuous","outer",1,1,11,0,0.01,4.23818791551634,0.180656649345638,0.0807921097048381,5,5,4.31898002522117,TRUE,TRUE
"continuous","outer",1,1,12,0.25,0.01,4.29630232202402,0.228577650570934,0.10222303296276,5,5,4.31898002522117,TRUE,FALSE
"continuous","outer",1,1,13,0.5,0.01,4.366824929043,0.293168186601965,0.131108798816467,5,5,4.31898002522117,FALSE,FALSE
"continuous","outer",1,1,14,0.75,0.01,4.43729996949436,0.342684120541994,0.153252997668326,5,5,4.31898002522117,FALSE,FALSE
"continuous","outer",1,1,15,1,0.01,4.52268869130265,0.346851529050072,0.155116719411141,5,5,4.31898002522117,FALSE,FALSE
"continuous","outer",1,1,16,0,0.001,4.26315441562837,0.13637161679522,0.0609872410711326,5,5,4.31898002522117,TRUE,FALSE
"continuous","outer",1,1,17,0.25,0.001,4.25448327476937,0.129309042397336,0.057828761781169,5,5,4.31898002522117,TRUE,FALSE
"continuous","outer",1,1,18,0.5,0.001,4.25261907225319,0.126623295200529,0.056627659120681,5,5,4.31898002522117,TRUE,FALSE
"continuous","outer",1,1,19,0.75,0.001,4.25528926812536,0.128345054385127,0.0573976532362101,5,1,4.31898002522117,TRUE,FALSE
"continuous","outer",1,1,20,1,0.001,4.25785921329982,0.129415644547275,0.0578764357119315,5,5,4.31898002522117,TRUE,FALSE
"logistic","outer",1,1,1,0,1,0.579280468716191,0.0169299198665913,0.00757129033506446,5,5,0.494688571300333,FALSE,FALSE
"logistic","outer",1,1,2,0.25,1,0.692679840605181,0.000154558200041579,0.0000691205283545962,5,5,0.494688571300333,FALSE,FALSE
"logistic","outer",1,1,3,0.5,1,0.692679840605181,0.000154558200041579,0.0000691205283545962,5,5,0.494688571300333,FALSE,FALSE
"logistic","outer",1,1,4,0.75,1,0.692679840605181,0.000154558200041579,0.0000691205283545962,5,5,0.494688571300333,FALSE,FALSE
"logistic","outer",1,1,5,1,1,0.692679840605181,0.000154558200041579,0.0000691205283545962,5,5,0.494688571300333,FALSE,FALSE
"logistic","outer",1,1,6,0,0.1,0.488079940343461,0.0174884311376802,0.00782106416873537,5,5,0.494688571300333,TRUE,TRUE
"logistic","outer",1,1,7,0.25,0.1,0.517808274127435,0.0362415542397326,0.0162077157780576,5,5,0.494688571300333,FALSE,FALSE
"logistic","outer",1,1,8,0.5,0.1,0.546683290138203,0.0371545718911201,0.0166160296846895,5,5,0.494688571300333,FALSE,FALSE
"logistic","outer",1,1,9,0.75,0.1,0.559045188158133,0.0320175976678644,0.0143187049723167,5,5,0.494688571300333,FALSE,FALSE
"logistic","outer",1,1,10,1,0.1,0.571938836430081,0.0269742834069906,0.0120632662684751,5,5,0.494688571300333,FALSE,FALSE
"logistic","outer",1,1,11,0,0.01,0.49757483081007,0.0340734912465197,0.0152381285315924,5,5,0.494688571300333,FALSE,FALSE
"logistic","outer",1,1,12,0.25,0.01,0.493177720167029,0.0281606279144232,0.0125938156611457,5,5,0.494688571300333,TRUE,FALSE
"logistic","outer",1,1,13,0.5,0.01,0.490077604668514,0.0238739097031447,0.0106767369969847,5,5,0.494688571300333,TRUE,FALSE
"logistic","outer",1,1,14,0.75,0.01,0.486826652464169,0.0223182557486875,0.00998102739865814,5,5,0.494688571300333,TRUE,FALSE
"logistic","outer",1,1,15,1,0.01,0.484978833527176,0.021711633704476,0.00970973777315678,5,5,0.494688571300333,TRUE,FALSE
"logistic","outer",1,1,16,0,0.001,0.51964534842246,0.0552454008763528,0.0247064943607503,5,0,0.494688571300333,FALSE,FALSE
"logistic","outer",1,1,17,0.25,0.001,0.519029770905358,0.0547445127496311,0.0244824903806558,5,0,0.494688571300333,FALSE,FALSE
"logistic","outer",1,1,18,0.5,0.001,0.518740293005519,0.0542446264939007,0.0242589344508896,5,0,0.494688571300333,FALSE,FALSE
"logistic","outer",1,1,19,0.75,0.001,0.518737954857755,0.0536620316402496,0.0239983901116685,5,0,0.494688571300333,FALSE,FALSE
"logistic","outer",1,1,20,1,0.001,0.519073530528572,0.0529870616552534,0.0236965343578238,5,0,0.494688571300333,FALSE,FALSE
"continuous","outer",1,2,1,0,1,5.24062131365059,0.432400247226962,0.193375269257441,5,5,4.20519685065861,FALSE,FALSE
"continuous","outer",1,2,2,0.25,1,5.35898423412651,0.44324615270701,0.198225705643625,5,5,4.20519685065861,FALSE,FALSE
"continuous","outer",1,2,3,0.5,1,5.35898423412651,0.44324615270701,0.198225705643625,5,5,4.20519685065861,FALSE,FALSE
"continuous","outer",1,2,4,0.75,1,5.35898423412651,0.44324615270701,0.198225705643625,5,5,4.20519685065861,FALSE,FALSE
"continuous","outer",1,2,5,1,1,5.35898423412651,0.44324615270701,0.198225705643625,5,5,4.20519685065861,FALSE,FALSE
"continuous","outer",1,2,6,0,0.1,4.70176882388464,0.376740453782302,0.168483452906269,5,5,4.20519685065861,FALSE,FALSE
"continuous","outer",1,2,7,0.25,0.1,5.13992092481583,0.42553485569359,0.190304972825286,5,5,4.20519685065861,FALSE,FALSE
"continuous","outer",1,2,8,0.5,0.1,5.35898423412651,0.44324615270701,0.198225705643625,5,5,4.20519685065861,FALSE,FALSE
"continuous","outer",1,2,9,0.75,0.1,5.35898423412651,0.44324615270701,0.198225705643625,5,5,4.20519685065861,FALSE,FALSE
"continuous","outer",1,2,10,1,0.1,5.35898423412651,0.44324615270701,0.198225705643625,5,5,4.20519685065861,FALSE,FALSE
"continuous","outer",1,2,11,0,0.01,4.18830141767948,0.251425189665585,0.112440763069605,5,5,4.20519685065861,TRUE,TRUE
"continuous","outer",1,2,12,0.25,0.01,4.24430202550455,0.279698119920069,0.125084801864032,5,5,4.20519685065861,FALSE,FALSE
"continuous","outer",1,2,13,0.5,0.01,4.319897415374,0.299475732731614,0.13392961919989,5,5,4.20519685065861,FALSE,FALSE
"continuous","outer",1,2,14,0.75,0.01,4.39790860670922,0.321250014286213,0.14366737394335,5,5,4.20519685065861,FALSE,FALSE
"continuous","outer",1,2,15,1,0.01,4.48522015677289,0.3383366702047,0.151308758771727,5,5,4.20519685065861,FALSE,FALSE
"continuous","outer",1,2,16,0,0.001,4.12891726925316,0.170566329317819,0.0762795814054517,5,5,4.20519685065861,TRUE,FALSE
"continuous","outer",1,2,17,0.25,0.001,4.13015679783122,0.176979974935334,0.079147850922323,5,5,4.20519685065861,TRUE,FALSE
"continuous","outer",1,2,18,0.5,0.001,4.13191310902601,0.181881499462774,0.0813398793296708,5,5,4.20519685065861,TRUE,FALSE
"continuous","outer",1,2,19,0.75,0.001,4.13401515843353,0.187491304445209,0.0838486603859189,5,0,4.20519685065861,TRUE,FALSE
"continuous","outer",1,2,20,1,0.001,4.13544412362228,0.19370655649366,0.0866282056014454,5,4,4.20519685065861,TRUE,FALSE
"logistic","outer",1,2,1,0,1,0.574183188599414,0.0168734771868093,0.00754604840129949,5,5,0.466576575037438,FALSE,FALSE
"logistic","outer",1,2,2,0.25,1,0.692679840605181,0.000154558200041579,0.0000691205283545962,5,5,0.466576575037438,FALSE,FALSE
"logistic","outer",1,2,3,0.5,1,0.692679840605181,0.000154558200041579,0.0000691205283545962,5,5,0.466576575037438,FALSE,FALSE
"logistic","outer",1,2,4,0.75,1,0.692679840605181,0.000154558200041579,0.0000691205283545962,5,5,0.466576575037438,FALSE,FALSE
"logistic","outer",1,2,5,1,1,0.692679840605181,0.000154558200041579,0.0000691205283545962,5,5,0.466576575037438,FALSE,FALSE
"logistic","outer",1,2,6,0,0.1,0.465457864110251,0.0320167050869055,0.0143183057979768,5,5,0.466576575037438,TRUE,TRUE
"logistic","outer",1,2,7,0.25,0.1,0.506278883980375,0.0309512852304625,0.0138418355532599,5,5,0.466576575037438,FALSE,FALSE
"logistic","outer",1,2,8,0.5,0.1,0.53573762554313,0.0288239908834225,0.0128904805996334,5,5,0.466576575037438,FALSE,FALSE
"logistic","outer",1,2,9,0.75,0.1,0.547372828882815,0.0245559053428396,0.0109817347191279,5,5,0.466576575037438,FALSE,FALSE
"logistic","outer",1,2,10,1,0.1,0.560737372600084,0.021070986850153,0.00942323178998925,5,5,0.466576575037438,FALSE,FALSE
"logistic","outer",1,2,11,0,0.01,0.456446026108799,0.032484498358035,0.0145275093087093,5,5,0.466576575037438,TRUE,FALSE
"logistic","outer",1,2,12,0.25,0.01,0.454205399937551,0.03195702421593,0.0142916157010853,5,5,0.466576575037438,TRUE,FALSE
"logistic","outer",1,2,13,0.5,0.01,0.452397292862999,0.0337303475753804,0.0150846700166492,5,5,0.466576575037438,TRUE,FALSE
"logistic","outer",1,2,14,0.75,0.01,0.450201006439404,0.0366168845554148,0.0163755685980339,5,5,0.466576575037438,TRUE,FALSE
"logistic","outer",1,2,15,1,0.01,0.450344721149914,0.0390676373612634,0.0174715785720191,5,5,0.466576575037438,TRUE,FALSE
"logistic","outer",1,2,16,0,0.001,0.466680368627965,0.0386786585285174,0.0172976219496534,5,0,0.466576575037438,FALSE,FALSE
"logistic","outer",1,2,17,0.25,0.001,0.466071246548839,0.0393147896161131,0.0175821084205464,5,0,0.466576575037438,TRUE,FALSE
"logistic","outer",1,2,18,0.5,0.001,0.465472511286996,0.039688257950388,0.0177491285371228,5,0,0.466576575037438,TRUE,FALSE
"logistic","outer",1,2,19,0.75,0.001,0.465152053192808,0.0407412987362614,0.0182200626931814,5,0,0.466576575037438,TRUE,FALSE
"logistic","outer",1,2,20,1,0.001,0.46510731096683,0.0427674681194788,0.0191261931881419,5,0,0.466576575037438,TRUE,FALSE
"continuous","outer",1,3,1,0,1,5.28820224728334,0.545147928271473,0.243797565081639,5,5,4.42475570913069,FALSE,FALSE
"continuous","outer",1,3,2,0.25,1,5.4069696901125,0.54951517134984,0.245750655561137,5,5,4.42475570913069,FALSE,FALSE
"continuous","outer",1,3,3,0.5,1,5.4069696901125,0.54951517134984,0.245750655561137,5,5,4.42475570913069,FALSE,FALSE
"continuous","outer",1,3,4,0.75,1,5.4069696901125,0.54951517134984,0.245750655561137,5,5,4.42475570913069,FALSE,FALSE
"continuous","outer",1,3,5,1,1,5.4069696901125,0.54951517134984,0.245750655561137,5,5,4.42475570913069,FALSE,FALSE
"continuous","outer",1,3,6,0,0.1,4.75412083229817,0.523970683619652,0.234326813358116,5,5,4.42475570913069,FALSE,FALSE
"continuous","outer",1,3,7,0.25,0.1,5.19074278057643,0.537842914030408,0.240530663397713,5,5,4.42475570913069,FALSE,FALSE
"continuous","outer",1,3,8,0.5,0.1,5.4069696901125,0.54951517134984,0.245750655561137,5,5,4.42475570913069,FALSE,FALSE
"continuous","outer",1,3,9,0.75,0.1,5.4069696901125,0.54951517134984,0.245750655561137,5,5,4.42475570913069,FALSE,FALSE
"continuous","outer",1,3,10,1,0.1,5.4069696901125,0.54951517134984,0.245750655561137,5,5,4.42475570913069,FALSE,FALSE
"continuous","outer",1,3,11,0,0.01,4.27913130665292,0.466434807152523,0.208595987173009,5,5,4.42475570913069,TRUE,TRUE
"continuous","outer",1,3,12,0.25,0.01,4.33320141487155,0.454496627386739,0.203257070876228,5,5,4.42475570913069,TRUE,FALSE
"continuous","outer",1,3,13,0.5,0.01,4.40941623052527,0.449433975620258,0.200992984176976,5,5,4.42475570913069,TRUE,FALSE
"continuous","outer",1,3,14,0.75,0.01,4.48536014867912,0.454785592209752,0.203386299873701,5,5,4.42475570913069,FALSE,FALSE
"continuous","outer",1,3,15,1,0.01,4.52897004372639,0.470756028870216,0.210528496274331,5,5,4.42475570913069,FALSE,FALSE
"continuous","outer",1,3,16,0,0.001,4.2367657782156,0.431757201577792,0.193087690500604,5,5,4.42475570913069,TRUE,FALSE
"continuous","outer",1,3,17,0.25,0.001,4.23277266846205,0.432832845510237,0.193568733091111,5,5,4.42475570913069,TRUE,FALSE
"continuous","outer",1,3,18,0.5,0.001,4.23104441559476,0.433151620355764,0.193711293535934,5,5,4.42475570913069,TRUE,FALSE
"continuous","outer",1,3,19,0.75,0.001,4.2330067075867,0.432142117877552,0.193259830302987,5,2,4.42475570913069,TRUE,FALSE
"continuous","outer",1,3,20,1,0.001,4.23696850469044,0.431916100868397,0.193158752423678,5,5,4.42475570913069,TRUE,FALSE
"logistic","outer",1,3,1,0,1,0.580910266706024,0.0116599926099372,0.00521450721859296,5,5,0.504338426576424,FALSE,FALSE
"logistic","outer",1,3,2,0.25,1,0.692679840605181,0.000154558200041579,0.0000691205283545962,5,5,0.504338426576424,FALSE,FALSE
"logistic","outer",1,3,3,0.5,1,0.692679840605181,0.000154558200041579,0.0000691205283545962,5,5,0.504338426576424,FALSE,FALSE
"logistic","outer",1,3,4,0.75,1,0.692679840605181,0.000154558200041579,0.0000691205283545962,5,5,0.504338426576424,FALSE,FALSE
"logistic","outer",1,3,5,1,1,0.692679840605181,0.000154558200041579,0.0000691205283545962,5,5,0.504338426576424,FALSE,FALSE
"logistic","outer",1,3,6,0,0.1,0.490369021111368,0.0301723930128689,0.0134935043641229,5,5,0.504338426576424,TRUE,TRUE
"logistic","outer",1,3,7,0.25,0.1,0.520794948533046,0.0187593150103055,0.00838942071487504,5,5,0.504338426576424,FALSE,FALSE
"logistic","outer",1,3,8,0.5,0.1,0.548779120455037,0.020600217608118,0.00921269738460801,5,5,0.504338426576424,FALSE,FALSE
"logistic","outer",1,3,9,0.75,0.1,0.559215473743053,0.0198856985182767,0.00889315473338671,5,5,0.504338426576424,FALSE,FALSE
"logistic","outer",1,3,10,1,0.1,0.571922773793797,0.0171308524654829,0.00766115012506794,5,5,0.504338426576424,FALSE,FALSE
"logistic","outer",1,3,11,0,0.01,0.49623667571394,0.0587124358917408,0.0262569995557062,5,5,0.504338426576424,TRUE,FALSE
"logistic","outer",1,3,12,0.25,0.01,0.491177169809115,0.0558124259122723,0.0249600756658023,5,5,0.504338426576424,TRUE,FALSE
"logistic","outer",1,3,13,0.5,0.01,0.487579069408791,0.0526688001807568,0.0235542034995051,5,5,0.504338426576424,TRUE,FALSE
"logistic","outer",1,3,14,0.75,0.01,0.484920391532166,0.0499770976891809,0.0223504375502313,5,5,0.504338426576424,TRUE,FALSE
"logistic","outer",1,3,15,1,0.01,0.483786091111153,0.0459564191967252,0.0205523354652708,5,5,0.504338426576424,TRUE,FALSE
"logistic","outer",1,3,16,0,0.001,0.515406204554702,0.0765716919030771,0.0342439016494901,5,0,0.504338426576424,FALSE,FALSE
"logistic","outer",1,3,17,0.25,0.001,0.514707717276963,0.0760375005890757,0.0340050040312707,5,0,0.504338426576424,FALSE,FALSE
"logistic","outer",1,3,18,0.5,0.001,0.514125356409765,0.0757041599651654,0.0338559295723256,5,0,0.504338426576424,FALSE,FALSE
"logistic","outer",1,3,19,0.75,0.001,0.513408300381091,0.075262953134791,0.0336586158793547,5,0,0.504338426576424,FALSE,FALSE
"logistic","outer",1,3,20,1,0.001,0.512929693705602,0.0747842018203525,0.0334445117826744,5,0,0.504338426576424,FALSE,FALSE
"continuous","outer",1,4,1,0,1,5.14230386786754,0.276614822235333,0.123705909220445,5,5,4.09057158814468,FALSE,FALSE
"continuous","outer",1,4,2,0.25,1,5.26040526404202,0.274465555825918,0.122744728061803,5,5,4.09057158814468,FALSE,FALSE
"continuous","outer",1,4,3,0.5,1,5.26040526404202,0.274465555825918,0.122744728061803,5,5,4.09057158814468,FALSE,FALSE
"continuous","outer",1,4,4,0.75,1,5.26040526404202,0.274465555825918,0.122744728061803,5,5,4.09057158814468,FALSE,FALSE
"continuous","outer",1,4,5,1,1,5.26040526404202,0.274465555825918,0.122744728061803,5,5,4.09057158814468,FALSE,FALSE
"continuous","outer",1,4,6,0,0.1,4.59939087460473,0.280490319215762,0.125439084159412,5,5,4.09057158814468,FALSE,FALSE
"continuous","outer",1,4,7,0.25,0.1,5.03927263102565,0.274684196989055,0.122842507362494,5,5,4.09057158814468,FALSE,FALSE
"continuous","outer",1,4,8,0.5,0.1,5.26040526404202,0.274465555825918,0.122744728061803,5,5,4.09057158814468,FALSE,FALSE
"continuous","outer",1,4,9,0.75,0.1,5.26040526404202,0.274465555825918,0.122744728061803,5,5,4.09057158814468,FALSE,FALSE
"continuous","outer",1,4,10,1,0.1,5.26040526404202,0.274465555825918,0.122744728061803,5,5,4.09057158814468,FALSE,FALSE
"continuous","outer",1,4,11,0,0.01,4.05282363031731,0.229755177521633,0.102749639024181,5,5,4.09057158814468,TRUE,TRUE
"continuous","outer",1,4,12,0.25,0.01,4.10282528638831,0.232563370150757,0.104005500946708,5,5,4.09057158814468,FALSE,FALSE
"continuous","outer",1,4,13,0.5,0.01,4.17786938225988,0.24714857487097,0.110528202790737,5,5,4.09057158814468,FALSE,FALSE
"continuous","outer",1,4,14,0.75,0.01,4.26695687195394,0.26816467689994,0.119926889342506,5,5,4.09057158814468,FALSE,FALSE
"continuous","outer",1,4,15,1,0.01,4.35941218456815,0.273072908580333,0.122121917279842,5,5,4.09057158814468,FALSE,FALSE
"continuous","outer",1,4,16,0,0.001,4.00198272910659,0.218893515843322,0.0978921562519189,5,5,4.09057158814468,TRUE,FALSE
"continuous","outer",1,4,17,0.25,0.001,4.00011435484102,0.222573896486458,0.0995380725121443,5,5,4.09057158814468,TRUE,FALSE
"continuous","outer",1,4,18,0.5,0.001,3.99662065850525,0.22320846844582,0.099821861719694,5,5,4.09057158814468,TRUE,FALSE
"continuous","outer",1,4,19,0.75,0.001,3.99582216344836,0.222103598247419,0.0993277487457065,5,3,4.09057158814468,TRUE,FALSE
"continuous","outer",1,4,20,1,0.001,3.99278215891638,0.218663811235391,0.0977894292283032,5,5,4.09057158814468,TRUE,FALSE
"logistic","outer",1,4,1,0,1,0.580665410223154,0.0087603281978498,0.00391773787112007,5,5,0.492828458432696,FALSE,FALSE
"logistic","outer",1,4,2,0.25,1,0.692679840605181,0.000154558200041579,0.0000691205283545962,5,5,0.492828458432696,FALSE,FALSE
"logistic","outer",1,4,3,0.5,1,0.692679840605181,0.000154558200041579,0.0000691205283545962,5,5,0.492828458432696,FALSE,FALSE
"logistic","outer",1,4,4,0.75,1,0.692679840605181,0.000154558200041579,0.0000691205283545962,5,5,0.492828458432696,FALSE,FALSE
"logistic","outer",1,4,5,1,1,0.692679840605181,0.000154558200041579,0.0000691205283545962,5,5,0.492828458432696,FALSE,FALSE
"logistic","outer",1,4,6,0,0.1,0.483342497947775,0.0215910730257921,0.00965582139856666,5,5,0.492828458432696,TRUE,TRUE
"logistic","outer",1,4,7,0.25,0.1,0.515987033434284,0.0228733096474847,0.0102292550484355,5,5,0.492828458432696,FALSE,FALSE
"logistic","outer",1,4,8,0.5,0.1,0.543853736950558,0.0186369531360103,0.0083346988211194,5,5,0.492828458432696,FALSE,FALSE
"logistic","outer",1,4,9,0.75,0.1,0.556477153232326,0.0150662277830652,0.00673782189748596,5,5,0.492828458432696,FALSE,FALSE
"logistic","outer",1,4,10,1,0.1,0.569647961610374,0.0129219150377111,0.00577885608475976,5,5,0.492828458432696,FALSE,FALSE
"logistic","outer",1,4,11,0,0.01,0.485732227601365,0.042839323376981,0.0191583278362051,5,5,0.492828458432696,TRUE,FALSE
"logistic","outer",1,4,12,0.25,0.01,0.481373096005818,0.039505374623596,0.0176673406269912,5,5,0.492828458432696,TRUE,FALSE
"logistic","outer",1,4,13,0.5,0.01,0.479505448382487,0.0371266438453806,0.0166035398829391,5,5,0.492828458432696,TRUE,FALSE
"logistic","outer",1,4,14,0.75,0.01,0.479448966221548,0.0337547204631345,0.0150955699034144,5,5,0.492828458432696,TRUE,FALSE
"logistic","outer",1,4,15,1,0.01,0.47923551502164,0.030394745481428,0.0135929434110555,5,5,0.492828458432696,TRUE,FALSE
"logistic","outer",1,4,16,0,0.001,0.503563663052578,0.0517892762020555,0.0231608684186617,5,0,0.492828458432696,FALSE,FALSE
"logistic","outer",1,4,17,0.25,0.001,0.502927538178287,0.0504898537770417,0.022579749043898,5,0,0.492828458432696,FALSE,FALSE
"logistic","outer",1,4,18,0.5,0.001,0.502553991233011,0.049168637374643,0.0219888831061477,5,0,0.492828458432696,FALSE,FALSE
"logistic","outer",1,4,19,0.75,0.001,0.502412004115569,0.0477604261646901,0.0213591119077213,5,0,0.492828458432696,FALSE,FALSE
"logistic","outer",1,4,20,1,0.001,0.502672695194573,0.0460075175051859,0.0205751873235214,5,0,0.492828458432696,FALSE,FALSE
"continuous","outer",1,5,1,0,1,5.091190424925,0.415744092547194,0.185926410435898,5,5,4.31001005608809,FALSE,FALSE
"continuous","outer",1,5,2,0.25,1,5.19926958919078,0.426738886874927,0.190843431938986,5,5,4.31001005608809,FALSE,FALSE
"continuous","outer",1,5,3,0.5,1,5.19926958919078,0.426738886874927,0.190843431938986,5,5,4.31001005608809,FALSE,FALSE
"continuous","outer",1,5,4,0.75,1,5.19926958919078,0.426738886874927,0.190843431938986,5,5,4.31001005608809,FALSE,FALSE
"continuous","outer",1,5,5,1,1,5.19926958919078,0.426738886874927,0.190843431938986,5,5,4.31001005608809,FALSE,FALSE
"continuous","outer",1,5,6,0,0.1,4.61094681526217,0.354320539012278,0.158456962211164,5,5,4.31001005608809,FALSE,FALSE
"continuous","outer",1,5,7,0.25,0.1,5.00277049508243,0.397071014378655,0.177575556009094,5,5,4.31001005608809,FALSE,FALSE
"continuous","outer",1,5,8,0.5,0.1,5.19926958919078,0.426738886874927,0.190843431938986,5,5,4.31001005608809,FALSE,FALSE
"continuous","outer",1,5,9,0.75,0.1,5.19926958919078,0.426738886874927,0.190843431938986,5,5,4.31001005608809,FALSE,FALSE
"continuous","outer",1,5,10,1,0.1,5.19926958919078,0.426738886874927,0.190843431938986,5,5,4.31001005608809,FALSE,FALSE
"continuous","outer",1,5,11,0,0.01,4.21669905700388,0.24502156309944,0.109576974208721,5,5,4.31001005608809,TRUE,TRUE
"continuous","outer",1,5,12,0.25,0.01,4.2468535353354,0.27074707227301,0.1210817716623,5,5,4.31001005608809,TRUE,FALSE
"continuous","outer",1,5,13,0.5,0.01,4.2871536050154,0.31465219043199,0.140716737415028,5,5,4.31001005608809,TRUE,FALSE
"continuous","outer",1,5,14,0.75,0.01,4.35816005808487,0.33067774720698,0.14788358428026,5,5,4.31001005608809,FALSE,FALSE
"continuous","outer",1,5,15,1,0.01,4.42105325077576,0.333805332070538,0.149282282752323,5,5,4.31001005608809,FALSE,FALSE
"continuous","outer",1,5,16,0,0.001,4.23401962696913,0.202219087459595,0.0904351251815261,5,5,4.31001005608809,TRUE,FALSE
"continuous","outer",1,5,17,0.25,0.001,4.22710041338241,0.203706134012856,0.0911001526172856,5,5,4.31001005608809,TRUE,FALSE
"continuous","outer",1,5,18,0.5,0.001,4.2241437340179,0.205398881988435,0.0918571725257194,5,5,4.31001005608809,TRUE,FALSE
"continuous","outer",1,5,19,0.75,0.001,4.21893736985363,0.208114788635417,0.0930717629023587,5,3,4.31001005608809,TRUE,FALSE
"continuous","outer",1,5,20,1,0.001,4.21547281273364,0.211391702545971,0.0945372433544412,5,4,4.31001005608809,TRUE,FALSE
"logistic","outer",1,5,1,0,1,0.583976377375017,0.0221891500033198,0.00992328955407256,5,5,0.512839858585065,FALSE,FALSE
"logistic","outer",1,5,2,0.25,1,0.692679840605181,0.000154558200041579,0.0000691205283545962,5,5,0.512839858585065,FALSE,FALSE
"logistic","outer",1,5,3,0.5,1,0.692679840605181,0.000154558200041579,0.0000691205283545962,5,5,0.512839858585065,FALSE,FALSE
"logistic","outer",1,5,4,0.75,1,0.692679840605181,0.000154558200041579,0.0000691205283545962,5,5,0.512839858585065,FALSE,FALSE
"logistic","outer",1,5,5,1,1,0.692679840605181,0.000154558200041579,0.0000691205283545962,5,5,0.512839858585065,FALSE,FALSE
"logistic","outer",1,5,6,0,0.1,0.501166095683543,0.0522507119163904,0.0233672287435614,5,5,0.512839858585065,TRUE,TRUE
"logistic","outer",1,5,7,0.25,0.1,0.523129197770259,0.0406319470094514,0.0181711591142605,5,5,0.512839858585065,FALSE,FALSE
"logistic","outer",1,5,8,0.5,0.1,0.551622340154424,0.0372405878408911,0.0166544971868569,5,5,0.512839858585065,FALSE,FALSE
"logistic","outer",1,5,9,0.75,0.1,0.564177307794182,0.0316770596662611,0.0141664117482153,5,5,0.512839858585065,FALSE,FALSE
"logistic","outer",1,5,10,1,0.1,0.576648425601667,0.0249048975601163,0.0111378087834177,5,5,0.512839858585065,FALSE,FALSE
"logistic","outer",1,5,11,0,0.01,0.504845098629072,0.0661852826845183,0.0295989582385245,5,5,0.512839858585065,TRUE,FALSE
"logistic","outer",1,5,12,0.25,0.01,0.499528081344346,0.0641893851991597,0.028706365747848,5,5,0.512839858585065,TRUE,FALSE
"logistic","outer",1,5,13,0.5,0.01,0.495221729586199,0.0619529204749541,0.0277061883173272,5,5,0.512839858585065,TRUE,FALSE
"logistic","outer",1,5,14,0.75,0.01,0.491013223509636,0.0584044545958847,0.0261192661330396,5,5,0.512839858585065,TRUE,FALSE
"logistic","outer",1,5,15,1,0.01,0.488396328846377,0.0546573941057444,0.0244435297386882,5,5,0.512839858585065,TRUE,FALSE
"logistic","outer",1,5,16,0,0.001,0.514452976642876,0.0671448992971811,0.030028111834175,5,0,0.512839858585065,FALSE,FALSE
"logistic","outer",1,5,17,0.25,0.001,0.513911788146034,0.0665658587102034,0.0297691570113322,5,0,0.512839858585065,FALSE,FALSE
"logistic","outer",1,5,18,0.5,0.001,0.513532912592637,0.0657344247602648,0.0293973284451595,5,0,0.512839858585065,FALSE,FALSE
"logistic","outer",1,5,19,0.75,0.001,0.513811459154463,0.0642731987806532,0.0287438483209794,5,0,0.512839858585065,FALSE,FALSE
"logistic","outer",1,5,20,1,0.001,0.514637218374541,0.0622241323430831,0.0278274779520154,5,0,0.512839858585065,FALSE,FALSE
"continuous","outer",1,6,1,0,1,5.25351933140551,0.255117905812737,0.114092195934934,5,5,4.2357430043689,FALSE,FALSE
"continuous","outer",1,6,2,0.25,1,5.3716908166175,0.25940850216138,0.11601100895485,5,5,4.2357430043689,FALSE,FALSE
"continuous","outer",1,6,3,0.5,1,5.3716908166175,0.25940850216138,0.11601100895485,5,5,4.2357430043689,FALSE,FALSE
"continuous","outer",1,6,4,0.75,1,5.3716908166175,0.25940850216138,0.11601100895485,5,5,4.2357430043689,FALSE,FALSE
"continuous","outer",1,6,5,1,1,5.3716908166175,0.25940850216138,0.11601100895485,5,5,4.2357430043689,FALSE,FALSE
"continuous","outer",1,6,6,0,0.1,4.71198696988291,0.23978720813009,0.107236099502754,5,5,4.2357430043689,FALSE,FALSE
"continuous","outer",1,6,7,0.25,0.1,5.15837632836004,0.251769732341515,0.112594847238511,5,5,4.2357430043689,FALSE,FALSE
"continuous","outer",1,6,8,0.5,0.1,5.3716908166175,0.25940850216138,0.11601100895485,5,5,4.2357430043689,FALSE,FALSE
"continuous","outer",1,6,9,0.75,0.1,5.3716908166175,0.25940850216138,0.11601100895485,5,5,4.2357430043689,FALSE,FALSE
"continuous","outer",1,6,10,1,0.1,5.3716908166175,0.25940850216138,0.11601100895485,5,5,4.2357430043689,FALSE,FALSE
"continuous","outer",1,6,11,0,0.01,4.18026571028983,0.260053779657114,0.116299585823812,5,5,4.2357430043689,TRUE,TRUE
"continuous","outer",1,6,12,0.25,0.01,4.22862047533488,0.254051875088569,0.113615452501865,5,5,4.2357430043689,TRUE,FALSE
"continuous","outer",1,6,13,0.5,0.01,4.28084883333436,0.26629777211307,0.119091984140314,5,5,4.2357430043689,FALSE,FALSE
"continuous","outer",1,6,14,0.75,0.01,4.34705806660829,0.286779477965251,0.128251681456441,5,5,4.2357430043689,FALSE,FALSE
"continuous","outer",1,6,15,1,0.01,4.42125374812909,0.317322304257091,0.141910848619145,5,5,4.2357430043689,FALSE,FALSE
"continuous","outer",1,6,16,0,0.001,4.11607334508299,0.311757439759032,0.139422165558498,5,5,4.2357430043689,TRUE,FALSE
"continuous","outer",1,6,17,0.25,0.001,4.11237722561203,0.308738791510416,0.138072185021685,5,5,4.2357430043689,TRUE,FALSE
"continuous","outer",1,6,18,0.5,0.001,4.10748700288907,0.301883731295292,0.135006508895511,5,5,4.2357430043689,TRUE,FALSE
"continuous","outer",1,6,19,0.75,0.001,4.10435577483473,0.29379077661377,0.131387229534169,5,1,4.2357430043689,TRUE,FALSE
"continuous","outer",1,6,20,1,0.001,4.10700456834189,0.287377468360137,0.128519110891012,5,5,4.2357430043689,TRUE,FALSE
"logistic","outer",1,6,1,0,1,0.578215219658454,0.0118875929721673,0.00531629319492298,5,5,0.491469980381665,FALSE,FALSE
"logistic","outer",1,6,2,0.25,1,0.692679840605181,0.000154558200041579,0.0000691205283545962,5,5,0.491469980381665,FALSE,FALSE
"logistic","outer",1,6,3,0.5,1,0.692679840605181,0.000154558200041579,0.0000691205283545962,5,5,0.491469980381665,FALSE,FALSE
"logistic","outer",1,6,4,0.75,1,0.692679840605181,0.000154558200041579,0.0000691205283545962,5,5,0.491469980381665,FALSE,FALSE
"logistic","outer",1,6,5,1,1,0.692679840605181,0.000154558200041579,0.0000691205283545962,5,5,0.491469980381665,FALSE,FALSE
"logistic","outer",1,6,6,0,0.1,0.481428116497354,0.0311676538791042,0.0139385985545724,5,5,0.491469980381665,TRUE,TRUE
"logistic","outer",1,6,7,0.25,0.1,0.513344528715916,0.0211187502632571,0.00944459223769689,5,5,0.491469980381665,FALSE,FALSE
"logistic","outer",1,6,8,0.5,0.1,0.543378358238864,0.0203931602536911,0.00912009852066004,5,5,0.491469980381665,FALSE,FALSE
"logistic","outer",1,6,9,0.75,0.1,0.555958673856074,0.0193780342603192,0.00866612037527871,5,5,0.491469980381665,FALSE,FALSE
"logistic","outer",1,6,10,1,0.1,0.568874502913299,0.0163838311468309,0.00732707203523847,5,5,0.491469980381665,FALSE,FALSE
"logistic","outer",1,6,11,0,0.01,0.481285919673907,0.0650709723316325,0.0291006234991077,5,5,0.491469980381665,TRUE,FALSE
"logistic","outer",1,6,12,0.25,0.01,0.477461854604249,0.0605613179091905,0.0270838447303851,5,5,0.491469980381665,TRUE,FALSE
"logistic","outer",1,6,13,0.5,0.01,0.473739935745184,0.0564888235672082,0.0252625698930539,5,5,0.491469980381665,TRUE,FALSE
"logistic","outer",1,6,14,0.75,0.01,0.470987841640658,0.0521882563206607,0.0233392977520361,5,5,0.491469980381665,TRUE,FALSE
"logistic","outer",1,6,15,1,0.01,0.470340131866402,0.0472477776344014,0.0211298485152631,5,5,0.491469980381665,TRUE,FALSE
"logistic","outer",1,6,16,0,0.001,0.494621416405593,0.080787878971731,0.0361294378277633,5,0,0.491469980381665,FALSE,FALSE
"logistic","outer",1,6,17,0.25,0.001,0.49420990258468,0.080409502783891,0.0359602228523478,5,0,0.491469980381665,FALSE,FALSE
"logistic","outer",1,6,18,0.5,0.001,0.493724630649574,0.0799598947534128,0.035759152028472,5,0,0.491469980381665,FALSE,FALSE
"logistic","outer",1,6,19,0.75,0.001,0.493309174447111,0.0793824823122582,0.0355009253345768,5,0,0.491469980381665,FALSE,FALSE
"logistic","outer",1,6,20,1,0.001,0.493067913326156,0.078873944657759,0.0352735003816611,5,0,0.491469980381665,FALSE,FALSE
"continuous","outer",1,7,1,0,1,5.21751586020251,0.436008618908542,0.19498898213106,5,5,4.46463776805056,FALSE,FALSE
"continuous","outer",1,7,2,0.25,1,5.33532508436201,0.422173793065627,0.188801859922734,5,5,4.46463776805056,FALSE,FALSE
"continuous","outer",1,7,3,0.5,1,5.33532508436201,0.422173793065627,0.188801859922734,5,5,4.46463776805056,FALSE,FALSE
"continuous","outer",1,7,4,0.75,1,5.33532508436201,0.422173793065627,0.188801859922734,5,5,4.46463776805056,FALSE,FALSE
"continuous","outer",1,7,5,1,1,5.33532508436201,0.422173793065627,0.188801859922734,5,5,4.46463776805056,FALSE,FALSE
"continuous","outer",1,7,6,0,0.1,4.68987759212418,0.495939688595414,0.221790971287885,5,5,4.46463776805056,FALSE,FALSE
"continuous","outer",1,7,7,0.25,0.1,5.11998821577562,0.451152150579125,0.201761375378029,5,5,4.46463776805056,FALSE,FALSE
"continuous","outer",1,7,8,0.5,0.1,5.33532508436201,0.422173793065627,0.188801859922734,5,5,4.46463776805056,FALSE,FALSE
"continuous","outer",1,7,9,0.75,0.1,5.33532508436201,0.422173793065627,0.188801859922734,5,5,4.46463776805056,FALSE,FALSE
"continuous","outer",1,7,10,1,0.1,5.33532508436201,0.422173793065627,0.188801859922734,5,5,4.46463776805056,FALSE,FALSE
"continuous","outer",1,7,11,0,0.01,4.23478042468752,0.513976644887253,0.229857343363034,5,5,4.46463776805056,TRUE,TRUE
"continuous","outer",1,7,12,0.25,0.01,4.27351564847396,0.551205716393676,0.246506690288546,5,5,4.46463776805056,TRUE,FALSE
"continuous","outer",1,7,13,0.5,0.01,4.33257665068025,0.573888659811363,0.256650810970892,5,5,4.46463776805056,TRUE,FALSE
"continuous","outer",1,7,14,0.75,0.01,4.39684143756925,0.579867346689725,0.259324561026133,5,5,4.46463776805056,TRUE,FALSE
"continuous","outer",1,7,15,1,0.01,4.46408748968646,0.576411349768731,0.257778992217058,5,5,4.46463776805056,TRUE,FALSE
"continuous","outer",1,7,16,0,0.001,4.24319664506147,0.529403509175331,0.236756446808595,5,5,4.46463776805056,TRUE,FALSE
"continuous","outer",1,7,17,0.25,0.001,4.23804771476428,0.532260573863614,0.238034164980418,5,5,4.46463776805056,TRUE,FALSE
"continuous","outer",1,7,18,0.5,0.001,4.23727717055347,0.53616420081097,0.239779920023035,5,5,4.46463776805056,TRUE,FALSE
"continuous","outer",1,7,19,0.75,0.001,4.23913611203953,0.538468975651576,0.240810646666321,5,1,4.46463776805056,TRUE,FALSE
"continuous","outer",1,7,20,1,0.001,4.24354296364642,0.538105176521149,0.240647950749163,5,5,4.46463776805056,TRUE,FALSE
"logistic","outer",1,7,1,0,1,0.58072290576323,0.0186740557878006,0.0083512916314291,5,5,0.521868488880741,FALSE,FALSE
"logistic","outer",1,7,2,0.25,1,0.692679840605181,0.000154558200041579,0.0000691205283545962,5,5,0.521868488880741,FALSE,FALSE
"logistic","outer",1,7,3,0.5,1,0.692679840605181,0.000154558200041579,0.0000691205283545962,5,5,0.521868488880741,FALSE,FALSE
"logistic","outer",1,7,4,0.75,1,0.692679840605181,0.000154558200041579,0.0000691205283545962,5,5,0.521868488880741,FALSE,FALSE
"logistic","outer",1,7,5,1,1,0.692679840605181,0.000154558200041579,0.0000691205283545962,5,5,0.521868488880741,FALSE,FALSE
"logistic","outer",1,7,6,0,0.1,0.493435784455961,0.0479558699373345,0.0214465170200037,5,5,0.521868488880741,TRUE,TRUE
"logistic","outer",1,7,7,0.25,0.1,0.524871437574253,0.03880618275866,0.0173546525191288,5,5,0.521868488880741,FALSE,FALSE
"logistic","outer",1,7,8,0.5,0.1,0.547933702285368,0.030302123573426,0.0135515216345559,5,5,0.521868488880741,FALSE,FALSE
"logistic","outer",1,7,9,0.75,0.1,0.558980693323211,0.0243900593269828,0.0109075661260773,5,5,0.521868488880741,FALSE,FALSE
"logistic","outer",1,7,10,1,0.1,0.571693793788614,0.0193725133643618,0.00866365135554722,5,5,0.521868488880741,FALSE,FALSE
"logistic","outer",1,7,11,0,0.01,0.496625128139659,0.0734975868265243,0.0328691200652603,5,5,0.521868488880741,TRUE,FALSE
"logistic","outer",1,7,12,0.25,0.01,0.493710738547602,0.0708740165923617,0.0316958237877937,5,5,0.521868488880741,TRUE,FALSE
"logistic","outer",1,7,13,0.5,0.01,0.492505563580175,0.0687444698338688,0.0307434615251429,5,5,0.521868488880741,TRUE,FALSE
"logistic","outer",1,7,14,0.75,0.01,0.492588035782694,0.0671369626226691,0.0300245624454301,5,5,0.521868488880741,TRUE,FALSE
"logistic","outer",1,7,15,1,0.01,0.49241747618634,0.06585446639089,0.029451012694401,5,5,0.521868488880741,TRUE,FALSE
"logistic","outer",1,7,16,0,0.001,0.512563218049683,0.0889607665287955,0.0397844642577749,5,0,0.521868488880741,TRUE,FALSE
"logistic","outer",1,7,17,0.25,0.001,0.511479373305717,0.0886598025539974,0.0396498690764895,5,0,0.521868488880741,TRUE,FALSE
"logistic","outer",1,7,18,0.5,0.001,0.510473122743666,0.08838356477786,0.0395263317874102,5,0,0.521868488880741,TRUE,FALSE
"logistic","outer",1,7,19,0.75,0.001,0.509374558351708,0.0880549197594426,0.0393793572670806,5,0,0.521868488880741,TRUE,FALSE
"logistic","outer",1,7,20,1,0.001,0.508585311064766,0.0873946877757999,0.0390840925478117,5,0,0.521868488880741,TRUE,FALSE
"continuous","outer",1,8,1,0,1,5.20079636890155,0.366188451912081,0.163764454210165,5,5,4.31830856628025,FALSE,FALSE
"continuous","outer",1,8,2,0.25,1,5.32074903022554,0.360674325096695,0.161298461731014,5,5,4.31830856628025,FALSE,FALSE
"continuous","outer",1,8,3,0.5,1,5.32074903022554,0.360674325096695,0.161298461731014,5,5,4.31830856628025,FALSE,FALSE
"continuous","outer",1,8,4,0.75,1,5.32074903022554,0.360674325096695,0.161298461731014,5,5,4.31830856628025,FALSE,FALSE
"continuous","outer",1,8,5,1,1,5.32074903022554,0.360674325096695,0.161298461731014,5,5,4.31830856628025,FALSE,FALSE
"continuous","outer",1,8,6,0,0.1,4.64380048305005,0.402562371840023,0.180031365723568,5,5,4.31830856628025,FALSE,FALSE
"continuous","outer",1,8,7,0.25,0.1,5.0993098028786,0.37624397321697,0.168261420047551,5,5,4.31830856628025,FALSE,FALSE
"continuous","outer",1,8,8,0.5,0.1,5.32074903022554,0.360674325096695,0.161298461731014,5,5,4.31830856628025,FALSE,FALSE
"continuous","outer",1,8,9,0.75,0.1,5.32074903022554,0.360674325096695,0.161298461731014,5,5,4.31830856628025,FALSE,FALSE
"continuous","outer",1,8,10,1,0.1,5.32074903022554,0.360674325096695,0.161298461731014,5,5,4.31830856628025,FALSE,FALSE
"continuous","outer",1,8,11,0,0.01,4.12100038088144,0.4506091948901,0.201518558212143,5,5,4.31830856628025,TRUE,TRUE
"continuous","outer",1,8,12,0.25,0.01,4.16989809391636,0.467282768278758,0.208975206917117,5,5,4.31830856628025,TRUE,FALSE
"continuous","outer",1,8,13,0.5,0.01,4.24575546289054,0.486028902002047,0.217358732781232,5,5,4.31830856628025,TRUE,FALSE
"continuous","outer",1,8,14,0.75,0.01,4.32938810874097,0.49270666724158,0.220345120183908,5,5,4.31830856628025,FALSE,FALSE
"continuous","outer",1,8,15,1,0.01,4.40261790164359,0.486901766546214,0.217749089672413,5,5,4.31830856628025,FALSE,FALSE
"continuous","outer",1,8,16,0,0.001,4.09070699111787,0.512191499874147,0.229059002243234,5,5,4.31830856628025,TRUE,FALSE
"continuous","outer",1,8,17,0.25,0.001,4.0893616182362,0.511940939067624,0.228946948044057,5,5,4.31830856628025,TRUE,FALSE
"continuous","outer",1,8,18,0.5,0.001,4.09036946586377,0.512708070973463,0.22929001986189,5,5,4.31830856628025,TRUE,FALSE
"continuous","outer",1,8,19,0.75,0.001,4.09286233744441,0.512452907161818,0.229175907136243,5,2,4.31830856628025,TRUE,FALSE
"continuous","outer",1,8,20,1,0.001,4.09334894426331,0.513909492077179,0.229827311713392,5,5,4.31830856628025,TRUE,FALSE
"logistic","outer",1,8,1,0,1,0.576406278984427,0.0103494499106466,0.004628414705987,5,5,0.473920410578165,FALSE,FALSE
"logistic","outer",1,8,2,0.25,1,0.692624627826332,0.000165106917391458,0.0000738380581685485,5,5,0.473920410578165,FALSE,FALSE
"logistic","outer",1,8,3,0.5,1,0.692624627826332,0.000165106917391458,0.0000738380581685485,5,5,0.473920410578165,FALSE,FALSE
"logistic","outer",1,8,4,0.75,1,0.692624627826332,0.000165106917391458,0.0000738380581685485,5,5,0.473920410578165,FALSE,FALSE
"logistic","outer",1,8,5,1,1,0.692624627826332,0.000165106917391458,0.0000738380581685485,5,5,0.473920410578165,FALSE,FALSE
"logistic","outer",1,8,6,0,0.1,0.478474441469419,0.0217565605572768,0.00972982967253234,5,5,0.473920410578165,FALSE,FALSE
"logistic","outer",1,8,7,0.25,0.1,0.50926747998361,0.0197062830556649,0.0088129176992638,5,5,0.473920410578165,FALSE,FALSE
"logistic","outer",1,8,8,0.5,0.1,0.538260187328501,0.0141275337941248,0.00631802518361771,5,5,0.473920410578165,FALSE,FALSE
"logistic","outer",1,8,9,0.75,0.1,0.552819978711455,0.0116658362502379,0.00521712057398264,5,5,0.473920410578165,FALSE,FALSE
"logistic","outer",1,8,10,1,0.1,0.566494342823949,0.00897465509410465,0.00401358777300655,5,5,0.473920410578165,FALSE,FALSE
"logistic","outer",1,8,11,0,0.01,0.47887073775901,0.0279177885905274,0.0124852146139775,5,5,0.473920410578165,FALSE,FALSE
"logistic","outer",1,8,12,0.25,0.01,0.474181388184493,0.0254285676607809,0.0113720011719918,5,5,0.473920410578165,FALSE,FALSE
"logistic","outer",1,8,13,0.5,0.01,0.470401941068379,0.0236335336237838,0.0105692375462615,5,5,0.473920410578165,TRUE,TRUE
"logistic","outer",1,8,14,0.75,0.01,0.466310363133394,0.0217805527380287,0.00974055930195025,5,5,0.473920410578165,TRUE,FALSE
"logistic","outer",1,8,15,1,0.01,0.464645944054172,0.0207383376026945,0.00927446652399299,5,5,0.473920410578165,TRUE,FALSE
"logistic","outer",1,8,16,0,0.001,0.493525431130231,0.0340272255715867,0.0152174378927574,5,0,0.473920410578165,FALSE,FALSE
"logistic","outer",1,8,17,0.25,0.001,0.492552435878244,0.0334856019817718,0.0149752164597487,5,0,0.473920410578165,FALSE,FALSE
"logistic","outer",1,8,18,0.5,0.001,0.491761012159669,0.033077217424969,0.0147925813337543,5,0,0.473920410578165,FALSE,FALSE
"logistic","outer",1,8,19,0.75,0.001,0.491266835800176,0.0326428889412712,0.0145983437309317,5,0,0.473920410578165,FALSE,FALSE
"logistic","outer",1,8,20,1,0.001,0.49105917485083,0.0319708269063555,0.014297788451898,5,0,0.473920410578165,FALSE,FALSE
"continuous","outer",1,9,1,0,1,5.28136408922767,0.637464959029241,0.2850829963327,5,5,4.36647031983455,FALSE,FALSE
"continuous","outer",1,9,2,0.25,1,5.39979703737515,0.656031595944533,0.29338624878393,5,5,4.36647031983455,FALSE,FALSE
"continuous","outer",1,9,3,0.5,1,5.39979703737515,0.656031595944533,0.29338624878393,5,5,4.36647031983455,FALSE,FALSE
"continuous","outer",1,9,4,0.75,1,5.39979703737515,0.656031595944533,0.29338624878393,5,5,4.36647031983455,FALSE,FALSE
"continuous","outer",1,9,5,1,1,5.39979703737515,0.656031595944533,0.29338624878393,5,5,4.36647031983455,FALSE,FALSE
"continuous","outer",1,9,6,0,0.1,4.74139776510194,0.548451102102086,0.245274789326989,5,5,4.36647031983455,FALSE,FALSE
"continuous","outer",1,9,7,0.25,0.1,5.18860298542041,0.614448059993066,0.274789526157473,5,5,4.36647031983455,FALSE,FALSE
"continuous","outer",1,9,8,0.5,0.1,5.39979703737515,0.656031595944533,0.29338624878393,5,5,4.36647031983455,FALSE,FALSE
"continuous","outer",1,9,9,0.75,0.1,5.39979703737515,0.656031595944533,0.29338624878393,5,5,4.36647031983455,FALSE,FALSE
"continuous","outer",1,9,10,1,0.1,5.39979703737515,0.656031595944533,0.29338624878393,5,5,4.36647031983455,FALSE,FALSE
"continuous","outer",1,9,11,0,0.01,4.25167367885196,0.396140899750675,0.177159596102088,5,5,4.36647031983455,TRUE,TRUE
"continuous","outer",1,9,12,0.25,0.01,4.27612639864956,0.425399869322581,0.190244605084964,5,5,4.36647031983455,TRUE,FALSE
"continuous","outer",1,9,13,0.5,0.01,4.34223342009054,0.455268216764292,0.203602136136013,5,5,4.36647031983455,TRUE,FALSE
"continuous","outer",1,9,14,0.75,0.01,4.41610974416791,0.455607515833077,0.203753875292514,5,5,4.36647031983455,FALSE,FALSE
"continuous","outer",1,9,15,1,0.01,4.49092258296564,0.435545687571671,0.194781952943428,5,5,4.36647031983455,FALSE,FALSE
"continuous","outer",1,9,16,0,0.001,4.24431766039118,0.283251000577825,0.12667369839737,5,5,4.36647031983455,TRUE,FALSE
"continuous","outer",1,9,17,0.25,0.001,4.23748210958303,0.291810744937427,0.130501732448988,5,5,4.36647031983455,TRUE,FALSE
"continuous","outer",1,9,18,0.5,0.001,4.23374332993939,0.296786571854502,0.132726989895158,5,5,4.36647031983455,TRUE,FALSE
"continuous","outer",1,9,19,0.75,0.001,4.23465607171805,0.301501996113969,0.134835791732543,5,1,4.36647031983455,TRUE,FALSE
"continuous","outer",1,9,20,1,0.001,4.23799827258333,0.307289057155426,0.13742384410827,5,5,4.36647031983455,TRUE,FALSE
"logistic","outer",1,9,1,0,1,0.57608731364546,0.01514844619698,0.00677459108998908,5,5,0.498297782244767,FALSE,FALSE
"logistic","outer",1,9,2,0.25,1,0.692683447702587,0.000148862115084355,0.0000665731617206029,5,5,0.498297782244767,FALSE,FALSE
"logistic","outer",1,9,3,0.5,1,0.692683447702587,0.000148862115084355,0.0000665731617206029,5,5,0.498297782244767,FALSE,FALSE
"logistic","outer",1,9,4,0.75,1,0.692683447702587,0.000148862115084355,0.0000665731617206029,5,5,0.498297782244767,FALSE,FALSE
"logistic","outer",1,9,5,1,1,0.692683447702587,0.000148862115084355,0.0000665731617206029,5,5,0.498297782244767,FALSE,FALSE
"logistic","outer",1,9,6,0,0.1,0.486437667063057,0.0265200237672815,0.0118601151817103,5,5,0.498297782244767,TRUE,TRUE
"logistic","outer",1,9,7,0.25,0.1,0.5134742109001,0.0307060053733207,0.0137321430664438,5,5,0.498297782244767,FALSE,FALSE
"logistic","outer",1,9,8,0.5,0.1,0.539389320078378,0.0270881777243882,0.0121142013556655,5,5,0.498297782244767,FALSE,FALSE
"logistic","outer",1,9,9,0.75,0.1,0.551549254905664,0.0235964037809041,0.0105526325757269,5,5,0.498297782244767,FALSE,FALSE
"logistic","outer",1,9,10,1,0.1,0.564783916700003,0.0204054965618008,0.00912561548536494,5,5,0.498297782244767,FALSE,FALSE
"logistic","outer",1,9,11,0,0.01,0.497466966269391,0.0394259650773907,0.0176318275983157,5,5,0.498297782244767,TRUE,FALSE
"logistic","outer",1,9,12,0.25,0.01,0.49355717204644,0.0380166853875573,0.0170015785611602,5,5,0.498297782244767,TRUE,FALSE
"logistic","outer",1,9,13,0.5,0.01,0.49013590931797,0.0365557213211853,0.0163482155681418,5,5,0.498297782244767,TRUE,FALSE
"logistic","outer",1,9,14,0.75,0.01,0.48777145022166,0.0357428106603387,0.0159846708686843,5,5,0.498297782244767,TRUE,FALSE
"logistic","outer",1,9,15,1,0.01,0.486568048564712,0.0360089725963808,0.0161037021050869,5,5,0.498297782244767,TRUE,FALSE
"logistic","outer",1,9,16,0,0.001,0.513727666108678,0.0411529721332542,0.0184041686332222,5,0,0.498297782244767,FALSE,FALSE
"logistic","outer",1,9,17,0.25,0.001,0.512770317972461,0.0410027989193914,0.0183370091303028,5,0,0.498297782244767,FALSE,FALSE
"logistic","outer",1,9,18,0.5,0.001,0.511895418114516,0.0406142632382281,0.0181632506913497,5,0,0.498297782244767,FALSE,FALSE
"logistic","outer",1,9,19,0.75,0.001,0.510870326647516,0.0401071877999191,0.0179364796613939,5,0,0.498297782244767,FALSE,FALSE
"logistic","outer",1,9,20,1,0.001,0.510119790653244,0.0396868451885896,0.0177484967308394,5,0,0.498297782244767,FALSE,FALSE
"continuous","outer",1,10,1,0,1,5.17257152866324,0.350965685456609,0.156956626090157,5,5,4.37955030590416,FALSE,FALSE
"continuous","outer",1,10,2,0.25,1,5.28824710433331,0.361305669082771,0.161580807345024,5,5,4.37955030590416,FALSE,FALSE
"continuous","outer",1,10,3,0.5,1,5.28824710433331,0.361305669082771,0.161580807345024,5,5,4.37955030590416,FALSE,FALSE
"continuous","outer",1,10,4,0.75,1,5.28824710433331,0.361305669082771,0.161580807345024,5,5,4.37955030590416,FALSE,FALSE
"continuous","outer",1,10,5,1,1,5.28824710433331,0.361305669082771,0.161580807345024,5,5,4.37955030590416,FALSE,FALSE
"continuous","outer",1,10,6,0,0.1,4.66462547457934,0.320553174704382,0.143355737808473,5,5,4.37955030590416,FALSE,FALSE
"continuous","outer",1,10,7,0.25,0.1,5.07621487694416,0.355643042305669,0.159048403664062,5,5,4.37955030590416,FALSE,FALSE
"continuous","outer",1,10,8,0.5,0.1,5.28824710433331,0.361305669082771,0.161580807345024,5,5,4.37955030590416,FALSE,FALSE
"continuous","outer",1,10,9,0.75,0.1,5.28824710433331,0.361305669082771,0.161580807345024,5,5,4.37955030590416,FALSE,FALSE
"continuous","outer",1,10,10,1,0.1,5.28824710433331,0.361305669082771,0.161580807345024,5,5,4.37955030590416,FALSE,FALSE
"continuous","outer",1,10,11,0,0.01,4.2555453650832,0.277283477221502,0.124004940820958,5,5,4.37955030590416,TRUE,TRUE
"continuous","outer",1,10,12,0.25,0.01,4.29141313728775,0.303694451252236,0.135816287477899,5,5,4.37955030590416,TRUE,FALSE
"continuous","outer",1,10,13,0.5,0.01,4.34753924199685,0.334849608599473,0.149749297413524,5,5,4.37955030590416,TRUE,FALSE
"continuous","outer",1,10,14,0.75,0.01,4.40037284125451,0.357742472672248,0.159987297466801,5,5,4.37955030590416,FALSE,FALSE
"continuous","outer",1,10,15,1,0.01,4.44542858667297,0.380218754545051,0.170038996296608,5,5,4.37955030590416,FALSE,FALSE
"continuous","outer",1,10,16,0,0.001,4.29594503246998,0.247001687941566,0.110462512958906,5,5,4.37955030590416,TRUE,FALSE
"continuous","outer",1,10,17,0.25,0.001,4.29162590982913,0.248613154351783,0.111183182646247,5,5,4.37955030590416,TRUE,FALSE
"continuous","outer",1,10,18,0.5,0.001,4.28442457770434,0.254113873929246,0.113643179226321,5,5,4.37955030590416,TRUE,FALSE
"continuous","outer",1,10,19,0.75,0.001,4.27681255504508,0.257991740833239,0.115377414027326,5,5,4.37955030590416,TRUE,FALSE
"continuous","outer",1,10,20,1,0.001,4.27365780864915,0.258001991438506,0.115381998237364,5,5,4.37955030590416,TRUE,FALSE
"logistic","outer",1,10,1,0,1,0.579822658903449,0.0242048247857007,0.0108247267208597,5,5,0.506396950251774,FALSE,FALSE
"logistic","outer",1,10,2,0.25,1,0.692683447702587,0.000148862115084355,0.0000665731617206029,5,5,0.506396950251774,FALSE,FALSE
"logistic","outer",1,10,3,0.5,1,0.692683447702587,0.000148862115084355,0.0000665731617206029,5,5,0.506396950251774,FALSE,FALSE
"logistic","outer",1,10,4,0.75,1,0.692683447702587,0.000148862115084355,0.0000665731617206029,5,5,0.506396950251774,FALSE,FALSE
"logistic","outer",1,10,5,1,1,0.692683447702587,0.000148862115084355,0.0000665731617206029,5,5,0.506396950251774,FALSE,FALSE
"logistic","outer",1,10,6,0,0.1,0.494587240419145,0.0353273688384549,0.0157988796377986,5,5,0.506396950251774,TRUE,TRUE
"logistic","outer",1,10,7,0.25,0.1,0.520949431960053,0.040828526136014,0.0182590719722508,5,5,0.506396950251774,FALSE,FALSE
"logistic","outer",1,10,8,0.5,0.1,0.549659568450006,0.0420024151275218,0.0187840510888609,5,5,0.506396950251774,FALSE,FALSE
"logistic","outer",1,10,9,0.75,0.1,0.561459263065712,0.0376405300858797,0.0168333567962306,5,5,0.506396950251774,FALSE,FALSE
"logistic","outer",1,10,10,1,0.1,0.57403585997872,0.0322370689984738,0.0144168555351877,5,5,0.506396950251774,FALSE,FALSE
"logistic","outer",1,10,11,0,0.01,0.496196277294676,0.035024380458433,0.0156633791149743,5,5,0.506396950251774,TRUE,FALSE
"logistic","outer",1,10,12,0.25,0.01,0.49355042811643,0.0367363282289974,0.0164289854327565,5,5,0.506396950251774,TRUE,FALSE
"logistic","outer",1,10,13,0.5,0.01,0.491480694864185,0.0372419351199303,0.0166550997083602,5,5,0.506396950251774,TRUE,FALSE
"logistic","outer",1,10,14,0.75,0.01,0.490286205846793,0.0374195516700019,0.016734532244338,5,5,0.506396950251774,TRUE,FALSE
"logistic","outer",1,10,15,1,0.01,0.489291211957413,0.0382495936315129,0.0171057382943612,5,5,0.506396950251774,TRUE,FALSE
"logistic","outer",1,10,16,0,0.001,0.509243036437846,0.0333914767050574,0.0149331223563218,5,0,0.506396950251774,FALSE,FALSE
"logistic","outer",1,10,17,0.25,0.001,0.508577161002779,0.0331257354107526,0.0148142792366229,5,0,0.506396950251774,FALSE,FALSE
"logistic","outer",1,10,18,0.5,0.001,0.508120739437471,0.0328982647214925,0.0147125512518081,5,0,0.506396950251774,FALSE,FALSE
"logistic","outer",1,10,19,0.75,0.001,0.507840951908195,0.0326327900333758,0.0145938273620212,5,0,0.506396950251774,FALSE,FALSE
"logistic","outer",1,10,20,1,0.001,0.507664285480673,0.0324766877295585,0.0145240162894652,5,0,0.506396950251774,FALSE,FALSE
"continuous","outer",2,1,1,0,1,5.1973202049892,0.486226924201555,0.217447291001063,5,5,4.24697494908033,FALSE,FALSE
"continuous","outer",2,1,2,0.25,1,5.31212730816168,0.497942322733827,0.222686576501395,5,5,4.24697494908033,FALSE,FALSE
"continuous","outer",2,1,3,0.5,1,5.31212730816168,0.497942322733827,0.222686576501395,5,5,4.24697494908033,FALSE,FALSE
"continuous","outer",2,1,4,0.75,1,5.31212730816168,0.497942322733827,0.222686576501395,5,5,4.24697494908033,FALSE,FALSE
"continuous","outer",2,1,5,1,1,5.31212730816168,0.497942322733827,0.222686576501395,5,5,4.24697494908033,FALSE,FALSE
"continuous","outer",2,1,6,0,0.1,4.66623568106417,0.432058454438856,0.193222414875755,5,5,4.24697494908033,FALSE,FALSE
"continuous","outer",2,1,7,0.25,0.1,5.10075875300358,0.485620380921671,0.21717603660004,5,5,4.24697494908033,FALSE,FALSE
"continuous","outer",2,1,8,0.5,0.1,5.31212730816168,0.497942322733827,0.222686576501395,5,5,4.24697494908033,FALSE,FALSE
"continuous","outer",2,1,9,0.75,0.1,5.31212730816168,0.497942322733827,0.222686576501395,5,5,4.24697494908033,FALSE,FALSE
"continuous","outer",2,1,10,1,0.1,5.31212730816168,0.497942322733827,0.222686576501395,5,5,4.24697494908033,FALSE,FALSE
"continuous","outer",2,1,11,0,0.01,4.14475973684037,0.354742332989812,0.158645594212417,5,5,4.24697494908033,TRUE,TRUE
"continuous","outer",2,1,12,0.25,0.01,4.19579024188956,0.362737423544298,0.162221107405636,5,5,4.24697494908033,TRUE,FALSE
"continuous","outer",2,1,13,0.5,0.01,4.27217007971648,0.380011866521824,0.169946473159875,5,5,4.24697494908033,FALSE,FALSE
"continuous","outer",2,1,14,0.75,0.01,4.34819925675525,0.380226112268401,0.170042286770522,5,5,4.24697494908033,FALSE,FALSE
"continuous","outer",2,1,15,1,0.01,4.42597045346363,0.397294838308645,0.177675653113584,5,5,4.24697494908033,FALSE,FALSE
"continuous","outer",2,1,16,0,0.001,4.09728908767446,0.360548645400693,0.161242256062283,5,5,4.24697494908033,TRUE,FALSE
"continuous","outer",2,1,17,0.25,0.001,4.0923090024223,0.360843576578146,0.161374153294577,5,5,4.24697494908033,TRUE,FALSE
"continuous","outer",2,1,18,0.5,0.001,4.09106151272745,0.359019386879499,0.160558350860571,5,5,4.24697494908033,TRUE,FALSE
"continuous","outer",2,1,19,0.75,0.001,4.08888258669975,0.353505269006495,0.158092362380574,5,1,4.24697494908033,TRUE,FALSE
"continuous","outer",2,1,20,1,0.001,4.08989353107119,0.350973865314723,0.156960284233915,5,5,4.24697494908033,TRUE,FALSE
"logistic","outer",2,1,1,0,1,0.58116964320865,0.0197053369666668,0.0088124945954013,5,5,0.50297147607779,FALSE,FALSE
"logistic","outer",2,1,2,0.25,1,0.692679840605181,0.000154558200041579,0.0000691205283545962,5,5,0.50297147607779,FALSE,FALSE
"logistic","outer",2,1,3,0.5,1,0.692679840605181,0.000154558200041579,0.0000691205283545962,5,5,0.50297147607779,FALSE,FALSE
"logistic","outer",2,1,4,0.75,1,0.692679840605181,0.000154558200041579,0.0000691205283545962,5,5,0.50297147607779,FALSE,FALSE
"logistic","outer",2,1,5,1,1,0.692679840605181,0.000154558200041579,0.0000691205283545962,5,5,0.50297147607779,FALSE,FALSE
"logistic","outer",2,1,6,0,0.1,0.484174197119072,0.0552755781684676,0.0247199900560594,5,5,0.50297147607779,TRUE,TRUE
"logistic","outer",2,1,7,0.25,0.1,0.51461739249139,0.0458680805034458,0.0205128292006275,5,5,0.50297147607779,FALSE,FALSE
"logistic","outer",2,1,8,0.5,0.1,0.545913702547439,0.0357206750595746,0.015974771527078,5,5,0.50297147607779,FALSE,FALSE
"logistic","outer",2,1,9,0.75,0.1,0.559201393045974,0.0292751237836688,0.0130922333660009,5,5,0.50297147607779,FALSE,FALSE
"logistic","outer",2,1,10,1,0.1,0.572007639654869,0.0247057154340167,0.0110487318286454,5,5,0.50297147607779,FALSE,FALSE
"logistic","outer",2,1,11,0,0.01,0.480094432079207,0.0960499784502098,0.0429548562104118,5,5,0.50297147607779,TRUE,FALSE
"logistic","outer",2,1,12,0.25,0.01,0.474542928814407,0.0887648785245767,0.0396968604790929,5,5,0.50297147607779,TRUE,FALSE
"logistic","outer",2,1,13,0.5,0.01,0.471143510360445,0.0839056073585894,0.0375237283494425,5,5,0.50297147607779,TRUE,FALSE
"logistic","outer",2,1,14,0.75,0.01,0.469181234080966,0.0798811540970142,0.0357239381364119,5,5,0.50297147607779,TRUE,FALSE
"logistic","outer",2,1,15,1,0.01,0.468369628700873,0.077372082881859,0.0346018473769169,5,5,0.50297147607779,TRUE,FALSE
"logistic","outer",2,1,16,0,0.001,0.492299922679426,0.116833634655185,0.0522495898294739,5,0,0.50297147607779,TRUE,FALSE
"logistic","outer",2,1,17,0.25,0.001,0.491321199693258,0.116193616470282,0.0519633649958181,5,0,0.50297147607779,TRUE,FALSE
"logistic","outer",2,1,18,0.5,0.001,0.490281955757278,0.115638136395464,0.0517149467543299,5,0,0.50297147607779,TRUE,FALSE
"logistic","outer",2,1,19,0.75,0.001,0.489309643130925,0.115193220291208,0.0515159742236497,5,0,0.50297147607779,TRUE,FALSE
"logistic","outer",2,1,20,1,0.001,0.488470464051025,0.114676264318761,0.0512847844844968,5,0,0.50297147607779,TRUE,FALSE
"continuous","outer",2,2,1,0,1,5.18403665946133,0.458863192030187,0.205209857950407,5,5,4.33927258127046,FALSE,FALSE
"continuous","outer",2,2,2,0.25,1,5.30089063961439,0.457931533983243,0.204793207805457,5,5,4.33927258127046,FALSE,FALSE
"continuous","outer",2,2,3,0.5,1,5.30089063961439,0.457931533983243,0.204793207805457,5,5,4.33927258127046,FALSE,FALSE
"continuous","outer",2,2,4,0.75,1,5.30089063961439,0.457931533983243,0.204793207805457,5,5,4.33927258127046,FALSE,FALSE
"continuous","outer",2,2,5,1,1,5.30089063961439,0.457931533983243,0.204793207805457,5,5,4.33927258127046,FALSE,FALSE
"continuous","outer",2,2,6,0,0.1,4.65436152654591,0.482520612676487,0.215789778097894,5,5,4.33927258127046,FALSE,FALSE
"continuous","outer",2,2,7,0.25,0.1,5.08431707303222,0.474021206556838,0.211988728127512,5,5,4.33927258127046,FALSE,FALSE
"continuous","outer",2,2,8,0.5,0.1,5.30089063961439,0.457931533983243,0.204793207805457,5,5,4.33927258127046,FALSE,FALSE
"continuous","outer",2,2,9,0.75,0.1,5.30089063961439,0.457931533983243,0.204793207805457,5,5,4.33927258127046,FALSE,FALSE
"continuous","outer",2,2,10,1,0.1,5.30089063961439,0.457931533983243,0.204793207805457,5,5,4.33927258127046,FALSE,FALSE
"continuous","outer",2,2,11,0,0.01,4.17354188041638,0.496030529602632,0.221831596621341,5,5,4.33927258127046,TRUE,TRUE
"continuous","outer",2,2,12,0.25,0.01,4.21179907050479,0.512246288482349,0.2290835044537,5,5,4.33927258127046,TRUE,FALSE
"continuous","outer",2,2,13,0.5,0.01,4.26470778601559,0.53436017952993,0.238973137179583,5,5,4.33927258127046,TRUE,FALSE
"continuous","outer",2,2,14,0.75,0.01,4.34351126260901,0.557897669627972,0.249499422755373,5,5,4.33927258127046,FALSE,FALSE
"continuous","outer",2,2,15,1,0.01,4.40562965629759,0.585632357471791,0.261902752226076,5,5,4.33927258127046,FALSE,FALSE
"continuous","outer",2,2,16,0,0.001,4.13890680229267,0.46644970221848,0.208602648449011,5,5,4.33927258127046,TRUE,FALSE
"continuous","outer",2,2,17,0.25,0.001,4.13126669660453,0.4747110296403,0.212297226388926,5,5,4.33927258127046,TRUE,FALSE
"continuous","outer",2,2,18,0.5,0.001,4.12405841938826,0.481928667208802,0.215525052036951,5,5,4.33927258127046,TRUE,FALSE
"continuous","outer",2,2,19,0.75,0.001,4.12113334772652,0.486555608006874,0.217594282867422,5,1,4.33927258127046,TRUE,FALSE
"continuous","outer",2,2,20,1,0.001,4.11984050447212,0.49066504016504,0.219432076798339,5,5,4.33927258127046,TRUE,FALSE
"logistic","outer",2,2,1,0,1,0.580278808696441,0.02873561101734,0.0128509559219528,5,5,0.515719876699877,FALSE,FALSE
"logistic","outer",2,2,2,0.25,1,0.692679840605181,0.000154558200041579,0.0000691205283545962,5,5,0.515719876699877,FALSE,FALSE
"logistic","outer",2,2,3,0.5,1,0.692679840605181,0.000154558200041579,0.0000691205283545962,5,5,0.515719876699877,FALSE,FALSE
"logistic","outer",2,2,4,0.75,1,0.692679840605181,0.000154558200041579,0.0000691205283545962,5,5,0.515719876699877,FALSE,FALSE
"logistic","outer",2,2,5,1,1,0.692679840605181,0.000154558200041579,0.0000691205283545962,5,5,0.515719876699877,FALSE,FALSE
"logistic","outer",2,2,6,0,0.1,0.489715247432597,0.0585016193912805,0.0261627195505446,5,5,0.515719876699877,TRUE,TRUE
"logistic","outer",2,2,7,0.25,0.1,0.518685967747161,0.0541196258585879,0.0242030324673316,5,5,0.515719876699877,FALSE,FALSE
"logistic","outer",2,2,8,0.5,0.1,0.545697573548549,0.0471981482657436,0.0211076535868633,5,5,0.515719876699877,FALSE,FALSE
"logistic","outer",2,2,9,0.75,0.1,0.55754090786954,0.041644938445479,0.0186241826565771,5,5,0.515719876699877,FALSE,FALSE
"logistic","outer",2,2,10,1,0.1,0.570783344681441,0.0347714561187597,0.0155502679116395,5,5,0.515719876699877,FALSE,FALSE
"logistic","outer",2,2,11,0,0.01,0.491767263274637,0.0840809252380958,0.037602132888692,5,5,0.515719876699877,TRUE,FALSE
"logistic","outer",2,2,12,0.25,0.01,0.488335315336704,0.081064113776369,0.0362529737879476,5,5,0.515719876699877,TRUE,FALSE
"logistic","outer",2,2,13,0.5,0.01,0.485919951164611,0.079111376766153,0.0353796832485431,5,5,0.515719876699877,TRUE,FALSE
"logistic","outer",2,2,14,0.75,0.01,0.483562255208011,0.0772248203395953,0.0345359895659087,5,5,0.515719876699877,TRUE,FALSE
"logistic","outer",2,2,15,1,0.01,0.48230552638833,0.0747167587206112,0.0334143503115474,5,5,0.515719876699877,TRUE,FALSE
"logistic","outer",2,2,16,0,0.001,0.507812657446808,0.0960615911239422,0.042960049555985,5,0,0.515719876699877,TRUE,FALSE
"logistic","outer",2,2,17,0.25,0.001,0.506662711331894,0.0958024636860985,0.0428441642428143,5,0,0.515719876699877,TRUE,FALSE
"logistic","outer",2,2,18,0.5,0.001,0.505615506284097,0.0955486883120814,0.0427306724453507,5,0,0.515719876699877,TRUE,FALSE
"logistic","outer",2,2,19,0.75,0.001,0.504677595056121,0.0953887640588518,0.0426591521450563,5,0,0.515719876699877,TRUE,FALSE
"logistic","outer",2,2,20,1,0.001,0.504462908434771,0.0960560857760904,0.0429575874895777,5,0,0.515719876699877,TRUE,FALSE
"continuous","outer",2,3,1,0,1,5.25748319356448,0.341715947989009,0.152820017739841,5,5,4.31318188784557,FALSE,FALSE
"continuous","outer",2,3,2,0.25,1,5.37599420707376,0.351182274360018,0.157053487592397,5,5,4.31318188784557,FALSE,FALSE
"continuous","outer",2,3,3,0.5,1,5.37599420707376,0.351182274360018,0.157053487592397,5,5,4.31318188784557,FALSE,FALSE
"continuous","outer",2,3,4,0.75,1,5.37599420707376,0.351182274360018,0.157053487592397,5,5,4.31318188784557,FALSE,FALSE
"continuous","outer",2,3,5,1,1,5.37599420707376,0.351182274360018,0.157053487592397,5,5,4.31318188784557,FALSE,FALSE
"continuous","outer",2,3,6,0,0.1,4.72441611087285,0.295709488523608,0.132245303586096,5,5,4.31318188784557,FALSE,FALSE
"continuous","outer",2,3,7,0.25,0.1,5.15936259443562,0.334785822418016,0.149720771365972,5,5,4.31318188784557,FALSE,FALSE
"continuous","outer",2,3,8,0.5,0.1,5.37599420707376,0.351182274360018,0.157053487592397,5,5,4.31318188784557,FALSE,FALSE
"continuous","outer",2,3,9,0.75,0.1,5.37599420707376,0.351182274360018,0.157053487592397,5,5,4.31318188784557,FALSE,FALSE
"continuous","outer",2,3,10,1,0.1,5.37599420707376,0.351182274360018,0.157053487592397,5,5,4.31318188784557,FALSE,FALSE
"continuous","outer",2,3,11,0,0.01,4.26393931649562,0.194830442186416,0.0871308225630336,5,5,4.31318188784557,TRUE,TRUE
"continuous","outer",2,3,12,0.25,0.01,4.30352447250493,0.213839948416127,0.0956321321927018,5,5,4.31318188784557,TRUE,FALSE
"continuous","outer",2,3,13,0.5,0.01,4.3521899504153,0.225192261006759,0.100709040723598,5,5,4.31318188784557,FALSE,FALSE
"continuous","outer",2,3,14,0.75,0.01,4.41661211428143,0.25727928223144,0.115058792854371,5,5,4.31318188784557,FALSE,FALSE
"continuous","outer",2,3,15,1,0.01,4.49043478691449,0.290891635251848,0.130090694101841,5,5,4.31318188784557,FALSE,FALSE
"continuous","outer",2,3,16,0,0.001,4.26000831794742,0.148785861189485,0.0665390599421071,5,5,4.31318188784557,TRUE,FALSE
"continuous","outer",2,3,17,0.25,0.001,4.25289396718216,0.149498898114246,0.0668579397489537,5,5,4.31318188784557,TRUE,FALSE
"continuous","outer",2,3,18,0.5,0.001,4.24781944005823,0.151403059901747,0.0677095067883557,5,5,4.31318188784557,TRUE,FALSE
"continuous","outer",2,3,19,0.75,0.001,4.24586323588027,0.152828792422176,0.0683471137550381,5,0,4.31318188784557,TRUE,FALSE
"continuous","outer",2,3,20,1,0.001,4.24457764912055,0.153403741333773,0.0686042387250223,5,5,4.31318188784557,TRUE,FALSE
"logistic","outer",2,3,1,0,1,0.577821268811441,0.0136993755180262,0.00612654698152061,5,5,0.489233760699996,FALSE,FALSE
"logistic","outer",2,3,2,0.25,1,0.692679840605181,0.000154558200041579,0.0000691205283545962,5,5,0.489233760699996,FALSE,FALSE
"logistic","outer",2,3,3,0.5,1,0.692679840605181,0.000154558200041579,0.0000691205283545962,5,5,0.489233760699996,FALSE,FALSE
"logistic","outer",2,3,4,0.75,1,0.692679840605181,0.000154558200041579,0.0000691205283545962,5,5,0.489233760699996,FALSE,FALSE
"logistic","outer",2,3,5,1,1,0.692679840605181,0.000154558200041579,0.0000691205283545962,5,5,0.489233760699996,FALSE,FALSE
"logistic","outer",2,3,6,0,0.1,0.484337159937887,0.0337531817890305,0.015094881787436,5,5,0.489233760699996,TRUE,TRUE
"logistic","outer",2,3,7,0.25,0.1,0.511304524246416,0.0249389337904408,0.0111530302483584,5,5,0.489233760699996,FALSE,FALSE
"logistic","outer",2,3,8,0.5,0.1,0.543782745629824,0.0199330825953922,0.00891434553688297,5,5,0.489233760699996,FALSE,FALSE
"logistic","outer",2,3,9,0.75,0.1,0.559627872411861,0.0171814304970241,0.00768376930840678,5,5,0.489233760699996,FALSE,FALSE
"logistic","outer",2,3,10,1,0.1,0.572059986365757,0.0157057358433679,0.00702381859648514,5,5,0.489233760699996,FALSE,FALSE
"logistic","outer",2,3,11,0,0.01,0.488917010290926,0.0605393398483296,0.0270740158427653,5,5,0.489233760699996,TRUE,FALSE
"logistic","outer",2,3,12,0.25,0.01,0.483436067346567,0.0550228048108999,0.0246069463739749,5,5,0.489233760699996,TRUE,FALSE
"logistic","outer",2,3,13,0.5,0.01,0.478296723723522,0.0491106269874956,0.0219629400723352,5,5,0.489233760699996,TRUE,FALSE
"logistic","outer",2,3,14,0.75,0.01,0.474553889821001,0.0432154094442147,0.0193265186385501,5,5,0.489233760699996,TRUE,FALSE
"logistic","outer",2,3,15,1,0.01,0.471612133441593,0.0394031564239532,0.0176216272584034,5,5,0.489233760699996,TRUE,FALSE
"logistic","outer",2,3,16,0,0.001,0.506190775159545,0.070998900307778,0.0317516734831845,5,0,0.489233760699996,FALSE,FALSE
"logistic","outer",2,3,17,0.25,0.001,0.504734803821761,0.0700948702980412,0.0313473789720902,5,0,0.489233760699996,FALSE,FALSE
"logistic","outer",2,3,18,0.5,0.001,0.503521913509778,0.0694210881683094,0.0310460544432692,5,0,0.489233760699996,FALSE,FALSE
"logistic","outer",2,3,19,0.75,0.001,0.502705092106995,0.0689928426004922,0.0308545372031288,5,0,0.489233760699996,FALSE,FALSE
"logistic","outer",2,3,20,1,0.001,0.50259639314879,0.0688765201668068,0.030802516229323,5,0,0.489233760699996,FALSE,FALSE
"continuous","outer",2,4,1,0,1,5.24731390515948,0.141548590012348,0.0633024538773718,5,5,4.18975485440559,FALSE,FALSE
"continuous","outer",2,4,2,0.25,1,5.36195664679671,0.14355650337164,0.064200420030233,5,5,4.18975485440559,FALSE,FALSE
"continuous","outer",2,4,3,0.5,1,5.36195664679671,0.14355650337164,0.064200420030233,5,5,4.18975485440559,FALSE,FALSE
"continuous","outer",2,4,4,0.75,1,5.36195664679671,0.14355650337164,0.064200420030233,5,5,4.18975485440559,FALSE,FALSE
"continuous","outer",2,4,5,1,1,5.36195664679671,0.14355650337164,0.064200420030233,5,5,4.18975485440559,FALSE,FALSE
"continuous","outer",2,4,6,0,0.1,4.71745067338667,0.140156354335963,0.0626798271547521,5,5,4.18975485440559,FALSE,FALSE
"continuous","outer",2,4,7,0.25,0.1,5.15512473488616,0.138566548110091,0.0619688441963315,5,5,4.18975485440559,FALSE,FALSE
"continuous","outer",2,4,8,0.5,0.1,5.36195664679671,0.14355650337164,0.064200420030233,5,5,4.18975485440559,FALSE,FALSE
"continuous","outer",2,4,9,0.75,0.1,5.36195664679671,0.14355650337164,0.064200420030233,5,5,4.18975485440559,FALSE,FALSE
"continuous","outer",2,4,10,1,0.1,5.36195664679671,0.14355650337164,0.064200420030233,5,5,4.18975485440559,FALSE,FALSE
"continuous","outer",2,4,11,0,0.01,4.18454849011958,0.132353422858896,0.0591902501134534,5,5,4.18975485440559,TRUE,TRUE
"continuous","outer",2,4,12,0.25,0.01,4.23215145342285,0.153442066407828,0.0686213782191879,5,5,4.18975485440559,FALSE,FALSE
"continuous","outer",2,4,13,0.5,0.01,4.30020324880407,0.166074834832116,0.0742709240073322,5,5,4.18975485440559,FALSE,FALSE
"continuous","outer",2,4,14,0.75,0.01,4.38144677791265,0.168757098575783,0.0754704688202169,5,5,4.18975485440559,FALSE,FALSE
"continuous","outer",2,4,15,1,0.01,4.47723780303427,0.155694548622342,0.0696287188891404,5,5,4.18975485440559,FALSE,FALSE
"continuous","outer",2,4,16,0,0.001,4.13440780205678,0.140131709670938,0.0626688057254963,5,5,4.18975485440559,TRUE,FALSE
"continuous","outer",2,4,17,0.25,0.001,4.12707360262034,0.140159539906586,0.0626812517852439,5,5,4.18975485440559,TRUE,FALSE
"continuous","outer",2,4,18,0.5,0.001,4.12836129905594,0.142410112143563,0.0636877382872752,5,5,4.18975485440559,TRUE,FALSE
"continuous","outer",2,4,19,0.75,0.001,4.13281636130951,0.14222348253689,0.063604274989848,5,2,4.18975485440559,TRUE,FALSE
"continuous","outer",2,4,20,1,0.001,4.13641301062864,0.138125920749827,0.0617717896502724,5,4,4.18975485440559,TRUE,FALSE
"logistic","outer",2,4,1,0,1,0.582996651507149,0.0256662105490311,0.0114782783024911,5,5,0.521339847251349,FALSE,FALSE
"logistic","outer",2,4,2,0.25,1,0.692679840605181,0.000154558200041579,0.0000691205283545962,5,5,0.521339847251349,FALSE,FALSE
"logistic","outer",2,4,3,0.5,1,0.692679840605181,0.000154558200041579,0.0000691205283545962,5,5,0.521339847251349,FALSE,FALSE
"logistic","outer",2,4,4,0.75,1,0.692679840605181,0.000154558200041579,0.0000691205283545962,5,5,0.521339847251349,FALSE,FALSE
"logistic","outer",2,4,5,1,1,0.692679840605181,0.000154558200041579,0.0000691205283545962,5,5,0.521339847251349,FALSE,FALSE
"logistic","outer",2,4,6,0,0.1,0.495892225524391,0.0576565608463487,0.0257847978802577,5,5,0.521339847251349,TRUE,TRUE
"logistic","outer",2,4,7,0.25,0.1,0.516569844505356,0.0462028533621644,0.0206625441744509,5,5,0.521339847251349,TRUE,FALSE
"logistic","outer",2,4,8,0.5,0.1,0.544647907604551,0.0373631745719244,0.0167093196396029,5,5,0.521339847251349,FALSE,FALSE
"logistic","outer",2,4,9,0.75,0.1,0.561388165643915,0.0315811215830153,0.0141235069330616,5,5,0.521339847251349,FALSE,FALSE
"logistic","outer",2,4,10,1,0.1,0.574868591057822,0.0266264444466508,0.0119077079563666,5,5,0.521339847251349,FALSE,FALSE
"logistic","outer",2,4,11,0,0.01,0.505242971851723,0.0754837625413635,0.0337573648479882,5,5,0.521339847251349,TRUE,FALSE
"logistic","outer",2,4,12,0.25,0.01,0.499238302913189,0.0717688974187458,0.032096026659705,5,5,0.521339847251349,TRUE,FALSE
"logistic","outer",2,4,13,0.5,0.01,0.495107664447512,0.0686211885056143,0.0306883284390761,5,5,0.521339847251349,TRUE,FALSE
"logistic","outer",2,4,14,0.75,0.01,0.493258952363345,0.0668084157223082,0.0298776318048294,5,5,0.521339847251349,TRUE,FALSE
"logistic","outer",2,4,15,1,0.01,0.491613784643826,0.0664694966938363,0.0297260626075231,5,5,0.521339847251349,TRUE,FALSE
"logistic","outer",2,4,16,0,0.001,0.526591435476927,0.0857326626009674,0.0383408122935634,5,0,0.521339847251349,FALSE,FALSE
"logistic","outer",2,4,17,0.25,0.001,0.525692711196296,0.0856212779847371,0.0382909995788557,5,0,0.521339847251349,FALSE,FALSE
"logistic","outer",2,4,18,0.5,0.001,0.524914547073273,0.08553569299288,0.0382527248069264,5,0,0.521339847251349,FALSE,FALSE
"logistic","outer",2,4,19,0.75,0.001,0.524499173793241,0.0852811844945216,0.0381389051462903,5,0,0.521339847251349,FALSE,FALSE
"logistic","outer",2,4,20,1,0.001,0.524606865552136,0.0852548467620834,0.0381271265542693,5,0,0.521339847251349,FALSE,FALSE
"continuous","outer",2,5,1,0,1,5.16204222596364,0.453017935925249,0.2025957799511,5,5,4.35435061276936,FALSE,FALSE
"continuous","outer",2,5,2,0.25,1,5.28106065308339,0.459221044813474,0.205369894580281,5,5,4.35435061276936,FALSE,FALSE
"continuous","outer",2,5,3,0.5,1,5.28106065308339,0.459221044813474,0.205369894580281,5,5,4.35435061276936,FALSE,FALSE
"continuous","outer",2,5,4,0.75,1,5.28106065308339,0.459221044813474,0.205369894580281,5,5,4.35435061276936,FALSE,FALSE
"continuous","outer",2,5,5,1,1,5.28106065308339,0.459221044813474,0.205369894580281,5,5,4.35435061276936,FALSE,FALSE
"continuous","outer",2,5,6,0,0.1,4.62850117140964,0.436561481543568,0.195236229817887,5,5,4.35435061276936,FALSE,FALSE
"continuous","outer",2,5,7,0.25,0.1,5.06139884646068,0.452979867341751,0.202578755162999,5,5,4.35435061276936,FALSE,FALSE
"continuous","outer",2,5,8,0.5,0.1,5.28106065308339,0.459221044813474,0.205369894580281,5,5,4.35435061276936,FALSE,FALSE
"continuous","outer",2,5,9,0.75,0.1,5.28106065308339,0.459221044813474,0.205369894580281,5,5,4.35435061276936,FALSE,FALSE
"continuous","outer",2,5,10,1,0.1,5.28106065308339,0.459221044813474,0.205369894580281,5,5,4.35435061276936,FALSE,FALSE
"continuous","outer",2,5,11,0,0.01,4.16854467737362,0.45555756068799,0.203731534672466,5,5,4.35435061276936,TRUE,TRUE
"continuous","outer",2,5,12,0.25,0.01,4.22390483417168,0.444959250105833,0.198991826090795,5,5,4.35435061276936,TRUE,FALSE
"continuous","outer",2,5,13,0.5,0.01,4.28890903898781,0.440815635268458,0.197138745201005,5,5,4.35435061276936,TRUE,FALSE
"continuous","outer",2,5,14,0.75,0.01,4.33799104299802,0.436813671541333,0.195349012613537,5,5,4.35435061276936,TRUE,FALSE
"continuous","outer",2,5,15,1,0.01,4.40367606696535,0.42465631666735,0.189912078228574,5,5,4.35435061276936,FALSE,FALSE
"continuous","outer",2,5,16,0,0.001,4.15142836142737,0.493882513160447,0.220870974465039,5,5,4.35435061276936,TRUE,FALSE
"continuous","outer",2,5,17,0.25,0.001,4.14973886462796,0.490963823390774,0.219565696718994,5,5,4.35435061276936,TRUE,FALSE
"continuous","outer",2,5,18,0.5,0.001,4.14528027918036,0.488417498383844,0.218426945557334,5,5,4.35435061276936,TRUE,FALSE
"continuous","outer",2,5,19,0.75,0.001,4.14149500401694,0.48269064712626,0.215865819815536,5,1,4.35435061276936,TRUE,FALSE
"continuous","outer",2,5,20,1,0.001,4.13903664702876,0.481456663901041,0.215313965740599,5,5,4.35435061276936,TRUE,FALSE
"logistic","outer",2,5,1,0,1,0.578643123470474,0.0138601543325277,0.00619844945323403,5,5,0.492590895254069,FALSE,FALSE
"logistic","outer",2,5,2,0.25,1,0.692679840605181,0.000154558200041579,0.0000691205283545962,5,5,0.492590895254069,FALSE,FALSE
"logistic","outer",2,5,3,0.5,1,0.692679840605181,0.000154558200041579,0.0000691205283545962,5,5,0.492590895254069,FALSE,FALSE
"logistic","outer",2,5,4,0.75,1,0.692679840605181,0.000154558200041579,0.0000691205283545962,5,5,0.492590895254069,FALSE,FALSE
"logistic","outer",2,5,5,1,1,0.692679840605181,0.000154558200041579,0.0000691205283545962,5,5,0.492590895254069,FALSE,FALSE
"logistic","outer",2,5,6,0,0.1,0.486116062971562,0.0148556347205089,0.00664364181679281,5,5,0.492590895254069,TRUE,TRUE
"logistic","outer",2,5,7,0.25,0.1,0.517247506786637,0.0201254230763374,0.00900036281492666,5,5,0.492590895254069,FALSE,FALSE
"logistic","outer",2,5,8,0.5,0.1,0.543737483445347,0.0241714966003976,0.0108098219032788,5,5,0.492590895254069,FALSE,FALSE
"logistic","outer",2,5,9,0.75,0.1,0.554598649869562,0.0231464625477875,0.0103514127391011,5,5,0.492590895254069,FALSE,FALSE
"logistic","outer",2,5,10,1,0.1,0.567902150730214,0.0190441456868498,0.00851680086584113,5,5,0.492590895254069,FALSE,FALSE
"logistic","outer",2,5,11,0,0.01,0.485358359235222,0.0207865437740117,0.00929602497919305,5,5,0.492590895254069,TRUE,FALSE
"logistic","outer",2,5,12,0.25,0.01,0.483780171141117,0.0203777094874853,0.00911318872795192,5,5,0.492590895254069,TRUE,FALSE
"logistic","outer",2,5,13,0.5,0.01,0.483799355401868,0.020364830846141,0.00910742922445118,5,5,0.492590895254069,TRUE,FALSE
"logistic","outer",2,5,14,0.75,0.01,0.483517581130314,0.0202885471619243,0.00907331412375464,5,5,0.492590895254069,TRUE,FALSE
"logistic","outer",2,5,15,1,0.01,0.484044655518151,0.0199020226429021,0.00890045510385384,5,5,0.492590895254069,TRUE,FALSE
"logistic","outer",2,5,16,0,0.001,0.495670041918082,0.0277721030414424,0.0124200620557588,5,0,0.492590895254069,FALSE,FALSE
"logistic","outer",2,5,17,0.25,0.001,0.494906730325791,0.0274331218344285,0.0122684650513632,5,0,0.492590895254069,FALSE,FALSE
"logistic","outer",2,5,18,0.5,0.001,0.494249606298229,0.0270307397631805,0.0120885143185156,5,0,0.492590895254069,FALSE,FALSE
"logistic","outer",2,5,19,0.75,0.001,0.493690246825059,0.0266537774042871,0.0119199316266268,5,0,0.492590895254069,FALSE,FALSE
"logistic","outer",2,5,20,1,0.001,0.49315392333252,0.0263032335180222,0.0117631636348697,5,0,0.492590895254069,FALSE,FALSE
"continuous","outer",2,6,1,0,1,5.21827223365013,0.593121838192246,0.265252149827498,5,5,4.34747791059311,FALSE,FALSE
"continuous","outer",2,6,2,0.25,1,5.33405375869687,0.5979120128489,0.267394381058774,5,5,4.34747791059311,FALSE,FALSE
"continuous","outer",2,6,3,0.5,1,5.33405375869687,0.5979120128489,0.267394381058774,5,5,4.34747791059311,FALSE,FALSE
"continuous","outer",2,6,4,0.75,1,5.33405375869687,0.5979120128489,0.267394381058774,5,5,4.34747791059311,FALSE,FALSE
"continuous","outer",2,6,5,1,1,5.33405375869687,0.5979120128489,0.267394381058774,5,5,4.34747791059311,FALSE,FALSE
"continuous","outer",2,6,6,0,0.1,4.69631391493016,0.556966593963359,0.249083033059719,5,5,4.34747791059311,FALSE,FALSE
"continuous","outer",2,6,7,0.25,0.1,5.12065543315346,0.594581740786659,0.265905038115826,5,5,4.34747791059311,FALSE,FALSE
"continuous","outer",2,6,8,0.5,0.1,5.33405375869687,0.5979120128489,0.267394381058774,5,5,4.34747791059311,FALSE,FALSE
"continuous","outer",2,6,9,0.75,0.1,5.33405375869687,0.5979120128489,0.267394381058774,5,5,4.34747791059311,FALSE,FALSE
"continuous","outer",2,6,10,1,0.1,5.33405375869687,0.5979120128489,0.267394381058774,5,5,4.34747791059311,FALSE,FALSE
"continuous","outer",2,6,11,0,0.01,4.23176463819238,0.412955638226639,0.184679375753315,5,5,4.34747791059311,TRUE,TRUE
"continuous","outer",2,6,12,0.25,0.01,4.26666822756677,0.450770913271508,0.201590880870951,5,5,4.34747791059311,TRUE,FALSE
"continuous","outer",2,6,13,0.5,0.01,4.32741787669698,0.482966469496755,0.215989171329564,5,5,4.34747791059311,TRUE,FALSE
"continuous","outer",2,6,14,0.75,0.01,4.38695976131637,0.506451907443067,0.226492178475426,5,5,4.34747791059311,FALSE,FALSE
"continuous","outer",2,6,15,1,0.01,4.45003967231657,0.515666241233241,0.230612953819866,5,5,4.34747791059311,FALSE,FALSE
"continuous","outer",2,6,16,0,0.001,4.21164903487825,0.307408645257507,0.137477325533381,5,5,4.34747791059311,TRUE,FALSE
"continuous","outer",2,6,17,0.25,0.001,4.20548348158674,0.311653324177058,0.139375603654736,5,5,4.34747791059311,TRUE,FALSE
"continuous","outer",2,6,18,0.5,0.001,4.20189121038297,0.320082476115285,0.143145235000046,5,5,4.34747791059311,TRUE,FALSE
"continuous","outer",2,6,19,0.75,0.001,4.20046110353951,0.328739574406816,0.147016807053598,5,2,4.34747791059311,TRUE,FALSE
"continuous","outer",2,6,20,1,0.001,4.20084124771605,0.337101327489114,0.150756296714216,5,5,4.34747791059311,TRUE,FALSE
"logistic","outer",2,6,1,0,1,0.582104026328681,0.00898741716446718,0.0040192951443794,5,5,0.506219125778368,FALSE,FALSE
"logistic","outer",2,6,2,0.25,1,0.692679840605181,0.000154558200041579,0.0000691205283545962,5,5,0.506219125778368,FALSE,FALSE
"logistic","outer",2,6,3,0.5,1,0.692679840605181,0.000154558200041579,0.0000691205283545962,5,5,0.506219125778368,FALSE,FALSE
"logistic","outer",2,6,4,0.75,1,0.692679840605181,0.000154558200041579,0.0000691205283545962,5,5,0.506219125778368,FALSE,FALSE
"logistic","outer",2,6,5,1,1,0.692679840605181,0.000154558200041579,0.0000691205283545962,5,5,0.506219125778368,FALSE,FALSE
"logistic","outer",2,6,6,0,0.1,0.495034651202865,0.0288833183923172,0.0129170126681983,5,5,0.506219125778368,TRUE,TRUE
"logistic","outer",2,6,7,0.25,0.1,0.52188046871599,0.0241380370555146,0.0107948583399079,5,5,0.506219125778368,FALSE,FALSE
"logistic","outer",2,6,8,0.5,0.1,0.546021877272849,0.0194414488862816,0.00869448025816267,5,5,0.506219125778368,FALSE,FALSE
"logistic","outer",2,6,9,0.75,0.1,0.557923377607261,0.0162588973702034,0.00727119995179346,5,5,0.506219125778368,FALSE,FALSE
"logistic","outer",2,6,10,1,0.1,0.570985995180321,0.0135073860076803,0.00604068666230054,5,5,0.506219125778368,FALSE,FALSE
"logistic","outer",2,6,11,0,0.01,0.497969718230918,0.0436795036423563,0.0195340678735517,5,5,0.506219125778368,TRUE,FALSE
"logistic","outer",2,6,12,0.25,0.01,0.49293645835088,0.0411247535644588,0.0183915489056113,5,5,0.506219125778368,TRUE,FALSE
"logistic","outer",2,6,13,0.5,0.01,0.490862195804091,0.0395947480131077,0.0177073096218567,5,5,0.506219125778368,TRUE,FALSE
"logistic","outer",2,6,14,0.75,0.01,0.489312977741276,0.0395460516012157,0.0176855319244066,5,5,0.506219125778368,TRUE,FALSE
"logistic","outer",2,6,15,1,0.01,0.488322573240063,0.0400179080385461,0.0178965525383049,5,5,0.506219125778368,TRUE,FALSE
"logistic","outer",2,6,16,0,0.001,0.511963945134726,0.0506674827092255,0.0226591871173247,5,0,0.506219125778368,FALSE,FALSE
"logistic","outer",2,6,17,0.25,0.001,0.511400490739231,0.0506701478915903,0.0226603790231127,5,0,0.506219125778368,FALSE,FALSE
"logistic","outer",2,6,18,0.5,0.001,0.511030243920433,0.0509634570700209,0.0227915508753918,5,0,0.506219125778368,FALSE,FALSE
"logistic","outer",2,6,19,0.75,0.001,0.510812029173907,0.0514005316140325,0.0229870165537207,5,0,0.506219125778368,FALSE,FALSE
"logistic","outer",2,6,20,1,0.001,0.511307753631506,0.0523645542741837,0.0234181405937104,5,0,0.506219125778368,FALSE,FALSE
"continuous","outer",2,7,1,0,1,5.21884002566149,0.399969825672131,0.178871943830325,5,5,4.27179017476871,FALSE,FALSE
"continuous","outer",2,7,2,0.25,1,5.33538764096797,0.397891389421821,0.177942438881806,5,5,4.27179017476871,FALSE,FALSE
"continuous","outer",2,7,3,0.5,1,5.33538764096797,0.397891389421821,0.177942438881806,5,5,4.27179017476871,FALSE,FALSE
"continuous","outer",2,7,4,0.75,1,5.33538764096797,0.397891389421821,0.177942438881806,5,5,4.27179017476871,FALSE,FALSE
"continuous","outer",2,7,5,1,1,5.33538764096797,0.397891389421821,0.177942438881806,5,5,4.27179017476871,FALSE,FALSE
"continuous","outer",2,7,6,0,0.1,4.68033742006362,0.418156099510864,0.187005092742492,5,5,4.27179017476871,FALSE,FALSE
"continuous","outer",2,7,7,0.25,0.1,5.11813728812527,0.409222073153074,0.183009674692733,5,5,4.27179017476871,FALSE,FALSE
"continuous","outer",2,7,8,0.5,0.1,5.33538764096797,0.397891389421821,0.177942438881806,5,5,4.27179017476871,FALSE,FALSE
"continuous","outer",2,7,9,0.75,0.1,5.33538764096797,0.397891389421821,0.177942438881806,5,5,4.27179017476871,FALSE,FALSE
"continuous","outer",2,7,10,1,0.1,5.33538764096797,0.397891389421821,0.177942438881806,5,5,4.27179017476871,FALSE,FALSE
"continuous","outer",2,7,11,0,0.01,4.18943123980582,0.377432443745752,0.168792920225873,5,5,4.27179017476871,TRUE,TRUE
"continuous","outer",2,7,12,0.25,0.01,4.22294230303151,0.396971344798282,0.177530982417693,5,5,4.27179017476871,TRUE,FALSE
"continuous","outer",2,7,13,0.5,0.01,4.28684278903896,0.418394271847599,0.187111606649552,5,5,4.27179017476871,FALSE,FALSE
"continuous","outer",2,7,14,0.75,0.01,4.35786608191507,0.433569221414953,0.193898050407098,5,5,4.27179017476871,FALSE,FALSE
"continuous","outer",2,7,15,1,0.01,4.41448224592005,0.45248667012865,0.202358190664037,5,5,4.27179017476871,FALSE,FALSE
"continuous","outer",2,7,16,0,0.001,4.16518370519265,0.343312427630953,0.153533985140658,5,5,4.27179017476871,TRUE,FALSE
"continuous","outer",2,7,17,0.25,0.001,4.15199032272989,0.340243509061125,0.152161523032748,5,5,4.27179017476871,TRUE,FALSE
"continuous","outer",2,7,18,0.5,0.001,4.13928823349878,0.338596495797772,0.151424956309408,5,5,4.27179017476871,TRUE,FALSE
"continuous","outer",2,7,19,0.75,0.001,4.12825358965675,0.337551889005067,0.150957793949759,5,3,4.27179017476871,TRUE,FALSE
"continuous","outer",2,7,20,1,0.001,4.12060202550295,0.338066979150619,0.151188149265758,5,5,4.27179017476871,TRUE,FALSE
"logistic","outer",2,7,1,0,1,0.579607816852067,0.0136620210565251,0.00610984155848473,5,5,0.502630490389828,FALSE,FALSE
"logistic","outer",2,7,2,0.25,1,0.692679840605181,0.000154558200041579,0.0000691205283545962,5,5,0.502630490389828,FALSE,FALSE
"logistic","outer",2,7,3,0.5,1,0.692679840605181,0.000154558200041579,0.0000691205283545962,5,5,0.502630490389828,FALSE,FALSE
"logistic","outer",2,7,4,0.75,1,0.692679840605181,0.000154558200041579,0.0000691205283545962,5,5,0.502630490389828,FALSE,FALSE
"logistic","outer",2,7,5,1,1,0.692679840605181,0.000154558200041579,0.0000691205283545962,5,5,0.502630490389828,FALSE,FALSE
"logistic","outer",2,7,6,0,0.1,0.48757141158208,0.0340389800641644,0.0152226946616464,5,5,0.502630490389828,TRUE,TRUE
"logistic","outer",2,7,7,0.25,0.1,0.515689375342219,0.0282063240579467,0.0126142515977913,5,5,0.502630490389828,FALSE,FALSE
"logistic","outer",2,7,8,0.5,0.1,0.538278090804676,0.0244895769366807,0.0109520717541258,5,5,0.502630490389828,FALSE,FALSE
"logistic","outer",2,7,9,0.75,0.1,0.549235560143951,0.0214627526554721,0.00959843478437994,5,5,0.502630490389828,FALSE,FALSE
"logistic","outer",2,7,10,1,0.1,0.561133778533389,0.0171523505182327,0.00767076434653443,5,5,0.502630490389828,FALSE,FALSE
"logistic","outer",2,7,11,0,0.01,0.493333310002709,0.0630259217616243,0.0281860490807151,5,5,0.502630490389828,TRUE,FALSE
"logistic","outer",2,7,12,0.25,0.01,0.488444889013626,0.0574420233259198,0.025688853784377,5,5,0.502630490389828,TRUE,FALSE
"logistic","outer",2,7,13,0.5,0.01,0.485285916272774,0.0532210960571932,0.023801197724186,5,5,0.502630490389828,TRUE,FALSE
"logistic","outer",2,7,14,0.75,0.01,0.482647093107958,0.0502175593907189,0.0224579752923561,5,5,0.502630490389828,TRUE,FALSE
"logistic","outer",2,7,15,1,0.01,0.481037458172511,0.0482834878782644,0.0215930322173172,5,5,0.502630490389828,TRUE,FALSE
"logistic","outer",2,7,16,0,0.001,0.510647544034217,0.0829874713442697,0.0371131254413206,5,0,0.502630490389828,FALSE,FALSE
"logistic","outer",2,7,17,0.25,0.001,0.508752106208295,0.0820335139178488,0.036686502710697,5,0,0.502630490389828,FALSE,FALSE
"logistic","outer",2,7,18,0.5,0.001,0.50694716964664,0.0811307149636984,0.0362827587443978,5,0,0.502630490389828,FALSE,FALSE
"logistic","outer",2,7,19,0.75,0.001,0.505101921971018,0.0800767149202125,0.0358113955952934,5,0,0.502630490389828,FALSE,FALSE
"logistic","outer",2,7,20,1,0.001,0.503669930914713,0.0791718117974175,0.0354067106161691,5,0,0.502630490389828,FALSE,FALSE
"continuous","outer",2,8,1,0,1,5.24403223679941,0.308788411692896,0.138094375841901,5,5,4.30499346722538,FALSE,FALSE
"continuous","outer",2,8,2,0.25,1,5.36074601773082,0.317385572497392,0.141939143036371,5,5,4.30499346722538,FALSE,FALSE
"continuous","outer",2,8,3,0.5,1,5.36074601773082,0.317385572497392,0.141939143036371,5,5,4.30499346722538,FALSE,FALSE
"continuous","outer",2,8,4,0.75,1,5.36074601773082,0.317385572497392,0.141939143036371,5,5,4.30499346722538,FALSE,FALSE
"continuous","outer",2,8,5,1,1,5.36074601773082,0.317385572497392,0.141939143036371,5,5,4.30499346722538,FALSE,FALSE
"continuous","outer",2,8,6,0,0.1,4.71109340457318,0.265612783226995,0.118785647797696,5,5,4.30499346722538,FALSE,FALSE
"continuous","outer",2,8,7,0.25,0.1,5.1380123866476,0.293493118632324,0.131254112838057,5,5,4.30499346722538,FALSE,FALSE
"continuous","outer",2,8,8,0.5,0.1,5.36074601773082,0.317385572497392,0.141939143036371,5,5,4.30499346722538,FALSE,FALSE
"continuous","outer",2,8,9,0.75,0.1,5.36074601773082,0.317385572497392,0.141939143036371,5,5,4.30499346722538,FALSE,FALSE
"continuous","outer",2,8,10,1,0.1,5.36074601773082,0.317385572497392,0.141939143036371,5,5,4.30499346722538,FALSE,FALSE
"continuous","outer",2,8,11,0,0.01,4.23038781420425,0.200503390607469,0.0896678422234987,5,5,4.30499346722538,TRUE,TRUE
"continuous","outer",2,8,12,0.25,0.01,4.27865989677576,0.197012924169783,0.088106858177929,5,5,4.30499346722538,TRUE,FALSE
"continuous","outer",2,8,13,0.5,0.01,4.33256506173938,0.189106493620548,0.0845709949444352,5,5,4.30499346722538,FALSE,FALSE
"continuous","outer",2,8,14,0.75,0.01,4.38428470976323,0.186809704615598,0.0835438396754266,5,5,4.30499346722538,FALSE,FALSE
"continuous","outer",2,8,15,1,0.01,4.43721560794865,0.169894436623217,0.0759791018577085,5,5,4.30499346722538,FALSE,FALSE
"continuous","outer",2,8,16,0,0.001,4.222854132112,0.206904446772164,0.0925304815659091,5,5,4.30499346722538,TRUE,FALSE
"continuous","outer",2,8,17,0.25,0.001,4.22044924741562,0.203250316092094,0.0908963046460484,5,5,4.30499346722538,TRUE,FALSE
"continuous","outer",2,8,18,0.5,0.001,4.2212961332497,0.199059704359047,0.0890222061055683,5,5,4.30499346722538,TRUE,FALSE
"continuous","outer",2,8,19,0.75,0.001,4.22010297663047,0.189820907613541,0.0848904905949169,5,3,4.30499346722538,TRUE,FALSE
"continuous","outer",2,8,20,1,0.001,4.22151692268117,0.179597974399484,0.0803186558757027,5,5,4.30499346722538,TRUE,FALSE
"logistic","outer",2,8,1,0,1,0.57590165012013,0.0184652970878517,0.00825793190263305,5,5,0.490490369727318,FALSE,FALSE
"logistic","outer",2,8,2,0.25,1,0.692624627826332,0.000165106917391479,0.0000738380581685581,5,5,0.490490369727318,FALSE,FALSE
"logistic","outer",2,8,3,0.5,1,0.692624627826332,0.000165106917391479,0.0000738380581685581,5,5,0.490490369727318,FALSE,FALSE
"logistic","outer",2,8,4,0.75,1,0.692624627826332,0.000165106917391479,0.0000738380581685581,5,5,0.490490369727318,FALSE,FALSE
"logistic","outer",2,8,5,1,1,0.692624627826332,0.000165106917391479,0.0000738380581685581,5,5,0.490490369727318,FALSE,FALSE
"logistic","outer",2,8,6,0,0.1,0.474464378360046,0.0434686486783095,0.0194397706669513,5,5,0.490490369727318,TRUE,TRUE
"logistic","outer",2,8,7,0.25,0.1,0.51068964895686,0.0381738454419638,0.0170718626741603,5,5,0.490490369727318,FALSE,FALSE
"logistic","outer",2,8,8,0.5,0.1,0.54067693527666,0.0272159742406836,0.0121713536952103,5,5,0.490490369727318,FALSE,FALSE
"logistic","outer",2,8,9,0.75,0.1,0.553902052759837,0.0240124443432889,0.0107386915715049,5,5,0.490490369727318,FALSE,FALSE
"logistic","outer",2,8,10,1,0.1,0.567531656163643,0.0215472981651406,0.00963624468574216,5,5,0.490490369727318,FALSE,FALSE
"logistic","outer",2,8,11,0,0.01,0.475290785066374,0.0600449194272003,0.0268529043085435,5,5,0.490490369727318,TRUE,FALSE
"logistic","outer",2,8,12,0.25,0.01,0.471508318483605,0.0565436456001224,0.0252870870515061,5,5,0.490490369727318,TRUE,FALSE
"logistic","outer",2,8,13,0.5,0.01,0.468987691232165,0.0527947106809372,0.0236105123870019,5,5,0.490490369727318,TRUE,FALSE
"logistic","outer",2,8,14,0.75,0.01,0.468092402622239,0.0500833770047603,0.0223979671050787,5,5,0.490490369727318,TRUE,FALSE
"logistic","outer",2,8,15,1,0.01,0.469357095442059,0.0477082884814563,0.0213357952269413,5,5,0.490490369727318,TRUE,FALSE
"logistic","outer",2,8,16,0,0.001,0.493941741812461,0.0686184721390715,0.0306871136430279,5,0,0.490490369727318,FALSE,FALSE
"logistic","outer",2,8,17,0.25,0.001,0.493307907058705,0.068062493657919,0.030438472507451,5,0,0.490490369727318,FALSE,FALSE
"logistic","outer",2,8,18,0.5,0.001,0.492760603131297,0.0675320958001158,0.0302012713744174,5,0,0.490490369727318,FALSE,FALSE
"logistic","outer",2,8,19,0.75,0.001,0.49227195306294,0.0668738150587025,0.0299068792772016,5,0,0.490490369727318,FALSE,FALSE
"logistic","outer",2,8,20,1,0.001,0.491713980949888,0.0663260266613538,0.0296619008584501,5,0,0.490490369727318,FALSE,FALSE
"continuous","outer",2,9,1,0,1,5.2436223502344,0.332484133146136,0.14869142463097,5,5,4.3838582772506,FALSE,FALSE
"continuous","outer",2,9,2,0.25,1,5.36092484585136,0.338439840937615,0.151354898126145,5,5,4.3838582772506,FALSE,FALSE
"continuous","outer",2,9,3,0.5,1,5.36092484585136,0.338439840937615,0.151354898126145,5,5,4.3838582772506,FALSE,FALSE
"continuous","outer",2,9,4,0.75,1,5.36092484585136,0.338439840937615,0.151354898126145,5,5,4.3838582772506,FALSE,FALSE
"continuous","outer",2,9,5,1,1,5.36092484585136,0.338439840937615,0.151354898126145,5,5,4.3838582772506,FALSE,FALSE
"continuous","outer",2,9,6,0,0.1,4.71479500477642,0.357406379650058,0.159836992097925,5,5,4.3838582772506,FALSE,FALSE
"continuous","outer",2,9,7,0.25,0.1,5.15831512751231,0.328976262309276,0.147122657101469,5,5,4.3838582772506,FALSE,FALSE
"continuous","outer",2,9,8,0.5,0.1,5.36092484585136,0.338439840937615,0.151354898126145,5,5,4.3838582772506,FALSE,FALSE
"continuous","outer",2,9,9,0.75,0.1,5.36092484585136,0.338439840937615,0.151354898126145,5,5,4.3838582772506,FALSE,FALSE
"continuous","outer",2,9,10,1,0.1,5.36092484585136,0.338439840937615,0.151354898126145,5,5,4.3838582772506,FALSE,FALSE
"continuous","outer",2,9,11,0,0.01,4.23955924553381,0.432776086565708,0.193543349719451,5,5,4.3838582772506,TRUE,TRUE
"continuous","outer",2,9,12,0.25,0.01,4.26290425654413,0.419131071064594,0.187441113276546,5,5,4.3838582772506,TRUE,FALSE
"continuous","outer",2,9,13,0.5,0.01,4.31207028036694,0.39735213303083,0.177701276092295,5,5,4.3838582772506,TRUE,FALSE
"continuous","outer",2,9,14,0.75,0.01,4.37033376952794,0.376004613011071,0.168154374909252,5,5,4.3838582772506,TRUE,FALSE
"continuous","outer",2,9,15,1,0.01,4.41572226544377,0.367972323851905,0.164562225994285,5,5,4.3838582772506,FALSE,FALSE
"continuous","outer",2,9,16,0,0.001,4.23198967589572,0.379861675999357,0.169879305916313,5,5,4.3838582772506,TRUE,FALSE
"continuous","outer",2,9,17,0.25,0.001,4.22490001576025,0.376304123953124,0.168288320274538,5,5,4.3838582772506,TRUE,FALSE
"continuous","outer",2,9,18,0.5,0.001,4.22101822689944,0.380233281522445,0.1700454929584,5,5,4.3838582772506,TRUE,FALSE
"continuous","outer",2,9,19,0.75,0.001,4.21715789702041,0.384901289766906,0.172133089709229,5,3,4.3838582772506,TRUE,FALSE
"continuous","outer",2,9,20,1,0.001,4.21193198878174,0.384438868135611,0.171926288468861,5,5,4.3838582772506,TRUE,FALSE
"logistic","outer",2,9,1,0,1,0.578469755912455,0.0190470256684257,0.00851808883275665,5,5,0.513687331083267,FALSE,FALSE
"logistic","outer",2,9,2,0.25,1,0.692683447702587,0.000148862115084375,0.0000665731617206119,5,5,0.513687331083267,FALSE,FALSE
"logistic","outer",2,9,3,0.5,1,0.692683447702587,0.000148862115084375,0.0000665731617206119,5,5,0.513687331083267,FALSE,FALSE
"logistic","outer",2,9,4,0.75,1,0.692683447702587,0.000148862115084375,0.0000665731617206119,5,5,0.513687331083267,FALSE,FALSE
"logistic","outer",2,9,5,1,1,0.692683447702587,0.000148862115084375,0.0000665731617206119,5,5,0.513687331083267,FALSE,FALSE
"logistic","outer",2,9,6,0,0.1,0.488416407638551,0.0507352342874269,0.0226894865442129,5,5,0.513687331083267,TRUE,TRUE
"logistic","outer",2,9,7,0.25,0.1,0.517623672693589,0.0364664329183737,0.0163082845804839,5,5,0.513687331083267,FALSE,FALSE
"logistic","outer",2,9,8,0.5,0.1,0.544355406445491,0.0269566728093979,0.0120553905698068,5,5,0.513687331083267,FALSE,FALSE
"logistic","outer",2,9,9,0.75,0.1,0.558304040249631,0.0219810500620459,0.00983022443111212,5,5,0.513687331083267,FALSE,FALSE
"logistic","outer",2,9,10,1,0.1,0.5699817885768,0.0212560744949855,0.00950600550111743,5,5,0.513687331083267,FALSE,FALSE
"logistic","outer",2,9,11,0,0.01,0.499284203958035,0.100242326159767,0.0448297311031888,5,5,0.513687331083267,TRUE,FALSE
"logistic","outer",2,9,12,0.25,0.01,0.492956953758876,0.0930288736460576,0.0416037770685647,5,5,0.513687331083267,TRUE,FALSE
"logistic","outer",2,9,13,0.5,0.01,0.488322071373284,0.0857354693711448,0.0383420675193462,5,5,0.513687331083267,TRUE,FALSE
"logistic","outer",2,9,14,0.75,0.01,0.48431913289038,0.0780396743285381,0.0349004033481113,5,4,0.513687331083267,TRUE,FALSE
"logistic","outer",2,9,15,1,0.01,0.4817500928196,0.0714138357711659,0.0319372382636666,5,5,0.513687331083267,TRUE,FALSE
"logistic","outer",2,9,16,0,0.001,0.518076133951105,0.13001378642231,0.0581439328904849,5,0,0.513687331083267,FALSE,FALSE
"logistic","outer",2,9,17,0.25,0.001,0.516373262343666,0.128815355771364,0.057607978410118,5,0,0.513687331083267,FALSE,FALSE
"logistic","outer",2,9,18,0.5,0.001,0.514621882817115,0.127564078902961,0.0570483903828335,5,0,0.513687331083267,FALSE,FALSE
"logistic","outer",2,9,19,0.75,0.001,0.512841179951632,0.126105117634852,0.0563959230684271,5,0,0.513687331083267,TRUE,FALSE
"logistic","outer",2,9,20,1,0.001,0.510800637631255,0.124418777200001,0.0556417686993206,5,0,0.513687331083267,TRUE,FALSE
"continuous","outer",2,10,1,0,1,5.26213709369787,0.110532025215961,0.0494314244147221,5,5,4.24795021656696,FALSE,FALSE
"continuous","outer",2,10,2,0.25,1,5.38093414359937,0.104551448305794,0.0467568291115622,5,5,4.24795021656696,FALSE,FALSE
"continuous","outer",2,10,3,0.5,1,5.38093414359937,0.104551448305794,0.0467568291115622,5,5,4.24795021656696,FALSE,FALSE
"continuous","outer",2,10,4,0.75,1,5.38093414359937,0.104551448305794,0.0467568291115622,5,5,4.24795021656696,FALSE,FALSE
"continuous","outer",2,10,5,1,1,5.38093414359937,0.104551448305794,0.0467568291115622,5,5,4.24795021656696,FALSE,FALSE
"continuous","outer",2,10,6,0,0.1,4.72390207775886,0.14347498739322,0.064163964976433,5,5,4.24795021656696,FALSE,FALSE
"continuous","outer",2,10,7,0.25,0.1,5.17002692755791,0.108453308691168,0.048501794123644,5,5,4.24795021656696,FALSE,FALSE
"continuous","outer",2,10,8,0.5,0.1,5.38093414359937,0.104551448305794,0.0467568291115622,5,5,4.24795021656696,FALSE,FALSE
"continuous","outer",2,10,9,0.75,0.1,5.38093414359937,0.104551448305794,0.0467568291115622,5,5,4.24795021656696,FALSE,FALSE
"continuous","outer",2,10,10,1,0.1,5.38093414359937,0.104551448305794,0.0467568291115622,5,5,4.24795021656696,FALSE,FALSE
"continuous","outer",2,10,11,0,0.01,4.22452695725608,0.176241601131655,0.0788176401187567,5,5,4.24795021656696,TRUE,TRUE
"continuous","outer",2,10,12,0.25,0.01,4.2687216287273,0.161818149419277,0.0723672764189444,5,5,4.24795021656696,FALSE,FALSE
"continuous","outer",2,10,13,0.5,0.01,4.33244432124301,0.150991299102794,0.0675253617609703,5,5,4.24795021656696,FALSE,FALSE
"continuous","outer",2,10,14,0.75,0.01,4.40986981204212,0.154128636109087,0.0689284215238493,5,5,4.24795021656696,FALSE,FALSE
"continuous","outer",2,10,15,1,0.01,4.48484195014891,0.163157092438465,0.0729660699407247,5,5,4.24795021656696,FALSE,FALSE
"continuous","outer",2,10,16,0,0.001,4.17056895028365,0.219359397815837,0.098100505003926,5,5,4.24795021656696,TRUE,FALSE
"continuous","outer",2,10,17,0.25,0.001,4.16108892911115,0.215933763672142,0.0965685148416569,5,5,4.24795021656696,TRUE,FALSE
"continuous","outer",2,10,18,0.5,0.001,4.15819272917869,0.210583661819213,0.0941758765557175,5,5,4.24795021656696,TRUE,FALSE
"continuous","outer",2,10,19,0.75,0.001,4.15848113639765,0.205968238657104,0.0921117965686368,5,1,4.24795021656696,TRUE,FALSE
"continuous","outer",2,10,20,1,0.001,4.15806039486366,0.200999751813915,0.0898898217033003,5,5,4.24795021656696,TRUE,FALSE
"logistic","outer",2,10,1,0,1,0.578077833533297,0.0182936639034298,0.00818117520912063,5,5,0.494335723335034,FALSE,FALSE
"logistic","outer",2,10,2,0.25,1,0.692683447702587,0.000148862115084375,0.0000665731617206119,5,5,0.494335723335034,FALSE,FALSE
"logistic","outer",2,10,3,0.5,1,0.692683447702587,0.000148862115084375,0.0000665731617206119,5,5,0.494335723335034,FALSE,FALSE
"logistic","outer",2,10,4,0.75,1,0.692683447702587,0.000148862115084375,0.0000665731617206119,5,5,0.494335723335034,FALSE,FALSE
"logistic","outer",2,10,5,1,1,0.692683447702587,0.000148862115084375,0.0000665731617206119,5,5,0.494335723335034,FALSE,FALSE
"logistic","outer",2,10,6,0,0.1,0.482400814886415,0.037899872353278,0.0169493381840989,5,5,0.494335723335034,TRUE,TRUE
"logistic","outer",2,10,7,0.25,0.1,0.512153283084136,0.026881323359286,0.0120216932713033,5,5,0.494335723335034,FALSE,FALSE
"logistic","outer",2,10,8,0.5,0.1,0.548370978002823,0.0237168050445975,0.010606477657766,5,5,0.494335723335034,FALSE,FALSE
"logistic","outer",2,10,9,0.75,0.1,0.560704068868025,0.0209333719298095,0.00936168852666801,5,5,0.494335723335034,FALSE,FALSE
"logistic","outer",2,10,10,1,0.1,0.572326840811313,0.0196278972101021,0.00877786248343335,5,5,0.494335723335034,FALSE,FALSE
"logistic","outer",2,10,11,0,0.01,0.482815015487227,0.0564999960441843,0.025267566376653,5,5,0.494335723335034,TRUE,FALSE
"logistic","outer",2,10,12,0.25,0.01,0.479617884702796,0.0540317815059231,0.024163747278532,5,5,0.494335723335034,TRUE,FALSE
"logistic","outer",2,10,13,0.5,0.01,0.478106295771922,0.0510496737467397,0.0228301081453793,5,5,0.494335723335034,TRUE,FALSE
"logistic","outer",2,10,14,0.75,0.01,0.475383727002212,0.0483363704543987,0.0216166820243296,5,5,0.494335723335034,TRUE,FALSE
"logistic","outer",2,10,15,1,0.01,0.473641651520825,0.046273351307835,0.0206940718142096,5,5,0.494335723335034,TRUE,FALSE
"logistic","outer",2,10,16,0,0.001,0.497343910634788,0.0642056186461746,0.0287136255660549,5,0,0.494335723335034,FALSE,FALSE
"logistic","outer",2,10,17,0.25,0.001,0.496391703013093,0.0635588040476092,0.0284243612838086,5,0,0.494335723335034,FALSE,FALSE
"logistic","outer",2,10,18,0.5,0.001,0.495648273335875,0.0627326248174272,0.0280548826997515,5,0,0.494335723335034,FALSE,FALSE
"logistic","outer",2,10,19,0.75,0.001,0.494730049354972,0.0621023503639581,0.0277730153952638,5,0,0.494335723335034,FALSE,FALSE
"logistic","outer",2,10,20,1,0.001,0.494241376940533,0.0615477159140078,0.0275249753287134,5,0,0.494335723335034,TRUE,FALSE
"continuous","outer",3,1,1,0,1,5.28179839671135,0.266545006684386,0.119202550801885,5,5,4.28639004912736,FALSE,FALSE
"continuous","outer",3,1,2,0.25,1,5.40318652837824,0.268117927540078,0.119905982393196,5,5,4.28639004912736,FALSE,FALSE
"continuous","outer",3,1,3,0.5,1,5.40318652837824,0.268117927540078,0.119905982393196,5,5,4.28639004912736,FALSE,FALSE
"continuous","outer",3,1,4,0.75,1,5.40318652837824,0.268117927540078,0.119905982393196,5,5,4.28639004912736,FALSE,FALSE
"continuous","outer",3,1,5,1,1,5.40318652837824,0.268117927540078,0.119905982393196,5,5,4.28639004912736,FALSE,FALSE
"continuous","outer",3,1,6,0,0.1,4.72298450800829,0.274977085571084,0.122973491118344,5,5,4.28639004912736,FALSE,FALSE
"continuous","outer",3,1,7,0.25,0.1,5.18280400590308,0.274789443666494,0.122889575107526,5,5,4.28639004912736,FALSE,FALSE
"continuous","outer",3,1,8,0.5,0.1,5.40318652837824,0.268117927540078,0.119905982393196,5,5,4.28639004912736,FALSE,FALSE
"continuous","outer",3,1,9,0.75,0.1,5.40318652837824,0.268117927540078,0.119905982393196,5,5,4.28639004912736,FALSE,FALSE
"continuous","outer",3,1,10,1,0.1,5.40318652837824,0.268117927540078,0.119905982393196,5,5,4.28639004912736,FALSE,FALSE
"continuous","outer",3,1,11,0,0.01,4.20509871154991,0.265840804659807,0.118887622082514,5,5,4.28639004912736,TRUE,TRUE
"continuous","outer",3,1,12,0.25,0.01,4.26103617731426,0.273638983002381,0.122375073457447,5,5,4.28639004912736,TRUE,FALSE
"continuous","outer",3,1,13,0.5,0.01,4.33188564287389,0.288098676975879,0.128841645189164,5,5,4.28639004912736,FALSE,FALSE
"continuous","outer",3,1,14,0.75,0.01,4.39849248602654,0.302802091764032,0.135417212182701,5,5,4.28639004912736,FALSE,FALSE
"continuous","outer",3,1,15,1,0.01,4.46460348436253,0.305479850283572,0.136614742198105,5,5,4.28639004912736,FALSE,FALSE
"continuous","outer",3,1,16,0,0.001,4.17751805570669,0.246180599730903,0.110095311147993,5,5,4.28639004912736,TRUE,FALSE
"continuous","outer",3,1,17,0.25,0.001,4.17547450026892,0.248902702373029,0.111312672457898,5,5,4.28639004912736,TRUE,FALSE
"continuous","outer",3,1,18,0.5,0.001,4.17405908393063,0.25117967415806,0.112330965196734,5,5,4.28639004912736,TRUE,FALSE
"continuous","outer",3,1,19,0.75,0.001,4.17545128354906,0.252839125675272,0.113073094476304,5,0,4.28639004912736,TRUE,FALSE
"continuous","outer",3,1,20,1,0.001,4.17789943879811,0.255254005667549,0.114153061640351,5,5,4.28639004912736,TRUE,FALSE
"logistic","outer",3,1,1,0,1,0.574347660559241,0.0221881113075719,0.00992282503521251,5,5,0.501442588177168,FALSE,FALSE
"logistic","outer",3,1,2,0.25,1,0.692679840605181,0.000154558200041579,0.0000691205283545962,5,5,0.501442588177168,FALSE,FALSE
"logistic","outer",3,1,3,0.5,1,0.692679840605181,0.000154558200041579,0.0000691205283545962,5,5,0.501442588177168,FALSE,FALSE
"logistic","outer",3,1,4,0.75,1,0.692679840605181,0.000154558200041579,0.0000691205283545962,5,5,0.501442588177168,FALSE,FALSE
"logistic","outer",3,1,5,1,1,0.692679840605181,0.000154558200041579,0.0000691205283545962,5,5,0.501442588177168,FALSE,FALSE
"logistic","outer",3,1,6,0,0.1,0.475937152806786,0.0499710215267345,0.0223477202077767,5,5,0.501442588177168,TRUE,TRUE
"logistic","outer",3,1,7,0.25,0.1,0.505961838720487,0.04495866797006,0.0201061275517793,5,5,0.501442588177168,FALSE,FALSE
"logistic","outer",3,1,8,0.5,0.1,0.536336609694733,0.0391003572617056,0.0174862113563402,5,5,0.501442588177168,FALSE,FALSE
"logistic","outer",3,1,9,0.75,0.1,0.552597837096794,0.032877227780188,0.014703143245649,5,5,0.501442588177168,FALSE,FALSE
"logistic","outer",3,1,10,1,0.1,0.565938040265258,0.0274865535134332,0.0122923604246444,5,5,0.501442588177168,FALSE,FALSE
"logistic","outer",3,1,11,0,0.01,0.482441610189731,0.0901848837977574,0.040331906142941,5,5,0.501442588177168,TRUE,FALSE
"logistic","outer",3,1,12,0.25,0.01,0.478216829258255,0.084905459057747,0.0379708756227895,5,5,0.501442588177168,TRUE,FALSE
"logistic","outer",3,1,13,0.5,0.01,0.475086323256718,0.0809912390959953,0.0362203832401168,5,5,0.501442588177168,TRUE,FALSE
"logistic","outer",3,1,14,0.75,0.01,0.472471211690015,0.0764815433049285,0.0342035859707828,5,5,0.501442588177168,TRUE,FALSE
"logistic","outer",3,1,15,1,0.01,0.469744159343054,0.0708798416530191,0.0316984288341143,5,5,0.501442588177168,TRUE,FALSE
"logistic","outer",3,1,16,0,0.001,0.503203140057361,0.110278957345421,0.0493182490224323,5,1,0.501442588177168,FALSE,FALSE
"logistic","outer",3,1,17,0.25,0.001,0.501882811787965,0.109980147788145,0.049184617325953,5,0,0.501442588177168,FALSE,FALSE
"logistic","outer",3,1,18,0.5,0.001,0.50104379621374,0.109624592341019,0.0490256080960443,5,0,0.501442588177168,TRUE,FALSE
"logistic","outer",3,1,19,0.75,0.001,0.50033663192498,0.109331262958386,0.048894427208171,5,0,0.501442588177168,TRUE,FALSE
"logistic","outer",3,1,20,1,0.001,0.499953377059024,0.109022889097455,0.048756518225066,5,0,0.501442588177168,TRUE,FALSE
"continuous","outer",3,2,1,0,1,5.20974296368664,0.184319197390126,0.0824300509845048,5,5,4.33278283535721,FALSE,FALSE
"continuous","outer",3,2,2,0.25,1,5.31901562406264,0.207268305057976,0.0926932039381596,5,5,4.33278283535721,FALSE,FALSE
"continuous","outer",3,2,3,0.5,1,5.31901562406264,0.207268305057976,0.0926932039381596,5,5,4.33278283535721,FALSE,FALSE
"continuous","outer",3,2,4,0.75,1,5.31901562406264,0.207268305057976,0.0926932039381596,5,5,4.33278283535721,FALSE,FALSE
"continuous","outer",3,2,5,1,1,5.31901562406264,0.207268305057976,0.0926932039381596,5,5,4.33278283535721,FALSE,FALSE
"continuous","outer",3,2,6,0,0.1,4.71628686422714,0.0950704560170157,0.0425168004611902,5,5,4.33278283535721,FALSE,FALSE
"continuous","outer",3,2,7,0.25,0.1,5.11571440148737,0.159441034151153,0.0713041981529689,5,5,4.33278283535721,FALSE,FALSE
"continuous","outer",3,2,8,0.5,0.1,5.31901562406264,0.207268305057976,0.0926932039381596,5,5,4.33278283535721,FALSE,FALSE
"continuous","outer",3,2,9,0.75,0.1,5.31901562406264,0.207268305057976,0.0926932039381596,5,5,4.33278283535721,FALSE,FALSE
"continuous","outer",3,2,10,1,0.1,5.31901562406264,0.207268305057976,0.0926932039381596,5,5,4.33278283535721,FALSE,FALSE
"continuous","outer",3,2,11,0,0.01,4.2485424533625,0.19569030725846,0.0875153659135473,5,5,4.33278283535721,TRUE,TRUE
"continuous","outer",3,2,12,0.25,0.01,4.29067988284744,0.175420997342925,0.0784506549479183,5,5,4.33278283535721,TRUE,FALSE
"continuous","outer",3,2,13,0.5,0.01,4.3565991653415,0.16463352508383,0.0736263506925722,5,5,4.33278283535721,FALSE,FALSE
"continuous","outer",3,2,14,0.75,0.01,4.43118291701918,0.157879940257852,0.0706060557400324,5,5,4.33278283535721,FALSE,FALSE
"continuous","outer",3,2,15,1,0.01,4.49097640294623,0.162365003942355,0.0726118371964255,5,5,4.33278283535721,FALSE,FALSE
"continuous","outer",3,2,16,0,0.001,4.21943099892579,0.290602158316478,0.12996123608076,5,5,4.33278283535721,TRUE,FALSE
"continuous","outer",3,2,17,0.25,0.001,4.2156679595642,0.283926069447103,0.12697559837361,5,5,4.33278283535721,TRUE,FALSE
"continuous","outer",3,2,18,0.5,0.001,4.21227538816333,0.280310659612734,0.125358737942375,5,5,4.33278283535721,TRUE,FALSE
"continuous","outer",3,2,19,0.75,0.001,4.21039253755344,0.27367302567566,0.122390297803764,5,1,4.33278283535721,TRUE,FALSE
"continuous","outer",3,2,20,1,0.001,4.2111868184449,0.264471226487692,0.118275128103844,5,5,4.33278283535721,TRUE,FALSE
"logistic","outer",3,2,1,0,1,0.582086228570074,0.0204370403551827,0.00913972229861897,5,5,0.503413172425456,FALSE,FALSE
"logistic","outer",3,2,2,0.25,1,0.692679840605181,0.000154558200041579,0.0000691205283545962,5,5,0.503413172425456,FALSE,FALSE
"logistic","outer",3,2,3,0.5,1,0.692679840605181,0.000154558200041579,0.0000691205283545962,5,5,0.503413172425456,FALSE,FALSE
"logistic","outer",3,2,4,0.75,1,0.692679840605181,0.000154558200041579,0.0000691205283545962,5,5,0.503413172425456,FALSE,FALSE
"logistic","outer",3,2,5,1,1,0.692679840605181,0.000154558200041579,0.0000691205283545962,5,5,0.503413172425456,FALSE,FALSE
"logistic","outer",3,2,6,0,0.1,0.48948498518069,0.04276272230885,0.0191240707971071,5,5,0.503413172425456,TRUE,TRUE
"logistic","outer",3,2,7,0.25,0.1,0.522506279038763,0.038599339280508,0.0172621493035588,5,5,0.503413172425456,FALSE,FALSE
"logistic","outer",3,2,8,0.5,0.1,0.552617786815945,0.0333096480406283,0.0148965274650875,5,5,0.503413172425456,FALSE,FALSE
"logistic","outer",3,2,9,0.75,0.1,0.562368313951435,0.0283639138489667,0.0126847278948474,5,5,0.503413172425456,FALSE,FALSE
"logistic","outer",3,2,10,1,0.1,0.574791587101581,0.0239977049067175,0.0107320998950801,5,5,0.503413172425456,FALSE,FALSE
"logistic","outer",3,2,11,0,0.01,0.488777072714062,0.05758321338652,0.0257519958990269,5,5,0.503413172425456,TRUE,FALSE
"logistic","outer",3,2,12,0.25,0.01,0.483870993165844,0.0544006488775374,0.0243287097820543,5,5,0.503413172425456,TRUE,FALSE
"logistic","outer",3,2,13,0.5,0.01,0.480730411420857,0.0507201955236654,0.0226827610045993,5,5,0.503413172425456,TRUE,FALSE
"logistic","outer",3,2,14,0.75,0.01,0.480901374329731,0.0468666644219295,0.0209594095052211,5,5,0.503413172425456,TRUE,FALSE
"logistic","outer",3,2,15,1,0.01,0.483583649096047,0.0448490523873469,0.0200571059729114,5,5,0.503413172425456,TRUE,FALSE
"logistic","outer",3,2,16,0,0.001,0.505973184269668,0.071774520772095,0.032098541499775,5,0,0.503413172425456,FALSE,FALSE
"logistic","outer",3,2,17,0.25,0.001,0.50499262083244,0.0712701679432015,0.031872988057765,5,0,0.503413172425456,FALSE,FALSE
"logistic","outer",3,2,18,0.5,0.001,0.504137879681134,0.0709455962956597,0.0317278352042705,5,0,0.503413172425456,FALSE,FALSE
"logistic","outer",3,2,19,0.75,0.001,0.503432803104748,0.0707513541896129,0.0316409674936278,5,0,0.503413172425456,FALSE,FALSE
"logistic","outer",3,2,20,1,0.001,0.503087899784266,0.070714266195742,0.0316243812385389,5,0,0.503413172425456,TRUE,FALSE
"continuous","outer",3,3,1,0,1,5.32022347857041,0.354131569538474,0.158372452493344,5,5,4.30405408643658,FALSE,FALSE
"continuous","outer",3,3,2,0.25,1,5.43729229994901,0.352884543669102,0.157814765570621,5,5,4.30405408643658,FALSE,FALSE
"continuous","outer",3,3,3,0.5,1,5.43729229994901,0.352884543669102,0.157814765570621,5,5,4.30405408643658,FALSE,FALSE
"continuous","outer",3,3,4,0.75,1,5.43729229994901,0.352884543669102,0.157814765570621,5,5,4.30405408643658,FALSE,FALSE
"continuous","outer",3,3,5,1,1,5.43729229994901,0.352884543669102,0.157814765570621,5,5,4.30405408643658,FALSE,FALSE
"continuous","outer",3,3,6,0,0.1,4.76818893106549,0.362415128240154,0.162076972563858,5,5,4.30405408643658,FALSE,FALSE
"continuous","outer",3,3,7,0.25,0.1,5.22007129648639,0.360457010087873,0.161201275504562,5,5,4.30405408643658,FALSE,FALSE
"continuous","outer",3,3,8,0.5,0.1,5.43729229994901,0.352884543669102,0.157814765570621,5,5,4.30405408643658,FALSE,FALSE
"continuous","outer",3,3,9,0.75,0.1,5.43729229994901,0.352884543669102,0.157814765570621,5,5,4.30405408643658,FALSE,FALSE
"continuous","outer",3,3,10,1,0.1,5.43729229994901,0.352884543669102,0.157814765570621,5,5,4.30405408643658,FALSE,FALSE
"continuous","outer",3,3,11,0,0.01,4.20337147435071,0.353669654334078,0.15816587773397,5,5,4.30405408643658,TRUE,TRUE
"continuous","outer",3,3,12,0.25,0.01,4.26125422124375,0.374522448493228,0.167491530786104,5,5,4.30405408643658,TRUE,FALSE
"continuous","outer",3,3,13,0.5,0.01,4.33295176630555,0.378072698549721,0.169079250878793,5,5,4.30405408643658,FALSE,FALSE
"continuous","outer",3,3,14,0.75,0.01,4.40335871941461,0.379140174870622,0.169556640802373,5,5,4.30405408643658,FALSE,FALSE
"continuous","outer",3,3,15,1,0.01,4.46929194056144,0.367419999980446,0.16431521924985,5,5,4.30405408643658,FALSE,FALSE
"continuous","outer",3,3,16,0,0.001,4.16039977093528,0.358543541643119,0.160345546401508,5,5,4.30405408643658,TRUE,FALSE
"continuous","outer",3,3,17,0.25,0.001,4.15491760668414,0.366866669867314,0.164067762500458,5,5,4.30405408643658,TRUE,FALSE
"continuous","outer",3,3,18,0.5,0.001,4.14735853891797,0.371929115983524,0.166331757230112,5,5,4.30405408643658,TRUE,FALSE
"continuous","outer",3,3,19,0.75,0.001,4.13954843046102,0.375945516587784,0.168127946185312,5,3,4.30405408643658,TRUE,FALSE
"continuous","outer",3,3,20,1,0.001,4.13459062620951,0.378931816770058,0.169463460227069,5,5,4.30405408643658,TRUE,FALSE
"logistic","outer",3,3,1,0,1,0.581512627896914,0.0133478921255156,0.0059693588297974,5,5,0.49436463071427,FALSE,FALSE
"logistic","outer",3,3,2,0.25,1,0.692679840605181,0.000154558200041579,0.0000691205283545962,5,5,0.49436463071427,FALSE,FALSE
"logistic","outer",3,3,3,0.5,1,0.692679840605181,0.000154558200041579,0.0000691205283545962,5,5,0.49436463071427,FALSE,FALSE
"logistic","outer",3,3,4,0.75,1,0.692679840605181,0.000154558200041579,0.0000691205283545962,5,5,0.49436463071427,FALSE,FALSE
"logistic","outer",3,3,5,1,1,0.692679840605181,0.000154558200041579,0.0000691205283545962,5,5,0.49436463071427,FALSE,FALSE
"logistic","outer",3,3,6,0,0.1,0.487643066676124,0.0290309003422141,0.0129830133226425,5,5,0.49436463071427,TRUE,TRUE
"logistic","outer",3,3,7,0.25,0.1,0.52092975256862,0.0230232338361067,0.0102963031838816,5,5,0.49436463071427,FALSE,FALSE
"logistic","outer",3,3,8,0.5,0.1,0.551017299411493,0.0222000864214239,0.00992818046893479,5,5,0.49436463071427,FALSE,FALSE
"logistic","outer",3,3,9,0.75,0.1,0.562095890749484,0.020370327312004,0.00910988731871229,5,5,0.49436463071427,FALSE,FALSE
"logistic","outer",3,3,10,1,0.1,0.574224376071959,0.0178258121786092,0.00797194555710277,5,5,0.49436463071427,FALSE,FALSE
"logistic","outer",3,3,11,0,0.01,0.490226266397983,0.0476973870314166,0.0213309199502729,5,5,0.49436463071427,TRUE,FALSE
"logistic","outer",3,3,12,0.25,0.01,0.483662296499565,0.0461929092936667,0.0206580970518241,5,5,0.49436463071427,TRUE,FALSE
"logistic","outer",3,3,13,0.5,0.01,0.478730724951253,0.0440485362633803,0.0196991042788566,5,5,0.49436463071427,TRUE,FALSE
"logistic","outer",3,3,14,0.75,0.01,0.47589619037519,0.0412966880365818,0.0184684403390799,5,5,0.49436463071427,TRUE,FALSE
"logistic","outer",3,3,15,1,0.01,0.476071643228091,0.0418527794849542,0.0187171319951332,5,5,0.49436463071427,TRUE,FALSE
"logistic","outer",3,3,16,0,0.001,0.504940536933439,0.0530477030476627,0.0237236540129593,5,1,0.49436463071427,FALSE,FALSE
"logistic","outer",3,3,17,0.25,0.001,0.504266286675969,0.0527941054648782,0.0236102417261522,5,1,0.49436463071427,FALSE,FALSE
"logistic","outer",3,3,18,0.5,0.001,0.50358163689676,0.0526721104918025,0.02355568391561,5,1,0.49436463071427,FALSE,FALSE
"logistic","outer",3,3,19,0.75,0.001,0.502942405299332,0.0525922397938111,0.0235199646535862,5,0,0.49436463071427,FALSE,FALSE
"logistic","outer",3,3,20,1,0.001,0.502788773411049,0.0526204226309977,0.0235325684015358,5,0,0.49436463071427,FALSE,FALSE
"continuous","outer",3,4,1,0,1,5.19229068673948,0.289431615581461,0.129437753455547,5,5,4.30252627073772,FALSE,FALSE
"continuous","outer",3,4,2,0.25,1,5.31728777388466,0.283348778210493,0.126717425884035,5,5,4.30252627073772,FALSE,FALSE
"continuous","outer",3,4,3,0.5,1,5.31728777388466,0.283348778210493,0.126717425884035,5,5,4.30252627073772,FALSE,FALSE
"continuous","outer",3,4,4,0.75,1,5.31728777388466,0.283348778210493,0.126717425884035,5,5,4.30252627073772,FALSE,FALSE
"continuous","outer",3,4,5,1,1,5.31728777388466,0.283348778210493,0.126717425884035,5,5,4.30252627073772,FALSE,FALSE
"continuous","outer",3,4,6,0,0.1,4.6307928796008,0.324033485362815,0.144912180051487,5,5,4.30252627073772,FALSE,FALSE
"continuous","outer",3,4,7,0.25,0.1,5.08549859946401,0.294655107219566,0.131773769932088,5,5,4.30252627073772,FALSE,FALSE
"continuous","outer",3,4,8,0.5,0.1,5.31728777388466,0.283348778210493,0.126717425884035,5,5,4.30252627073772,FALSE,FALSE
"continuous","outer",3,4,9,0.75,0.1,5.31728777388466,0.283348778210493,0.126717425884035,5,5,4.30252627073772,FALSE,FALSE
"continuous","outer",3,4,10,1,0.1,5.31728777388466,0.283348778210493,0.126717425884035,5,5,4.30252627073772,FALSE,FALSE
"continuous","outer",3,4,11,0,0.01,4.17191640611177,0.292052535835666,0.130609864625949,5,5,4.30252627073772,TRUE,TRUE
"continuous","outer",3,4,12,0.25,0.01,4.20902890889198,0.298263009979595,0.133387273097614,5,5,4.30252627073772,TRUE,FALSE
"continuous","outer",3,4,13,0.5,0.01,4.26833603593674,0.304850813785058,0.136333428523904,5,5,4.30252627073772,TRUE,FALSE
"continuous","outer",3,4,14,0.75,0.01,4.33378831719661,0.304367265261274,0.136117179049984,5,5,4.30252627073772,FALSE,FALSE
"continuous","outer",3,4,15,1,0.01,4.40785178097059,0.30289887563963,0.135460495247693,5,5,4.30252627073772,FALSE,FALSE
"continuous","outer",3,4,16,0,0.001,4.21595210993664,0.23638738029607,0.105715650273021,5,5,4.30252627073772,TRUE,FALSE
"continuous","outer",3,4,17,0.25,0.001,4.20558658143888,0.23540946089075,0.105278311419659,5,5,4.30252627073772,TRUE,FALSE
"continuous","outer",3,4,18,0.5,0.001,4.19825843104791,0.228753407426533,0.102301633818087,5,5,4.30252627073772,TRUE,FALSE
"continuous","outer",3,4,19,0.75,0.001,4.19294688496753,0.222218825521885,0.0993792799494201,5,2,4.30252627073772,TRUE,FALSE
"continuous","outer",3,4,20,1,0.001,4.18624801337747,0.214268635035527,0.0958238466771062,5,5,4.30252627073772,TRUE,FALSE
"logistic","outer",3,4,1,0,1,0.574015755745277,0.0174620129977592,0.00780924961739489,5,5,0.498544971989927,FALSE,FALSE
"logistic","outer",3,4,2,0.25,1,0.692679840605181,0.000154558200041579,0.0000691205283545962,5,5,0.498544971989927,FALSE,FALSE
"logistic","outer",3,4,3,0.5,1,0.692679840605181,0.000154558200041579,0.0000691205283545962,5,5,0.498544971989927,FALSE,FALSE
"logistic","outer",3,4,4,0.75,1,0.692679840605181,0.000154558200041579,0.0000691205283545962,5,5,0.498544971989927,FALSE,FALSE
"logistic","outer",3,4,5,1,1,0.692679840605181,0.000154558200041579,0.0000691205283545962,5,5,0.498544971989927,FALSE,FALSE
"logistic","outer",3,4,6,0,0.1,0.482983398340556,0.0419190062983995,0.0187467495264926,5,5,0.498544971989927,TRUE,TRUE
"logistic","outer",3,4,7,0.25,0.1,0.507271293543065,0.0406063453343273,0.0181597096970774,5,5,0.498544971989927,FALSE,FALSE
"logistic","outer",3,4,8,0.5,0.1,0.537428677472334,0.0375372410858122,0.0167871645511348,5,5,0.498544971989927,FALSE,FALSE
"logistic","outer",3,4,9,0.75,0.1,0.550883085475066,0.0308081646236499,0.0137778300720971,5,5,0.498544971989927,FALSE,FALSE
"logistic","outer",3,4,10,1,0.1,0.564815421540012,0.0252791290982639,0.0113051702151422,5,5,0.498544971989927,FALSE,FALSE
"logistic","outer",3,4,11,0,0.01,0.488461691367767,0.0710775121786382,0.0317868297806009,5,5,0.498544971989927,TRUE,FALSE
"logistic","outer",3,4,12,0.25,0.01,0.483639604444403,0.0669379822774509,0.0299355757298113,5,5,0.498544971989927,TRUE,FALSE
"logistic","outer",3,4,13,0.5,0.01,0.479057862156796,0.0621916297308107,0.0278129423419179,5,5,0.498544971989927,TRUE,FALSE
"logistic","outer",3,4,14,0.75,0.01,0.476164438797247,0.0571491194080556,0.025557863170133,5,5,0.498544971989927,TRUE,FALSE
"logistic","outer",3,4,15,1,0.01,0.474964381433345,0.0527278034341078,0.0235805905565824,5,5,0.498544971989927,TRUE,FALSE
"logistic","outer",3,4,16,0,0.001,0.502085329248407,0.0845356373704483,0.0378054863363188,5,0,0.498544971989927,FALSE,FALSE
"logistic","outer",3,4,17,0.25,0.001,0.500900394433447,0.0845021708514881,0.0377905196540457,5,0,0.498544971989927,FALSE,FALSE
"logistic","outer",3,4,18,0.5,0.001,0.499707594239532,0.0845776660645774,0.0378242821397344,5,0,0.498544971989927,FALSE,FALSE
"logistic","outer",3,4,19,0.75,0.001,0.498575589742025,0.0848069133886121,0.0379268046597747,5,0,0.498544971989927,FALSE,FALSE
"logistic","outer",3,4,20,1,0.001,0.497538121332298,0.0854966353887673,0.0382352577153595,5,0,0.498544971989927,TRUE,FALSE
"continuous","outer",3,5,1,0,1,5.22673536060564,0.180516059027235,0.0807292358030524,5,5,4.19367060944959,FALSE,FALSE
"continuous","outer",3,5,2,0.25,1,5.34662136354245,0.188329202994032,0.0842233800086026,5,5,4.19367060944959,FALSE,FALSE
"continuous","outer",3,5,3,0.5,1,5.34662136354245,0.188329202994032,0.0842233800086026,5,5,4.19367060944959,FALSE,FALSE
"continuous","outer",3,5,4,0.75,1,5.34662136354245,0.188329202994032,0.0842233800086026,5,5,4.19367060944959,FALSE,FALSE
"continuous","outer",3,5,5,1,1,5.34662136354245,0.188329202994032,0.0842233800086026,5,5,4.19367060944959,FALSE,FALSE
"continuous","outer",3,5,6,0,0.1,4.67630238610912,0.221691703181474,0.0991435436722965,5,5,4.19367060944959,FALSE,FALSE
"continuous","outer",3,5,7,0.25,0.1,5.13109568589692,0.178504112465583,0.079829465947262,5,5,4.19367060944959,FALSE,FALSE
"continuous","outer",3,5,8,0.5,0.1,5.34662136354245,0.188329202994032,0.0842233800086026,5,5,4.19367060944959,FALSE,FALSE
"continuous","outer",3,5,9,0.75,0.1,5.34662136354245,0.188329202994032,0.0842233800086026,5,5,4.19367060944959,FALSE,FALSE
"continuous","outer",3,5,10,1,0.1,5.34662136354245,0.188329202994032,0.0842233800086026,5,5,4.19367060944959,FALSE,FALSE
"continuous","outer",3,5,11,0,0.01,4.148780923893,0.254076378967423,0.113626410969631,5,5,4.19367060944959,TRUE,TRUE
"continuous","outer",3,5,12,0.25,0.01,4.20534667287985,0.283796352557562,0.126917587217041,5,5,4.19367060944959,FALSE,FALSE
"continuous","outer",3,5,13,0.5,0.01,4.27204411098146,0.295253925903189,0.132041569788643,5,5,4.19367060944959,FALSE,FALSE
"continuous","outer",3,5,14,0.75,0.01,4.35168851081789,0.297677462225962,0.133125408181376,5,5,4.19367060944959,FALSE,FALSE
"continuous","outer",3,5,15,1,0.01,4.42882910741445,0.27601617642085,0.123438186673319,5,5,4.19367060944959,FALSE,FALSE
"continuous","outer",3,5,16,0,0.001,4.11143755621649,0.203021448378704,0.0907939518930494,5,5,4.19367060944959,TRUE,FALSE
"continuous","outer",3,5,17,0.25,0.001,4.10967366272274,0.208230707385456,0.0931236033433494,5,5,4.19367060944959,TRUE,FALSE
"continuous","outer",3,5,18,0.5,0.001,4.10986113207869,0.208090232204248,0.093060780932483,5,5,4.19367060944959,TRUE,FALSE
"continuous","outer",3,5,19,0.75,0.001,4.10857185747456,0.203970298370498,0.0912182905094695,5,2,4.19367060944959,TRUE,FALSE
"continuous","outer",3,5,20,1,0.001,4.10556447528611,0.19701130522425,0.0881061341634766,5,4,4.19367060944959,TRUE,FALSE
"logistic","outer",3,5,1,0,1,0.578055216283652,0.0210620020130164,0.00941921364866841,5,5,0.486904176435422,FALSE,FALSE
"logistic","outer",3,5,2,0.25,1,0.692679840605181,0.000154558200041579,0.0000691205283545962,5,5,0.486904176435422,FALSE,FALSE
"logistic","outer",3,5,3,0.5,1,0.692679840605181,0.000154558200041579,0.0000691205283545962,5,5,0.486904176435422,FALSE,FALSE
"logistic","outer",3,5,4,0.75,1,0.692679840605181,0.000154558200041579,0.0000691205283545962,5,5,0.486904176435422,FALSE,FALSE
"logistic","outer",3,5,5,1,1,0.692679840605181,0.000154558200041579,0.0000691205283545962,5,5,0.486904176435422,FALSE,FALSE
"logistic","outer",3,5,6,0,0.1,0.479795315436052,0.0351112253206972,0.0157022173180782,5,5,0.486904176435422,TRUE,TRUE
"logistic","outer",3,5,7,0.25,0.1,0.513721435421357,0.0336148132780397,0.0150330015081318,5,5,0.486904176435422,FALSE,FALSE
"logistic","outer",3,5,8,0.5,0.1,0.54631837372489,0.0295996854429368,0.0132373817526035,5,5,0.486904176435422,FALSE,FALSE
"logistic","outer",3,5,9,0.75,0.1,0.559507016502886,0.0235669948503381,0.0105394805021487,5,5,0.486904176435422,FALSE,FALSE
"logistic","outer",3,5,10,1,0.1,0.571664988064663,0.0203386374152539,0.00909571516604569,5,5,0.486904176435422,FALSE,FALSE
"logistic","outer",3,5,11,0,0.01,0.47731771474672,0.0418207573282002,0.0187028112512756,5,5,0.486904176435422,TRUE,FALSE
"logistic","outer",3,5,12,0.25,0.01,0.475039527646115,0.0392533983220124,0.0175546533991792,5,5,0.486904176435422,TRUE,FALSE
"logistic","outer",3,5,13,0.5,0.01,0.474455096818599,0.03786317024361,0.0169329245016718,5,5,0.486904176435422,TRUE,FALSE
"logistic","outer",3,5,14,0.75,0.01,0.472118764992207,0.0364796754082986,0.0163142068020166,5,5,0.486904176435422,TRUE,FALSE
"logistic","outer",3,5,15,1,0.01,0.471102671865563,0.0353332383649784,0.015801504569859,5,5,0.486904176435422,TRUE,FALSE
"logistic","outer",3,5,16,0,0.001,0.494254280687684,0.0540217934217535,0.0241592804714984,5,1,0.486904176435422,FALSE,FALSE
"logistic","outer",3,5,17,0.25,0.001,0.493257673990661,0.0536287816913036,0.0239835202824502,5,0,0.486904176435422,FALSE,FALSE
"logistic","outer",3,5,18,0.5,0.001,0.492273100514975,0.0532714928560144,0.0238237358577885,5,0,0.486904176435422,FALSE,FALSE
"logistic","outer",3,5,19,0.75,0.001,0.491493603301929,0.05288562878354,0.023651172198563,5,0,0.486904176435422,FALSE,FALSE
"logistic","outer",3,5,20,1,0.001,0.491337178948582,0.0533370721876997,0.023853063826502,5,0,0.486904176435422,FALSE,FALSE
"continuous","outer",3,6,1,0,1,5.20225676294283,0.2910963909646,0.13018226364034,5,5,4.18342370121784,FALSE,FALSE
"continuous","outer",3,6,2,0.25,1,5.31708819072239,0.314226021903717,0.14052614905521,5,5,4.18342370121784,FALSE,FALSE
"continuous","outer",3,6,3,0.5,1,5.31708819072239,0.314226021903717,0.14052614905521,5,5,4.18342370121784,FALSE,FALSE
"continuous","outer",3,6,4,0.75,1,5.31708819072239,0.314226021903717,0.14052614905521,5,5,4.18342370121784,FALSE,FALSE
"continuous","outer",3,6,5,1,1,5.31708819072239,0.314226021903717,0.14052614905521,5,5,4.18342370121784,FALSE,FALSE
"continuous","outer",3,6,6,0,0.1,4.68230311958013,0.183735944706102,0.0821692124545974,5,5,4.18342370121784,FALSE,FALSE
"continuous","outer",3,6,7,0.25,0.1,5.10935964247247,0.26370520668104,0.117932553631888,5,5,4.18342370121784,FALSE,FALSE
"continuous","outer",3,6,8,0.5,0.1,5.31708819072239,0.314226021903717,0.14052614905521,5,5,4.18342370121784,FALSE,FALSE
"continuous","outer",3,6,9,0.75,0.1,5.31708819072239,0.314226021903717,0.14052614905521,5,5,4.18342370121784,FALSE,FALSE
"continuous","outer",3,6,10,1,0.1,5.31708819072239,0.314226021903717,0.14052614905521,5,5,4.18342370121784,FALSE,FALSE
"continuous","outer",3,6,11,0,0.01,4.1885103559446,0.139810301071682,0.0625250674301984,5,5,4.18342370121784,FALSE,FALSE
"continuous","outer",3,6,12,0.25,0.01,4.22591049031951,0.148739179566121,0.066518183285479,5,5,4.18342370121784,FALSE,FALSE
"continuous","outer",3,6,13,0.5,0.01,4.29962868458966,0.15915221899748,0.0711750360896596,5,5,4.18342370121784,FALSE,FALSE
"continuous","outer",3,6,14,0.75,0.01,4.36508713108492,0.154183223634358,0.0689528338072956,5,5,4.18342370121784,FALSE,FALSE
"continuous","outer",3,6,15,1,0.01,4.4222268987356,0.130992674746265,0.0585817050574339,5,5,4.18342370121784,FALSE,FALSE
"continuous","outer",3,6,16,0,0.001,4.12153998349084,0.161671166730655,0.0723015437622896,5,5,4.18342370121784,TRUE,TRUE
"continuous","outer",3,6,17,0.25,0.001,4.11515002101276,0.161302647863421,0.0721367371146641,5,5,4.18342370121784,TRUE,FALSE
"continuous","outer",3,6,18,0.5,0.001,4.11217478331636,0.161398523698289,0.0721796140914971,5,5,4.18342370121784,TRUE,FALSE
"continuous","outer",3,6,19,0.75,0.001,4.11005498459374,0.162744868728251,0.07278171789313,5,3,4.18342370121784,TRUE,FALSE
"continuous","outer",3,6,20,1,0.001,4.10985360871575,0.1645077279456,0.0735700925020809,5,5,4.18342370121784,TRUE,FALSE
"logistic","outer",3,6,1,0,1,0.580126960364621,0.0168658722051378,0.00754264735010247,5,5,0.499941642559524,FALSE,FALSE
"logistic","outer",3,6,2,0.25,1,0.692679840605181,0.000154558200041579,0.0000691205283545962,5,5,0.499941642559524,FALSE,FALSE
"logistic","outer",3,6,3,0.5,1,0.692679840605181,0.000154558200041579,0.0000691205283545962,5,5,0.499941642559524,FALSE,FALSE
"logistic","outer",3,6,4,0.75,1,0.692679840605181,0.000154558200041579,0.0000691205283545962,5,5,0.499941642559524,FALSE,FALSE
"logistic","outer",3,6,5,1,1,0.692679840605181,0.000154558200041579,0.0000691205283545962,5,5,0.499941642559524,FALSE,FALSE
"logistic","outer",3,6,6,0,0.1,0.485449258071794,0.0444178278842463,0.0198642565124121,5,5,0.499941642559524,TRUE,TRUE
"logistic","outer",3,6,7,0.25,0.1,0.517632732334664,0.0364196009860953,0.0162873407036655,5,5,0.499941642559524,FALSE,FALSE
"logistic","outer",3,6,8,0.5,0.1,0.549152063513757,0.0291909337978826,0.0130545824597523,5,5,0.499941642559524,FALSE,FALSE
"logistic","outer",3,6,9,0.75,0.1,0.561477221776026,0.0250106421753168,0.0111850992129863,5,5,0.499941642559524,FALSE,FALSE
"logistic","outer",3,6,10,1,0.1,0.573731919384057,0.0214451553463674,0.00959056502850413,5,5,0.499941642559524,FALSE,FALSE
"logistic","outer",3,6,11,0,0.01,0.477843075186992,0.0641699069694489,0.028697654818705,5,5,0.499941642559524,TRUE,FALSE
"logistic","outer",3,6,12,0.25,0.01,0.476179450185222,0.0635422264014308,0.0284169475350562,5,5,0.499941642559524,TRUE,FALSE
"logistic","outer",3,6,13,0.5,0.01,0.474782543010571,0.0637298515087911,0.0285008560339249,5,5,0.499941642559524,TRUE,FALSE
"logistic","outer",3,6,14,0.75,0.01,0.47314474519901,0.0640294720782681,0.0286348504260864,5,5,0.499941642559524,TRUE,FALSE
"logistic","outer",3,6,15,1,0.01,0.471798715881943,0.062929497136864,0.0281429266775813,5,5,0.499941642559524,TRUE,FALSE
"logistic","outer",3,6,16,0,0.001,0.485532411829379,0.0636921541826203,0.0284839972771473,5,0,0.499941642559524,TRUE,FALSE
"logistic","outer",3,6,17,0.25,0.001,0.485024129121104,0.0632125857295838,0.0282695277449765,5,0,0.499941642559524,TRUE,FALSE
"logistic","outer",3,6,18,0.5,0.001,0.484709636456276,0.0626506969614983,0.0280182434487299,5,0,0.499941642559524,TRUE,FALSE
"logistic","outer",3,6,19,0.75,0.001,0.484579302274474,0.0621097845896366,0.0277763400820593,5,0,0.499941642559524,TRUE,FALSE
"logistic","outer",3,6,20,1,0.001,0.48502936980089,0.0618248734549937,0.0276489239491376,5,0,0.499941642559524,TRUE,FALSE
"continuous","outer",3,7,1,0,1,5.26511581496314,0.344134678100569,0.153901706729576,5,5,4.3336745622295,FALSE,FALSE
"continuous","outer",3,7,2,0.25,1,5.38377198435035,0.350392027010065,0.156700078233689,5,5,4.3336745622295,FALSE,FALSE
"continuous","outer",3,7,3,0.5,1,5.38377198435035,0.350392027010065,0.156700078233689,5,5,4.3336745622295,FALSE,FALSE
"continuous","outer",3,7,4,0.75,1,5.38377198435035,0.350392027010065,0.156700078233689,5,5,4.3336745622295,FALSE,FALSE
"continuous","outer",3,7,5,1,1,5.38377198435035,0.350392027010065,0.156700078233689,5,5,4.3336745622295,FALSE,FALSE
"continuous","outer",3,7,6,0,0.1,4.72565009039273,0.317268018184531,0.14188657114945,5,5,4.3336745622295,FALSE,FALSE
"continuous","outer",3,7,7,0.25,0.1,5.16076157791168,0.349887364078518,0.156474386109557,5,5,4.3336745622295,FALSE,FALSE
"continuous","outer",3,7,8,0.5,0.1,5.38377198435035,0.350392027010065,0.156700078233689,5,5,4.3336745622295,FALSE,FALSE
"continuous","outer",3,7,9,0.75,0.1,5.38377198435035,0.350392027010065,0.156700078233689,5,5,4.3336745622295,FALSE,FALSE
"continuous","outer",3,7,10,1,0.1,5.38377198435035,0.350392027010065,0.156700078233689,5,5,4.3336745622295,FALSE,FALSE
"continuous","outer",3,7,11,0,0.01,4.22940332097191,0.271845520704483,0.12157301273481,5,5,4.3336745622295,TRUE,TRUE
"continuous","outer",3,7,12,0.25,0.01,4.25952077868267,0.324164665108137,0.14497084541705,5,5,4.3336745622295,TRUE,FALSE
"continuous","outer",3,7,13,0.5,0.01,4.31987825628122,0.370358305660017,0.165629269497489,5,5,4.3336745622295,TRUE,FALSE
"continuous","outer",3,7,14,0.75,0.01,4.40268801276848,0.390828405816305,0.174783776588627,5,5,4.3336745622295,FALSE,FALSE
"continuous","outer",3,7,15,1,0.01,4.4778280941097,0.383846063765744,0.171661178295184,5,5,4.3336745622295,FALSE,FALSE
"continuous","outer",3,7,16,0,0.001,4.2226539835507,0.241071931308546,0.107810645174614,5,5,4.3336745622295,TRUE,FALSE
"continuous","outer",3,7,17,0.25,0.001,4.2185915486456,0.250388622627868,0.111977196197691,5,5,4.3336745622295,TRUE,FALSE
"continuous","outer",3,7,18,0.5,0.001,4.2167751905009,0.261394941712174,0.116899371728603,5,5,4.3336745622295,TRUE,FALSE
"continuous","outer",3,7,19,0.75,0.001,4.21748965577885,0.272980248976089,0.122080478645071,5,2,4.3336745622295,TRUE,FALSE
"continuous","outer",3,7,20,1,0.001,4.21773616579311,0.284690833857517,0.127317611415301,5,5,4.3336745622295,TRUE,FALSE
"logistic","outer",3,7,1,0,1,0.574174030967904,0.0171632859395715,0.00767565481562967,5,5,0.491267965549363,FALSE,FALSE
"logistic","outer",3,7,2,0.25,1,0.692679840605181,0.000154558200041579,0.0000691205283545962,5,5,0.491267965549363,FALSE,FALSE
"logistic","outer",3,7,3,0.5,1,0.692679840605181,0.000154558200041579,0.0000691205283545962,5,5,0.491267965549363,FALSE,FALSE
"logistic","outer",3,7,4,0.75,1,0.692679840605181,0.000154558200041579,0.0000691205283545962,5,5,0.491267965549363,FALSE,FALSE
"logistic","outer",3,7,5,1,1,0.692679840605181,0.000154558200041579,0.0000691205283545962,5,5,0.491267965549363,FALSE,FALSE
"logistic","outer",3,7,6,0,0.1,0.475954050075993,0.0342429560001412,0.01531391547337,5,5,0.491267965549363,TRUE,TRUE
"logistic","outer",3,7,7,0.25,0.1,0.508633774318886,0.02986504283767,0.0133560531871947,5,5,0.491267965549363,FALSE,FALSE
"logistic","outer",3,7,8,0.5,0.1,0.537452912386356,0.0270953769709796,0.0121174209566185,5,5,0.491267965549363,FALSE,FALSE
"logistic","outer",3,7,9,0.75,0.1,0.550586365746478,0.0235683649383809,0.0105400932241485,5,5,0.491267965549363,FALSE,FALSE
"logistic","outer",3,7,10,1,0.1,0.563741744099106,0.0207654633927571,0.00928659754609767,5,5,0.491267965549363,FALSE,FALSE
"logistic","outer",3,7,11,0,0.01,0.486310590840211,0.0578321625815162,0.025863329363618,5,5,0.491267965549363,TRUE,FALSE
"logistic","outer",3,7,12,0.25,0.01,0.481618015393471,0.055785072551289,0.024947842870888,5,5,0.491267965549363,TRUE,FALSE
"logistic","outer",3,7,13,0.5,0.01,0.478470990868918,0.055063088085365,0.024624961601987,5,5,0.491267965549363,TRUE,FALSE
"logistic","outer",3,7,14,0.75,0.01,0.477752294056142,0.0535138342523015,0.0239321142249606,5,5,0.491267965549363,TRUE,FALSE
"logistic","outer",3,7,15,1,0.01,0.477336091544212,0.0504675810071075,0.0225697883583739,5,5,0.491267965549363,TRUE,FALSE
"logistic","outer",3,7,16,0,0.001,0.505292839750938,0.0721766433263721,0.0322783761731049,5,0,0.491267965549363,FALSE,FALSE
"logistic","outer",3,7,17,0.25,0.001,0.504683713250233,0.0719843861752342,0.0321923961612839,5,0,0.491267965549363,FALSE,FALSE
"logistic","outer",3,7,18,0.5,0.001,0.504187041880347,0.0719052489872552,0.0321570049349101,5,0,0.491267965549363,FALSE,FALSE
"logistic","outer",3,7,19,0.75,0.001,0.503679555755879,0.0718286552194265,0.0321227511606066,5,0,0.491267965549363,FALSE,FALSE
"logistic","outer",3,7,20,1,0.001,0.503389317901747,0.0715430234564442,0.0319950127528942,5,0,0.491267965549363,FALSE,FALSE
"continuous","outer",3,8,1,0,1,5.16696458493313,0.466601939723677,0.20867073113108,5,5,4.29686353980088,FALSE,FALSE
"continuous","outer",3,8,2,0.25,1,5.2806109227334,0.469685040716848,0.210049535811526,5,5,4.29686353980088,FALSE,FALSE
"continuous","outer",3,8,3,0.5,1,5.2806109227334,0.469685040716848,0.210049535811526,5,5,4.29686353980088,FALSE,FALSE
"continuous","outer",3,8,4,0.75,1,5.2806109227334,0.469685040716848,0.210049535811526,5,5,4.29686353980088,FALSE,FALSE
"continuous","outer",3,8,5,1,1,5.2806109227334,0.469685040716848,0.210049535811526,5,5,4.29686353980088,FALSE,FALSE
"continuous","outer",3,8,6,0,0.1,4.65107412206034,0.445860314079151,0.199394794150077,5,5,4.29686353980088,FALSE,FALSE
"continuous","outer",3,8,7,0.25,0.1,5.07567369677449,0.471393220930211,0.210813457226505,5,5,4.29686353980088,FALSE,FALSE
"continuous","outer",3,8,8,0.5,0.1,5.2806109227334,0.469685040716848,0.210049535811526,5,5,4.29686353980088,FALSE,FALSE
"continuous","outer",3,8,9,0.75,0.1,5.2806109227334,0.469685040716848,0.210049535811526,5,5,4.29686353980088,FALSE,FALSE
"continuous","outer",3,8,10,1,0.1,5.2806109227334,0.469685040716848,0.210049535811526,5,5,4.29686353980088,FALSE,FALSE
"continuous","outer",3,8,11,0,0.01,4.17958547146034,0.365946217730542,0.163656123790886,5,5,4.29686353980088,TRUE,TRUE
"continuous","outer",3,8,12,0.25,0.01,4.20255378089748,0.408649526089302,0.182753623861751,5,5,4.29686353980088,TRUE,FALSE
"continuous","outer",3,8,13,0.5,0.01,4.26352635946264,0.448638190825455,0.200637098397648,5,5,4.29686353980088,TRUE,FALSE
"continuous","outer",3,8,14,0.75,0.01,4.31135353582481,0.464642965742316,0.207794651333385,5,5,4.29686353980088,FALSE,FALSE
"continuous","outer",3,8,15,1,0.01,4.37655783460869,0.466084674851091,0.208439403247585,5,5,4.29686353980088,FALSE,FALSE
"continuous","outer",3,8,16,0,0.001,4.15795497878299,0.365212778274778,0.163328119694792,5,5,4.29686353980088,TRUE,FALSE
"continuous","outer",3,8,17,0.25,0.001,4.14928318081045,0.36104649745302,0.161464902268631,5,5,4.29686353980088,TRUE,FALSE
"continuous","outer",3,8,18,0.5,0.001,4.14266711164717,0.360011587456673,0.161002076448146,5,5,4.29686353980088,TRUE,FALSE
"continuous","outer",3,8,19,0.75,0.001,4.13950785993509,0.359656749991525,0.160843388309539,5,4,4.29686353980088,TRUE,FALSE
"continuous","outer",3,8,20,1,0.001,4.13532596512006,0.361208997906754,0.161537574680816,5,5,4.29686353980088,TRUE,FALSE
"logistic","outer",3,8,1,0,1,0.581883436954268,0.0107188773389188,0.00479362767446091,5,5,0.484523732839709,FALSE,FALSE
"logistic","outer",3,8,2,0.25,1,0.692624627826332,0.000165106917391479,0.0000738380581685581,5,5,0.484523732839709,FALSE,FALSE
"logistic","outer",3,8,3,0.5,1,0.692624627826332,0.000165106917391479,0.0000738380581685581,5,5,0.484523732839709,FALSE,FALSE
"logistic","outer",3,8,4,0.75,1,0.692624627826332,0.000165106917391479,0.0000738380581685581,5,5,0.484523732839709,FALSE,FALSE
"logistic","outer",3,8,5,1,1,0.692624627826332,0.000165106917391479,0.0000738380581685581,5,5,0.484523732839709,FALSE,FALSE
"logistic","outer",3,8,6,0,0.1,0.48956407026039,0.013725485270731,0.00613822361790533,5,5,0.484523732839709,FALSE,FALSE
"logistic","outer",3,8,7,0.25,0.1,0.51760587741618,0.0165294950205446,0.00739221489993639,5,5,0.484523732839709,FALSE,FALSE
"logistic","outer",3,8,8,0.5,0.1,0.548434614340382,0.0206086795715012,0.00921648168967758,5,5,0.484523732839709,FALSE,FALSE
"logistic","outer",3,8,9,0.75,0.1,0.561901458284732,0.0191821550844656,0.00857852054476168,5,5,0.484523732839709,FALSE,FALSE
"logistic","outer",3,8,10,1,0.1,0.573975865522944,0.0175241648146539,0.00783704475489523,5,5,0.484523732839709,FALSE,FALSE
"logistic","outer",3,8,11,0,0.01,0.487195358643511,0.0252761308874155,0.0113038293744886,5,5,0.484523732839709,FALSE,FALSE
"logistic","outer",3,8,12,0.25,0.01,0.482837648594576,0.0229407738519227,0.0102594259578698,5,5,0.484523732839709,TRUE,TRUE
"logistic","outer",3,8,13,0.5,0.01,0.479017064151407,0.0215283563719748,0.00962777365831529,5,5,0.484523732839709,TRUE,FALSE
"logistic","outer",3,8,14,0.75,0.01,0.477060377667335,0.0195220005754661,0.00873050406870646,5,5,0.484523732839709,TRUE,FALSE
"logistic","outer",3,8,15,1,0.01,0.47654752113285,0.0178353515794674,0.00797621170685948,5,5,0.484523732839709,TRUE,FALSE
"logistic","outer",3,8,16,0,0.001,0.497689431819341,0.030148024951234,0.0134826066356638,5,0,0.484523732839709,FALSE,FALSE
"logistic","outer",3,8,17,0.25,0.001,0.496798765671949,0.0300781444889245,0.0134513551428592,5,0,0.484523732839709,FALSE,FALSE
"logistic","outer",3,8,18,0.5,0.001,0.49602815044121,0.0301948648262608,0.0135035540645873,5,0,0.484523732839709,FALSE,FALSE
"logistic","outer",3,8,19,0.75,0.001,0.495443546070191,0.0304152397352766,0.0136021087200062,5,0,0.484523732839709,FALSE,FALSE
"logistic","outer",3,8,20,1,0.001,0.495174053335676,0.0306212744068004,0.013694250226256,5,0,0.484523732839709,FALSE,FALSE
"continuous","outer",3,9,1,0,1,5.2101457947975,0.205738991278148,0.0920092740240349,5,5,4.27149367499131,FALSE,FALSE
"continuous","outer",3,9,2,0.25,1,5.32527979583849,0.217644299350304,0.0973334896525186,5,5,4.27149367499131,FALSE,FALSE
"continuous","outer",3,9,3,0.5,1,5.32527979583849,0.217644299350304,0.0973334896525186,5,5,4.27149367499131,FALSE,FALSE
"continuous","outer",3,9,4,0.75,1,5.32527979583849,0.217644299350304,0.0973334896525186,5,5,4.27149367499131,FALSE,FALSE
"continuous","outer",3,9,5,1,1,5.32527979583849,0.217644299350304,0.0973334896525186,5,5,4.27149367499131,FALSE,FALSE
"continuous","outer",3,9,6,0,0.1,4.69101065185933,0.146128661173302,0.0653507239689073,5,5,4.27149367499131,FALSE,FALSE
"continuous","outer",3,9,7,0.25,0.1,5.11557095255177,0.206976475105884,0.0925626936160099,5,5,4.27149367499131,FALSE,FALSE
"continuous","outer",3,9,8,0.5,0.1,5.32527979583849,0.217644299350304,0.0973334896525186,5,5,4.27149367499131,FALSE,FALSE
"continuous","outer",3,9,9,0.75,0.1,5.32527979583849,0.217644299350304,0.0973334896525186,5,5,4.27149367499131,FALSE,FALSE
"continuous","outer",3,9,10,1,0.1,5.32527979583849,0.217644299350304,0.0973334896525186,5,5,4.27149367499131,FALSE,FALSE
"continuous","outer",3,9,11,0,0.01,4.23181290495886,0.123080409635671,0.0550432325287762,5,5,4.27149367499131,TRUE,TRUE
"continuous","outer",3,9,12,0.25,0.01,4.27927646462513,0.102718287273359,0.0459370145751165,5,5,4.27149367499131,FALSE,FALSE
"continuous","outer",3,9,13,0.5,0.01,4.32336401477608,0.0948478516896096,0.0424172487795571,5,5,4.27149367499131,FALSE,FALSE
"continuous","outer",3,9,14,0.75,0.01,4.3855921177799,0.124622943040719,0.0557330744390264,5,5,4.27149367499131,FALSE,FALSE
"continuous","outer",3,9,15,1,0.01,4.45488859111202,0.127809538399003,0.0571581632066083,5,5,4.27149367499131,FALSE,FALSE
"continuous","outer",3,9,16,0,0.001,4.21333122419196,0.18649283389789,0.0834021307824519,5,5,4.27149367499131,TRUE,FALSE
"continuous","outer",3,9,17,0.25,0.001,4.20675615197339,0.180351540631824,0.0806556609399146,5,5,4.27149367499131,TRUE,FALSE
"continuous","outer",3,9,18,0.5,0.001,4.20238194578682,0.17473052299185,0.0781418654307734,5,5,4.27149367499131,TRUE,FALSE
"continuous","outer",3,9,19,0.75,0.001,4.19930902725679,0.165298396851778,0.0739236903864626,5,1,4.27149367499131,TRUE,FALSE
"continuous","outer",3,9,20,1,0.001,4.19912294142248,0.161825879841433,0.0723707335688316,5,5,4.27149367499131,TRUE,FALSE
"logistic","outer",3,9,1,0,1,0.579786121928867,0.00664850425623063,0.00297330149312567,5,5,0.489583976667007,FALSE,FALSE
"logistic","outer",3,9,2,0.25,1,0.692683447702587,0.000148862115084375,0.0000665731617206119,5,5,0.489583976667007,FALSE,FALSE
"logistic","outer",3,9,3,0.5,1,0.692683447702587,0.000148862115084375,0.0000665731617206119,5,5,0.489583976667007,FALSE,FALSE
"logistic","outer",3,9,4,0.75,1,0.692683447702587,0.000148862115084375,0.0000665731617206119,5,5,0.489583976667007,FALSE,FALSE
"logistic","outer",3,9,5,1,1,0.692683447702587,0.000148862115084375,0.0000665731617206119,5,5,0.489583976667007,FALSE,FALSE
"logistic","outer",3,9,6,0,0.1,0.485519145901707,0.0159666587857429,0.00714050688369308,5,5,0.489583976667007,TRUE,TRUE
"logistic","outer",3,9,7,0.25,0.1,0.515070854924881,0.0180747418847251,0.00808327030600162,5,5,0.489583976667007,FALSE,FALSE
"logistic","outer",3,9,8,0.5,0.1,0.543956493010687,0.0139946661657168,0.00625860497379183,5,5,0.489583976667007,FALSE,FALSE
"logistic","outer",3,9,9,0.75,0.1,0.55803668757997,0.0112092972660667,0.00501295013338552,5,5,0.489583976667007,FALSE,FALSE
"logistic","outer",3,9,10,1,0.1,0.570083463234606,0.00966409147577237,0.00432191309612066,5,5,0.489583976667007,FALSE,FALSE
"logistic","outer",3,9,11,0,0.01,0.487916853194517,0.0394626820908245,0.0176482479459094,5,5,0.489583976667007,TRUE,FALSE
"logistic","outer",3,9,12,0.25,0.01,0.483089466860914,0.0348546202976703,0.015587460063107,5,5,0.489583976667007,TRUE,FALSE
"logistic","outer",3,9,13,0.5,0.01,0.479247583552945,0.0300054195071545,0.0134188315422791,5,5,0.489583976667007,TRUE,FALSE
"logistic","outer",3,9,14,0.75,0.01,0.478247802791703,0.0253484553899381,0.0113361738753045,5,5,0.489583976667007,TRUE,FALSE
"logistic","outer",3,9,15,1,0.01,0.479182192302313,0.0223728963847946,0.010005463433992,5,4,0.489583976667007,TRUE,FALSE
"logistic","outer",3,9,16,0,0.001,0.506284222724192,0.0466059382604809,0.0208428092211187,5,0,0.489583976667007,FALSE,FALSE
"logistic","outer",3,9,17,0.25,0.001,0.505190129144167,0.0455723458048789,0.0203805726227673,5,0,0.489583976667007,FALSE,FALSE
"logistic","outer",3,9,18,0.5,0.001,0.504389492144873,0.0445676246493623,0.0199312476623339,5,0,0.489583976667007,FALSE,FALSE
"logistic","outer",3,9,19,0.75,0.001,0.503816092125253,0.0435749532416359,0.0194873115129345,5,0,0.489583976667007,FALSE,FALSE
"logistic","outer",3,9,20,1,0.001,0.503428065820897,0.0424069069727565,0.0189649453413187,5,0,0.489583976667007,FALSE,FALSE
"continuous","outer",3,10,1,0,1,5.21041907656487,0.163651937776664,0.0731873715036373,5,5,4.31530662408611,FALSE,FALSE
"continuous","outer",3,10,2,0.25,1,5.32505489329409,0.171778931994054,0.0768218738082038,5,5,4.31530662408611,FALSE,FALSE
"continuous","outer",3,10,3,0.5,1,5.32505489329409,0.171778931994054,0.0768218738082038,5,5,4.31530662408611,FALSE,FALSE
"continuous","outer",3,10,4,0.75,1,5.32505489329409,0.171778931994054,0.0768218738082038,5,5,4.31530662408611,FALSE,FALSE
"continuous","outer",3,10,5,1,1,5.32505489329409,0.171778931994054,0.0768218738082038,5,5,4.31530662408611,FALSE,FALSE
"continuous","outer",3,10,6,0,0.1,4.6922296774516,0.14988851441685,0.067032181456507,5,5,4.31530662408611,FALSE,FALSE
"continuous","outer",3,10,7,0.25,0.1,5.11005095622448,0.144365099995034,0.0645620354334901,5,5,4.31530662408611,FALSE,FALSE
"continuous","outer",3,10,8,0.5,0.1,5.32505489329409,0.171778931994054,0.0768218738082038,5,5,4.31530662408611,FALSE,FALSE
"continuous","outer",3,10,9,0.75,0.1,5.32505489329409,0.171778931994054,0.0768218738082038,5,5,4.31530662408611,FALSE,FALSE
"continuous","outer",3,10,10,1,0.1,5.32505489329409,0.171778931994054,0.0768218738082038,5,5,4.31530662408611,FALSE,FALSE
"continuous","outer",3,10,11,0,0.01,4.23936663684918,0.169806973672229,0.0759399872369243,5,5,4.31530662408611,TRUE,TRUE
"continuous","outer",3,10,12,0.25,0.01,4.28949456031949,0.152097284910875,0.0680199736507737,5,5,4.31530662408611,TRUE,FALSE
"continuous","outer",3,10,13,0.5,0.01,4.34350909464694,0.144541571150598,0.0646409557334717,5,5,4.31530662408611,FALSE,FALSE
"continuous","outer",3,10,14,0.75,0.01,4.39047911699293,0.145471456876823,0.0650568132725011,5,5,4.31530662408611,FALSE,FALSE
"continuous","outer",3,10,15,1,0.01,4.43986958133381,0.153212025049038,0.0685185005960099,5,5,4.31530662408611,FALSE,FALSE
"continuous","outer",3,10,16,0,0.001,4.25179446948289,0.230761644251433,0.103199744629165,5,5,4.31530662408611,TRUE,FALSE
"continuous","outer",3,10,17,0.25,0.001,4.2493974933842,0.223807356398563,0.100089692554342,5,5,4.31530662408611,TRUE,FALSE
"continuous","outer",3,10,18,0.5,0.001,4.24919598027706,0.217608355188122,0.0973174149345118,5,5,4.31530662408611,TRUE,FALSE
"continuous","outer",3,10,19,0.75,0.001,4.24648687848296,0.212356553192893,0.0949687376813717,5,1,4.31530662408611,TRUE,FALSE
"continuous","outer",3,10,20,1,0.001,4.24626143173158,0.207529847575554,0.0928101693078216,5,4,4.31530662408611,TRUE,FALSE
"logistic","outer",3,10,1,0,1,0.579983325691172,0.0161606313662165,0.00722725405883508,5,5,0.502574873998049,FALSE,FALSE
"logistic","outer",3,10,2,0.25,1,0.692683447702587,0.000148862115084346,0.0000665731617205991,5,5,0.502574873998049,FALSE,FALSE
"logistic","outer",3,10,3,0.5,1,0.692683447702587,0.000148862115084346,0.0000665731617205991,5,5,0.502574873998049,FALSE,FALSE
"logistic","outer",3,10,4,0.75,1,0.692683447702587,0.000148862115084346,0.0000665731617205991,5,5,0.502574873998049,FALSE,FALSE
"logistic","outer",3,10,5,1,1,0.692683447702587,0.000148862115084346,0.0000665731617205991,5,5,0.502574873998049,FALSE,FALSE
"logistic","outer",3,10,6,0,0.1,0.489333038785203,0.0288640561181011,0.0129083983172885,5,5,0.502574873998049,TRUE,TRUE
"logistic","outer",3,10,7,0.25,0.1,0.517071308392567,0.0261628432952025,0.0117003792185495,5,5,0.502574873998049,FALSE,FALSE
"logistic","outer",3,10,8,0.5,0.1,0.539908518362836,0.0285077195849767,0.012749039775102,5,5,0.502574873998049,FALSE,FALSE
"logistic","outer",3,10,9,0.75,0.1,0.549843926381396,0.0268044361202743,0.0119873082526968,5,5,0.502574873998049,FALSE,FALSE
"logistic","outer",3,10,10,1,0.1,0.563364578841953,0.0235315236482549,0.0105236172983284,5,5,0.502574873998049,FALSE,FALSE
"logistic","outer",3,10,11,0,0.01,0.499221290157866,0.0502606488728787,0.022477245494601,5,5,0.502574873998049,TRUE,FALSE
"logistic","outer",3,10,12,0.25,0.01,0.496318976803584,0.0461137183392668,0.0206226817803758,5,5,0.502574873998049,TRUE,FALSE
"logistic","outer",3,10,13,0.5,0.01,0.493195649433663,0.040273404449726,0.018010814006986,5,5,0.502574873998049,TRUE,FALSE
"logistic","outer",3,10,14,0.75,0.01,0.490380643865697,0.0347229597419673,0.0155285796726055,5,4,0.502574873998049,TRUE,FALSE
"logistic","outer",3,10,15,1,0.01,0.488803236752427,0.0307943170426791,0.0137716372456221,5,3,0.502574873998049,TRUE,FALSE
"logistic","outer",3,10,16,0,0.001,0.512139392681987,0.0648819185145898,0.029016076061845,5,0,0.502574873998049,FALSE,FALSE
"logistic","outer",3,10,17,0.25,0.001,0.5105443101442,0.0646098540942228,0.028894405154205,5,0,0.502574873998049,FALSE,FALSE
"logistic","outer",3,10,18,0.5,0.001,0.509053561632375,0.0645103922479019,0.0288499244642968,5,0,0.502574873998049,FALSE,FALSE
"logistic","outer",3,10,19,0.75,0.001,0.50766432597726,0.0648652550325032,0.0290086239261075,5,0,0.502574873998049,FALSE,FALSE
"logistic","outer",3,10,20,1,0.001,0.505853105596135,0.0655904320164749,0.0293329329324833,5,0,0.502574873998049,FALSE,FALSE
"continuous","outer",4,1,1,0,1,5.28944299881831,0.429694673312971,0.192165299819473,5,5,4.27252398691178,FALSE,FALSE
"continuous","outer",4,1,2,0.25,1,5.40587983839023,0.454572207572105,0.203290871362674,5,5,4.27252398691178,FALSE,FALSE
"continuous","outer",4,1,3,0.5,1,5.40587983839023,0.454572207572105,0.203290871362674,5,5,4.27252398691178,FALSE,FALSE
"continuous","outer",4,1,4,0.75,1,5.40587983839023,0.454572207572105,0.203290871362674,5,5,4.27252398691178,FALSE,FALSE
"continuous","outer",4,1,5,1,1,5.40587983839023,0.454572207572105,0.203290871362674,5,5,4.27252398691178,FALSE,FALSE
"continuous","outer",4,1,6,0,0.1,4.75364258959737,0.294125848234551,0.131537078118449,5,5,4.27252398691178,FALSE,FALSE
"continuous","outer",4,1,7,0.25,0.1,5.19291239198195,0.422503586670593,0.188949348106584,5,5,4.27252398691178,FALSE,FALSE
"continuous","outer",4,1,8,0.5,0.1,5.40587983839023,0.454572207572105,0.203290871362674,5,5,4.27252398691178,FALSE,FALSE
"continuous","outer",4,1,9,0.75,0.1,5.40587983839023,0.454572207572105,0.203290871362674,5,5,4.27252398691178,FALSE,FALSE
"continuous","outer",4,1,10,1,0.1,5.40587983839023,0.454572207572105,0.203290871362674,5,5,4.27252398691178,FALSE,FALSE
"continuous","outer",4,1,11,0,0.01,4.22327563105703,0.168243560225662,0.0752408074882322,5,5,4.27252398691178,TRUE,TRUE
"continuous","outer",4,1,12,0.25,0.01,4.28537668577616,0.18780853622186,0.0839905307493621,5,5,4.27252398691178,FALSE,FALSE
"continuous","outer",4,1,13,0.5,0.01,4.35751620672256,0.214784727556926,0.0960546502692118,5,5,4.27252398691178,FALSE,FALSE
"continuous","outer",4,1,14,0.75,0.01,4.427864806896,0.240251159499693,0.107443584862892,5,5,4.27252398691178,FALSE,FALSE
"continuous","outer",4,1,15,1,0.01,4.50431727459025,0.243586875870901,0.108935362574828,5,5,4.27252398691178,FALSE,FALSE
"continuous","outer",4,1,16,0,0.001,4.16098685287186,0.26440232031079,0.11824431232472,5,5,4.27252398691178,TRUE,FALSE
"continuous","outer",4,1,17,0.25,0.001,4.15736202417897,0.25750997709287,0.115161962732814,5,5,4.27252398691178,TRUE,FALSE
"continuous","outer",4,1,18,0.5,0.001,4.15818311094783,0.254618324749361,0.113868776491338,5,5,4.27252398691178,TRUE,FALSE
"continuous","outer",4,1,19,0.75,0.001,4.1633833522124,0.254217922934762,0.113689711356186,5,0,4.27252398691178,TRUE,FALSE
"continuous","outer",4,1,20,1,0.001,4.17050683265992,0.25587268882005,0.114429745157457,5,5,4.27252398691178,TRUE,FALSE
"logistic","outer",4,1,1,0,1,0.579323308951581,0.0178695344667248,0.00799149875877441,5,5,0.499188618016598,FALSE,FALSE
"logistic","outer",4,1,2,0.25,1,0.692679840605181,0.000154558200041579,0.0000691205283545962,5,5,0.499188618016598,FALSE,FALSE
"logistic","outer",4,1,3,0.5,1,0.692679840605181,0.000154558200041579,0.0000691205283545962,5,5,0.499188618016598,FALSE,FALSE
"logistic","outer",4,1,4,0.75,1,0.692679840605181,0.000154558200041579,0.0000691205283545962,5,5,0.499188618016598,FALSE,FALSE
"logistic","outer",4,1,5,1,1,0.692679840605181,0.000154558200041579,0.0000691205283545962,5,5,0.499188618016598,FALSE,FALSE
"logistic","outer",4,1,6,0,0.1,0.480150515120215,0.0530233190621199,0.0237127491631121,5,5,0.499188618016598,TRUE,TRUE
"logistic","outer",4,1,7,0.25,0.1,0.513188417495851,0.0345212011597978,0.0154383504916505,5,5,0.499188618016598,FALSE,FALSE
"logistic","outer",4,1,8,0.5,0.1,0.547444795091444,0.0241811149571163,0.0108141233631698,5,5,0.499188618016598,FALSE,FALSE
"logistic","outer",4,1,9,0.75,0.1,0.560644628377089,0.0187873701952963,0.0084019673750272,5,5,0.499188618016598,FALSE,FALSE
"logistic","outer",4,1,10,1,0.1,0.574197677853271,0.0140069064363997,0.0062640789892538,5,5,0.499188618016598,FALSE,FALSE
"logistic","outer",4,1,11,0,0.01,0.480374068697807,0.0842277756236046,0.0376678063775959,5,5,0.499188618016598,TRUE,FALSE
"logistic","outer",4,1,12,0.25,0.01,0.476597156609615,0.0779082842138322,0.0348416439025005,5,5,0.499188618016598,TRUE,FALSE
"logistic","outer",4,1,13,0.5,0.01,0.47475718109191,0.0721600927221735,0.0322709745178936,5,5,0.499188618016598,TRUE,FALSE
"logistic","outer",4,1,14,0.75,0.01,0.472722828281451,0.0676372791702054,0.030248310807542,5,5,0.499188618016598,TRUE,FALSE
"logistic","outer",4,1,15,1,0.01,0.470795823995579,0.0634882175021478,0.0283927940210189,5,5,0.499188618016598,TRUE,FALSE
"logistic","outer",4,1,16,0,0.001,0.497438926965825,0.0995114030182765,0.0445028523370488,5,0,0.499188618016598,TRUE,FALSE
"logistic","outer",4,1,17,0.25,0.001,0.496772220953324,0.0989446289896434,0.0442493832858678,5,0,0.499188618016598,TRUE,FALSE
"logistic","outer",4,1,18,0.5,0.001,0.496418681348233,0.0985329326644094,0.0440652670920058,5,0,0.499188618016598,TRUE,FALSE
"logistic","outer",4,1,19,0.75,0.001,0.496289641709096,0.0982010196064416,0.0439168310599586,5,0,0.499188618016598,TRUE,FALSE
"logistic","outer",4,1,20,1,0.001,0.496287930729512,0.0980764683641398,0.0438611300510648,5,0,0.499188618016598,TRUE,FALSE
"continuous","outer",4,2,1,0,1,5.15528509254003,0.46519741250535,0.208042607463794,5,5,4.14106793398584,FALSE,FALSE
"continuous","outer",4,2,2,0.25,1,5.27354488266079,0.478568872774036,0.214022506287639,5,5,4.14106793398584,FALSE,FALSE
"continuous","outer",4,2,3,0.5,1,5.27354488266079,0.478568872774036,0.214022506287639,5,5,4.14106793398584,FALSE,FALSE
"continuous","outer",4,2,4,0.75,1,5.27354488266079,0.478568872774036,0.214022506287639,5,5,4.14106793398584,FALSE,FALSE
"continuous","outer",4,2,5,1,1,5.27354488266079,0.478568872774036,0.214022506287639,5,5,4.14106793398584,FALSE,FALSE
"continuous","outer",4,2,6,0,0.1,4.61695596853311,0.395819191938696,0.177015723994792,5,5,4.14106793398584,FALSE,FALSE
"continuous","outer",4,2,7,0.25,0.1,5.05607635446231,0.452563123246872,0.202392381537924,5,5,4.14106793398584,FALSE,FALSE
"continuous","outer",4,2,8,0.5,0.1,5.27354488266079,0.478568872774036,0.214022506287639,5,5,4.14106793398584,FALSE,FALSE
"continuous","outer",4,2,9,0.75,0.1,5.27354488266079,0.478568872774036,0.214022506287639,5,5,4.14106793398584,FALSE,FALSE
"continuous","outer",4,2,10,1,0.1,5.27354488266079,0.478568872774036,0.214022506287639,5,5,4.14106793398584,FALSE,FALSE
"continuous","outer",4,2,11,0,0.01,4.11727248656145,0.252002260894321,0.112698837168668,5,5,4.14106793398584,TRUE,TRUE
"continuous","outer",4,2,12,0.25,0.01,4.15612877423778,0.269506500049268,0.120526970897643,5,5,4.14106793398584,FALSE,FALSE
"continuous","outer",4,2,13,0.5,0.01,4.21328007040063,0.300461873250266,0.134370634646904,5,5,4.14106793398584,FALSE,FALSE
"continuous","outer",4,2,14,0.75,0.01,4.29136324230704,0.315283279705876,0.140998969118284,5,5,4.14106793398584,FALSE,FALSE
"continuous","outer",4,2,15,1,0.01,4.37034158038245,0.318867377823046,0.142601826523888,5,5,4.14106793398584,FALSE,FALSE
"continuous","outer",4,2,16,0,0.001,4.05206956369142,0.21194163514516,0.0947831806894071,5,5,4.14106793398584,TRUE,FALSE
"continuous","outer",4,2,17,0.25,0.001,4.04790229394325,0.210387921616669,0.094088338875954,5,5,4.14106793398584,TRUE,FALSE
"continuous","outer",4,2,18,0.5,0.001,4.04721411480674,0.209863519632446,0.093853819179102,5,5,4.14106793398584,TRUE,FALSE
"continuous","outer",4,2,19,0.75,0.001,4.04747850071189,0.212229927696101,0.0949121090376693,5,1,4.14106793398584,TRUE,FALSE
"continuous","outer",4,2,20,1,0.001,4.04763931483916,0.215676739834988,0.0964535702873138,5,5,4.14106793398584,TRUE,FALSE
"logistic","outer",4,2,1,0,1,0.581967748959375,0.00504580045626252,0.00225655056422049,5,5,0.487188924672392,FALSE,FALSE
"logistic","outer",4,2,2,0.25,1,0.692679840605181,0.000154558200041579,0.0000691205283545962,5,5,0.487188924672392,FALSE,FALSE
"logistic","outer",4,2,3,0.5,1,0.692679840605181,0.000154558200041579,0.0000691205283545962,5,5,0.487188924672392,FALSE,FALSE
"logistic","outer",4,2,4,0.75,1,0.692679840605181,0.000154558200041579,0.0000691205283545962,5,5,0.487188924672392,FALSE,FALSE
"logistic","outer",4,2,5,1,1,0.692679840605181,0.000154558200041579,0.0000691205283545962,5,5,0.487188924672392,FALSE,FALSE
"logistic","outer",4,2,6,0,0.1,0.489491404900964,0.0144236897782665,0.00645047016611456,5,5,0.487188924672392,FALSE,FALSE
"logistic","outer",4,2,7,0.25,0.1,0.521589040181748,0.0119055342879964,0.00532431679528291,5,5,0.487188924672392,FALSE,FALSE
"logistic","outer",4,2,8,0.5,0.1,0.545243603995248,0.0121271152381901,0.00542341080871331,5,5,0.487188924672392,FALSE,FALSE
"logistic","outer",4,2,9,0.75,0.1,0.556405403119074,0.0107506130361551,0.00480782030972764,5,5,0.487188924672392,FALSE,FALSE
"logistic","outer",4,2,10,1,0.1,0.569361854068325,0.00896380575859308,0.00400873580266364,5,5,0.487188924672392,FALSE,FALSE
"logistic","outer",4,2,11,0,0.01,0.484544494058708,0.0265606248808425,0.0118782725516872,5,5,0.487188924672392,TRUE,TRUE
"logistic","outer",4,2,12,0.25,0.01,0.482171534542118,0.0231469023764447,0.0103516094364564,5,5,0.487188924672392,TRUE,FALSE
"logistic","outer",4,2,13,0.5,0.01,0.480547558333301,0.0204556048282703,0.00914802458337706,5,5,0.487188924672392,TRUE,FALSE
"logistic","outer",4,2,14,0.75,0.01,0.479639603129263,0.0192976384745706,0.00863016628687103,5,5,0.487188924672392,TRUE,FALSE
"logistic","outer",4,2,15,1,0.01,0.479041891178501,0.0182173207073077,0.00814703349389092,5,5,0.487188924672392,TRUE,FALSE
"logistic","outer",4,2,16,0,0.001,0.496364055566397,0.033823403866253,0.0151262860550742,5,0,0.487188924672392,FALSE,FALSE
"logistic","outer",4,2,17,0.25,0.001,0.495775057928009,0.0334475351455918,0.0149581924530713,5,0,0.487188924672392,FALSE,FALSE
"logistic","outer",4,2,18,0.5,0.001,0.495374072358025,0.0331246615984628,0.0148137990131679,5,0,0.487188924672392,FALSE,FALSE
"logistic","outer",4,2,19,0.75,0.001,0.495173401587924,0.0328624940330881,0.0146965541136333,5,0,0.487188924672392,FALSE,FALSE
"logistic","outer",4,2,20,1,0.001,0.495408069669052,0.0325914229845473,0.0145753274553794,5,0,0.487188924672392,FALSE,FALSE
"continuous","outer",4,3,1,0,1,5.28936575142287,0.298188252931224,0.133353840729224,5,5,4.49289203242674,FALSE,FALSE
"continuous","outer",4,3,2,0.25,1,5.40750004059504,0.287949417275498,0.128774894221893,5,5,4.49289203242674,FALSE,FALSE
"continuous","outer",4,3,3,0.5,1,5.40750004059504,0.287949417275498,0.128774894221893,5,5,4.49289203242674,FALSE,FALSE
"continuous","outer",4,3,4,0.75,1,5.40750004059504,0.287949417275498,0.128774894221893,5,5,4.49289203242674,FALSE,FALSE
"continuous","outer",4,3,5,1,1,5.40750004059504,0.287949417275498,0.128774894221893,5,5,4.49289203242674,FALSE,FALSE
"continuous","outer",4,3,6,0,0.1,4.75434343000174,0.358087645855044,0.16014166360695,5,5,4.49289203242674,FALSE,FALSE
"continuous","outer",4,3,7,0.25,0.1,5.19082844161911,0.311924141739229,0.139496716950439,5,5,4.49289203242674,FALSE,FALSE
"continuous","outer",4,3,8,0.5,0.1,5.40750004059504,0.287949417275498,0.128774894221893,5,5,4.49289203242674,FALSE,FALSE
"continuous","outer",4,3,9,0.75,0.1,5.40750004059504,0.287949417275498,0.128774894221893,5,5,4.49289203242674,FALSE,FALSE
"continuous","outer",4,3,10,1,0.1,5.40750004059504,0.287949417275498,0.128774894221893,5,5,4.49289203242674,FALSE,FALSE
"continuous","outer",4,3,11,0,0.01,4.30202988752126,0.426780730340067,0.190862144905479,5,5,4.49289203242674,TRUE,TRUE
"continuous","outer",4,3,12,0.25,0.01,4.32861881248947,0.421031163022378,0.188290860232767,5,5,4.49289203242674,TRUE,FALSE
"continuous","outer",4,3,13,0.5,0.01,4.38634003574511,0.411258075370636,0.183920202564895,5,5,4.49289203242674,TRUE,FALSE
"continuous","outer",4,3,14,0.75,0.01,4.44604718696155,0.399365908460367,0.178601863842668,5,5,4.49289203242674,TRUE,FALSE
"continuous","outer",4,3,15,1,0.01,4.5206388509986,0.405666791437037,0.181419704373489,5,5,4.49289203242674,FALSE,FALSE
"continuous","outer",4,3,16,0,0.001,4.347308807726,0.47504833279408,0.212448072945101,5,5,4.49289203242674,TRUE,FALSE
"continuous","outer",4,3,17,0.25,0.001,4.33888795565309,0.47233206950728,0.211233323074287,5,5,4.49289203242674,TRUE,FALSE
"continuous","outer",4,3,18,0.5,0.001,4.33114774100638,0.468067120066661,0.209325979700322,5,5,4.49289203242674,TRUE,FALSE
"continuous","outer",4,3,19,0.75,0.001,4.32730024998334,0.460408410933937,0.205900900852188,5,1,4.49289203242674,TRUE,FALSE
"continuous","outer",4,3,20,1,0.001,4.32424245799838,0.451398842098561,0.201871699179415,5,5,4.49289203242674,TRUE,FALSE
"logistic","outer",4,3,1,0,1,0.581228218834273,0.0204865269062329,0.00916185335704305,5,5,0.521752758398323,FALSE,FALSE
"logistic","outer",4,3,2,0.25,1,0.692679840605181,0.000154558200041579,0.0000691205283545962,5,5,0.521752758398323,FALSE,FALSE
"logistic","outer",4,3,3,0.5,1,0.692679840605181,0.000154558200041579,0.0000691205283545962,5,5,0.521752758398323,FALSE,FALSE
"logistic","outer",4,3,4,0.75,1,0.692679840605181,0.000154558200041579,0.0000691205283545962,5,5,0.521752758398323,FALSE,FALSE
"logistic","outer",4,3,5,1,1,0.692679840605181,0.000154558200041579,0.0000691205283545962,5,5,0.521752758398323,FALSE,FALSE
"logistic","outer",4,3,6,0,0.1,0.497469207587355,0.0542996703483941,0.0242835508109678,5,5,0.521752758398323,TRUE,TRUE
"logistic","outer",4,3,7,0.25,0.1,0.522666491426882,0.0466251462618636,0.0208513993004794,5,5,0.521752758398323,FALSE,FALSE
"logistic","outer",4,3,8,0.5,0.1,0.551633428007145,0.0413437583684992,0.018489490831458,5,5,0.521752758398323,FALSE,FALSE
"logistic","outer",4,3,9,0.75,0.1,0.564121391142089,0.035182301126835,0.0157340033848941,5,5,0.521752758398323,FALSE,FALSE
"logistic","outer",4,3,10,1,0.1,0.576620643599823,0.030240970588505,0.0135241731882938,5,5,0.521752758398323,FALSE,FALSE
"logistic","outer",4,3,11,0,0.01,0.522504929400439,0.102074912706761,0.0456492887219348,5,5,0.521752758398323,FALSE,FALSE
"logistic","outer",4,3,12,0.25,0.01,0.516421836692068,0.0959305077415912,0.0429014272852536,5,5,0.521752758398323,TRUE,FALSE
"logistic","outer",4,3,13,0.5,0.01,0.510013066783147,0.089945398715807,0.0402248051583734,5,5,0.521752758398323,TRUE,FALSE
"logistic","outer",4,3,14,0.75,0.01,0.504877526420886,0.0838062849438594,0.0374793100152374,5,5,0.521752758398323,TRUE,FALSE
"logistic","outer",4,3,15,1,0.01,0.501238480257596,0.0773590396360227,0.0345960142600495,5,5,0.521752758398323,TRUE,FALSE
"logistic","outer",4,3,16,0,0.001,0.546644194267609,0.124863791807949,0.0558407852821909,5,0,0.521752758398323,FALSE,FALSE
"logistic","outer",4,3,17,0.25,0.001,0.545007865398066,0.124043216385575,0.0554738127971721,5,0,0.521752758398323,FALSE,FALSE
"logistic","outer",4,3,18,0.5,0.001,0.54350557747068,0.123312245456277,0.0551469126596752,5,0,0.521752758398323,FALSE,FALSE
"logistic","outer",4,3,19,0.75,0.001,0.542279318423706,0.122496540365554,0.0547821182531851,5,0,0.521752758398323,FALSE,FALSE
"logistic","outer",4,3,20,1,0.001,0.54136463261755,0.12178476942879,0.0544638046133823,5,0,0.521752758398323,FALSE,FALSE
"continuous","outer",4,4,1,0,1,5.1874842822025,0.322325431614455,0.144148315193376,5,5,4.3068160938367,FALSE,FALSE
"continuous","outer",4,4,2,0.25,1,5.30409766187306,0.314136766622887,0.140486232880153,5,5,4.3068160938367,FALSE,FALSE
"continuous","outer",4,4,3,0.5,1,5.30409766187306,0.314136766622887,0.140486232880153,5,5,4.3068160938367,FALSE,FALSE
"continuous","outer",4,4,4,0.75,1,5.30409766187306,0.314136766622887,0.140486232880153,5,5,4.3068160938367,FALSE,FALSE
"continuous","outer",4,4,5,1,1,5.30409766187306,0.314136766622887,0.140486232880153,5,5,4.3068160938367,FALSE,FALSE
"continuous","outer",4,4,6,0,0.1,4.66085062181235,0.376905580280616,0.168557299721292,5,5,4.3068160938367,FALSE,FALSE
"continuous","outer",4,4,7,0.25,0.1,5.09313050336453,0.337036199230921,0.1507271704717,5,5,4.3068160938367,FALSE,FALSE
"continuous","outer",4,4,8,0.5,0.1,5.30409766187306,0.314136766622887,0.140486232880153,5,5,4.3068160938367,FALSE,FALSE
"continuous","outer",4,4,9,0.75,0.1,5.30409766187306,0.314136766622887,0.140486232880153,5,5,4.3068160938367,FALSE,FALSE
"continuous","outer",4,4,10,1,0.1,5.30409766187306,0.314136766622887,0.140486232880153,5,5,4.3068160938367,FALSE,FALSE
"continuous","outer",4,4,11,0,0.01,4.16390025109703,0.435393979229942,0.194714106910456,5,5,4.3068160938367,TRUE,TRUE
"continuous","outer",4,4,12,0.25,0.01,4.21934852999709,0.434488497890971,0.194309163345197,5,5,4.3068160938367,TRUE,FALSE
"continuous","outer",4,4,13,0.5,0.01,4.28274671406495,0.458210446976853,0.204917941488161,5,5,4.3068160938367,TRUE,FALSE
"continuous","outer",4,4,14,0.75,0.01,4.36306867552311,0.489772513274159,0.219032926638388,5,5,4.3068160938367,FALSE,FALSE
"continuous","outer",4,4,15,1,0.01,4.44818469517209,0.507095446481033,0.226779977882439,5,5,4.3068160938367,FALSE,FALSE
"continuous","outer",4,4,16,0,0.001,4.13602344099596,0.420904838185491,0.188234366048261,5,5,4.3068160938367,TRUE,FALSE
"continuous","outer",4,4,17,0.25,0.001,4.12539289531477,0.421877307764342,0.188669267665134,5,5,4.3068160938367,TRUE,FALSE
"continuous","outer",4,4,18,0.5,0.001,4.11747443368634,0.42338082306886,0.189341660150356,5,5,4.3068160938367,TRUE,FALSE
"continuous","outer",4,4,19,0.75,0.001,4.11781732397607,0.42969571264747,0.192165764623992,5,2,4.3068160938367,TRUE,FALSE
"continuous","outer",4,4,20,1,0.001,4.118290722042,0.437384377175559,0.195604239932191,5,5,4.3068160938367,TRUE,FALSE
"logistic","outer",4,4,1,0,1,0.580021213612297,0.0111833564685693,0.0050013490560666,5,5,0.50844189440717,FALSE,FALSE
"logistic","outer",4,4,2,0.25,1,0.692679840605181,0.000154558200041579,0.0000691205283545962,5,5,0.50844189440717,FALSE,FALSE
"logistic","outer",4,4,3,0.5,1,0.692679840605181,0.000154558200041579,0.0000691205283545962,5,5,0.50844189440717,FALSE,FALSE
"logistic","outer",4,4,4,0.75,1,0.692679840605181,0.000154558200041579,0.0000691205283545962,5,5,0.50844189440717,FALSE,FALSE
"logistic","outer",4,4,5,1,1,0.692679840605181,0.000154558200041579,0.0000691205283545962,5,5,0.50844189440717,FALSE,FALSE
"logistic","outer",4,4,6,0,0.1,0.497353761596302,0.0300861406151197,0.013454931119205,5,5,0.50844189440717,TRUE,TRUE
"logistic","outer",4,4,7,0.25,0.1,0.513982997095643,0.0234460407442587,0.0104853881814785,5,5,0.50844189440717,FALSE,FALSE
"logistic","outer",4,4,8,0.5,0.1,0.543461724858641,0.0231152302907987,0.0103374452491576,5,5,0.50844189440717,FALSE,FALSE
"logistic","outer",4,4,9,0.75,0.1,0.556929404454003,0.0168933051549225,0.00755491573821089,5,5,0.50844189440717,FALSE,FALSE
"logistic","outer",4,4,10,1,0.1,0.569778129690032,0.0133282206031459,0.00596056145754948,5,5,0.50844189440717,FALSE,FALSE
"logistic","outer",4,4,11,0,0.01,0.516731754819475,0.0437811038585821,0.0195795048715536,5,5,0.50844189440717,FALSE,FALSE
"logistic","outer",4,4,12,0.25,0.01,0.50671530732043,0.0423394338572763,0.0189347704467452,5,5,0.50844189440717,TRUE,FALSE
"logistic","outer",4,4,13,0.5,0.01,0.497885344383277,0.0434069694072197,0.0194121868583594,5,5,0.50844189440717,TRUE,FALSE
"logistic","outer",4,4,14,0.75,0.01,0.491717442943205,0.0457542630246209,0.0204619284766915,5,5,0.50844189440717,TRUE,FALSE
"logistic","outer",4,4,15,1,0.01,0.487782117142604,0.0461966663635752,0.0206597772645664,5,5,0.50844189440717,TRUE,FALSE
"logistic","outer",4,4,16,0,0.001,0.536672624211307,0.0472039611964582,0.0211102532085085,5,0,0.50844189440717,FALSE,FALSE
"logistic","outer",4,4,17,0.25,0.001,0.535129668048628,0.0473729920689982,0.0211858461127677,5,0,0.50844189440717,FALSE,FALSE
"logistic","outer",4,4,18,0.5,0.001,0.533820548919801,0.0474731593868148,0.02123064229912,5,0,0.50844189440717,FALSE,FALSE
"logistic","outer",4,4,19,0.75,0.001,0.532498868428355,0.0476341162792798,0.0213026244097198,5,0,0.50844189440717,FALSE,FALSE
"logistic","outer",4,4,20,1,0.001,0.531194363550113,0.0476965141732692,0.0213305295962424,5,0,0.50844189440717,FALSE,FALSE
"continuous","outer",4,5,1,0,1,5.21539210803886,0.413852167105558,0.185080315656726,5,5,4.29979655814773,FALSE,FALSE
"continuous","outer",4,5,2,0.25,1,5.32798220972757,0.421524829590187,0.188511634633535,5,5,4.29979655814773,FALSE,FALSE
"continuous","outer",4,5,3,0.5,1,5.32798220972757,0.421524829590187,0.188511634633535,5,5,4.29979655814773,FALSE,FALSE
"continuous","outer",4,5,4,0.75,1,5.32798220972757,0.421524829590187,0.188511634633535,5,5,4.29979655814773,FALSE,FALSE
"continuous","outer",4,5,5,1,1,5.32798220972757,0.421524829590187,0.188511634633535,5,5,4.29979655814773,FALSE,FALSE
"continuous","outer",4,5,6,0,0.1,4.70404483910792,0.370626184590059,0.165749068596951,5,5,4.29979655814773,FALSE,FALSE
"continuous","outer",4,5,7,0.25,0.1,5.11845990567588,0.415426646796753,0.185784444380467,5,5,4.29979655814773,FALSE,FALSE
"continuous","outer",4,5,8,0.5,0.1,5.32798220972757,0.421524829590187,0.188511634633535,5,5,4.29979655814773,FALSE,FALSE
"continuous","outer",4,5,9,0.75,0.1,5.32798220972757,0.421524829590187,0.188511634633535,5,5,4.29979655814773,FALSE,FALSE
"continuous","outer",4,5,10,1,0.1,5.32798220972757,0.421524829590187,0.188511634633535,5,5,4.29979655814773,FALSE,FALSE
"continuous","outer",4,5,11,0,0.01,4.23920401025608,0.252686022573057,0.11300462468748,5,5,4.29979655814773,TRUE,TRUE
"continuous","outer",4,5,12,0.25,0.01,4.29199130111535,0.296001820292537,0.132376038327558,5,5,4.29979655814773,TRUE,FALSE
"continuous","outer",4,5,13,0.5,0.01,4.35383148073508,0.318764575622329,0.14255585198208,5,5,4.29979655814773,FALSE,FALSE
"continuous","outer",4,5,14,0.75,0.01,4.40953037430177,0.337654563954888,0.151003711583236,5,5,4.29979655814773,FALSE,FALSE
"continuous","outer",4,5,15,1,0.01,4.46476946646941,0.381736629722131,0.17071781071207,5,5,4.29979655814773,FALSE,FALSE
"continuous","outer",4,5,16,0,0.001,4.22427841086469,0.202683022997164,0.0906426034613623,5,5,4.29979655814773,TRUE,FALSE
"continuous","outer",4,5,17,0.25,0.001,4.21530747174446,0.202271079803226,0.0904583768644595,5,5,4.29979655814773,TRUE,FALSE
"continuous","outer",4,5,18,0.5,0.001,4.2090713974194,0.202867626658142,0.0907251607283307,5,5,4.29979655814773,TRUE,FALSE
"continuous","outer",4,5,19,0.75,0.001,4.20981152086774,0.205147080453831,0.0917445634560771,5,3,4.29979655814773,TRUE,FALSE
"continuous","outer",4,5,20,1,0.001,4.21432763193628,0.211455640938425,0.0945658374728211,5,5,4.29979655814773,TRUE,FALSE
"logistic","outer",4,5,1,0,1,0.584459803380732,0.00840047533525089,0.00375680677858627,5,5,0.504060113946226,FALSE,FALSE
"logistic","outer",4,5,2,0.25,1,0.692679840605181,0.000154558200041579,0.0000691205283545962,5,5,0.504060113946226,FALSE,FALSE
"logistic","outer",4,5,3,0.5,1,0.692679840605181,0.000154558200041579,0.0000691205283545962,5,5,0.504060113946226,FALSE,FALSE
"logistic","outer",4,5,4,0.75,1,0.692679840605181,0.000154558200041579,0.0000691205283545962,5,5,0.504060113946226,FALSE,FALSE
"logistic","outer",4,5,5,1,1,0.692679840605181,0.000154558200041579,0.0000691205283545962,5,5,0.504060113946226,FALSE,FALSE
"logistic","outer",4,5,6,0,0.1,0.50081028648305,0.0216252722050173,0.00967111573647108,5,5,0.504060113946226,TRUE,TRUE
"logistic","outer",4,5,7,0.25,0.1,0.527012171011799,0.0086075920167012,0.00384943217438568,5,5,0.504060113946226,FALSE,FALSE
"logistic","outer",4,5,8,0.5,0.1,0.550796634118387,0.00982424403365096,0.00439353549735805,5,5,0.504060113946226,FALSE,FALSE
"logistic","outer",4,5,9,0.75,0.1,0.562037865566018,0.00829016243640784,0.00370747335046464,5,5,0.504060113946226,FALSE,FALSE
"logistic","outer",4,5,10,1,0.1,0.574542872778269,0.00718289090599259,0.0032122864681529,5,5,0.504060113946226,FALSE,FALSE
"logistic","outer",4,5,11,0,0.01,0.512351347212299,0.0418163830727702,0.0187008550247771,5,5,0.504060113946226,FALSE,FALSE
"logistic","outer",4,5,12,0.25,0.01,0.506477750480861,0.0381333299344752,0.0170537435883828,5,5,0.504060113946226,FALSE,FALSE
"logistic","outer",4,5,13,0.5,0.01,0.501406564544879,0.0328893590429063,0.0147085685112672,5,5,0.504060113946226,TRUE,FALSE
"logistic","outer",4,5,14,0.75,0.01,0.497426133361494,0.0260108575155967,0.0116324091115871,5,5,0.504060113946226,TRUE,FALSE
"logistic","outer",4,5,15,1,0.01,0.494650534654141,0.021040458936775,0.00940957929208435,5,5,0.504060113946226,TRUE,FALSE
"logistic","outer",4,5,16,0,0.001,0.53795820989713,0.0424653602023877,0.0189910864203106,5,0,0.504060113946226,FALSE,FALSE
"logistic","outer",4,5,17,0.25,0.001,0.536271387929912,0.0425223744542573,0.019016583968884,5,0,0.504060113946226,FALSE,FALSE
"logistic","outer",4,5,18,0.5,0.001,0.535042049882402,0.042578324867465,0.0190416057543443,5,0,0.504060113946226,FALSE,FALSE
"logistic","outer",4,5,19,0.75,0.001,0.534015613949293,0.0425664483003336,0.0190362943920553,5,0,0.504060113946226,FALSE,FALSE
"logistic","outer",4,5,20,1,0.001,0.533234479985593,0.0428242360074538,0.0191515805594322,5,0,0.504060113946226,FALSE,FALSE
"continuous","outer",4,6,1,0,1,5.22456402327771,0.304262623873929,0.136070381998911,5,5,4.30195985384201,FALSE,FALSE
"continuous","outer",4,6,2,0.25,1,5.33995989608846,0.311047558516216,0.139104697015521,5,5,4.30195985384201,FALSE,FALSE
"continuous","outer",4,6,3,0.5,1,5.33995989608846,0.311047558516216,0.139104697015521,5,5,4.30195985384201,FALSE,FALSE
"continuous","outer",4,6,4,0.75,1,5.33995989608846,0.311047558516216,0.139104697015521,5,5,4.30195985384201,FALSE,FALSE
"continuous","outer",4,6,5,1,1,5.33995989608846,0.311047558516216,0.139104697015521,5,5,4.30195985384201,FALSE,FALSE
"continuous","outer",4,6,6,0,0.1,4.69569560260601,0.285883317042803,0.127850906108166,5,5,4.30195985384201,FALSE,FALSE
"continuous","outer",4,6,7,0.25,0.1,5.12938981314903,0.30175724248741,0.134949941380947,5,5,4.30195985384201,FALSE,FALSE
"continuous","outer",4,6,8,0.5,0.1,5.33995989608846,0.311047558516216,0.139104697015521,5,5,4.30195985384201,FALSE,FALSE
"continuous","outer",4,6,9,0.75,0.1,5.33995989608846,0.311047558516216,0.139104697015521,5,5,4.30195985384201,FALSE,FALSE
"continuous","outer",4,6,10,1,0.1,5.33995989608846,0.311047558516216,0.139104697015521,5,5,4.30195985384201,FALSE,FALSE
"continuous","outer",4,6,11,0,0.01,4.19220345527881,0.312673402686973,0.139831796632847,5,5,4.30195985384201,TRUE,TRUE
"continuous","outer",4,6,12,0.25,0.01,4.25331585826641,0.324046871563456,0.144918166542406,5,5,4.30195985384201,TRUE,FALSE
"continuous","outer",4,6,13,0.5,0.01,4.30678804547573,0.323249041707067,0.144561366183733,5,5,4.30195985384201,FALSE,FALSE
"continuous","outer",4,6,14,0.75,0.01,4.36293360253831,0.322323774882534,0.144147574280337,5,5,4.30195985384201,FALSE,FALSE
"continuous","outer",4,6,15,1,0.01,4.41873473086508,0.306704767668896,0.137162541906186,5,5,4.30195985384201,FALSE,FALSE
"continuous","outer",4,6,16,0,0.001,4.1642300247479,0.311737140338585,0.139413087381693,5,5,4.30195985384201,TRUE,FALSE
"continuous","outer",4,6,17,0.25,0.001,4.16133969708892,0.314436229506606,0.140620156753099,5,5,4.30195985384201,TRUE,FALSE
"continuous","outer",4,6,18,0.5,0.001,4.16145779659191,0.317046060551862,0.141787308678496,5,5,4.30195985384201,TRUE,FALSE
"continuous","outer",4,6,19,0.75,0.001,4.16301726590328,0.320794545834782,0.143463682259549,5,1,4.30195985384201,TRUE,FALSE
"continuous","outer",4,6,20,1,0.001,4.16313963696856,0.325606409165984,0.14561561296095,5,5,4.30195985384201,TRUE,FALSE
"logistic","outer",4,6,1,0,1,0.577858506409401,0.00990131594391123,0.0044280031034576,5,5,0.484694905371087,FALSE,FALSE
"logistic","outer",4,6,2,0.25,1,0.692679840605181,0.000154558200041579,0.0000691205283545962,5,5,0.484694905371087,FALSE,FALSE
"logistic","outer",4,6,3,0.5,1,0.692679840605181,0.000154558200041579,0.0000691205283545962,5,5,0.484694905371087,FALSE,FALSE
"logistic","outer",4,6,4,0.75,1,0.692679840605181,0.000154558200041579,0.0000691205283545962,5,5,0.484694905371087,FALSE,FALSE
"logistic","outer",4,6,5,1,1,0.692679840605181,0.000154558200041579,0.0000691205283545962,5,5,0.484694905371087,FALSE,FALSE
"logistic","outer",4,6,6,0,0.1,0.478918649914724,0.0243245216658182,0.0108782567929872,5,5,0.484694905371087,TRUE,TRUE
"logistic","outer",4,6,7,0.25,0.1,0.507424234372757,0.0202416262245773,0.00905233044265947,5,5,0.484694905371087,FALSE,FALSE
"logistic","outer",4,6,8,0.5,0.1,0.539619654935909,0.0164141532039556,0.00734063247142816,5,5,0.484694905371087,FALSE,FALSE
"logistic","outer",4,6,9,0.75,0.1,0.553483925616762,0.0135665355843617,0.00606713915716052,5,5,0.484694905371087,FALSE,FALSE
"logistic","outer",4,6,10,1,0.1,0.566464270902063,0.0110265662007719,0.0049312303166655,5,5,0.484694905371087,FALSE,FALSE
"logistic","outer",4,6,11,0,0.01,0.480808102672471,0.0367984870766109,0.0164567837144899,5,5,0.484694905371087,TRUE,FALSE
"logistic","outer",4,6,12,0.25,0.01,0.475285795583556,0.0359089190679199,0.0160589568068814,5,5,0.484694905371087,TRUE,FALSE
"logistic","outer",4,6,13,0.5,0.01,0.472350972177451,0.0353335150934911,0.0158016283266122,5,5,0.484694905371087,TRUE,FALSE
"logistic","outer",4,6,14,0.75,0.01,0.471261851857771,0.034173347344635,0.0152827855362632,5,5,0.484694905371087,TRUE,FALSE
"logistic","outer",4,6,15,1,0.01,0.469818805804471,0.0332639698710092,0.0148760995666163,5,5,0.484694905371087,TRUE,FALSE
"logistic","outer",4,6,16,0,0.001,0.495447447229744,0.0424687099442098,0.0189925844703949,5,0,0.484694905371087,FALSE,FALSE
"logistic","outer",4,6,17,0.25,0.001,0.494428046861483,0.0422918941887051,0.0189135100606346,5,0,0.484694905371087,FALSE,FALSE
"logistic","outer",4,6,18,0.5,0.001,0.493665576264719,0.0423044728471265,0.0189191354076938,5,0,0.484694905371087,FALSE,FALSE
"logistic","outer",4,6,19,0.75,0.001,0.492847310113547,0.0419969733171728,0.0187816174372886,5,0,0.484694905371087,FALSE,FALSE
"logistic","outer",4,6,20,1,0.001,0.492118629759295,0.041779864722121,0.0186845235218816,5,0,0.484694905371087,FALSE,FALSE
"continuous","outer",4,7,1,0,1,5.26292815522348,0.576930730989948,0.258011266560434,5,5,4.43699753020857,FALSE,FALSE
"continuous","outer",4,7,2,0.25,1,5.38066164691601,0.571686537159483,0.255665991782013,5,5,4.43699753020857,FALSE,FALSE
"continuous","outer",4,7,3,0.5,1,5.38066164691601,0.571686537159483,0.255665991782013,5,5,4.43699753020857,FALSE,FALSE
"continuous","outer",4,7,4,0.75,1,5.38066164691601,0.571686537159483,0.255665991782013,5,5,4.43699753020857,FALSE,FALSE
"continuous","outer",4,7,5,1,1,5.38066164691601,0.571686537159483,0.255665991782013,5,5,4.43699753020857,FALSE,FALSE
"continuous","outer",4,7,6,0,0.1,4.72379767207525,0.603704894276272,0.269985036390214,5,5,4.43699753020857,FALSE,FALSE
"continuous","outer",4,7,7,0.25,0.1,5.16096387771957,0.590027818433772,0.263868462126764,5,5,4.43699753020857,FALSE,FALSE
"continuous","outer",4,7,8,0.5,0.1,5.38066164691601,0.571686537159483,0.255665991782013,5,5,4.43699753020857,FALSE,FALSE
"continuous","outer",4,7,9,0.75,0.1,5.38066164691601,0.571686537159483,0.255665991782013,5,5,4.43699753020857,FALSE,FALSE
"continuous","outer",4,7,10,1,0.1,5.38066164691601,0.571686537159483,0.255665991782013,5,5,4.43699753020857,FALSE,FALSE
"continuous","outer",4,7,11,0,0.01,4.22951328776082,0.557026371502111,0.249109766387754,5,5,4.43699753020857,TRUE,TRUE
"continuous","outer",4,7,12,0.25,0.01,4.2716570048833,0.602058458786764,0.269248728055192,5,5,4.43699753020857,TRUE,FALSE
"continuous","outer",4,7,13,0.5,0.01,4.33637799828921,0.626551584734849,0.280202386975468,5,5,4.43699753020857,TRUE,FALSE
"continuous","outer",4,7,14,0.75,0.01,4.40845322935676,0.646492716904687,0.289120332391482,5,5,4.43699753020857,TRUE,FALSE
"continuous","outer",4,7,15,1,0.01,4.47187802688872,0.658070736483135,0.294298180155928,5,5,4.43699753020857,FALSE,FALSE
"continuous","outer",4,7,16,0,0.001,4.2154564016235,0.517749734306028,0.231544720248147,5,5,4.43699753020857,TRUE,FALSE
"continuous","outer",4,7,17,0.25,0.001,4.20709712709364,0.520166893253313,0.232625706591857,5,5,4.43699753020857,TRUE,FALSE
"continuous","outer",4,7,18,0.5,0.001,4.20310596536694,0.522997438349681,0.233891564841628,5,5,4.43699753020857,TRUE,FALSE
"continuous","outer",4,7,19,0.75,0.001,4.20408877301136,0.527824618735501,0.236050345538098,5,2,4.43699753020857,TRUE,FALSE
"continuous","outer",4,7,20,1,0.001,4.20812578592087,0.535831411177749,0.239631091974618,5,5,4.43699753020857,TRUE,FALSE
"logistic","outer",4,7,1,0,1,0.579036880875099,0.0159688106080303,0.0071414692078751,5,5,0.503828524835367,FALSE,FALSE
"logistic","outer",4,7,2,0.25,1,0.692679840605181,0.000154558200041579,0.0000691205283545962,5,5,0.503828524835367,FALSE,FALSE
"logistic","outer",4,7,3,0.5,1,0.692679840605181,0.000154558200041579,0.0000691205283545962,5,5,0.503828524835367,FALSE,FALSE
"logistic","outer",4,7,4,0.75,1,0.692679840605181,0.000154558200041579,0.0000691205283545962,5,5,0.503828524835367,FALSE,FALSE
"logistic","outer",4,7,5,1,1,0.692679840605181,0.000154558200041579,0.0000691205283545962,5,5,0.503828524835367,FALSE,FALSE
"logistic","outer",4,7,6,0,0.1,0.486781930725194,0.0398131688096708,0.0178049903716196,5,5,0.503828524835367,TRUE,TRUE
"logistic","outer",4,7,7,0.25,0.1,0.518775807144233,0.0302350999041577,0.0135215477384388,5,5,0.503828524835367,FALSE,FALSE
"logistic","outer",4,7,8,0.5,0.1,0.542403658403144,0.024275920414977,0.0108565216528527,5,5,0.503828524835367,FALSE,FALSE
"logistic","outer",4,7,9,0.75,0.1,0.553935380969602,0.0201373661999474,0.00900570394217782,5,5,0.503828524835367,FALSE,FALSE
"logistic","outer",4,7,10,1,0.1,0.566950749213156,0.0174241576266917,0.0077923201807908,5,5,0.503828524835367,FALSE,FALSE
"logistic","outer",4,7,11,0,0.01,0.48991213871668,0.065575360458857,0.0293261927270112,5,5,0.503828524835367,TRUE,FALSE
"logistic","outer",4,7,12,0.25,0.01,0.48604886531341,0.0617934326610686,0.027634863198641,5,5,0.503828524835367,TRUE,FALSE
"logistic","outer",4,7,13,0.5,0.01,0.48322733892367,0.0590496256228386,0.0264077953877161,5,5,0.503828524835367,TRUE,FALSE
"logistic","outer",4,7,14,0.75,0.01,0.480964431254534,0.0561668302579969,0.0251185701075146,5,5,0.503828524835367,TRUE,FALSE
"logistic","outer",4,7,15,1,0.01,0.480281010201939,0.0526538434215157,0.0235475146334278,5,5,0.503828524835367,TRUE,FALSE
"logistic","outer",4,7,16,0,0.001,0.500846460666584,0.0786118649629933,0.0351562947790574,5,0,0.503828524835367,TRUE,FALSE
"logistic","outer",4,7,17,0.25,0.001,0.499913972138989,0.0782977245551473,0.0350158069177728,5,0,0.503828524835367,TRUE,FALSE
"logistic","outer",4,7,18,0.5,0.001,0.499065196528681,0.0782115269542176,0.0349772581787375,5,0,0.503828524835367,TRUE,FALSE
"logistic","outer",4,7,19,0.75,0.001,0.498258975627187,0.0781541315914677,0.0349515901921971,5,0,0.503828524835367,TRUE,FALSE
"logistic","outer",4,7,20,1,0.001,0.497848895069324,0.0784022501287777,0.0350625521753777,5,0,0.503828524835367,TRUE,FALSE
"continuous","outer",4,8,1,0,1,5.17505385700625,0.11151141542967,0.0498694210335924,5,5,4.23805691590481,FALSE,FALSE
"continuous","outer",4,8,2,0.25,1,5.29498128030489,0.114445269241279,0.0511814803453532,5,5,4.23805691590481,FALSE,FALSE
"continuous","outer",4,8,3,0.5,1,5.29498128030489,0.114445269241279,0.0511814803453532,5,5,4.23805691590481,FALSE,FALSE
"continuous","outer",4,8,4,0.75,1,5.29498128030489,0.114445269241279,0.0511814803453532,5,5,4.23805691590481,FALSE,FALSE
"continuous","outer",4,8,5,1,1,5.29498128030489,0.114445269241279,0.0511814803453532,5,5,4.23805691590481,FALSE,FALSE
"continuous","outer",4,8,6,0,0.1,4.64989032084773,0.0995602458613282,0.0445246955205044,5,5,4.23805691590481,FALSE,FALSE
"continuous","outer",4,8,7,0.25,0.1,5.07661325972432,0.109705882446483,0.0490619621363872,5,5,4.23805691590481,FALSE,FALSE
"continuous","outer",4,8,8,0.5,0.1,5.29498128030489,0.114445269241279,0.0511814803453532,5,5,4.23805691590481,FALSE,FALSE
"continuous","outer",4,8,9,0.75,0.1,5.29498128030489,0.114445269241279,0.0511814803453532,5,5,4.23805691590481,FALSE,FALSE
"continuous","outer",4,8,10,1,0.1,5.29498128030489,0.114445269241279,0.0511814803453532,5,5,4.23805691590481,FALSE,FALSE
"continuous","outer",4,8,11,0,0.01,4.18613545535285,0.126066761660705,0.05637876975532,5,5,4.23805691590481,TRUE,TRUE
"continuous","outer",4,8,12,0.25,0.01,4.24140117432805,0.10795189252408,0.0482775539967189,5,5,4.23805691590481,FALSE,FALSE
"continuous","outer",4,8,13,0.5,0.01,4.30522308000382,0.132284149353104,0.059159270059855,5,5,4.23805691590481,FALSE,FALSE
"continuous","outer",4,8,14,0.75,0.01,4.3780569102212,0.153274876828739,0.0685466087663937,5,5,4.23805691590481,FALSE,FALSE
"continuous","outer",4,8,15,1,0.01,4.43916612408266,0.173346035123124,0.0775227036330745,5,5,4.23805691590481,FALSE,FALSE
"continuous","outer",4,8,16,0,0.001,4.15131479717836,0.232258309570534,0.103869073707781,5,5,4.23805691590481,TRUE,FALSE
"continuous","outer",4,8,17,0.25,0.001,4.14799293158994,0.225153608912139,0.100691754981389,5,5,4.23805691590481,TRUE,FALSE
"continuous","outer",4,8,18,0.5,0.001,4.14698717111906,0.214997592823482,0.0961498465104254,5,5,4.23805691590481,TRUE,FALSE
"continuous","outer",4,8,19,0.75,0.001,4.14651667589817,0.204690199331498,0.0915402400066424,5,3,4.23805691590481,TRUE,FALSE
"continuous","outer",4,8,20,1,0.001,4.14915579122399,0.193408010560876,0.0864946918014233,5,5,4.23805691590481,TRUE,FALSE
"logistic","outer",4,8,1,0,1,0.575860149049603,0.00897476818184171,0.00401363834738005,5,5,0.490820465940482,FALSE,FALSE
"logistic","outer",4,8,2,0.25,1,0.692624627826332,0.000165106917391479,0.0000738380581685581,5,5,0.490820465940482,FALSE,FALSE
"logistic","outer",4,8,3,0.5,1,0.692624627826332,0.000165106917391479,0.0000738380581685581,5,5,0.490820465940482,FALSE,FALSE
"logistic","outer",4,8,4,0.75,1,0.692624627826332,0.000165106917391479,0.0000738380581685581,5,5,0.490820465940482,FALSE,FALSE
"logistic","outer",4,8,5,1,1,0.692624627826332,0.000165106917391479,0.0000738380581685581,5,5,0.490820465940482,FALSE,FALSE
"logistic","outer",4,8,6,0,0.1,0.475882114045415,0.0296987745843091,0.0132816957637916,5,5,0.490820465940482,TRUE,TRUE
"logistic","outer",4,8,7,0.25,0.1,0.514602058309724,0.0248190342841671,0.0110994095590591,5,5,0.490820465940482,FALSE,FALSE
"logistic","outer",4,8,8,0.5,0.1,0.542922429388679,0.0218856631518277,0.00978756610802982,5,5,0.490820465940482,FALSE,FALSE
"logistic","outer",4,8,9,0.75,0.1,0.557436066861638,0.0166915696923494,0.00746469689665371,5,5,0.490820465940482,FALSE,FALSE
"logistic","outer",4,8,10,1,0.1,0.569517273563835,0.0131520684825712,0.00588178383435233,5,5,0.490820465940482,FALSE,FALSE
"logistic","outer",4,8,11,0,0.01,0.476353157228203,0.061435335437071,0.0274747172515585,5,5,0.490820465940482,TRUE,FALSE
"logistic","outer",4,8,12,0.25,0.01,0.471735495213431,0.0565859707569319,0.025306015437063,5,5,0.490820465940482,TRUE,FALSE
"logistic","outer",4,8,13,0.5,0.01,0.46835242312106,0.0532834883303463,0.0238291003969942,5,5,0.490820465940482,TRUE,FALSE
"logistic","outer",4,8,14,0.75,0.01,0.468176688244351,0.0506330261959437,0.0226437776961316,5,5,0.490820465940482,TRUE,FALSE
"logistic","outer",4,8,15,1,0.01,0.469821967065613,0.0486838112543644,0.0217720622737056,5,5,0.490820465940482,TRUE,FALSE
"logistic","outer",4,8,16,0,0.001,0.492316134683716,0.0789292688570407,0.03529824211574,5,0,0.490820465940482,FALSE,FALSE
"logistic","outer",4,8,17,0.25,0.001,0.491712717017888,0.0785843669346936,0.0351439972869523,5,0,0.490820465940482,FALSE,FALSE
"logistic","outer",4,8,18,0.5,0.001,0.491301222196212,0.0781159049716461,0.0349344947281029,5,0,0.490820465940482,FALSE,FALSE
"logistic","outer",4,8,19,0.75,0.001,0.49081950950674,0.0774948410639075,0.0346567465048879,5,0,0.490820465940482,TRUE,FALSE
"logistic","outer",4,8,20,1,0.001,0.490701242776051,0.0766042629859728,0.0342584678805812,5,0,0.490820465940482,TRUE,FALSE
"continuous","outer",4,9,1,0,1,5.17222285159308,0.190488227602972,0.0851889251667395,5,5,4.25013059518943,FALSE,FALSE
"continuous","outer",4,9,2,0.25,1,5.29357877533411,0.205448945881588,0.091879561779381,5,5,4.25013059518943,FALSE,FALSE
"continuous","outer",4,9,3,0.5,1,5.29357877533411,0.205448945881588,0.091879561779381,5,5,4.25013059518943,FALSE,FALSE
"continuous","outer",4,9,4,0.75,1,5.29357877533411,0.205448945881588,0.091879561779381,5,5,4.25013059518943,FALSE,FALSE
"continuous","outer",4,9,5,1,1,5.29357877533411,0.205448945881588,0.091879561779381,5,5,4.25013059518943,FALSE,FALSE
"continuous","outer",4,9,6,0,0.1,4.61672605727587,0.175098440617231,0.0783064031948677,5,5,4.25013059518943,FALSE,FALSE
"continuous","outer",4,9,7,0.25,0.1,5.07220469040754,0.182952965712185,0.0818190536035266,5,5,4.25013059518943,FALSE,FALSE
"continuous","outer",4,9,8,0.5,0.1,5.29357877533411,0.205448945881588,0.091879561779381,5,5,4.25013059518943,FALSE,FALSE
"continuous","outer",4,9,9,0.75,0.1,5.29357877533411,0.205448945881588,0.091879561779381,5,5,4.25013059518943,FALSE,FALSE
"continuous","outer",4,9,10,1,0.1,5.29357877533411,0.205448945881588,0.091879561779381,5,5,4.25013059518943,FALSE,FALSE
"continuous","outer",4,9,11,0,0.01,4.10913098255579,0.314038545629319,0.140442307116465,5,5,4.25013059518943,TRUE,TRUE
"continuous","outer",4,9,12,0.25,0.01,4.1364338644551,0.283028262838728,0.126574087052215,5,5,4.25013059518943,TRUE,FALSE
"continuous","outer",4,9,13,0.5,0.01,4.1952323465951,0.255191256684418,0.114124999441991,5,5,4.25013059518943,TRUE,FALSE
"continuous","outer",4,9,14,0.75,0.01,4.2537380455691,0.228155135292755,0.102034078386052,5,5,4.25013059518943,FALSE,FALSE
"continuous","outer",4,9,15,1,0.01,4.31342811397465,0.213993135780953,0.0957006396649106,5,5,4.25013059518943,FALSE,FALSE
"continuous","outer",4,9,16,0,0.001,4.08886137932022,0.395682332503768,0.17695451859482,5,5,4.25013059518943,TRUE,FALSE
"continuous","outer",4,9,17,0.25,0.001,4.08357363460486,0.392313535548486,0.175447946795939,5,5,4.25013059518943,TRUE,FALSE
"continuous","outer",4,9,18,0.5,0.001,4.07920431287965,0.389229939265756,0.174068920615269,5,5,4.25013059518943,TRUE,FALSE
"continuous","outer",4,9,19,0.75,0.001,4.07661230237181,0.387998698079912,0.17351829281762,5,4,4.25013059518943,TRUE,FALSE
"continuous","outer",4,9,20,1,0.001,4.0781734508134,0.386173712050832,0.172702134253818,5,5,4.25013059518943,TRUE,FALSE
"logistic","outer",4,9,1,0,1,0.577711512454051,0.0176448253367147,0.00789100578080095,5,5,0.493237512797244,FALSE,FALSE
"logistic","outer",4,9,2,0.25,1,0.692683447702587,0.000148862115084375,0.0000665731617206119,5,5,0.493237512797244,FALSE,FALSE
"logistic","outer",4,9,3,0.5,1,0.692683447702587,0.000148862115084375,0.0000665731617206119,5,5,0.493237512797244,FALSE,FALSE
"logistic","outer",4,9,4,0.75,1,0.692683447702587,0.000148862115084375,0.0000665731617206119,5,5,0.493237512797244,FALSE,FALSE
"logistic","outer",4,9,5,1,1,0.692683447702587,0.000148862115084375,0.0000665731617206119,5,5,0.493237512797244,FALSE,FALSE
"logistic","outer",4,9,6,0,0.1,0.485211696389196,0.0321394913769712,0.0143732174962352,5,5,0.493237512797244,TRUE,TRUE
"logistic","outer",4,9,7,0.25,0.1,0.514887408459402,0.0269635240955033,0.0120584545580998,5,5,0.493237512797244,FALSE,FALSE
"logistic","outer",4,9,8,0.5,0.1,0.539491654212647,0.024530389765523,0.0109703238060549,5,5,0.493237512797244,FALSE,FALSE
"logistic","outer",4,9,9,0.75,0.1,0.551733762223527,0.0209357556244636,0.00936275454732483,5,5,0.493237512797244,FALSE,FALSE
"logistic","outer",4,9,10,1,0.1,0.565266260483325,0.0181656831150828,0.00812394046060904,5,5,0.493237512797244,FALSE,FALSE
"logistic","outer",4,9,11,0,0.01,0.494931827422405,0.0412346533249893,0.0184406975726627,5,5,0.493237512797244,FALSE,FALSE
"logistic","outer",4,9,12,0.25,0.01,0.489705371866582,0.0385124740343954,0.0172233019845208,5,5,0.493237512797244,TRUE,FALSE
"logistic","outer",4,9,13,0.5,0.01,0.485914152720619,0.0366475275809591,0.0163892725756646,5,5,0.493237512797244,TRUE,FALSE
"logistic","outer",4,9,14,0.75,0.01,0.482575713045426,0.0341302934903744,0.0152635312672992,5,5,0.493237512797244,TRUE,FALSE
"logistic","outer",4,9,15,1,0.01,0.479314619849966,0.0311325350735679,0.0139228929472788,5,5,0.493237512797244,TRUE,FALSE
"logistic","outer",4,9,16,0,0.001,0.513861622152157,0.0444521929223007,0.0198796250246399,5,0,0.493237512797244,FALSE,FALSE
"logistic","outer",4,9,17,0.25,0.001,0.512781954190974,0.0433998699042921,0.0194090118641289,5,0,0.493237512797244,FALSE,FALSE
"logistic","outer",4,9,18,0.5,0.001,0.511685601196823,0.042477928350795,0.0189967070671486,5,0,0.493237512797244,FALSE,FALSE
"logistic","outer",4,9,19,0.75,0.001,0.510531045463515,0.0417587657038566,0.018675087754062,5,0,0.493237512797244,FALSE,FALSE
"logistic","outer",4,9,20,1,0.001,0.509521250573421,0.0409782510845455,0.0183260310048196,5,0,0.493237512797244,FALSE,FALSE
"continuous","outer",4,10,1,0,1,5.27261432383268,0.184518080421159,0.0825189941798969,5,5,4.2295980717946,FALSE,FALSE
"continuous","outer",4,10,2,0.25,1,5.395801991789,0.167782512973081,0.0750346208887099,5,5,4.2295980717946,FALSE,FALSE
"continuous","outer",4,10,3,0.5,1,5.395801991789,0.167782512973081,0.0750346208887099,5,5,4.2295980717946,FALSE,FALSE
"continuous","outer",4,10,4,0.75,1,5.395801991789,0.167782512973081,0.0750346208887099,5,5,4.2295980717946,FALSE,FALSE
"continuous","outer",4,10,5,1,1,5.395801991789,0.167782512973081,0.0750346208887099,5,5,4.2295980717946,FALSE,FALSE
"continuous","outer",4,10,6,0,0.1,4.70234768255615,0.25363907412405,0.113430842298297,5,5,4.2295980717946,FALSE,FALSE
"continuous","outer",4,10,7,0.25,0.1,5.17418498715475,0.207514180595521,0.0928031628213505,5,5,4.2295980717946,FALSE,FALSE
"continuous","outer",4,10,8,0.5,0.1,5.395801991789,0.167782512973081,0.0750346208887099,5,5,4.2295980717946,FALSE,FALSE
"continuous","outer",4,10,9,0.75,0.1,5.395801991789,0.167782512973081,0.0750346208887099,5,5,4.2295980717946,FALSE,FALSE
"continuous","outer",4,10,10,1,0.1,5.395801991789,0.167782512973081,0.0750346208887099,5,5,4.2295980717946,FALSE,FALSE
"continuous","outer",4,10,11,0,0.01,4.14803354767522,0.277143355108625,0.12394227630705,5,5,4.2295980717946,TRUE,TRUE
"continuous","outer",4,10,12,0.25,0.01,4.20147285009195,0.292429859551574,0.130778608921607,5,5,4.2295980717946,TRUE,FALSE
"continuous","outer",4,10,13,0.5,0.01,4.27322216122448,0.311529103069096,0.139320050286408,5,5,4.2295980717946,FALSE,FALSE
"continuous","outer",4,10,14,0.75,0.01,4.33331495923205,0.339215815983454,0.151701924716412,5,5,4.2295980717946,FALSE,FALSE
"continuous","outer",4,10,15,1,0.01,4.41305146930961,0.347241117064083,0.15529094846765,5,5,4.2295980717946,FALSE,FALSE
"continuous","outer",4,10,16,0,0.001,4.10516948450611,0.311216430683013,0.139180218944413,5,5,4.2295980717946,TRUE,FALSE
"continuous","outer",4,10,17,0.25,0.001,4.10040551501589,0.30988598561867,0.138585225823574,5,5,4.2295980717946,TRUE,FALSE
"continuous","outer",4,10,18,0.5,0.001,4.0970144823424,0.310757234165607,0.138974860018823,5,5,4.2295980717946,TRUE,FALSE
"continuous","outer",4,10,19,0.75,0.001,4.09299458703528,0.312230812043759,0.139633864079961,5,3,4.2295980717946,TRUE,FALSE
"continuous","outer",4,10,20,1,0.001,4.08948850266487,0.313294520872271,0.140109569129725,5,5,4.2295980717946,TRUE,FALSE
"logistic","outer",4,10,1,0,1,0.57119884370025,0.0211672183162387,0.00946626780993765,5,5,0.480489824686355,FALSE,FALSE
"logistic","outer",4,10,2,0.25,1,0.692683447702587,0.000148862115084355,0.0000665731617206029,5,5,0.480489824686355,FALSE,FALSE
"logistic","outer",4,10,3,0.5,1,0.692683447702587,0.000148862115084355,0.0000665731617206029,5,5,0.480489824686355,FALSE,FALSE
"logistic","outer",4,10,4,0.75,1,0.692683447702587,0.000148862115084355,0.0000665731617206029,5,5,0.480489824686355,FALSE,FALSE
"logistic","outer",4,10,5,1,1,0.692683447702587,0.000148862115084355,0.0000665731617206029,5,5,0.480489824686355,FALSE,FALSE
"logistic","outer",4,10,6,0,0.1,0.466251540007638,0.0437421098476597,0.019562066219726,5,5,0.480489824686355,TRUE,TRUE
"logistic","outer",4,10,7,0.25,0.1,0.501506320746861,0.0361206684038416,0.0161536539887437,5,5,0.480489824686355,FALSE,FALSE
"logistic","outer",4,10,8,0.5,0.1,0.534474433755562,0.0364467720221528,0.0162994919603942,5,5,0.480489824686355,FALSE,FALSE
"logistic","outer",4,10,9,0.75,0.1,0.548639026311054,0.0314552158247936,0.0140672001662331,5,5,0.480489824686355,FALSE,FALSE
"logistic","outer",4,10,10,1,0.1,0.562386174019969,0.0274763991291113,0.0122878192459218,5,5,0.480489824686355,FALSE,FALSE
"logistic","outer",4,10,11,0,0.01,0.461373824330944,0.0613095748668739,0.0274184754147885,5,5,0.480489824686355,TRUE,FALSE
"logistic","outer",4,10,12,0.25,0.01,0.458911493309457,0.0606223809152063,0.0271111529368574,5,5,0.480489824686355,TRUE,FALSE
"logistic","outer",4,10,13,0.5,0.01,0.456125197586798,0.0601914406734765,0.0269184306019078,5,5,0.480489824686355,TRUE,FALSE
"logistic","outer",4,10,14,0.75,0.01,0.454297993955754,0.0585667139687904,0.0261918307306004,5,4,0.480489824686355,TRUE,FALSE
"logistic","outer",4,10,15,1,0.01,0.455141153075012,0.056265731888732,0.0251628002613965,5,4,0.480489824686355,TRUE,FALSE
"logistic","outer",4,10,16,0,0.001,0.474714212049882,0.073799971452946,0.0330043505812663,5,0,0.480489824686355,TRUE,FALSE
"logistic","outer",4,10,17,0.25,0.001,0.474654596943322,0.0738231934024133,0.033014735752782,5,0,0.480489824686355,TRUE,FALSE
"logistic","outer",4,10,18,0.5,0.001,0.474580402118974,0.073901242917317,0.0330496405569691,5,0,0.480489824686355,TRUE,FALSE
"logistic","outer",4,10,19,0.75,0.001,0.474557192780841,0.0740235752050431,0.0331043492192089,5,0,0.480489824686355,TRUE,FALSE
"logistic","outer",4,10,20,1,0.001,0.475311662744896,0.0748322205870611,0.0334659864279855,5,0,0.480489824686355,TRUE,FALSE
"continuous","outer",5,1,1,0,1,5.22288878799486,0.371284882565692,0.166043647286983,5,5,4.29209511484018,FALSE,FALSE
"continuous","outer",5,1,2,0.25,1,5.34324488678707,0.386996779110675,0.173070221032988,5,5,4.29209511484018,FALSE,FALSE
"continuous","outer",5,1,3,0.5,1,5.34324488678707,0.386996779110675,0.173070221032988,5,5,4.29209511484018,FALSE,FALSE
"continuous","outer",5,1,4,0.75,1,5.34324488678707,0.386996779110675,0.173070221032988,5,5,4.29209511484018,FALSE,FALSE
"continuous","outer",5,1,5,1,1,5.34324488678707,0.386996779110675,0.173070221032988,5,5,4.29209511484018,FALSE,FALSE
"continuous","outer",5,1,6,0,0.1,4.68056758336819,0.308265852706611,0.137860680358784,5,5,4.29209511484018,FALSE,FALSE
"continuous","outer",5,1,7,0.25,0.1,5.12971063242363,0.363040288659883,0.162356552802929,5,5,4.29209511484018,FALSE,FALSE
"continuous","outer",5,1,8,0.5,0.1,5.34324488678707,0.386996779110675,0.173070221032988,5,5,4.29209511484018,FALSE,FALSE
"continuous","outer",5,1,9,0.75,0.1,5.34324488678707,0.386996779110675,0.173070221032988,5,5,4.29209511484018,FALSE,FALSE
"continuous","outer",5,1,10,1,0.1,5.34324488678707,0.386996779110675,0.173070221032988,5,5,4.29209511484018,FALSE,FALSE
"continuous","outer",5,1,11,0,0.01,4.19855846964848,0.282819590508688,0.126480765949216,5,5,4.29209511484018,TRUE,TRUE
"continuous","outer",5,1,12,0.25,0.01,4.23443270936738,0.2926250902432,0.130865918741161,5,5,4.29209511484018,TRUE,FALSE
"continuous","outer",5,1,13,0.5,0.01,4.29716070315934,0.301234339323344,0.134716091976847,5,5,4.29209511484018,FALSE,FALSE
"continuous","outer",5,1,14,0.75,0.01,4.35933168655186,0.301614356706123,0.134886040916952,5,5,4.29209511484018,FALSE,FALSE
"continuous","outer",5,1,15,1,0.01,4.42850372068165,0.298862505491655,0.133655375641049,5,5,4.29209511484018,FALSE,FALSE
"continuous","outer",5,1,16,0,0.001,4.18336318116988,0.312875226299258,0.139922054896154,5,5,4.29209511484018,TRUE,FALSE
"continuous","outer",5,1,17,0.25,0.001,4.1762914577168,0.313090552847456,0.140018351855981,5,5,4.29209511484018,TRUE,FALSE
"continuous","outer",5,1,18,0.5,0.001,4.16649734188264,0.310098410922228,0.138680225307353,5,5,4.29209511484018,TRUE,FALSE
"continuous","outer",5,1,19,0.75,0.001,4.15888117442766,0.308151580905024,0.137809576455532,5,4,4.29209511484018,TRUE,FALSE
"continuous","outer",5,1,20,1,0.001,4.15457218351989,0.307510622897205,0.137522931320291,5,5,4.29209511484018,TRUE,FALSE
"logistic","outer",5,1,1,0,1,0.578890622342486,0.0138345236177365,0.00618698704911704,5,5,0.499805237814796,FALSE,FALSE
"logistic","outer",5,1,2,0.25,1,0.692679840605181,0.000154558200041579,0.0000691205283545962,5,5,0.499805237814796,FALSE,FALSE
"logistic","outer",5,1,3,0.5,1,0.692679840605181,0.000154558200041579,0.0000691205283545962,5,5,0.499805237814796,FALSE,FALSE
"logistic","outer",5,1,4,0.75,1,0.692679840605181,0.000154558200041579,0.0000691205283545962,5,5,0.499805237814796,FALSE,FALSE
"logistic","outer",5,1,5,1,1,0.692679840605181,0.000154558200041579,0.0000691205283545962,5,5,0.499805237814796,FALSE,FALSE
"logistic","outer",5,1,6,0,0.1,0.486002709114362,0.0403567399155866,0.0180480827603061,5,5,0.499805237814796,TRUE,TRUE
"logistic","outer",5,1,7,0.25,0.1,0.514589840198636,0.0278731601233038,0.0124652561566887,5,5,0.499805237814796,FALSE,FALSE
"logistic","outer",5,1,8,0.5,0.1,0.542811962851719,0.0224645362163054,0.010046446012533,5,5,0.499805237814796,FALSE,FALSE
"logistic","outer",5,1,9,0.75,0.1,0.558327250287327,0.0184275046195834,0.00824103059701598,5,5,0.499805237814796,FALSE,FALSE
"logistic","outer",5,1,10,1,0.1,0.571570758149926,0.0154238973434472,0.00689777658758529,5,5,0.499805237814796,FALSE,FALSE
"logistic","outer",5,1,11,0,0.01,0.48631822565751,0.062759212511744,0.028066773078123,5,5,0.499805237814796,TRUE,FALSE
"logistic","outer",5,1,12,0.25,0.01,0.482312193456448,0.0588057848762192,0.026298746490691,5,5,0.499805237814796,TRUE,FALSE
"logistic","outer",5,1,13,0.5,0.01,0.479282242483466,0.0545561008114673,0.0243982300003545,5,5,0.499805237814796,TRUE,FALSE
"logistic","outer",5,1,14,0.75,0.01,0.477342302557855,0.0521859660660754,0.0233382735190484,5,5,0.499805237814796,TRUE,FALSE
"logistic","outer",5,1,15,1,0.01,0.477223914090047,0.0504933748704664,0.0225813237247485,5,5,0.499805237814796,TRUE,FALSE
"logistic","outer",5,1,16,0,0.001,0.497809087380169,0.0688872948976795,0.0308073348354572,5,0,0.499805237814796,TRUE,FALSE
"logistic","outer",5,1,17,0.25,0.001,0.496989307352863,0.0685911144799638,0.0306748789259338,5,0,0.499805237814796,TRUE,FALSE
"logistic","outer",5,1,18,0.5,0.001,0.496053358170483,0.0681773017912438,0.0304898162655479,5,0,0.499805237814796,TRUE,FALSE
"logistic","outer",5,1,19,0.75,0.001,0.495269449221577,0.0678080949185106,0.0303247019325095,5,0,0.499805237814796,TRUE,FALSE
"logistic","outer",5,1,20,1,0.001,0.494760370311738,0.0674384270950144,0.0301593814560232,5,0,0.499805237814796,TRUE,FALSE
"continuous","outer",5,2,1,0,1,5.217444243611,0.414234186516745,0.185251159931154,5,5,4.20796685321364,FALSE,FALSE
"continuous","outer",5,2,2,0.25,1,5.33609597153204,0.434153248420441,0.194159235224092,5,5,4.20796685321364,FALSE,FALSE
"continuous","outer",5,2,3,0.5,1,5.33609597153204,0.434153248420441,0.194159235224092,5,5,4.20796685321364,FALSE,FALSE
"continuous","outer",5,2,4,0.75,1,5.33609597153204,0.434153248420441,0.194159235224092,5,5,4.20796685321364,FALSE,FALSE
"continuous","outer",5,2,5,1,1,5.33609597153204,0.434153248420441,0.194159235224092,5,5,4.20796685321364,FALSE,FALSE
"continuous","outer",5,2,6,0,0.1,4.67624019175212,0.322397089656554,0.14418036164403,5,5,4.20796685321364,FALSE,FALSE
"continuous","outer",5,2,7,0.25,0.1,5.1139810317761,0.411150335720394,0.183872019928532,5,5,4.20796685321364,FALSE,FALSE
"continuous","outer",5,2,8,0.5,0.1,5.33609597153204,0.434153248420441,0.194159235224092,5,5,4.20796685321364,FALSE,FALSE
"continuous","outer",5,2,9,0.75,0.1,5.33609597153204,0.434153248420441,0.194159235224092,5,5,4.20796685321364,FALSE,FALSE
"continuous","outer",5,2,10,1,0.1,5.33609597153204,0.434153248420441,0.194159235224092,5,5,4.20796685321364,FALSE,FALSE
"continuous","outer",5,2,11,0,0.01,4.16078797460546,0.242640253037025,0.108512019973708,5,5,4.20796685321364,TRUE,TRUE
"continuous","outer",5,2,12,0.25,0.01,4.21687798363417,0.250168990564563,0.111878973752973,5,5,4.20796685321364,FALSE,FALSE
"continuous","outer",5,2,13,0.5,0.01,4.30754784329427,0.258068265165964,0.115411636749307,5,5,4.20796685321364,FALSE,FALSE
"continuous","outer",5,2,14,0.75,0.01,4.39402738796236,0.272689444070638,0.121950426737715,5,5,4.20796685321364,FALSE,FALSE
"continuous","outer",5,2,15,1,0.01,4.47046584185593,0.291627025907566,0.130419570801082,5,5,4.20796685321364,FALSE,FALSE
"continuous","outer",5,2,16,0,0.001,4.11815758613139,0.25771403139159,0.115253218589422,5,5,4.20796685321364,TRUE,FALSE
"continuous","outer",5,2,17,0.25,0.001,4.11217823093324,0.255566321734945,0.114292733631784,5,5,4.20796685321364,TRUE,FALSE
"continuous","outer",5,2,18,0.5,0.001,4.10188486801174,0.253641832389069,0.113432075831913,5,5,4.20796685321364,TRUE,FALSE
"continuous","outer",5,2,19,0.75,0.001,4.09518140938334,0.252195919277038,0.112785443830301,5,1,4.20796685321364,TRUE,FALSE
"continuous","outer",5,2,20,1,0.001,4.09688346433941,0.248396360698877,0.111086229577249,5,5,4.20796685321364,TRUE,FALSE
"logistic","outer",5,2,1,0,1,0.576664817832382,0.0180900470927435,0.00809011500310938,5,5,0.475794551325259,FALSE,FALSE
"logistic","outer",5,2,2,0.25,1,0.692679840605181,0.000154558200041579,0.0000691205283545962,5,5,0.475794551325259,FALSE,FALSE
"logistic","outer",5,2,3,0.5,1,0.692679840605181,0.000154558200041579,0.0000691205283545962,5,5,0.475794551325259,FALSE,FALSE
"logistic","outer",5,2,4,0.75,1,0.692679840605181,0.000154558200041579,0.0000691205283545962,5,5,0.475794551325259,FALSE,FALSE
"logistic","outer",5,2,5,1,1,0.692679840605181,0.000154558200041579,0.0000691205283545962,5,5,0.475794551325259,FALSE,FALSE
"logistic","outer",5,2,6,0,0.1,0.474775470615421,0.0314768992327618,0.0140768972810733,5,5,0.475794551325259,TRUE,TRUE
"logistic","outer",5,2,7,0.25,0.1,0.513030687563643,0.0289195677983204,0.0129332238953917,5,5,0.475794551325259,FALSE,FALSE
"logistic","outer",5,2,8,0.5,0.1,0.541905175639102,0.0280466999489627,0.0125428655260841,5,5,0.475794551325259,FALSE,FALSE
"logistic","outer",5,2,9,0.75,0.1,0.554279494359266,0.023728616918664,0.0106117600884368,5,5,0.475794551325259,FALSE,FALSE
"logistic","outer",5,2,10,1,0.1,0.567873866898715,0.0204505861489537,0.00914578016175523,5,5,0.475794551325259,FALSE,FALSE
"logistic","outer",5,2,11,0,0.01,0.46657599154511,0.037927274141605,0.0169615926363798,5,5,0.475794551325259,TRUE,FALSE
"logistic","outer",5,2,12,0.25,0.01,0.461917319556965,0.0370387057441336,0.0165642127684989,5,5,0.475794551325259,TRUE,FALSE
"logistic","outer",5,2,13,0.5,0.01,0.460187173037453,0.0355125482721497,0.0158816943981539,5,5,0.475794551325259,TRUE,FALSE
"logistic","outer",5,2,14,0.75,0.01,0.459968274764684,0.0353886302201575,0.0158262765605751,5,5,0.475794551325259,TRUE,FALSE
"logistic","outer",5,2,15,1,0.01,0.461866338891459,0.0359372052828241,0.0160716067867519,5,5,0.475794551325259,TRUE,FALSE
"logistic","outer",5,2,16,0,0.001,0.480826075584169,0.0439127095968361,0.0196383607469466,5,0,0.475794551325259,FALSE,FALSE
"logistic","outer",5,2,17,0.25,0.001,0.479595546829941,0.0433421407173719,0.019383194586881,5,0,0.475794551325259,FALSE,FALSE
"logistic","outer",5,2,18,0.5,0.001,0.478329519193219,0.0426948079462181,0.0190936985708084,5,0,0.475794551325259,FALSE,FALSE
"logistic","outer",5,2,19,0.75,0.001,0.477110573285786,0.041978881253837,0.0187735264205942,5,0,0.475794551325259,FALSE,FALSE
"logistic","outer",5,2,20,1,0.001,0.47638137870873,0.0415585604797811,0.0185855532559654,5,0,0.475794551325259,FALSE,FALSE
"continuous","outer",5,3,1,0,1,5.21798527998767,0.569549592808045,0.254710321215223,5,5,4.29402648951101,FALSE,FALSE
"continuous","outer",5,3,2,0.25,1,5.33756389744616,0.573534512370392,0.256492431420478,5,5,4.29402648951101,FALSE,FALSE
"continuous","outer",5,3,3,0.5,1,5.33756389744616,0.573534512370392,0.256492431420478,5,5,4.29402648951101,FALSE,FALSE
"continuous","outer",5,3,4,0.75,1,5.33756389744616,0.573534512370392,0.256492431420478,5,5,4.29402648951101,FALSE,FALSE
"continuous","outer",5,3,5,1,1,5.33756389744616,0.573534512370392,0.256492431420478,5,5,4.29402648951101,FALSE,FALSE
"continuous","outer",5,3,6,0,0.1,4.67028557489653,0.550311795894273,0.246106916887917,5,5,4.29402648951101,FALSE,FALSE
"continuous","outer",5,3,7,0.25,0.1,5.11797778750421,0.569071557988812,0.254496537544939,5,5,4.29402648951101,FALSE,FALSE
"continuous","outer",5,3,8,0.5,0.1,5.33756389744616,0.573534512370392,0.256492431420478,5,5,4.29402648951101,FALSE,FALSE
"continuous","outer",5,3,9,0.75,0.1,5.33756389744616,0.573534512370392,0.256492431420478,5,5,4.29402648951101,FALSE,FALSE
"continuous","outer",5,3,10,1,0.1,5.33756389744616,0.573534512370392,0.256492431420478,5,5,4.29402648951101,FALSE,FALSE
"continuous","outer",5,3,11,0,0.01,4.16475577715202,0.435332293868652,0.194686520378244,5,5,4.29402648951101,TRUE,TRUE
"continuous","outer",5,3,12,0.25,0.01,4.20715033038823,0.473531484227164,0.211769717643662,5,5,4.29402648951101,TRUE,FALSE
"continuous","outer",5,3,13,0.5,0.01,4.26989485072616,0.517076734282252,0.231243745487742,5,5,4.29402648951101,TRUE,FALSE
"continuous","outer",5,3,14,0.75,0.01,4.34690828105205,0.556192864941572,0.248737010921943,5,5,4.29402648951101,FALSE,FALSE
"continuous","outer",5,3,15,1,0.01,4.40176907859221,0.563583637008341,0.252042264671443,5,5,4.29402648951101,FALSE,FALSE
"continuous","outer",5,3,16,0,0.001,4.1389886859232,0.368951454457954,0.16500010651308,5,5,4.29402648951101,TRUE,FALSE
"continuous","outer",5,3,17,0.25,0.001,4.1325253093786,0.370716362702802,0.165789397474987,5,5,4.29402648951101,TRUE,FALSE
"continuous","outer",5,3,18,0.5,0.001,4.12771759449128,0.371799222818704,0.166273667240842,5,5,4.29402648951101,TRUE,FALSE
"continuous","outer",5,3,19,0.75,0.001,4.12585164520568,0.371952824017541,0.166342359785248,5,1,4.29402648951101,TRUE,FALSE
"continuous","outer",5,3,20,1,0.001,4.12514582930961,0.377628636295378,0.168880660201402,5,5,4.29402648951101,TRUE,FALSE
"logistic","outer",5,3,1,0,1,0.578261310981022,0.0155643961453464,0.00696060956194604,5,5,0.480337956202606,FALSE,FALSE
"logistic","outer",5,3,2,0.25,1,0.692679840605181,0.000154558200041579,0.0000691205283545962,5,5,0.480337956202606,FALSE,FALSE
"logistic","outer",5,3,3,0.5,1,0.692679840605181,0.000154558200041579,0.0000691205283545962,5,5,0.480337956202606,FALSE,FALSE
"logistic","outer",5,3,4,0.75,1,0.692679840605181,0.000154558200041579,0.0000691205283545962,5,5,0.480337956202606,FALSE,FALSE
"logistic","outer",5,3,5,1,1,0.692679840605181,0.000154558200041579,0.0000691205283545962,5,5,0.480337956202606,FALSE,FALSE
"logistic","outer",5,3,6,0,0.1,0.479732166672958,0.023615604150586,0.0105612192420873,5,5,0.480337956202606,TRUE,TRUE
"logistic","outer",5,3,7,0.25,0.1,0.51096201223377,0.0306860228858434,0.013723206626372,5,5,0.480337956202606,FALSE,FALSE
"logistic","outer",5,3,8,0.5,0.1,0.541166264553611,0.031108737140883,0.0139122501882374,5,5,0.480337956202606,FALSE,FALSE
"logistic","outer",5,3,9,0.75,0.1,0.555135093747559,0.0259248066014716,0.0115939259728852,5,5,0.480337956202606,FALSE,FALSE
"logistic","outer",5,3,10,1,0.1,0.568839138597238,0.0226523418647475,0.0101304352518279,5,5,0.480337956202606,FALSE,FALSE
"logistic","outer",5,3,11,0,0.01,0.475754558127941,0.0288007633896084,0.0128800929486103,5,5,0.480337956202606,TRUE,FALSE
"logistic","outer",5,3,12,0.25,0.01,0.472919363680648,0.0287767912477143,0.012869372280842,5,5,0.480337956202606,TRUE,FALSE
"logistic","outer",5,3,13,0.5,0.01,0.469840458116298,0.0292649279730173,0.0130876736608604,5,5,0.480337956202606,TRUE,FALSE
"logistic","outer",5,3,14,0.75,0.01,0.468283483672012,0.0295379755845938,0.0132097842649762,5,5,0.480337956202606,TRUE,FALSE
"logistic","outer",5,3,15,1,0.01,0.46733027683135,0.0290860553036493,0.0130076793712556,5,5,0.480337956202606,TRUE,FALSE
"logistic","outer",5,3,16,0,0.001,0.486528798895634,0.0261463351611559,0.0116929965565675,5,0,0.480337956202606,FALSE,FALSE
"logistic","outer",5,3,17,0.25,0.001,0.485453383303209,0.0262634211673429,0.0117453590103771,5,0,0.480337956202606,FALSE,FALSE
"logistic","outer",5,3,18,0.5,0.001,0.484463013764922,0.0264839497719216,0.0118439824005414,5,0,0.480337956202606,FALSE,FALSE
"logistic","outer",5,3,19,0.75,0.001,0.483741129228737,0.0267952010464133,0.0119831782021107,5,0,0.480337956202606,FALSE,FALSE
"logistic","outer",5,3,20,1,0.001,0.483230362031205,0.0269810363741921,0.0120662862872176,5,0,0.480337956202606,FALSE,FALSE
"continuous","outer",5,4,1,0,1,5.29300590428457,0.228502930304779,0.102189617043877,5,5,4.3524921628033,FALSE,FALSE
"continuous","outer",5,4,2,0.25,1,5.41096996782446,0.233359033794018,0.104361332545419,5,5,4.3524921628033,FALSE,FALSE
"continuous","outer",5,4,3,0.5,1,5.41096996782446,0.233359033794018,0.104361332545419,5,5,4.3524921628033,FALSE,FALSE
"continuous","outer",5,4,4,0.75,1,5.41096996782446,0.233359033794018,0.104361332545419,5,5,4.3524921628033,FALSE,FALSE
"continuous","outer",5,4,5,1,1,5.41096996782446,0.233359033794018,0.104361332545419,5,5,4.3524921628033,FALSE,FALSE
"continuous","outer",5,4,6,0,0.1,4.75361966590204,0.252128020682489,0.112755078655704,5,5,4.3524921628033,FALSE,FALSE
"continuous","outer",5,4,7,0.25,0.1,5.19905544083858,0.224203799033561,0.100266987090549,5,5,4.3524921628033,FALSE,FALSE
"continuous","outer",5,4,8,0.5,0.1,5.41096996782446,0.233359033794018,0.104361332545419,5,5,4.3524921628033,FALSE,FALSE
"continuous","outer",5,4,9,0.75,0.1,5.41096996782446,0.233359033794018,0.104361332545419,5,5,4.3524921628033,FALSE,FALSE
"continuous","outer",5,4,10,1,0.1,5.41096996782446,0.233359033794018,0.104361332545419,5,5,4.3524921628033,FALSE,FALSE
"continuous","outer",5,4,11,0,0.01,4.25455088356016,0.28543508085797,0.127650448792314,5,5,4.3524921628033,TRUE,TRUE
"continuous","outer",5,4,12,0.25,0.01,4.30010005176282,0.30340175083319,0.135685387871093,5,5,4.3524921628033,TRUE,FALSE
"continuous","outer",5,4,13,0.5,0.01,4.35424025125559,0.315553746694432,0.1411199256327,5,5,4.3524921628033,FALSE,FALSE
"continuous","outer",5,4,14,0.75,0.01,4.42795755823915,0.312327075500071,0.139676914406373,5,5,4.3524921628033,FALSE,FALSE
"continuous","outer",5,4,15,1,0.01,4.50333819157472,0.300359746395302,0.134324962128898,5,5,4.3524921628033,FALSE,FALSE
"continuous","outer",5,4,16,0,0.001,4.23673230661203,0.262474174895166,0.117382019480752,5,5,4.3524921628033,TRUE,FALSE
"continuous","outer",5,4,17,0.25,0.001,4.23346093043414,0.264101965826223,0.118109989715752,5,5,4.3524921628033,TRUE,FALSE
"continuous","outer",5,4,18,0.5,0.001,4.23130910946734,0.266996509388587,0.119404468949608,5,5,4.3524921628033,TRUE,FALSE
"continuous","outer",5,4,19,0.75,0.001,4.22744673469507,0.274052013090994,0.122559786128425,5,3,4.3524921628033,TRUE,FALSE
"continuous","outer",5,4,20,1,0.001,4.22665782660798,0.281374129636293,0.125834336195318,5,5,4.3524921628033,TRUE,FALSE
"logistic","outer",5,4,1,0,1,0.575547868202468,0.0230029635812433,0.0102872380503224,5,5,0.491385931932643,FALSE,FALSE
"logistic","outer",5,4,2,0.25,1,0.692679840605181,0.000154558200041579,0.0000691205283545962,5,5,0.491385931932643,FALSE,FALSE
"logistic","outer",5,4,3,0.5,1,0.692679840605181,0.000154558200041579,0.0000691205283545962,5,5,0.491385931932643,FALSE,FALSE
"logistic","outer",5,4,4,0.75,1,0.692679840605181,0.000154558200041579,0.0000691205283545962,5,5,0.491385931932643,FALSE,FALSE
"logistic","outer",5,4,5,1,1,0.692679840605181,0.000154558200041579,0.0000691205283545962,5,5,0.491385931932643,FALSE,FALSE
"logistic","outer",5,4,6,0,0.1,0.476606722503992,0.0512584467074004,0.0229234742517595,5,5,0.491385931932643,TRUE,TRUE
"logistic","outer",5,4,7,0.25,0.1,0.507658689529858,0.0441593707589826,0.0197486709721403,5,5,0.491385931932643,FALSE,FALSE
"logistic","outer",5,4,8,0.5,0.1,0.539145059568903,0.0411812362669912,0.0184168087380944,5,5,0.491385931932643,FALSE,FALSE
"logistic","outer",5,4,9,0.75,0.1,0.554338264527198,0.0361296858154885,0.0161576866978285,5,5,0.491385931932643,FALSE,FALSE
"logistic","outer",5,4,10,1,0.1,0.567614022743163,0.0309373594583606,0.0138356077586481,5,5,0.491385931932643,FALSE,FALSE
"logistic","outer",5,4,11,0,0.01,0.47368372002339,0.0764457231066648,0.0341875666911258,5,5,0.491385931932643,TRUE,FALSE
"logistic","outer",5,4,12,0.25,0.01,0.469224947969247,0.0719514267044891,0.0321776562378663,5,5,0.491385931932643,TRUE,FALSE
"logistic","outer",5,4,13,0.5,0.01,0.466038352941506,0.0676526193232581,0.0302551711325442,5,5,0.491385931932643,TRUE,FALSE
"logistic","outer",5,4,14,0.75,0.01,0.464100385929682,0.063769515122133,0.028518594141058,5,5,0.491385931932643,TRUE,FALSE
"logistic","outer",5,4,15,1,0.01,0.463737809625665,0.0618230809286312,0.027648122306978,5,5,0.491385931932643,TRUE,FALSE
"logistic","outer",5,4,16,0,0.001,0.479332750791172,0.0846721659225663,0.0378665437609999,5,0,0.491385931932643,TRUE,FALSE
"logistic","outer",5,4,17,0.25,0.001,0.478585525948658,0.08474169687179,0.0378976389468008,5,0,0.491385931932643,TRUE,FALSE
"logistic","outer",5,4,18,0.5,0.001,0.477908523153431,0.085028892146971,0.038026076578425,5,0,0.491385931932643,TRUE,FALSE
"logistic","outer",5,4,19,0.75,0.001,0.477405307512905,0.0856167163147374,0.0382889595380136,5,0,0.491385931932643,TRUE,FALSE
"logistic","outer",5,4,20,1,0.001,0.477088337523246,0.0863963424432131,0.038637618942075,5,0,0.491385931932643,TRUE,FALSE
"continuous","outer",5,5,1,0,1,5.21118978334718,0.404961998725198,0.181104511490745,5,5,4.33042238801892,FALSE,FALSE
"continuous","outer",5,5,2,0.25,1,5.32478704539628,0.407271523819093,0.182137362511884,5,5,4.33042238801892,FALSE,FALSE
"continuous","outer",5,5,3,0.5,1,5.32478704539628,0.407271523819093,0.182137362511884,5,5,4.33042238801892,FALSE,FALSE
"continuous","outer",5,5,4,0.75,1,5.32478704539628,0.407271523819093,0.182137362511884,5,5,4.33042238801892,FALSE,FALSE
"continuous","outer",5,5,5,1,1,5.32478704539628,0.407271523819093,0.182137362511884,5,5,4.33042238801892,FALSE,FALSE
"continuous","outer",5,5,6,0,0.1,4.69626791470076,0.417779864903654,0.18683683551105,5,5,4.33042238801892,FALSE,FALSE
"continuous","outer",5,5,7,0.25,0.1,5.12174786810848,0.406468124013445,0.181778071196176,5,5,4.33042238801892,FALSE,FALSE
"continuous","outer",5,5,8,0.5,0.1,5.32478704539628,0.407271523819093,0.182137362511883,5,5,4.33042238801892,FALSE,FALSE
"continuous","outer",5,5,9,0.75,0.1,5.32478704539628,0.407271523819093,0.182137362511884,5,5,4.33042238801892,FALSE,FALSE
"continuous","outer",5,5,10,1,0.1,5.32478704539628,0.407271523819093,0.182137362511884,5,5,4.33042238801892,FALSE,FALSE
"continuous","outer",5,5,11,0,0.01,4.21407730336477,0.409465909974521,0.183118721834368,5,5,4.33042238801892,TRUE,TRUE
"continuous","outer",5,5,12,0.25,0.01,4.2542563159739,0.428048331015394,0.191429033161151,5,5,4.33042238801892,TRUE,FALSE
"continuous","outer",5,5,13,0.5,0.01,4.31686367267889,0.447961234701208,0.200334354415328,5,5,4.33042238801892,TRUE,FALSE
"continuous","outer",5,5,14,0.75,0.01,4.38336060974414,0.46556363371283,0.20820638656674,5,5,4.33042238801892,FALSE,FALSE
"continuous","outer",5,5,15,1,0.01,4.45263789417025,0.460188312565986,0.205802469869693,5,5,4.33042238801892,FALSE,FALSE
"continuous","outer",5,5,16,0,0.001,4.18301708220169,0.351689429278988,0.157280294167184,5,5,4.33042238801892,TRUE,FALSE
"continuous","outer",5,5,17,0.25,0.001,4.17742600837304,0.353309527065146,0.158004823923193,5,5,4.33042238801892,TRUE,FALSE
"continuous","outer",5,5,18,0.5,0.001,4.17156882069245,0.357261867996939,0.159772364521943,5,5,4.33042238801892,TRUE,FALSE
"continuous","outer",5,5,19,0.75,0.001,4.16861948317933,0.360563114624431,0.161248726895855,5,1,4.33042238801892,TRUE,FALSE
"continuous","outer",5,5,20,1,0.001,4.16823706674154,0.362657403328874,0.162185321277384,5,5,4.33042238801892,TRUE,FALSE
"logistic","outer",5,5,1,0,1,0.581334768947,0.0187848102629986,0.00840082253850011,5,5,0.484943865517613,FALSE,FALSE
"logistic","outer",5,5,2,0.25,1,0.692679840605181,0.000154558200041579,0.0000691205283545962,5,5,0.484943865517613,FALSE,FALSE
"logistic","outer",5,5,3,0.5,1,0.692679840605181,0.000154558200041579,0.0000691205283545962,5,5,0.484943865517613,FALSE,FALSE
"logistic","outer",5,5,4,0.75,1,0.692679840605181,0.000154558200041579,0.0000691205283545962,5,5,0.484943865517613,FALSE,FALSE
"logistic","outer",5,5,5,1,1,0.692679840605181,0.000154558200041579,0.0000691205283545962,5,5,0.484943865517613,FALSE,FALSE
"logistic","outer",5,5,6,0,0.1,0.484646845345157,0.0324753025599431,0.0145233968227812,5,5,0.484943865517613,TRUE,TRUE
"logistic","outer",5,5,7,0.25,0.1,0.513059946403112,0.029094127003668,0.0130112891452428,5,5,0.484943865517613,FALSE,FALSE
"logistic","outer",5,5,8,0.5,0.1,0.542338166353677,0.028448610409377,0.012722605348155,5,5,0.484943865517613,FALSE,FALSE
"logistic","outer",5,5,9,0.75,0.1,0.556931537884246,0.0248802803046149,0.0111267996120736,5,5,0.484943865517613,FALSE,FALSE
"logistic","outer",5,5,10,1,0.1,0.56992753009721,0.0213730149818227,0.0095583028766954,5,5,0.484943865517613,FALSE,FALSE
"logistic","outer",5,5,11,0,0.01,0.478379403839867,0.0437869604389633,0.0195821240139232,5,5,0.484943865517613,TRUE,FALSE
"logistic","outer",5,5,12,0.25,0.01,0.472813628698182,0.0428275675182284,0.0191530704563441,5,5,0.484943865517613,TRUE,FALSE
"logistic","outer",5,5,13,0.5,0.01,0.469816254628802,0.0412961800438949,0.0184682131578438,5,5,0.484943865517613,TRUE,FALSE
"logistic","outer",5,5,14,0.75,0.01,0.468607660479383,0.0395046983467457,0.0176670381867894,5,5,0.484943865517613,TRUE,FALSE
"logistic","outer",5,5,15,1,0.01,0.467840197998691,0.038244963236866,0.0171036675189225,5,5,0.484943865517613,TRUE,FALSE
"logistic","outer",5,5,16,0,0.001,0.489565107864134,0.0522664196339263,0.0233742534483978,5,0,0.484943865517613,FALSE,FALSE
"logistic","outer",5,5,17,0.25,0.001,0.488246085037937,0.0522604060759853,0.0233715641035292,5,0,0.484943865517613,FALSE,FALSE
"logistic","outer",5,5,18,0.5,0.001,0.486980004787698,0.0523470909886723,0.0234103307750076,5,0,0.484943865517613,FALSE,FALSE
"logistic","outer",5,5,19,0.75,0.001,0.486095660559565,0.0523570698308636,0.0234147934489029,5,0,0.484943865517613,FALSE,FALSE
"logistic","outer",5,5,20,1,0.001,0.485862051861476,0.0521438360095279,0.0233194323849812,5,0,0.484943865517613,FALSE,FALSE
"continuous","outer",5,6,1,0,1,5.19965823941068,0.252637105924174,0.112982748497053,5,5,4.3401868021871,FALSE,FALSE
"continuous","outer",5,6,2,0.25,1,5.31418142879366,0.238520440421859,0.106669583761293,5,5,4.3401868021871,FALSE,FALSE
"continuous","outer",5,6,3,0.5,1,5.31418142879366,0.238520440421859,0.106669583761293,5,5,4.3401868021871,FALSE,FALSE
"continuous","outer",5,6,4,0.75,1,5.31418142879366,0.238520440421859,0.106669583761293,5,5,4.3401868021871,FALSE,FALSE
"continuous","outer",5,6,5,1,1,5.31418142879366,0.238520440421859,0.106669583761293,5,5,4.3401868021871,FALSE,FALSE
"continuous","outer",5,6,6,0,0.1,4.68330634126665,0.319180827317495,0.142742005399308,5,5,4.3401868021871,FALSE,FALSE
"continuous","outer",5,6,7,0.25,0.1,5.11239159578304,0.268426140829323,0.120043819566459,5,5,4.3401868021871,FALSE,FALSE
"continuous","outer",5,6,8,0.5,0.1,5.31418142879366,0.238520440421859,0.106669583761293,5,5,4.3401868021871,FALSE,FALSE
"continuous","outer",5,6,9,0.75,0.1,5.31418142879366,0.238520440421859,0.106669583761293,5,5,4.3401868021871,FALSE,FALSE
"continuous","outer",5,6,10,1,0.1,5.31418142879366,0.238520440421859,0.106669583761293,5,5,4.3401868021871,FALSE,FALSE
"continuous","outer",5,6,11,0,0.01,4.20356037443047,0.374575793236287,0.167515387280449,5,5,4.3401868021871,TRUE,TRUE
"continuous","outer",5,6,12,0.25,0.01,4.25115739856233,0.377722835500861,0.168922787366779,5,5,4.3401868021871,TRUE,FALSE
"continuous","outer",5,6,13,0.5,0.01,4.30771445856005,0.379349852252615,0.16965041137827,5,5,4.3401868021871,TRUE,FALSE
"continuous","outer",5,6,14,0.75,0.01,4.36904005025334,0.393894520746602,0.176154984870821,5,5,4.3401868021871,FALSE,FALSE
"continuous","outer",5,6,15,1,0.01,4.43760340814783,0.414593046910259,0.18541164717802,5,5,4.3401868021871,FALSE,FALSE
"continuous","outer",5,6,16,0,0.001,4.19047185469757,0.352972177555073,0.157853956635854,5,5,4.3401868021871,TRUE,FALSE
"continuous","outer",5,6,17,0.25,0.001,4.1831313810017,0.36024035877704,0.161104386092875,5,5,4.3401868021871,TRUE,FALSE
"continuous","outer",5,6,18,0.5,0.001,4.17633881750649,0.366375231722202,0.163847984680616,5,5,4.3401868021871,TRUE,FALSE
"continuous","outer",5,6,19,0.75,0.001,4.17644314975792,0.367733220957305,0.164455295929097,5,1,4.3401868021871,TRUE,FALSE
"continuous","outer",5,6,20,1,0.001,4.1778728095512,0.365720703380293,0.163555270707474,5,5,4.3401868021871,TRUE,FALSE
"logistic","outer",5,6,1,0,1,0.581568741016033,0.0165091433909026,0.00738311337446993,5,5,0.508544154958815,FALSE,FALSE
"logistic","outer",5,6,2,0.25,1,0.692679840605181,0.000154558200041579,0.0000691205283545962,5,5,0.508544154958815,FALSE,FALSE
"logistic","outer",5,6,3,0.5,1,0.692679840605181,0.000154558200041579,0.0000691205283545962,5,5,0.508544154958815,FALSE,FALSE
"logistic","outer",5,6,4,0.75,1,0.692679840605181,0.000154558200041579,0.0000691205283545962,5,5,0.508544154958815,FALSE,FALSE
"logistic","outer",5,6,5,1,1,0.692679840605181,0.000154558200041579,0.0000691205283545962,5,5,0.508544154958815,FALSE,FALSE
"logistic","outer",5,6,6,0,0.1,0.487950983810964,0.0409760948674178,0.0183250667152053,5,5,0.508544154958815,TRUE,TRUE
"logistic","outer",5,6,7,0.25,0.1,0.520451125239479,0.0378765251037583,0.0169388969766962,5,5,0.508544154958815,FALSE,FALSE
"logistic","outer",5,6,8,0.5,0.1,0.549962006960302,0.0344102583683937,0.0153887353670118,5,5,0.508544154958815,FALSE,FALSE
"logistic","outer",5,6,9,0.75,0.1,0.565807327788694,0.0267781559194806,0.0119755553896094,5,5,0.508544154958815,FALSE,FALSE
"logistic","outer",5,6,10,1,0.1,0.578107335352816,0.0214072954279127,0.00957363355824663,5,5,0.508544154958815,FALSE,FALSE
"logistic","outer",5,6,11,0,0.01,0.49100307163223,0.0533835421421177,0.0238738458219,5,5,0.508544154958815,TRUE,FALSE
"logistic","outer",5,6,12,0.25,0.01,0.488937043761244,0.0528027408605632,0.023614103592505,5,5,0.508544154958815,TRUE,FALSE
"logistic","outer",5,6,13,0.5,0.01,0.486803266045807,0.0529561539042182,0.0236827119913545,5,5,0.508544154958815,TRUE,FALSE
"logistic","outer",5,6,14,0.75,0.01,0.484378018192131,0.0540371245638615,0.0241661367666836,5,5,0.508544154958815,TRUE,FALSE
"logistic","outer",5,6,15,1,0.01,0.484430867054964,0.055301092486572,0.0247314004059956,5,5,0.508544154958815,TRUE,FALSE
"logistic","outer",5,6,16,0,0.001,0.520670003936208,0.0639315577053052,0.0285910617873026,5,0,0.508544154958815,FALSE,FALSE
"logistic","outer",5,6,17,0.25,0.001,0.520502333375004,0.0647799395793995,0.0289704696955733,5,0,0.508544154958815,FALSE,FALSE
"logistic","outer",5,6,18,0.5,0.001,0.520951396588065,0.0659426767094526,0.0294904615481256,5,0,0.508544154958815,FALSE,FALSE
"logistic","outer",5,6,19,0.75,0.001,0.521934641147324,0.067537435698202,0.0302036594494401,5,0,0.508544154958815,FALSE,FALSE
"logistic","outer",5,6,20,1,0.001,0.523450258162978,0.0697693612885515,0.0312018069175887,5,0,0.508544154958815,FALSE,FALSE
"continuous","outer",5,7,1,0,1,5.20309028253789,0.370800380137913,0.165826971214227,5,5,4.26130275588355,FALSE,FALSE
"continuous","outer",5,7,2,0.25,1,5.32065386890001,0.387812920671258,0.173435210634733,5,5,4.26130275588355,FALSE,FALSE
"continuous","outer",5,7,3,0.5,1,5.32065386890001,0.387812920671258,0.173435210634733,5,5,4.26130275588355,FALSE,FALSE
"continuous","outer",5,7,4,0.75,1,5.32065386890001,0.387812920671258,0.173435210634733,5,5,4.26130275588355,FALSE,FALSE
"continuous","outer",5,7,5,1,1,5.32065386890001,0.387812920671258,0.173435210634733,5,5,4.26130275588355,FALSE,FALSE
"continuous","outer",5,7,6,0,0.1,4.65977967733032,0.288036773109816,0.128813960938646,5,5,4.26130275588355,FALSE,FALSE
"continuous","outer",5,7,7,0.25,0.1,5.09772258595628,0.369676122404102,0.165324187870821,5,5,4.26130275588355,FALSE,FALSE
"continuous","outer",5,7,8,0.5,0.1,5.32065386890001,0.387812920671258,0.173435210634733,5,5,4.26130275588355,FALSE,FALSE
"continuous","outer",5,7,9,0.75,0.1,5.32065386890001,0.387812920671258,0.173435210634733,5,5,4.26130275588355,FALSE,FALSE
"continuous","outer",5,7,10,1,0.1,5.32065386890001,0.387812920671258,0.173435210634733,5,5,4.26130275588355,FALSE,FALSE
"continuous","outer",5,7,11,0,0.01,4.17316393182899,0.202974922040055,0.0907731446818566,5,5,4.26130275588355,TRUE,TRUE
"continuous","outer",5,7,12,0.25,0.01,4.21836039423842,0.224912698626283,0.100584016626258,5,5,4.26130275588355,TRUE,FALSE
"continuous","outer",5,7,13,0.5,0.01,4.28152905806745,0.256916514069134,0.114896558000173,5,5,4.26130275588355,FALSE,FALSE
"continuous","outer",5,7,14,0.75,0.01,4.32759546690339,0.27608632469673,0.123469557935994,5,5,4.26130275588355,FALSE,FALSE
"continuous","outer",5,7,15,1,0.01,4.385345247274,0.294328033660172,0.131627498189598,5,5,4.26130275588355,FALSE,FALSE
"continuous","outer",5,7,16,0,0.001,4.16909500913528,0.208749626904617,0.0933556712072885,5,5,4.26130275588355,TRUE,FALSE
"continuous","outer",5,7,17,0.25,0.001,4.16462309241836,0.216182299549978,0.0966796634651947,5,5,4.26130275588355,TRUE,FALSE
"continuous","outer",5,7,18,0.5,0.001,4.16508792416856,0.22653984752014,0.101311699733494,5,5,4.26130275588355,TRUE,FALSE
"continuous","outer",5,7,19,0.75,0.001,4.1677163530453,0.239450835385756,0.107085669038332,5,2,4.26130275588355,TRUE,FALSE
"continuous","outer",5,7,20,1,0.001,4.17023871025073,0.245887552562752,0.109964256470273,5,5,4.26130275588355,TRUE,FALSE
"logistic","outer",5,7,1,0,1,0.579320115510322,0.0186236819018035,0.00832876374475305,5,5,0.509770473322288,FALSE,FALSE
"logistic","outer",5,7,2,0.25,1,0.692679840605181,0.000154558200041579,0.0000691205283545962,5,5,0.509770473322288,FALSE,FALSE
"logistic","outer",5,7,3,0.5,1,0.692679840605181,0.000154558200041579,0.0000691205283545962,5,5,0.509770473322288,FALSE,FALSE
"logistic","outer",5,7,4,0.75,1,0.692679840605181,0.000154558200041579,0.0000691205283545962,5,5,0.509770473322288,FALSE,FALSE
"logistic","outer",5,7,5,1,1,0.692679840605181,0.000154558200041579,0.0000691205283545962,5,5,0.509770473322288,FALSE,FALSE
"logistic","outer",5,7,6,0,0.1,0.494192650627337,0.03483307048735,0.0155778226949513,5,5,0.509770473322288,TRUE,TRUE
"logistic","outer",5,7,7,0.25,0.1,0.519590307431562,0.0320490030089639,0.0143327498678277,5,5,0.509770473322288,FALSE,FALSE
"logistic","outer",5,7,8,0.5,0.1,0.543274770279565,0.0308147317119127,0.013780766963251,5,5,0.509770473322288,FALSE,FALSE
"logistic","outer",5,7,9,0.75,0.1,0.554834100518316,0.025893984145711,0.0115801417516223,5,5,0.509770473322288,FALSE,FALSE
"logistic","outer",5,7,10,1,0.1,0.56826597843638,0.0219912928307819,0.00983480513654642,5,5,0.509770473322288,FALSE,FALSE
"logistic","outer",5,7,11,0,0.01,0.511624948673049,0.0449917249864484,0.0201209110989349,5,5,0.509770473322288,FALSE,FALSE
"logistic","outer",5,7,12,0.25,0.01,0.50821722801568,0.0457486744505783,0.0204594291904002,5,5,0.509770473322288,TRUE,FALSE
"logistic","outer",5,7,13,0.5,0.01,0.504482370716567,0.0475977008629659,0.0212863389404584,5,5,0.509770473322288,TRUE,FALSE
"logistic","outer",5,7,14,0.75,0.01,0.501295906587524,0.047497948891694,0.0212417285027277,5,5,0.509770473322288,TRUE,FALSE
"logistic","outer",5,7,15,1,0.01,0.498777910098076,0.0466070186353072,0.0208432923794293,5,5,0.509770473322288,TRUE,FALSE
"logistic","outer",5,7,16,0,0.001,0.535261977157012,0.0538294228791316,0.0240732497494642,5,0,0.509770473322288,FALSE,FALSE
"logistic","outer",5,7,17,0.25,0.001,0.534615145023152,0.0533972793371923,0.0238799892823014,5,0,0.509770473322288,FALSE,FALSE
"logistic","outer",5,7,18,0.5,0.001,0.534146180526776,0.0530650613600112,0.0237314168862365,5,0,0.509770473322288,FALSE,FALSE
"logistic","outer",5,7,19,0.75,0.001,0.534443308343296,0.0537403306865937,0.0240334065097083,5,0,0.509770473322288,FALSE,FALSE
"logistic","outer",5,7,20,1,0.001,0.535258284493543,0.0548106943807581,0.0245120877058682,5,0,0.509770473322288,FALSE,FALSE
"continuous","outer",5,8,1,0,1,5.24683152906801,0.259863180974292,0.116214347501569,5,5,4.22683677151757,FALSE,FALSE
"continuous","outer",5,8,2,0.25,1,5.36659154431321,0.267827925698269,0.119776289626819,5,5,4.22683677151757,FALSE,FALSE
"continuous","outer",5,8,3,0.5,1,5.36659154431321,0.267827925698269,0.119776289626819,5,5,4.22683677151757,FALSE,FALSE
"continuous","outer",5,8,4,0.75,1,5.36659154431321,0.267827925698269,0.119776289626819,5,5,4.22683677151757,FALSE,FALSE
"continuous","outer",5,8,5,1,1,5.36659154431321,0.267827925698269,0.119776289626819,5,5,4.22683677151757,FALSE,FALSE
"continuous","outer",5,8,6,0,0.1,4.69488109613349,0.218755885372524,0.0978306060342231,5,5,4.22683677151757,FALSE,FALSE
"continuous","outer",5,8,7,0.25,0.1,5.15506443003359,0.260343330862075,0.116429077059264,5,5,4.22683677151757,FALSE,FALSE
"continuous","outer",5,8,8,0.5,0.1,5.36659154431321,0.267827925698269,0.119776289626819,5,5,4.22683677151757,FALSE,FALSE
"continuous","outer",5,8,9,0.75,0.1,5.36659154431321,0.267827925698269,0.119776289626819,5,5,4.22683677151757,FALSE,FALSE
"continuous","outer",5,8,10,1,0.1,5.36659154431321,0.267827925698269,0.119776289626819,5,5,4.22683677151757,FALSE,FALSE
"continuous","outer",5,8,11,0,0.01,4.19738357621319,0.125606484895184,0.0561729277280864,5,5,4.22683677151757,TRUE,TRUE
"continuous","outer",5,8,12,0.25,0.01,4.23146911323103,0.142486581094532,0.0637219362417822,5,5,4.22683677151757,FALSE,FALSE
"continuous","outer",5,8,13,0.5,0.01,4.2897995445693,0.173758411627157,0.0777071240121424,5,5,4.22683677151757,FALSE,FALSE
"continuous","outer",5,8,14,0.75,0.01,4.36032066913608,0.22425120733175,0.100288188726038,5,5,4.22683677151757,FALSE,FALSE
"continuous","outer",5,8,15,1,0.01,4.44160235436723,0.263110774914227,0.117666715664172,5,5,4.22683677151757,FALSE,FALSE
"continuous","outer",5,8,16,0,0.001,4.19604372582617,0.13162397574246,0.0588640314457846,5,5,4.22683677151757,TRUE,FALSE
"continuous","outer",5,8,17,0.25,0.001,4.1905769859117,0.126495624040353,0.056570562842097,5,5,4.22683677151757,TRUE,FALSE
"continuous","outer",5,8,18,0.5,0.001,4.18413519679587,0.123343465427403,0.0551608746552136,5,5,4.22683677151757,TRUE,FALSE
"continuous","outer",5,8,19,0.75,0.001,4.17806328075278,0.119074075049119,0.0532515452335482,5,4,4.22683677151757,TRUE,FALSE
"continuous","outer",5,8,20,1,0.001,4.17559109991134,0.114588805264173,0.0512456716062352,5,5,4.22683677151757,TRUE,FALSE
"logistic","outer",5,8,1,0,1,0.579554600196609,0.0199905266226353,0.00894003528684636,5,5,0.507070719297381,FALSE,FALSE
"logistic","outer",5,8,2,0.25,1,0.692624627826332,0.000165106917391458,0.0000738380581685485,5,5,0.507070719297381,FALSE,FALSE
"logistic","outer",5,8,3,0.5,1,0.692624627826332,0.000165106917391458,0.0000738380581685485,5,5,0.507070719297381,FALSE,FALSE
"logistic","outer",5,8,4,0.75,1,0.692624627826332,0.000165106917391458,0.0000738380581685485,5,5,0.507070719297381,FALSE,FALSE
"logistic","outer",5,8,5,1,1,0.692624627826332,0.000165106917391458,0.0000738380581685485,5,5,0.507070719297381,FALSE,FALSE
"logistic","outer",5,8,6,0,0.1,0.492751969006766,0.039873581521293,0.0178320077575981,5,5,0.507070719297381,TRUE,TRUE
"logistic","outer",5,8,7,0.25,0.1,0.518681477101547,0.0291122720875244,0.0130194038734349,5,5,0.507070719297381,FALSE,FALSE
"logistic","outer",5,8,8,0.5,0.1,0.548266251741148,0.0233289095697914,0.0104330055277998,5,5,0.507070719297381,FALSE,FALSE
"logistic","outer",5,8,9,0.75,0.1,0.56100710255564,0.0208794520758269,0.0093375748348996,5,5,0.507070719297381,FALSE,FALSE
"logistic","outer",5,8,10,1,0.1,0.574090271907999,0.0177286905717865,0.00792851145411483,5,5,0.507070719297381,FALSE,FALSE
"logistic","outer",5,8,11,0,0.01,0.504171467705075,0.0549002224604092,0.0245521258802672,5,5,0.507070719297381,TRUE,FALSE
"logistic","outer",5,8,12,0.25,0.01,0.50001764349769,0.0505469236927665,0.0226052714861041,5,5,0.507070719297381,TRUE,FALSE
"logistic","outer",5,8,13,0.5,0.01,0.494678322239207,0.0470342905157598,0.0210343741733425,5,5,0.507070719297381,TRUE,FALSE
"logistic","outer",5,8,14,0.75,0.01,0.490611922401187,0.0431286111789126,0.0192877012742412,5,5,0.507070719297381,TRUE,FALSE
"logistic","outer",5,8,15,1,0.01,0.488262586206244,0.0420562641216462,0.0188081330911373,5,5,0.507070719297381,TRUE,FALSE
"logistic","outer",5,8,16,0,0.001,0.517573602186088,0.0624494276395422,0.0279282330715941,5,0,0.507070719297381,FALSE,FALSE
"logistic","outer",5,8,17,0.25,0.001,0.516567062269716,0.0622334107595875,0.0278316273860209,5,0,0.507070719297381,FALSE,FALSE
"logistic","outer",5,8,18,0.5,0.001,0.515656409506265,0.0616605344274423,0.0275754293017454,5,0,0.507070719297381,FALSE,FALSE
"logistic","outer",5,8,19,0.75,0.001,0.514703137866054,0.0609442100947777,0.0272550793213904,5,0,0.507070719297381,FALSE,FALSE
"logistic","outer",5,8,20,1,0.001,0.51384804869756,0.0602932700674443,0.0269639700913118,5,0,0.507070719297381,FALSE,FALSE
"continuous","outer",5,9,1,0,1,5.23089277230685,0.418539381974461,0.187176501871129,5,5,4.30158989167884,FALSE,FALSE
"continuous","outer",5,9,2,0.25,1,5.35128874549443,0.421985275891494,0.188717552479477,5,5,4.30158989167884,FALSE,FALSE
"continuous","outer",5,9,3,0.5,1,5.35128874549443,0.421985275891494,0.188717552479477,5,5,4.30158989167884,FALSE,FALSE
"continuous","outer",5,9,4,0.75,1,5.35128874549443,0.421985275891494,0.188717552479477,5,5,4.30158989167884,FALSE,FALSE
"continuous","outer",5,9,5,1,1,5.35128874549443,0.421985275891494,0.188717552479477,5,5,4.30158989167884,FALSE,FALSE
"continuous","outer",5,9,6,0,0.1,4.67696498487448,0.401603732340624,0.179602649106253,5,5,4.30158989167884,FALSE,FALSE
"continuous","outer",5,9,7,0.25,0.1,5.127373707846,0.424601152119656,0.189887407892856,5,5,4.30158989167884,FALSE,FALSE
"continuous","outer",5,9,8,0.5,0.1,5.35128874549443,0.421985275891494,0.188717552479477,5,5,4.30158989167884,FALSE,FALSE
"continuous","outer",5,9,9,0.75,0.1,5.35128874549443,0.421985275891494,0.188717552479477,5,5,4.30158989167884,FALSE,FALSE
"continuous","outer",5,9,10,1,0.1,5.35128874549443,0.421985275891494,0.188717552479477,5,5,4.30158989167884,FALSE,FALSE
"continuous","outer",5,9,11,0,0.01,4.15643148512792,0.372632085465582,0.166646134739711,5,5,4.30158989167884,TRUE,TRUE
"continuous","outer",5,9,12,0.25,0.01,4.20422270769251,0.38745356318422,0.173274501080885,5,5,4.30158989167884,TRUE,FALSE
"continuous","outer",5,9,13,0.5,0.01,4.29069266963469,0.39891181224116,0.178398785839773,5,5,4.30158989167884,TRUE,FALSE
"continuous","outer",5,9,14,0.75,0.01,4.37560222356841,0.405658752939247,0.18141610944799,5,5,4.30158989167884,FALSE,FALSE
"continuous","outer",5,9,15,1,0.01,4.4523080402691,0.392796604446664,0.175663981774767,5,5,4.30158989167884,FALSE,FALSE
"continuous","outer",5,9,16,0,0.001,4.13352360521452,0.377393029086217,0.168775293454267,5,5,4.30158989167884,TRUE,FALSE
"continuous","outer",5,9,17,0.25,0.001,4.13043628263934,0.382711104406732,0.171153609039495,5,5,4.30158989167884,TRUE,FALSE
"continuous","outer",5,9,18,0.5,0.001,4.13044197921991,0.383795809605901,0.171638703951672,5,5,4.30158989167884,TRUE,FALSE
"continuous","outer",5,9,19,0.75,0.001,4.13306341953868,0.384163577061832,0.171803174557947,5,2,4.30158989167884,TRUE,FALSE
"continuous","outer",5,9,20,1,0.001,4.13734809385891,0.385087585246344,0.172216403580414,5,5,4.30158989167884,TRUE,FALSE
"logistic","outer",5,9,1,0,1,0.577649393453728,0.010022261431566,0.00448209156985116,5,5,0.508480405694369,FALSE,FALSE
"logistic","outer",5,9,2,0.25,1,0.692683447702587,0.000148862115084346,0.0000665731617205991,5,5,0.508480405694369,FALSE,FALSE
"logistic","outer",5,9,3,0.5,1,0.692683447702587,0.000148862115084346,0.0000665731617205991,5,5,0.508480405694369,FALSE,FALSE
"logistic","outer",5,9,4,0.75,1,0.692683447702587,0.000148862115084346,0.0000665731617205991,5,5,0.508480405694369,FALSE,FALSE
"logistic","outer",5,9,5,1,1,0.692683447702587,0.000148862115084346,0.0000665731617205991,5,5,0.508480405694369,FALSE,FALSE
"logistic","outer",5,9,6,0,0.1,0.488926740139505,0.0391009740063271,0.0174864871729199,5,5,0.508480405694369,TRUE,TRUE
"logistic","outer",5,9,7,0.25,0.1,0.513970308901149,0.0255979023733763,0.0114477299576545,5,5,0.508480405694369,FALSE,FALSE
"logistic","outer",5,9,8,0.5,0.1,0.542481012629348,0.018261176395012,0.00816664635367226,5,5,0.508480405694369,FALSE,FALSE
"logistic","outer",5,9,9,0.75,0.1,0.555603749435637,0.0150186149189025,0.0067165287773117,5,5,0.508480405694369,FALSE,FALSE
"logistic","outer",5,9,10,1,0.1,0.568837125990635,0.0125296226008424,0.00560341757358028,5,5,0.508480405694369,FALSE,FALSE
"logistic","outer",5,9,11,0,0.01,0.504573476415946,0.0685097199663475,0.0306384781928455,5,5,0.508480405694369,TRUE,FALSE
"logistic","outer",5,9,12,0.25,0.01,0.496914342239016,0.0647699822079314,0.0289660166236773,5,5,0.508480405694369,TRUE,FALSE
"logistic","outer",5,9,13,0.5,0.01,0.49080062702731,0.0612093131969199,0.0273736370328776,5,5,0.508480405694369,TRUE,FALSE
"logistic","outer",5,9,14,0.75,0.01,0.486284343694378,0.0579175813321134,0.0259015297901957,5,5,0.508480405694369,TRUE,FALSE
"logistic","outer",5,9,15,1,0.01,0.483778541326948,0.0552350478965333,0.024701864367421,5,5,0.508480405694369,TRUE,FALSE
"logistic","outer",5,9,16,0,0.001,0.525086260005306,0.0731315199180994,0.03270540996695,5,0,0.508480405694369,FALSE,FALSE
"logistic","outer",5,9,17,0.25,0.001,0.523354930516265,0.0717500369710315,0.0320875920110699,5,0,0.508480405694369,FALSE,FALSE
"logistic","outer",5,9,18,0.5,0.001,0.522197418503879,0.0704679220184626,0.0315142127732873,5,0,0.508480405694369,FALSE,FALSE
"logistic","outer",5,9,19,0.75,0.001,0.521526761028895,0.0692535290463965,0.0309711197258997,5,0,0.508480405694369,FALSE,FALSE
"logistic","outer",5,9,20,1,0.001,0.521376913014209,0.0676760564947894,0.0302656525542931,5,0,0.508480405694369,FALSE,FALSE
"continuous","outer",5,10,1,0,1,5.1988416666879,0.422265217463486,0.188842746156417,5,5,4.30023371679594,FALSE,FALSE
"continuous","outer",5,10,2,0.25,1,5.31278589741668,0.425607102423398,0.190337282545087,5,5,4.30023371679594,FALSE,FALSE
"continuous","outer",5,10,3,0.5,1,5.31278589741668,0.425607102423398,0.190337282545087,5,5,4.30023371679594,FALSE,FALSE
"continuous","outer",5,10,4,0.75,1,5.31278589741668,0.425607102423398,0.190337282545087,5,5,4.30023371679594,FALSE,FALSE
"continuous","outer",5,10,5,1,1,5.31278589741668,0.425607102423398,0.190337282545087,5,5,4.30023371679594,FALSE,FALSE
"continuous","outer",5,10,6,0,0.1,4.69823908007143,0.386242580226163,0.172732933038123,5,5,4.30023371679594,FALSE,FALSE
"continuous","outer",5,10,7,0.25,0.1,5.09570960004304,0.426820142984196,0.190879770775768,5,5,4.30023371679594,FALSE,FALSE
"continuous","outer",5,10,8,0.5,0.1,5.31278589741668,0.425607102423398,0.190337282545087,5,5,4.30023371679594,FALSE,FALSE
"continuous","outer",5,10,9,0.75,0.1,5.31278589741668,0.425607102423398,0.190337282545087,5,5,4.30023371679594,FALSE,FALSE
"continuous","outer",5,10,10,1,0.1,5.31278589741668,0.425607102423398,0.190337282545087,5,5,4.30023371679594,FALSE,FALSE
"continuous","outer",5,10,11,0,0.01,4.25399466094753,0.234133875893802,0.104707852466808,5,5,4.30023371679594,TRUE,TRUE
"continuous","outer",5,10,12,0.25,0.01,4.27162937096448,0.272874970104427,0.122033396502344,5,5,4.30023371679594,TRUE,FALSE
"continuous","outer",5,10,13,0.5,0.01,4.31956875458934,0.298678724121341,0.133573186113645,5,5,4.30023371679594,FALSE,FALSE
"continuous","outer",5,10,14,0.75,0.01,4.36604137381423,0.32715665431679,0.146308903668748,5,5,4.30023371679594,FALSE,FALSE
"continuous","outer",5,10,15,1,0.01,4.41468893785263,0.333504905109863,0.149147927731054,5,5,4.30023371679594,FALSE,FALSE
"continuous","outer",5,10,16,0,0.001,4.23227960320741,0.176390187510534,0.0788840899674975,5,5,4.30023371679594,TRUE,FALSE
"continuous","outer",5,10,17,0.25,0.001,4.22614578560363,0.183995812308974,0.0822854287796317,5,5,4.30023371679594,TRUE,FALSE
"continuous","outer",5,10,18,0.5,0.001,4.21920561908368,0.190830948268001,0.0853421945075991,5,5,4.30023371679594,TRUE,FALSE
"continuous","outer",5,10,19,0.75,0.001,4.21458794928984,0.194896015246444,0.0871601477269767,5,1,4.30023371679594,TRUE,FALSE
"continuous","outer",5,10,20,1,0.001,4.21121662626392,0.199048265588842,0.0890170905320164,5,5,4.30023371679594,TRUE,FALSE
"logistic","outer",5,10,1,0,1,0.57818548131865,0.00938335766917644,0.0041963651210945,5,5,0.486545680034256,FALSE,FALSE
"logistic","outer",5,10,2,0.25,1,0.692683447702587,0.000148862115084346,0.0000665731617205991,5,5,0.486545680034256,FALSE,FALSE
"logistic","outer",5,10,3,0.5,1,0.692683447702587,0.000148862115084346,0.0000665731617205991,5,5,0.486545680034256,FALSE,FALSE
"logistic","outer",5,10,4,0.75,1,0.692683447702587,0.000148862115084346,0.0000665731617205991,5,5,0.486545680034256,FALSE,FALSE
"logistic","outer",5,10,5,1,1,0.692683447702587,0.000148862115084346,0.0000665731617205991,5,5,0.486545680034256,FALSE,FALSE
"logistic","outer",5,10,6,0,0.1,0.484628633250746,0.0196152579554239,0.00877221003690425,5,5,0.486545680034256,TRUE,TRUE
"logistic","outer",5,10,7,0.25,0.1,0.512975401121878,0.0148835616631471,0.00665613112522133,5,5,0.486545680034256,FALSE,FALSE
"logistic","outer",5,10,8,0.5,0.1,0.542818817677287,0.0138459724547809,0.00619210712469595,5,5,0.486545680034256,FALSE,FALSE
"logistic","outer",5,10,9,0.75,0.1,0.55302088088444,0.012862403289515,0.00575224162187447,5,5,0.486545680034256,FALSE,FALSE
"logistic","outer",5,10,10,1,0.1,0.565100371270974,0.0115550790366512,0.00516758844226695,5,5,0.486545680034256,FALSE,FALSE
"logistic","outer",5,10,11,0,0.01,0.479319051050992,0.036023442217174,0.0161101731162273,5,5,0.486545680034256,TRUE,FALSE
"logistic","outer",5,10,12,0.25,0.01,0.476574332562411,0.0349762717855779,0.015641864262412,5,5,0.486545680034256,TRUE,FALSE
"logistic","outer",5,10,13,0.5,0.01,0.474417368942234,0.0336130632910534,0.0150322188901596,5,5,0.486545680034256,TRUE,FALSE
"logistic","outer",5,10,14,0.75,0.01,0.473946016632476,0.0316628698041642,0.0141600658489673,5,5,0.486545680034256,TRUE,FALSE
"logistic","outer",5,10,15,1,0.01,0.473015327519387,0.0302547879827818,0.0135303525148688,5,5,0.486545680034256,TRUE,FALSE
"logistic","outer",5,10,16,0,0.001,0.491782633768582,0.0447685992094836,0.0200211262179698,5,1,0.486545680034256,FALSE,FALSE
"logistic","outer",5,10,17,0.25,0.001,0.491048955454668,0.044376251035914,0.0198456627805798,5,1,0.486545680034256,FALSE,FALSE
"logistic","outer",5,10,18,0.5,0.001,0.490491443664691,0.0438094752310709,0.0195921929350536,5,1,0.486545680034256,FALSE,FALSE
"logistic","outer",5,10,19,0.75,0.001,0.489956877370761,0.0430951226952682,0.0192727247690627,5,1,0.486545680034256,FALSE,FALSE
"logistic","outer",5,10,20,1,0.001,0.489484676017052,0.0425201254663773,0.0190155781909279,5,1,0.486545680034256,FALSE,FALSE
