"participant_index","model","n_valid","prediction_mean","prediction_sd","prediction_q025","prediction_median","prediction_q975","prediction_min","prediction_max","instability_index_95","instability_threshold_90","unstable_top10"
1,"linear",2000,-7.94414377700286,0.660905757334286,-9.28464217850718,-7.93460090852121,-6.67147109088393,-10.1283587917343,-5.84148124580866,2.61317108762324,3.82557741830383,FALSE
2,"linear",2000,-14.1918569334489,0.945792430732838,-15.9733930783433,-14.2118358231208,-12.241749837081,-17.2370608730941,-10.5393838586907,3.73164324126231,3.82557741830383,FALSE
3,"linear",2000,-10.8397336862483,0.972433928044164,-12.7361431758834,-10.874550576071,-8.79332161695798,-13.71780312407,-6.93712648510326,3.94282155892543,3.82557741830383,TRUE
4,"linear",2000,-8.15381509680976,0.904478858098756,-9.89007602002167,-8.16521554312312,-6.36607002600446,-11.4369993802029,-5.19288402067985,3.52400599401721,3.82557741830383,FALSE
5,"linear",2000,-8.31982885459555,0.909787842037905,-10.0005560315265,-8.36004193123769,-6.43224701903625,-11.3850131122002,-5.32016823914239,3.56830901249022,3.82557741830383,FALSE
6,"linear",2000,-4.87962066394605,1.07112393119431,-6.9798201897612,-4.89386816704721,-2.81442387088872,-7.98028062369727,-0.875687344542853,4.16539631887248,3.82557741830383,TRUE
7,"linear",2000,-11.3635845299274,0.931722252022932,-13.1171283913685,-11.3766052914598,-9.54201050207815,-14.5455423456304,-8.25226876646375,3.57511788929036,3.82557741830383,FALSE
8,"linear",2000,-8.32642426025909,0.779977111169743,-9.80351819130831,-8.30868693294146,-6.81967307658419,-11.0067291664256,-5.54435764401091,2.98384511472412,3.82557741830383,FALSE
9,"linear",2000,-1.14799398595079,0.679444985116866,-2.48643165184069,-1.1204739886196,0.219633134393508,-3.41078915783767,1.43880561123029,2.7060647862342,3.82557741830383,FALSE
10,"linear",2000,-7.17500898162103,0.808236687390025,-8.75578582571422,-7.18101883648317,-5.54023001471588,-10.3182729032541,-4.40256280674706,3.21555581099834,3.82557741830383,FALSE
11,"linear",2000,-7.29888539864134,0.917272194324327,-9.13918081942074,-7.29090095586237,-5.5339141878774,-10.6246646081329,-4.01873963355785,3.60526663154334,3.82557741830383,FALSE
12,"linear",2000,-2.7307018602444,0.573470380058358,-3.92911381448798,-2.72646539177831,-1.61504593368656,-4.62125106818979,-0.889428549997126,2.31406788080142,3.82557741830383,FALSE
13,"linear",2000,-8.63264791517356,0.930394338081342,-10.5496380743876,-8.60824564563341,-6.91282954292213,-11.6661961214001,-5.86113344674198,3.63680853146548,3.82557741830383,FALSE
14,"linear",2000,-1.60397066408771,0.728357488321437,-3.03965668356063,-1.60440170828472,-0.175400890213118,-4.07025603316698,0.739941680995007,2.86425579334752,3.82557741830383,FALSE
15,"linear",2000,-0.364861530035806,0.798626316057793,-1.93945682544956,-0.391347961184587,1.25174181473255,-3.1655683387602,2.53970083551642,3.19119864018211,3.82557741830383,FALSE
16,"linear",2000,-5.54000879820364,0.695341783049629,-6.95728938923192,-5.51938913473287,-4.20640313885663,-7.86718433782426,-3.06056088268683,2.75088625037529,3.82557741830383,FALSE
17,"linear",2000,-4.81853909997496,0.883133978664303,-6.5373270533818,-4.79723329300795,-3.13350721082585,-8.4130735102436,-1.54644842652469,3.40381984255596,3.82557741830383,FALSE
18,"linear",2000,-7.92020664151278,0.752056143230822,-9.44734734733244,-7.9048274707758,-6.434731174116,-10.442713232833,-5.25131270810285,3.01261617321644,3.82557741830383,FALSE
19,"linear",2000,-3.28777801870041,0.895794621572263,-5.03880612491677,-3.27149058686755,-1.55839145090046,-6.14998992516321,-0.239277504333945,3.48041467401632,3.82557741830383,FALSE
20,"linear",2000,-9.56155361057726,0.620586867810707,-10.7865133950089,-9.58071818937492,-8.28094863393433,-11.691280608736,-7.41417795322207,2.50556476107455,3.82557741830383,FALSE
21,"linear",2000,-4.6945129880099,0.733907217552108,-6.12265734130372,-4.69122090590341,-3.28168664420557,-7.52895188032358,-2.15603412968066,2.84097069709814,3.82557741830383,FALSE
22,"linear",2000,-6.10622399081006,0.58903456360968,-7.2577137342592,-6.10896749624909,-4.9230829858278,-8.02525448949311,-4.27092642702136,2.3346307484314,3.82557741830383,FALSE
23,"linear",2000,-1.20192463225155,0.8265993546842,-2.81429891947157,-1.18777208140401,0.376482810777733,-4.18336483124006,1.77520609297806,3.1907817302493,3.82557741830383,FALSE
24,"linear",2000,0.225152221139949,0.582199861096753,-0.918681984401328,0.225370754821496,1.36053701738922,-1.78738751223252,2.25878308698403,2.27921900179054,3.82557741830383,FALSE
25,"linear",2000,-8.82060758093172,0.72390543720754,-10.1797511468727,-8.81842003866642,-7.31493609087509,-11.6836103919004,-6.39409556969527,2.86481505599757,3.82557741830383,FALSE
26,"linear",2000,-7.75324447050928,0.64257611244624,-9.01277090827152,-7.73809637714716,-6.48369069541359,-9.90891255367996,-5.4653438143331,2.52908021285793,3.82557741830383,FALSE
27,"linear",2000,-4.51158335688798,0.731990051828626,-5.98594130178138,-4.50748166619752,-3.12713020280824,-7.04175149838344,-1.79012547835119,2.85881109897314,3.82557741830383,FALSE
28,"linear",2000,-5.4903093679154,0.852014951371422,-7.09420263467386,-5.48455158274109,-3.86246417899108,-8.66487485238731,-2.3596356473689,3.23173845568278,3.82557741830383,FALSE
29,"linear",2000,-3.71580735092357,1.0738644120213,-5.84268842030173,-3.74376490144983,-1.58782055094986,-7.33030664723796,0.200972687381601,4.25486786935187,3.82557741830383,TRUE
30,"linear",2000,-5.50056923297515,0.594051440949377,-6.65764542825248,-5.49598647679647,-4.38506799539583,-7.65850059816078,-3.5884291305913,2.27257743285665,3.82557741830383,FALSE
31,"linear",2000,-3.43257351035971,0.690217102596537,-4.7924221300646,-3.42539290854741,-2.11271823141942,-5.98065572052989,-1.37944896150512,2.67970389864518,3.82557741830383,FALSE
32,"linear",2000,-8.31368045731965,0.72882287686598,-9.74889325718335,-8.3100384448912,-6.86264871681194,-10.5026647997519,-5.23527527826562,2.88624454037142,3.82557741830383,FALSE
33,"linear",2000,-10.1894567561543,0.886166939757726,-11.9938842537669,-10.2035033810357,-8.43827034926927,-13.9965903035462,-6.87870790425664,3.55561390449762,3.82557741830383,FALSE
34,"linear",2000,-5.69758565203627,0.633308756580904,-6.91980286689597,-5.6948347584411,-4.43714311912281,-7.73638671521186,-3.35616608237726,2.48265974777316,3.82557741830383,FALSE
35,"linear",2000,-3.22824495713523,0.700066169222209,-4.66434014406841,-3.19844036943383,-1.87839084987266,-5.6864087310295,-1.07406568080123,2.78594929419575,3.82557741830383,FALSE
36,"linear",2000,2.34604766900598,1.0164284728234,0.226817485038996,2.37741719671336,4.22993384360305,-1.10741843758661,5.35542994418789,4.00311635856405,3.82557741830383,TRUE
37,"linear",2000,-4.23401836662701,0.619475240948185,-5.44811713269924,-4.25003921667541,-3.00737476680786,-6.21122478993861,-2.32569863623954,2.44074236589138,3.82557741830383,FALSE
38,"linear",2000,-8.43971760846846,0.795051834658272,-10.0411315993271,-8.40089500749793,-7.0140573667613,-11.1087469722352,-5.85082172804724,3.02707423256577,3.82557741830383,FALSE
39,"linear",2000,-5.51667643957278,0.728065234903484,-7.02633716174768,-5.49120028469143,-4.11293934453583,-7.99986047960682,-3.08753886145288,2.91339781721186,3.82557741830383,FALSE
40,"linear",2000,-4.61541054111948,0.637295602598269,-5.8566444624909,-4.61191052940057,-3.38317863510205,-6.77202488752241,-2.62178249820048,2.47346582738885,3.82557741830383,FALSE
41,"linear",2000,-14.9367420188872,1.023752491939,-17.0089281001723,-14.9404414894903,-13.0183584834547,-18.4852974834297,-11.7651396579448,3.99056961671764,3.82557741830383,TRUE
42,"linear",2000,-6.04881491239824,0.634147439934352,-7.35394878808006,-6.04174208736949,-4.82435469514017,-8.50390620281897,-4.17732749387126,2.52959409293989,3.82557741830383,FALSE
43,"linear",2000,-2.38862197410258,1.20749598238775,-4.63708981096729,-2.42595430070404,-0.05421649633285,-6.22213420478569,1.82639678186783,4.58287331463444,3.82557741830383,TRUE
44,"linear",2000,-2.17043332940434,0.770156163200377,-3.68185580450813,-2.16274116994083,-0.588071777978688,-4.80189595405441,0.633925037691545,3.09378402652944,3.82557741830383,FALSE
45,"linear",2000,-9.0135063999405,0.892111661722202,-10.8303448884169,-9.0315769449436,-7.27010035077163,-12.7412211427546,-5.75603488074462,3.56024453764522,3.82557741830383,FALSE
46,"linear",2000,-6.43300234508429,0.636391807582671,-7.74299309401042,-6.42478921840156,-5.19570546426232,-8.69554007608728,-4.32944119251696,2.5472876297481,3.82557741830383,FALSE
47,"linear",2000,-9.83411886308646,0.878644790566058,-11.5613408884188,-9.82596611397868,-8.08556996631211,-12.8839614576559,-6.4626008736204,3.47577092210669,3.82557741830383,FALSE
48,"linear",2000,-7.63964382309752,0.938554200219352,-9.44011808250236,-7.64500202481184,-5.75226112402489,-10.9994714768121,-3.99230626612721,3.68785695847747,3.82557741830383,FALSE
49,"linear",2000,-5.90874774104773,0.882046985029206,-7.63467672170136,-5.88726358005085,-4.1764784494941,-8.88848421383784,-3.08333724148761,3.45819827220726,3.82557741830383,FALSE
50,"linear",2000,-4.74598121084763,0.841069013950968,-6.36466948432312,-4.76868800993033,-3.09491201984232,-7.68937144923022,-1.18433242156898,3.2697574644808,3.82557741830383,FALSE
51,"linear",2000,-5.33217229916216,0.898675635184021,-7.04684116298231,-5.34317759832004,-3.6426641399833,-8.79613581924956,-1.99846397057216,3.40417702299901,3.82557741830383,FALSE
52,"linear",2000,-2.79595802564181,0.884216394639493,-4.51971188293384,-2.8243845101848,-1.0245841763707,-5.83585101203952,0.588939181343058,3.49512770656315,3.82557741830383,FALSE
53,"linear",2000,-4.53253931767321,0.688389196619368,-5.89790894856291,-4.54214176942449,-3.21421358147512,-6.79452916609904,-2.12299914793222,2.68369536708779,3.82557741830383,FALSE
54,"linear",2000,-3.82631515158116,0.866756839645087,-5.41153554079125,-3.85065159623102,-2.04856549201846,-6.50939135221104,-0.859981675561452,3.36297004877279,3.82557741830383,FALSE
55,"linear",2000,-5.93543857616512,0.919733274696282,-7.68052762664044,-5.96986345654174,-3.91350538025583,-8.63728423323875,-1.37045421218851,3.76702224638461,3.82557741830383,FALSE
56,"linear",2000,-1.48534820920385,0.718784050820242,-2.90681906962139,-1.47284847467963,-0.0923419268197239,-3.81543444887821,1.12523931500174,2.81447714280167,3.82557741830383,FALSE
57,"linear",2000,1.9815492077495,0.808302893249021,0.419646712459406,1.9657952189988,3.67005987986388,-0.764376237436055,4.7474302940243,3.25041316740447,3.82557741830383,FALSE
58,"linear",2000,-1.76828572029573,0.607599789652458,-2.95357138624105,-1.7586456730299,-0.544827440543812,-3.94317530436626,0.439987039678234,2.40874394569724,3.82557741830383,FALSE
59,"linear",2000,-0.678943278526887,0.763388545717772,-2.19660793692191,-0.691552096061162,0.823186503709689,-3.41854126550783,1.98517912897894,3.0197944406316,3.82557741830383,FALSE
60,"linear",2000,-6.62226047264093,0.716846835739333,-8.0577018040128,-6.60597531873238,-5.24423690369758,-9.22904089680898,-4.25141968681749,2.81346490031522,3.82557741830383,FALSE
61,"linear",2000,-5.70274248785942,1.06530389468767,-7.82638419315537,-5.7196619259286,-3.66977469934235,-9.33732449049245,-2.05552701177585,4.15660949381302,3.82557741830383,TRUE
62,"linear",2000,-10.4052802435203,1.0166414412341,-12.5788688410021,-10.4028722913862,-8.43124215344304,-13.67228141426,-5.73881306336724,4.14762668755907,3.82557741830383,TRUE
63,"linear",2000,-1.01903964199822,0.667076379235671,-2.36961928737265,-1.04767440582236,0.319800356404558,-3.53035692434483,1.47870986406392,2.68941964377721,3.82557741830383,FALSE
64,"linear",2000,-8.06613919981949,0.632081218906376,-9.33551814043279,-8.05126987067534,-6.84038118951289,-10.5461088947082,-5.3564442450772,2.4951369509199,3.82557741830383,FALSE
65,"linear",2000,-0.345993473202111,0.801076699900207,-1.95938729906584,-0.316876982213398,1.18316934259619,-3.2043210915189,2.16495467405632,3.14255664166202,3.82557741830383,FALSE
66,"linear",2000,-9.87390287352723,0.941045186657647,-11.7409716575788,-9.90633727420642,-8.0336890956724,-12.6472793647604,-6.52664118507345,3.70728256190641,3.82557741830383,FALSE
67,"linear",2000,-8.56856720056489,0.92138858457543,-10.3827809548168,-8.57075900388327,-6.69003024322428,-11.6612226727892,-5.34658653266621,3.69275071159255,3.82557741830383,FALSE
68,"linear",2000,-3.66676369843758,0.689546894553828,-5.05284956565952,-3.64792606202956,-2.37724984232066,-6.61447486708423,-1.41305066293634,2.67559972333886,3.82557741830383,FALSE
69,"linear",2000,-6.89290158408504,0.629771702175791,-8.09503232044863,-6.89430607251222,-5.64920511155038,-9.09757407855721,-4.95503438043718,2.44582720889826,3.82557741830383,FALSE
70,"linear",2000,-1.85291083116451,0.829168563762741,-3.38400937131446,-1.85921396313873,-0.182541270194344,-4.42256720363347,1.00499293984999,3.20146810112011,3.82557741830383,FALSE
71,"linear",2000,-7.04722774460384,1.00126189823796,-9.03384498099938,-7.04918582525806,-5.05775291125486,-10.7408482815852,-3.36526840679265,3.97609206974451,3.82557741830383,TRUE
72,"linear",2000,-6.19377561374802,0.962616529452654,-8.15486680342134,-6.1732761473781,-4.40025825983827,-9.32102898245598,-2.43917835761087,3.75460854358307,3.82557741830383,FALSE
73,"linear",2000,-4.46895368035093,0.71868702762222,-5.93283375580107,-4.45301799239506,-3.10060335794937,-7.3221422201033,-2.34472910127388,2.8322303978517,3.82557741830383,FALSE
74,"linear",2000,-2.10694950112921,0.670659138769284,-3.4745922024243,-2.09152282016079,-0.83653206425304,-4.46008858347825,0.230663787322716,2.63806013817126,3.82557741830383,FALSE
75,"linear",2000,-10.7663249412189,0.997924798225656,-12.7709167529208,-10.7993314991602,-8.86062704577043,-14.0113396185729,-7.73366309504946,3.91028970715039,3.82557741830383,TRUE
76,"linear",2000,-3.70319287340325,0.880283515742855,-5.35775872591686,-3.75154723696983,-1.86876272344787,-6.38767305762684,-0.0616731779250295,3.48899600246899,3.82557741830383,FALSE
77,"linear",2000,-8.46499040260161,0.865406922203256,-10.196910497177,-8.4575543898479,-6.73803037352998,-11.2489542133119,-4.71044832664908,3.45888012364702,3.82557741830383,FALSE
78,"linear",2000,-5.70787452037613,0.856415097155156,-7.38316683255719,-5.74198853808043,-3.97278769091822,-8.76903325201279,-2.91934066845643,3.41037914163897,3.82557741830383,FALSE
79,"linear",2000,-4.46454100114415,0.805758898500181,-6.07643444602743,-4.48388302941186,-2.88987449753874,-7.24821730438406,-1.89852793384736,3.18655994848869,3.82557741830383,FALSE
80,"linear",2000,-13.5750479630285,1.05894987541243,-15.7944184365551,-13.514154671607,-11.6145438971303,-17.1600143064917,-10.4920719794466,4.17987453942481,3.82557741830383,TRUE
81,"linear",2000,-4.56805686174367,0.824042684567181,-6.15350615560929,-4.58491234400888,-2.97588286688844,-7.38413691457686,-1.61352387658267,3.17762328872085,3.82557741830383,FALSE
82,"linear",2000,-5.86174879100009,0.798776795783567,-7.39861780223051,-5.86015121887399,-4.29866476913286,-8.43804012430663,-3.18007481723556,3.09995303309765,3.82557741830383,FALSE
83,"linear",2000,-6.9665042067738,1.11628660714275,-8.97864996674328,-7.02042158596071,-4.65680793506177,-11.3818962254872,-2.65826590127981,4.32184203168152,3.82557741830383,TRUE
84,"linear",2000,-0.632481697279088,1.0249826254309,-2.65699028873468,-0.654338162387798,1.39250737862682,-4.15088204244613,3.97611131347504,4.0494976673615,3.82557741830383,TRUE
85,"linear",2000,-8.06455866678441,0.677717365321553,-9.43268297371322,-8.06444169215757,-6.7832933774239,-10.4428148839781,-5.66446792232129,2.64938959628932,3.82557741830383,FALSE
86,"linear",2000,-8.03721421840329,0.753860250281612,-9.56911086682436,-8.01621005247071,-6.55135327307768,-10.5715030053058,-5.35556653986426,3.01775759374668,3.82557741830383,FALSE
87,"linear",2000,-4.03161182277201,0.852582692456653,-5.67813789080559,-4.02441065802227,-2.42468668619033,-7.26702436745937,-1.24917930628387,3.25345120461526,3.82557741830383,FALSE
88,"linear",2000,-4.53869094827414,0.76439946536996,-6.05891357727226,-4.51797959019208,-3.06101975419471,-7.16571630893812,-2.16953701310912,2.99789382307755,3.82557741830383,FALSE
89,"linear",2000,-4.40996500565934,0.883572722172771,-6.13518361384798,-4.39762175119043,-2.72369399231728,-8.03990625105416,-0.877918464134969,3.4114896215307,3.82557741830383,FALSE
90,"linear",2000,-7.81456952025433,0.964710468143258,-9.77136600879149,-7.83179060866143,-5.88666747845266,-10.7380276013259,-4.51607413184574,3.88469853033884,3.82557741830383,TRUE
91,"linear",2000,-5.99792103275399,0.591839170467196,-7.18917027000789,-6.00027197255274,-4.85280976799251,-8.19333904547676,-4.06953765248538,2.33636050201539,3.82557741830383,FALSE
92,"linear",2000,-2.4310836590941,0.711493583688148,-3.90206419243963,-2.4033980537443,-1.05190436301554,-4.94483392406822,-0.213933845602331,2.85015982942408,3.82557741830383,FALSE
93,"linear",2000,-1.59027699160327,0.784455688593614,-3.18860062894638,-1.56895463544053,-0.132450757341778,-4.34386188997598,1.12502553942625,3.05614987160461,3.82557741830383,FALSE
94,"linear",2000,-6.82199416414959,0.5529835587047,-7.99462336510661,-6.81463422490825,-5.78112664981874,-9.12431459155791,-4.9050134887529,2.21349671528787,3.82557741830383,FALSE
95,"linear",2000,-0.322994535790959,0.698391004129671,-1.59835154541762,-0.342954684913622,1.07372072267679,-2.41138960927561,2.33580878109796,2.67207226809441,3.82557741830383,FALSE
96,"linear",2000,-6.94237220486845,0.579802997058752,-8.09614652025349,-6.93747971821681,-5.84934233822288,-9.18768757413164,-4.98490001778991,2.24680418203061,3.82557741830383,FALSE
97,"linear",2000,-1.31925533954545,0.788108458722852,-2.88247915696826,-1.31570595065654,0.234725743621057,-4.15792735796137,1.38859833578361,3.11720490058932,3.82557741830383,FALSE
98,"linear",2000,-5.03811464035648,0.595498805983861,-6.21907246573307,-5.04262633214021,-3.85840832759945,-6.95649514172199,-2.85004052080357,2.36066413813362,3.82557741830383,FALSE
99,"linear",2000,-7.29364063793464,0.66722742487178,-8.65053353593051,-7.28429051176308,-5.95815193984089,-9.59876772522698,-5.06507394314216,2.69238159608962,3.82557741830383,FALSE
100,"linear",2000,-10.3214914599085,0.745177206931752,-11.7713835728383,-10.3194286898016,-8.80640886316539,-13.2237283825838,-7.35020745747901,2.9649747096729,3.82557741830383,FALSE
101,"linear",2000,-4.24252772520396,0.611022588641293,-5.46950527694635,-4.23437999442469,-3.06176525813911,-6.47378956511509,-2.25326367622827,2.40774001880724,3.82557741830383,FALSE
102,"linear",2000,-6.41027905472572,0.952147276117293,-8.23925220868927,-6.42244376014205,-4.49359242946988,-9.34689685779122,-2.88426799216089,3.7456597792194,3.82557741830383,FALSE
103,"linear",2000,-12.1801500957714,1.16643981360418,-14.2851458937658,-12.2075122728729,-9.80534841373722,-16.1239993282653,-7.37698262239361,4.47979748002857,3.82557741830383,TRUE
104,"linear",2000,-9.38533227650021,0.65513358650495,-10.693020377905,-9.36285038505734,-8.18438747175052,-12.1895857597017,-7.07873374624453,2.50863290615448,3.82557741830383,FALSE
105,"linear",2000,-2.22491752550051,0.686027610446749,-3.54388237629529,-2.25216385004583,-0.81616933793743,-4.53720476714119,-0.0299992917802387,2.72771303835786,3.82557741830383,FALSE
106,"linear",2000,-11.4003704818861,0.693513736525297,-12.7780249742981,-11.4070214314047,-10.0840144551753,-13.616610754106,-9.19173885066109,2.69401051912285,3.82557741830383,FALSE
107,"linear",2000,-5.28571898138169,0.631179548682548,-6.51039349048434,-5.27542802231318,-4.04995264461614,-7.28084431396461,-2.95379211633912,2.4604408458682,3.82557741830383,FALSE
108,"linear",2000,-1.02902090837246,0.699873878280932,-2.34729053915173,-1.02863874610443,0.345732992668568,-3.22523343200714,1.51554721115318,2.69302353182029,3.82557741830383,FALSE
109,"linear",2000,-6.29637876728686,0.581362076144504,-7.45032314049408,-6.29890209403182,-5.14153605578809,-8.28467699394486,-4.32727553213898,2.308787084706,3.82557741830383,FALSE
110,"linear",2000,-2.82173709858884,0.645216694244505,-4.15310426388069,-2.81089565162466,-1.58887778453194,-5.07687359987585,-0.597276081765866,2.56422647934876,3.82557741830383,FALSE
111,"linear",2000,-2.03587262411305,0.642853510908452,-3.34462079929444,-2.02334186332371,-0.796652719929046,-4.36303746418933,0.541363911663128,2.54796807936539,3.82557741830383,FALSE
112,"linear",2000,-4.34156571074752,0.848065430979867,-6.09462646461725,-4.31408320492099,-2.71682237915576,-8.17117579417737,-1.63702214235763,3.37780408546149,3.82557741830383,FALSE
113,"linear",2000,-1.05633411454176,0.597974585045672,-2.23088451051486,-1.05281856552997,0.101001366405247,-2.91747296898983,0.983264284068675,2.3318858769201,3.82557741830383,FALSE
114,"linear",2000,-2.64395496491911,0.60129254992529,-3.83011297712096,-2.64571221092921,-1.43945719339279,-5.11461405094795,-0.595870210611845,2.39065578372817,3.82557741830383,FALSE
115,"linear",2000,-5.15441315001739,0.629955369523141,-6.38562532869592,-5.14704272005032,-3.96746976253526,-7.40635921745981,-3.26588378531574,2.41815556616066,3.82557741830383,FALSE
116,"linear",2000,-4.25483673177262,0.729623044903235,-5.68180757126597,-4.23793225214545,-2.80595559479693,-7.00957335815515,-2.12797225643209,2.87585197646904,3.82557741830383,FALSE
117,"linear",2000,-0.10983223230173,0.874889662011431,-1.81302235435704,-0.118202410303668,1.56936455098844,-2.73094260322886,3.2151771727901,3.38238690534549,3.82557741830383,FALSE
118,"linear",2000,-2.01686147960238,0.726908284689836,-3.40952502601958,-2.02708899237639,-0.6317832864289,-4.34035771035935,1.0033035935228,2.77774173959068,3.82557741830383,FALSE
119,"linear",2000,0.175705014554185,0.690078622507912,-1.19425900790436,0.183720352207953,1.50466613486213,-2.14330627989968,2.31812119107689,2.6989251427665,3.82557741830383,FALSE
120,"linear",2000,-4.97003821711739,1.44942248801742,-7.91436306799979,-4.93276359418757,-2.33816525864184,-12.4006211120731,-0.233406796971683,5.57619780935795,3.82557741830383,TRUE
121,"linear",2000,-4.95154217215886,0.777235928959997,-6.53113383313399,-4.9434726228872,-3.41346985250373,-7.41396693966388,-2.30694121687681,3.11766398063026,3.82557741830383,FALSE
122,"linear",2000,-4.7562038504931,1.08147224067107,-6.80031805198305,-4.76029039393947,-2.62000286172366,-8.4352772125445,-0.256328391683788,4.18031519025939,3.82557741830383,TRUE
123,"linear",2000,-7.60407958445644,0.700085795732653,-9.06970246208395,-7.58913705825644,-6.2456861886904,-10.2768799245023,-5.27337712973686,2.82401627339355,3.82557741830383,FALSE
124,"linear",2000,-0.4424655689071,0.684935272002559,-1.72131342885385,-0.461741463985094,0.902318358626187,-2.44948911721346,2.40272926311035,2.62363178748004,3.82557741830383,FALSE
125,"linear",2000,-2.84782527993804,0.465511289824884,-3.77706972513729,-2.84993144819789,-1.95902122570096,-4.36122433699427,-1.19243170552587,1.81804849943633,3.82557741830383,FALSE
126,"linear",2000,-6.19698249264492,1.05476052466971,-8.30897697846661,-6.21813009909137,-4.18407559694341,-9.76222216392535,-2.58001705328456,4.1249013815232,3.82557741830383,TRUE
127,"linear",2000,-7.67978851576938,0.684991832259851,-9.05879350383251,-7.68659274369863,-6.33078548285647,-9.99895957526653,-5.2798188354501,2.72800802097604,3.82557741830383,FALSE
128,"linear",2000,-0.0380157741015211,0.571968541565768,-1.19232911602751,-0.0481912854084448,1.06406743350476,-1.9074671015457,1.85444545315158,2.25639654953227,3.82557741830383,FALSE
129,"linear",2000,-4.28146459194009,0.643929097148858,-5.5410333111753,-4.28012052037165,-3.02418614434086,-6.43065576005112,-2.27720850537083,2.51684716683444,3.82557741830383,FALSE
130,"linear",2000,-3.21659194073164,0.544421704505449,-4.30668510087772,-3.21038861235761,-2.18162392043502,-5.04446610948622,-1.37506773456131,2.1250611804427,3.82557741830383,FALSE
131,"linear",2000,-0.381222317770484,0.629493502426826,-1.59664767628293,-0.381255015028329,0.87295514917233,-2.71304812566849,1.63974980036318,2.46960282545526,3.82557741830383,FALSE
132,"linear",2000,-3.41475131388751,1.17744479967306,-5.8121089747294,-3.42087403346042,-1.19922883316799,-7.08572539261122,0.603041187910944,4.6128801415614,3.82557741830383,TRUE
133,"linear",2000,-1.34780732815742,1.09253844112416,-3.5575365785726,-1.33404011682431,0.733450319695093,-5.37398248549508,2.87341811946073,4.2909868982677,3.82557741830383,TRUE
134,"linear",2000,0.944251232868207,0.604043840879145,-0.255017054055908,0.963679391971245,2.13938249396611,-1.12636716945016,2.97708668757484,2.39439954802201,3.82557741830383,FALSE
135,"linear",2000,-2.905331188144,0.832397259641725,-4.53972469947349,-2.90721992313962,-1.25029986506973,-5.74070590991551,-0.314120272953925,3.28942483440376,3.82557741830383,FALSE
136,"linear",2000,-3.40170939797754,0.653976430166501,-4.75944537248646,-3.39059554577976,-2.10234275372753,-6.10332559039919,-1.1678921375407,2.65710261875893,3.82557741830383,FALSE
137,"linear",2000,-11.1339241652873,0.972699554403855,-13.0356118699238,-11.167498103727,-9.089547207191,-14.0016972785844,-7.23150565467776,3.94606466273283,3.82557741830383,TRUE
138,"linear",2000,-5.28855155474023,0.549014002263849,-6.37774649923556,-5.31505923656382,-4.18748484336982,-7.05699904808054,-3.36319293541845,2.19026165586573,3.82557741830383,FALSE
139,"linear",2000,-5.91138145252421,0.973343453270559,-7.74105328386777,-5.92869449110037,-3.95035411249576,-9.24702525396783,-2.41537815727841,3.79069917137201,3.82557741830383,FALSE
140,"linear",2000,-3.36116105141039,0.693671990965965,-4.74625151565021,-3.35185204760131,-2.01897341382836,-6.22672670421333,-0.855389228001985,2.72727810182185,3.82557741830383,FALSE
141,"linear",2000,-1.83978555311866,0.744918960501808,-3.32118467089836,-1.8447734821805,-0.396629377819901,-4.16366517707195,0.938632126267929,2.92455529307845,3.82557741830383,FALSE
142,"linear",2000,-2.1257879914268,0.583098795735897,-3.25054489017787,-2.13317172931998,-1.00231190073443,-4.16427095488739,-0.0915829573238782,2.24823298944343,3.82557741830383,FALSE
143,"linear",2000,-7.05349695768082,0.765667670475534,-8.5198209232829,-7.04705732893211,-5.5235457392835,-9.46363915897061,-4.18615245562446,2.9962751839994,3.82557741830383,FALSE
144,"linear",2000,-6.70503027077634,0.863724635548588,-8.24297318990325,-6.73761676808271,-4.87213825738719,-9.54189431544883,-3.49679043489415,3.37083493251606,3.82557741830383,FALSE
145,"linear",2000,-6.00194389847701,0.483900926317895,-6.93221774236003,-6.0051258949362,-5.0454054829189,-7.61627153349545,-4.55688288366118,1.88681225944113,3.82557741830383,FALSE
146,"linear",2000,-5.50710857609618,0.652859754559344,-6.77229684633786,-5.51549914110333,-4.24376851077728,-7.87174197275856,-3.3202678868106,2.52852833556059,3.82557741830383,FALSE
147,"linear",2000,-10.2397142599298,0.811020599293749,-11.7956198547856,-10.232308058746,-8.62841123948781,-13.2416967772873,-7.57487351369798,3.16720861529781,3.82557741830383,FALSE
148,"linear",2000,-7.92826524425088,0.458954083630232,-8.85916285339229,-7.91109981804693,-7.05119675041018,-9.41879102652727,-6.33825151896628,1.80796610298211,3.82557741830383,FALSE
149,"linear",2000,-6.89568659274414,0.484321622474163,-7.85953421461204,-6.89489887148594,-5.94989017981481,-8.5606962315918,-5.25107470727901,1.90964403479723,3.82557741830383,FALSE
150,"linear",2000,-4.12288935571413,0.762673939422513,-5.53865276422669,-4.14196671388238,-2.48807054704124,-6.4874944485168,-1.58008957261538,3.05058221718545,3.82557741830383,FALSE
151,"linear",2000,-3.31114150278333,0.535294232385229,-4.35641441053549,-3.32532581302056,-2.22743779505723,-5.44285715651862,-1.36161211352754,2.12897661547826,3.82557741830383,FALSE
152,"linear",2000,-5.85232137518045,0.644536767668648,-7.09903416531743,-5.83374916073059,-4.5703732078775,-8.09174191234483,-3.37152780007376,2.52866095743993,3.82557741830383,FALSE
153,"linear",2000,-6.08662797426638,0.811937348145717,-7.65972398554974,-6.10518522110853,-4.49846044829955,-9.60247441556614,-2.80466160037703,3.16126353725019,3.82557741830383,FALSE
154,"linear",2000,-4.86903530540531,0.853595004408922,-6.56338987261748,-4.84258456878942,-3.26505969595592,-7.88387106695731,-1.96967202032975,3.29833017666156,3.82557741830383,FALSE
155,"linear",2000,-5.36281802787358,0.940388935693243,-7.23857799674545,-5.36586417030372,-3.55659691026787,-9.08895062966123,-2.0757573667903,3.68198108647759,3.82557741830383,FALSE
156,"linear",2000,-5.9029375379596,0.87923422722636,-7.61427160462245,-5.93430364614151,-4.16369646541555,-8.68820266449149,-2.90574549740768,3.45057513920691,3.82557741830383,FALSE
157,"linear",2000,-4.60774652623484,0.532507830676866,-5.70884926755731,-4.6038229358884,-3.6099055247165,-6.29901975999172,-2.75341053773797,2.09894374284082,3.82557741830383,FALSE
158,"linear",2000,-0.834023145969884,0.702320099346264,-2.17377259256613,-0.822124110696467,0.528881450059242,-3.32790031770149,1.39848666265345,2.70265404262537,3.82557741830383,FALSE
159,"linear",2000,-5.58811202724266,0.43094140197044,-6.45072136861241,-5.59499594991383,-4.77741451375291,-7.15539408890781,-4.14944271566709,1.6733068548595,3.82557741830383,FALSE
160,"linear",2000,-3.96623674469619,0.511796998212495,-4.9828644162013,-3.96561360734018,-3.01774144466627,-5.55073023812736,-1.95412685517443,1.96512297153503,3.82557741830383,FALSE
161,"linear",2000,-2.23159130888799,0.811988695057082,-3.78803669554245,-2.21072869827266,-0.675363565265497,-5.29954349593304,0.745055983966244,3.11267313027695,3.82557741830383,FALSE
162,"linear",2000,-5.993247565572,0.914349749848897,-7.83582041962299,-5.98114055837549,-4.28922422946866,-10.2399038551992,-2.85581938922789,3.54659619015433,3.82557741830383,FALSE
163,"linear",2000,-6.098488911637,0.946269863983061,-7.95290870257265,-6.04735629519297,-4.31043251129193,-9.92222516442474,-2.56237066178817,3.64247619128072,3.82557741830383,FALSE
164,"linear",2000,-1.8376282843292,0.668349972793075,-3.14059771207078,-1.82831622902496,-0.554868292445167,-4.1921828007903,0.36416859473061,2.58572941962562,3.82557741830383,FALSE
165,"linear",2000,-5.63228079007982,0.938084926631004,-7.5878232932272,-5.61059302880405,-3.86134905025894,-8.57617010681021,-2.41463993403133,3.72647424296826,3.82557741830383,FALSE
166,"linear",2000,-4.39403520723164,0.723963576224851,-5.8506534088775,-4.37573743905305,-2.95005573344662,-6.75686200215178,-2.11323848952733,2.90059767543087,3.82557741830383,FALSE
167,"linear",2000,0.357697643784444,0.707248101238044,-0.985142548273862,0.34987421174363,1.76017574857359,-1.81288682493768,2.95678726461603,2.74531829684745,3.82557741830383,FALSE
168,"linear",2000,-9.0136928030129,0.92541176407283,-10.8569215349505,-8.98627469024631,-7.25763452958214,-12.1096030668548,-6.19168835368102,3.59928700536836,3.82557741830383,FALSE
169,"linear",2000,-3.12872353447442,0.559793541237229,-4.21515562701744,-3.1263098653769,-2.00335414367396,-5.20642264392592,-1.31147588688478,2.21180148334348,3.82557741830383,FALSE
170,"linear",2000,-1.68455070125709,0.526643659913358,-2.70778588741046,-1.6783503460231,-0.692769131658628,-3.49874137057012,0.0603530379480072,2.01501675575183,3.82557741830383,FALSE
171,"linear",2000,-2.71468255875083,0.696757120211606,-4.1015452132276,-2.70766024984513,-1.35815901928571,-4.99226141684465,-0.139906259861402,2.74338619394188,3.82557741830383,FALSE
172,"linear",2000,-19.2182552486297,0.974083848343759,-21.1840201323545,-19.215486359758,-17.3058168421484,-22.6135778097597,-15.888233919688,3.87820329020609,3.82557741830383,TRUE
173,"linear",2000,-8.17271015347054,0.914919289009783,-9.97235739750796,-8.16734355849538,-6.36999221853903,-11.1327563741103,-4.34065562618214,3.60236517896893,3.82557741830383,FALSE
174,"linear",2000,-3.46891560102233,0.987445871474696,-5.42682349065158,-3.47838863736056,-1.52660987544532,-6.58561430069135,-0.0208126195352787,3.90021361520625,3.82557741830383,TRUE
175,"linear",2000,1.53164028805879,0.759133682258558,0.0556584537240293,1.52493816175544,3.02338536107217,-1.00011790639251,4.37844599710835,2.96772690734814,3.82557741830383,FALSE
176,"linear",2000,-7.1273708241752,0.946824403276662,-9.12425082919028,-7.11377478077411,-5.31195958332507,-10.226572075471,-4.2062139051823,3.81229124586521,3.82557741830383,FALSE
177,"linear",2000,-6.2493211385503,0.922773763721992,-8.09788894077453,-6.24424779631932,-4.41512558261376,-9.54486054183623,-3.01716008533255,3.68276335816077,3.82557741830383,FALSE
178,"linear",2000,-5.25678660486312,0.893748553837195,-6.97401504811666,-5.25669929332512,-3.49567181231051,-8.84260780645037,-1.44650262064694,3.47834323580615,3.82557741830383,FALSE
179,"linear",2000,-2.04923858037837,0.634061648245415,-3.35333527907516,-2.04577646105526,-0.820343119738667,-4.36809693664811,-0.00361606671433745,2.53299215933649,3.82557741830383,FALSE
180,"linear",2000,-2.71880323243932,0.667942909785,-4.02549305737304,-2.72828516191102,-1.39928322443337,-5.22365538171189,-0.739989043930286,2.62620983293967,3.82557741830383,FALSE
181,"linear",2000,-8.74309644202382,0.709579561858748,-10.1519754721284,-8.73973860839032,-7.3732582631508,-11.4195504006343,-6.54959412284795,2.77871720897755,3.82557741830383,FALSE
182,"linear",2000,-4.19260175044995,0.687710261092163,-5.5812626212649,-4.18883733812197,-2.82831374276284,-6.55353578509038,-2.06476236943936,2.75294887850206,3.82557741830383,FALSE
183,"linear",2000,-3.96743941912686,0.570422072319635,-5.12942814355191,-3.96323475489719,-2.8516955810975,-5.82753768320213,-1.86222627392549,2.27773256245441,3.82557741830383,FALSE
184,"linear",2000,-7.87994975049456,0.806134691270704,-9.51595292954731,-7.85892542175448,-6.31061269959444,-10.7361703414787,-5.3822117889864,3.20534022995287,3.82557741830383,FALSE
185,"linear",2000,-1.75514160068706,0.728630428806316,-3.20766328316852,-1.74355462319859,-0.317412005582418,-4.22108950288538,0.744748171445223,2.8902512775861,3.82557741830383,FALSE
186,"linear",2000,-7.16530971535042,0.586189133623351,-8.31117382317425,-7.15679736833282,-5.97472912344987,-9.02232477760699,-5.32368964792554,2.33644469972438,3.82557741830383,FALSE
187,"linear",2000,-8.73062021298422,0.983271606122772,-10.579784380578,-8.73563249607129,-6.72579105263055,-11.5870888064732,-4.86178948588844,3.85399332794746,3.82557741830383,TRUE
188,"linear",2000,-8.28066839100242,0.638500658547858,-9.58731344857388,-8.26969566534636,-7.03844952537187,-10.5731459651746,-6.16560471132063,2.54886392320201,3.82557741830383,FALSE
189,"linear",2000,-6.50671677940712,0.584982278034333,-7.62088148136058,-6.4988680927713,-5.3692212887063,-8.5778352073747,-4.12980469978301,2.25166019265429,3.82557741830383,FALSE
190,"linear",2000,-1.7511229052292,0.539972392524286,-2.77208717931788,-1.75438368653368,-0.639721857571376,-3.58135261834656,0.300279398098521,2.13236532174651,3.82557741830383,FALSE
191,"linear",2000,-5.00952779657874,0.567341377963998,-6.12159973821546,-5.00694142215445,-3.89118311251393,-7.06325036268907,-3.45508469574582,2.23041662570153,3.82557741830383,FALSE
192,"linear",2000,-7.23584981608572,0.535516182730782,-8.27717202323547,-7.23292986230799,-6.17107979301597,-9.11791430759874,-5.40070414312101,2.10609223021951,3.82557741830383,FALSE
193,"linear",2000,-4.97400877510475,0.486907994911678,-5.91524220243134,-4.96734471159338,-4.03266722874236,-6.58540956355663,-3.37416252297415,1.88257497368898,3.82557741830383,FALSE
194,"linear",2000,-3.91439109511637,0.580354268016296,-4.98951137745861,-3.91831017015392,-2.71091991663932,-5.87913588515762,-2.00205934264907,2.27859146081929,3.82557741830383,FALSE
195,"linear",2000,-3.89057475307519,1.26815891071273,-6.21902654658468,-3.91153200484673,-1.33863564458887,-7.59881530899654,1.41504046352517,4.88039090199581,3.82557741830383,TRUE
196,"linear",2000,-4.43437751305423,0.846446490601647,-6.05113969183346,-4.45570529349104,-2.75524226946329,-7.13172756054982,-1.40705266235975,3.29589742237017,3.82557741830383,FALSE
197,"linear",2000,-6.64604419356211,0.548477207315063,-7.68685959582146,-6.63884166683655,-5.62292680107966,-8.57757364714807,-4.98264709953239,2.0639327947418,3.82557741830383,FALSE
198,"linear",2000,-6.37756659758396,0.642368131966093,-7.64906639964335,-6.37899006520858,-5.12851795700402,-8.8072401073641,-3.92863998783312,2.52054844263933,3.82557741830383,FALSE
199,"linear",2000,-1.61671629277403,0.788572088145144,-3.11324976946996,-1.63699806142474,-0.00434999272623406,-4.21705328275473,1.36382023286122,3.10889977674373,3.82557741830383,FALSE
200,"linear",2000,-5.96446127868182,0.692880443269444,-7.34647925040461,-5.94506877088326,-4.62677082916161,-8.44012934290904,-3.34288674407033,2.719708421243,3.82557741830383,FALSE
201,"linear",2000,-6.85891463238746,0.426502412954871,-7.73127527011983,-6.85493391141879,-6.03079249678771,-8.3708495855932,-5.45908189288482,1.70048277333212,3.82557741830383,FALSE
202,"linear",2000,-1.23137534701805,0.882971888443001,-2.90743537890732,-1.2630933230891,0.596676722155846,-3.80807038318886,2.38071271619631,3.50411210106317,3.82557741830383,FALSE
203,"linear",2000,-9.8154713441434,0.842297841443192,-11.5017541826942,-9.79292393568164,-8.24420419792459,-12.7208200952212,-6.91061501106676,3.25754998476956,3.82557741830383,FALSE
204,"linear",2000,-2.45849052158323,0.923002056977585,-4.19383337962795,-2.44142651920555,-0.622771161946034,-5.77458694697836,0.73589173065468,3.57106221768192,3.82557741830383,FALSE
205,"linear",2000,-5.42480750603596,0.502151245455644,-6.42992826326826,-5.41508029092777,-4.46442347870902,-7.2200245304732,-3.8674784375723,1.96550478455924,3.82557741830383,FALSE
206,"linear",2000,-5.13878677992186,0.497536099890511,-6.08697430393315,-5.12509913975762,-4.11741982095887,-6.93880043031931,-3.25573545818421,1.96955448297427,3.82557741830383,FALSE
207,"linear",2000,-9.10533430740035,0.926948781170575,-10.9536678969355,-9.11394024066357,-7.25372934619828,-12.1655632927243,-5.80963705062921,3.69993855073718,3.82557741830383,FALSE
208,"linear",2000,-6.89290158408504,0.629771702175791,-8.09503232044863,-6.89430607251222,-5.64920511155038,-9.09757407855721,-4.95503438043718,2.44582720889826,3.82557741830383,FALSE
209,"linear",2000,-4.65528976600562,0.638415324659464,-5.95704961078803,-4.63471359764064,-3.48110417575319,-6.69966129999239,-2.64581146849342,2.47594543503484,3.82557741830383,FALSE
210,"linear",2000,-12.932554821952,0.863958047606483,-14.5914749950375,-12.9568576203247,-11.2285881411817,-15.8041101632751,-9.78471584043088,3.36288685385587,3.82557741830383,FALSE
211,"linear",2000,0.334342260885665,0.678230880783522,-0.987248275960589,0.330318108420301,1.67564787968088,-2.03300342455173,3.34571589370364,2.66289615564147,3.82557741830383,FALSE
212,"linear",2000,-6.76028239032276,0.851793954528297,-8.41295582315505,-6.75501914957248,-5.07929197082618,-10.0666353325527,-3.94930412101011,3.33366385232887,3.82557741830383,FALSE
213,"linear",2000,-3.75533065049091,0.551014672628632,-4.8709185612289,-3.74731320194428,-2.73061026400796,-5.83852158946199,-2.02084905913307,2.14030829722093,3.82557741830383,FALSE
214,"linear",2000,-2.52871354187563,0.658445643596921,-3.8341226736738,-2.52516578721761,-1.25603602573882,-4.95204249992641,0.283595848994544,2.57808664793498,3.82557741830383,FALSE
215,"linear",2000,-9.98319082699318,0.781709037883962,-11.5097017004743,-9.99060964811046,-8.42403664704644,-12.4486480282329,-7.26906100757153,3.08566505342784,3.82557741830383,FALSE
216,"linear",2000,-7.01197183010378,0.887617430895205,-8.79056329281847,-6.99202328987532,-5.30009908883656,-9.99380933318703,-4.39029259651422,3.49046420398192,3.82557741830383,FALSE
217,"linear",2000,-8.39873037689834,0.946729280538614,-10.2984679008991,-8.38693499619265,-6.62350475209341,-12.0896757034617,-4.98022858934991,3.6749631488057,3.82557741830383,FALSE
218,"linear",2000,-10.0365085428257,0.56127719562691,-11.1645748908279,-10.0224269069332,-8.98588386095917,-11.9399973011972,-7.99416473070472,2.17869102986878,3.82557741830383,FALSE
219,"linear",2000,-1.70963035502522,0.670507113078159,-3.0134588101494,-1.6816337453475,-0.37278259091951,-3.9774094014183,0.820178152471844,2.6406762192299,3.82557741830383,FALSE
220,"linear",2000,-8.13341723081964,0.828109689725274,-9.77233498030108,-8.12414190561701,-6.56766849468848,-11.5611612965278,-5.12485201546753,3.2046664856126,3.82557741830383,FALSE
221,"linear",2000,-3.40610544176162,0.683177697452935,-4.74808825818711,-3.40047703514015,-2.04692120155913,-5.95112138174969,-1.35292322177981,2.70116705662799,3.82557741830383,FALSE
222,"linear",2000,-8.41111162688534,0.847984752433136,-9.97413333271335,-8.41417903355439,-6.68672833038758,-11.6612533677421,-5.33459566159774,3.28740500232577,3.82557741830383,FALSE
223,"linear",2000,-5.08675006564745,0.661465783984928,-6.34713336986783,-5.06264977950674,-3.79366718425306,-7.69845976722506,-2.40697118457136,2.55346618561477,3.82557741830383,FALSE
224,"linear",2000,-9.56155361057726,0.620586867810707,-10.7865133950089,-9.58071818937492,-8.28094863393433,-11.691280608736,-7.41417795322207,2.50556476107455,3.82557741830383,FALSE
225,"linear",2000,-3.26628921263413,0.986710030921044,-5.21361426130371,-3.26573087317359,-1.36448414576706,-6.31487194037018,0.580275784231234,3.84913011553665,3.82557741830383,TRUE
226,"linear",2000,-3.20944312754237,0.672662393925492,-4.55659852108362,-3.19326937685818,-1.95423693699917,-5.42115451931944,-1.09313093141898,2.60236158408445,3.82557741830383,FALSE
227,"linear",2000,-1.22253956414341,0.719422071612027,-2.6135500477893,-1.21418103858735,0.174877123520372,-3.85798213289922,1.71912819844175,2.78842717130967,3.82557741830383,FALSE
228,"linear",2000,-8.01643592607288,0.564119784988895,-9.10415918868879,-8.00581425467895,-6.88545479894145,-9.95783316997283,-5.90695844653786,2.21870438974735,3.82557741830383,FALSE
229,"linear",2000,-2.10921173289916,0.610083976129581,-3.31545680341458,-2.11104234562052,-0.886791164649915,-4.24855955673055,-0.190963704501516,2.42866563876466,3.82557741830383,FALSE
230,"linear",2000,-2.48086198420614,0.534675385232192,-3.56139615544786,-2.46494629349916,-1.47959292704535,-4.11916156480859,-0.511729297296238,2.08180322840251,3.82557741830383,FALSE
231,"linear",2000,-5.39020599402277,0.595845834710323,-6.59812672657128,-5.37274043317294,-4.25762499421923,-7.32931567878971,-3.66408558962366,2.34050173235205,3.82557741830383,FALSE
232,"linear",2000,-0.391117305407822,0.554249826577636,-1.47286866369154,-0.402730789858892,0.678684838755319,-2.44655067744383,1.51264522075721,2.15155350244686,3.82557741830383,FALSE
233,"linear",2000,-7.37480710931436,0.852499566849459,-9.12846352728027,-7.35376937325877,-5.80039224675507,-10.433743896236,-4.56796073052193,3.3280712805252,3.82557741830383,FALSE
234,"linear",2000,-3.80093358343199,0.551644843649351,-4.91393679132939,-3.79357914248446,-2.74691769649057,-5.88535668192107,-2.07347857069575,2.16701909483883,3.82557741830383,FALSE
235,"linear",2000,-1.48813426818465,0.802351959313182,-3.05587987992042,-1.50697087549819,0.155895504227696,-4.21855161060638,1.42341170455724,3.21177538414811,3.82557741830383,FALSE
236,"linear",2000,-3.8732351282087,0.525539832877934,-4.90318783932185,-3.89129900851179,-2.80189533320846,-5.81932296562239,-1.97284589425947,2.10129250611339,3.82557741830383,FALSE
237,"linear",2000,-0.570689502401817,0.692454405384832,-1.95083774222046,-0.570925772658991,0.768546953026616,-2.84506152427616,2.0690315724927,2.71938469524707,3.82557741830383,FALSE
238,"linear",2000,-4.29434461195933,0.447076510729984,-5.19271251898478,-4.29454353638497,-3.4511713724379,-6.13946859058661,-2.75284089892296,1.74154114654688,3.82557741830383,FALSE
239,"linear",2000,-6.21939804600062,0.569609258901337,-7.33300846812751,-6.22373165339061,-5.12414421786638,-7.97759080520036,-4.38104471843991,2.20886425026113,3.82557741830383,FALSE
240,"linear",2000,-5.39894115888175,0.74889282415831,-6.810113626349,-5.39075106155719,-3.94102293380597,-8.1064816635308,-3.04249926645018,2.86909069254303,3.82557741830383,FALSE
241,"linear",2000,-0.411034681404693,0.742463416938428,-1.8574508348548,-0.406264640900984,1.03902901949745,-2.68869467884839,2.21714537579478,2.89647985435225,3.82557741830383,FALSE
242,"linear",2000,-6.55705463758493,0.628896216554292,-7.79063158218689,-6.54824035126792,-5.33167547640462,-9.19340441039361,-4.51963260835845,2.45895610578227,3.82557741830383,FALSE
243,"linear",2000,-6.47253006462072,1.01046969084116,-8.45967847329376,-6.47912841716228,-4.47302078068305,-10.127337906409,-2.77465228960398,3.98665769261071,3.82557741830383,TRUE
244,"linear",2000,-1.32692074044389,0.711034098091571,-2.74676806423179,-1.32075518595741,0.0439862972780847,-3.56981911582868,1.22888199639816,2.79075436150987,3.82557741830383,FALSE
245,"linear",2000,-1.98769976321938,0.508024690904487,-3.01386257455996,-1.99187961490801,-1.00894323618171,-3.76296545959025,-0.369126238244551,2.00491933837825,3.82557741830383,FALSE
246,"linear",2000,-3.05517488830816,0.492966913801687,-4.03168850299006,-3.04159650150993,-2.1225094964767,-4.75474380498261,-1.45925727046494,1.90917900651335,3.82557741830383,FALSE
247,"linear",2000,-3.66633528371333,0.556506854502526,-4.7840420134332,-3.66257971379589,-2.60593805730273,-5.77668597551636,-1.89990855917987,2.17810395613048,3.82557741830383,FALSE
248,"linear",2000,-12.1476541186503,0.620119880261252,-13.3600217312828,-12.1397410188559,-10.9701753073159,-14.4962240959317,-9.98800280294072,2.38984642396689,3.82557741830383,FALSE
249,"linear",2000,-4.56572078228847,0.516709142620443,-5.59292790563983,-4.5602606217562,-3.54126287071539,-6.45848165537725,-3.0993936455111,2.05166503492443,3.82557741830383,FALSE
250,"linear",2000,1.33747336745097,0.682031877545714,0.0298604819194249,1.33646296469519,2.64482609587143,-1.34457244110879,3.52476120357836,2.614965613952,3.82557741830383,FALSE
251,"linear",2000,-3.68196603385969,0.52985443051564,-4.75649957087928,-3.65505291111616,-2.65240166399916,-5.30971193126721,-1.64195415903543,2.10409790688012,3.82557741830383,FALSE
252,"linear",2000,-6.28664558046609,0.894482411026059,-8.03233668858827,-6.29242394255144,-4.53913938691729,-8.95915801362919,-3.07001948411381,3.49319730167098,3.82557741830383,FALSE
253,"linear",2000,1.40538512087198,0.828142250342855,-0.300799319451725,1.41994491509507,2.92568842197887,-1.30415594440525,4.14816412447569,3.2264877414306,3.82557741830383,FALSE
254,"linear",2000,0.377513982994764,0.719591771425585,-1.04318581808092,0.372035141870224,1.82807921214034,-2.17134386766854,3.49303154886596,2.87126503022126,3.82557741830383,FALSE
255,"linear",2000,-8.96375609267524,0.913187484577173,-10.6306648016177,-8.99817262771359,-7.05353628389853,-11.7652228461446,-5.87800855011431,3.57712851771917,3.82557741830383,FALSE
256,"linear",2000,2.9892064389696,0.769851697482701,1.47210840255964,3.01232471866932,4.48479009171065,-0.318977001377104,5.56655913267978,3.01268168915101,3.82557741830383,FALSE
257,"linear",2000,-3.62493296849272,0.547697440579276,-4.69146162367655,-3.61713827806949,-2.60987747923142,-5.66468703810166,-1.88632309414228,2.08158414444513,3.82557741830383,FALSE
258,"linear",2000,-0.809561155870737,0.740714839259943,-2.26212612347908,-0.820324305083821,0.636260062876019,-3.11403163770866,1.48385532007612,2.8983861863551,3.82557741830383,FALSE
259,"linear",2000,-3.60312087447682,0.532474412367998,-4.6500707962576,-3.60216598708619,-2.52425560268377,-5.43634993707229,-1.77875951290613,2.12581519357384,3.82557741830383,FALSE
260,"linear",2000,-2.72253953229563,0.636953409117094,-3.89528720917563,-2.70592297125184,-1.4409450599897,-5.20855166594697,-0.537078874890363,2.45434214918593,3.82557741830383,FALSE
261,"linear",2000,-1.23188376149709,0.812314749786805,-2.88137345012387,-1.21658238704199,0.293717494475642,-4.41460290502523,1.46467992003911,3.17509094459951,3.82557741830383,FALSE
262,"linear",2000,1.86320299793286,0.753614533269558,0.415010194229292,1.86869608613224,3.32869166565658,-0.812727664291627,4.4709041799573,2.91368147142729,3.82557741830383,FALSE
263,"linear",2000,-6.78748120002975,0.969598366317277,-8.61821924737664,-6.80388542737783,-4.83215224207579,-9.75197260929189,-2.88645725919094,3.78606700530085,3.82557741830383,FALSE
264,"linear",2000,-0.248693046809593,0.663029374377396,-1.55897388332004,-0.24444831423271,1.05128573549532,-2.48793113469709,1.83130888161643,2.61025961881536,3.82557741830383,FALSE
265,"linear",2000,-0.744799602606232,0.571588440742255,-1.84799459969314,-0.75430868885417,0.400829877209322,-3.23127071357143,1.07961424493388,2.24882447690246,3.82557741830383,FALSE
266,"linear",2000,-8.56856720056489,0.92138858457543,-10.3827809548168,-8.57075900388327,-6.69003024322428,-11.6612226727892,-5.34658653266621,3.69275071159255,3.82557741830383,FALSE
267,"linear",2000,-1.20192463225155,0.8265993546842,-2.81429891947157,-1.18777208140401,0.376482810777733,-4.18336483124006,1.77520609297806,3.1907817302493,3.82557741830383,FALSE
268,"linear",2000,-8.31982885459555,0.909787842037905,-10.0005560315265,-8.36004193123769,-6.43224701903625,-11.3850131122002,-5.32016823914239,3.56830901249022,3.82557741830383,FALSE
269,"linear",2000,-3.21659194073164,0.544421704505449,-4.30668510087772,-3.21038861235761,-2.18162392043502,-5.04446610948622,-1.37506773456131,2.1250611804427,3.82557741830383,FALSE
270,"linear",2000,-3.71580735092357,1.0738644120213,-5.84268842030173,-3.74376490144983,-1.58782055094986,-7.33030664723796,0.200972687381601,4.25486786935187,3.82557741830383,TRUE
271,"linear",2000,-1.52995509269172,0.700577822229266,-2.86343204181037,-1.54458085784751,-0.133936067186959,-4.33454959668692,0.937719475151128,2.72949597462341,3.82557741830383,FALSE
272,"linear",2000,-3.71845916607907,0.92381453808521,-5.55894654704195,-3.7387620428842,-1.79304482291528,-6.65589598792875,-0.514666921762834,3.76590172412667,3.82557741830383,FALSE
273,"linear",2000,-7.87994975049456,0.806134691270704,-9.51595292954731,-7.85892542175448,-6.31061269959444,-10.7361703414787,-5.3822117889864,3.20534022995287,3.82557741830383,FALSE
274,"linear",2000,4.05776166783187,0.993204549161635,1.99869979554504,4.05380480322845,6.0425148790808,0.689929878710786,7.14181535482493,4.04381508353575,3.82557741830383,TRUE
275,"linear",2000,1.9815492077495,0.808302893249021,0.419646712459406,1.9657952189988,3.67005987986388,-0.764376237436055,4.7474302940243,3.25041316740447,3.82557741830383,FALSE
276,"linear",2000,-5.51667643957278,0.728065234903484,-7.02633716174768,-5.49120028469143,-4.11293934453583,-7.99986047960682,-3.08753886145288,2.91339781721186,3.82557741830383,FALSE
277,"linear",2000,-4.86903530540531,0.853595004408922,-6.56338987261748,-4.84258456878942,-3.26505969595592,-7.88387106695731,-1.96967202032975,3.29833017666156,3.82557741830383,FALSE
278,"linear",2000,-4.71385804361269,0.737008019636875,-6.14091297343751,-4.73913535464322,-3.23462854247203,-7.43801320684721,-1.75659108622983,2.90628443096549,3.82557741830383,FALSE
279,"linear",2000,-1.61671629277403,0.788572088145144,-3.11324976946996,-1.63699806142474,-0.00434999272623406,-4.21705328275473,1.36382023286122,3.10889977674373,3.82557741830383,FALSE
280,"linear",2000,-7.63964382309752,0.938554200219352,-9.44011808250236,-7.64500202481184,-5.75226112402489,-10.9994714768121,-3.99230626612721,3.68785695847747,3.82557741830383,FALSE
281,"linear",2000,-4.46895368035093,0.71868702762222,-5.93283375580107,-4.45301799239506,-3.10060335794937,-7.3221422201033,-2.34472910127388,2.8322303978517,3.82557741830383,FALSE
282,"linear",2000,-7.11237302259804,1.03838375660807,-9.05512714976599,-7.17232300326041,-4.97622380020902,-9.85425315046819,-3.27413287482397,4.07890334955697,3.82557741830383,TRUE
283,"linear",2000,-4.01576293427387,0.661238659849789,-5.26003806457342,-4.01797184000024,-2.7027059766073,-6.08678782979504,-1.54305683776756,2.55733208796612,3.82557741830383,FALSE
284,"linear",2000,-3.60312087447682,0.532474412367998,-4.6500707962576,-3.60216598708619,-2.52425560268377,-5.43634993707229,-1.77875951290613,2.12581519357384,3.82557741830383,FALSE
285,"linear",2000,-1.60397066408771,0.728357488321437,-3.03965668356063,-1.60440170828472,-0.175400890213118,-4.07025603316698,0.739941680995007,2.86425579334752,3.82557741830383,FALSE
286,"linear",2000,-3.82631515158116,0.866756839645087,-5.41153554079125,-3.85065159623102,-2.04856549201846,-6.50939135221104,-0.859981675561452,3.36297004877279,3.82557741830383,FALSE
287,"linear",2000,-9.74723427749294,0.798412026991636,-11.3602322735515,-9.74135631808113,-8.15588992345377,-12.3703202415097,-6.82232502219252,3.20434235009776,3.82557741830383,FALSE
288,"linear",2000,-0.914246841364308,0.581920490286765,-2.05831140294444,-0.895317837494197,0.193824509969763,-3.14987482577413,1.25244514956624,2.25213591291421,3.82557741830383,FALSE
289,"linear",2000,-1.14799398595079,0.679444985116866,-2.48643165184069,-1.1204739886196,0.219633134393508,-3.41078915783767,1.43880561123029,2.7060647862342,3.82557741830383,FALSE
290,"linear",2000,-3.70319287340325,0.880283515742855,-5.35775872591686,-3.75154723696983,-1.86876272344787,-6.38767305762684,-0.0616731779250295,3.48899600246899,3.82557741830383,FALSE
291,"linear",2000,-6.37756659758396,0.642368131966093,-7.64906639964335,-6.37899006520858,-5.12851795700402,-8.8072401073641,-3.92863998783312,2.52054844263933,3.82557741830383,FALSE
292,"linear",2000,-2.22773863673412,0.547247808910957,-3.35261311853075,-2.22924266677909,-1.17512094833881,-4.01548509569152,-0.613936912210777,2.17749217019193,3.82557741830383,FALSE
293,"linear",2000,-6.21411064345946,0.58472088369676,-7.38830962151896,-6.21398473343564,-5.1155102642888,-8.38755309018107,-4.22727663243366,2.27279935723015,3.82557741830383,FALSE
294,"linear",2000,-7.33352126204364,0.737960485143394,-8.74286139359562,-7.35308613256177,-5.83854267501493,-9.63397074902487,-4.85720799854713,2.90431871858069,3.82557741830383,FALSE
295,"linear",2000,-6.64604419356211,0.548477207315063,-7.68685959582146,-6.63884166683655,-5.62292680107966,-8.57757364714807,-4.98264709953239,2.0639327947418,3.82557741830383,FALSE
296,"linear",2000,-6.50671677940712,0.584982278034333,-7.62088148136058,-6.4988680927713,-5.3692212887063,-8.5778352073747,-4.12980469978301,2.25166019265429,3.82557741830383,FALSE
297,"linear",2000,-4.99125536556959,0.615343903757213,-6.17204781333156,-4.9807380782215,-3.74873481525285,-7.02443020138855,-3.06612343795008,2.42331299807871,3.82557741830383,FALSE
298,"linear",2000,0.175705014554185,0.690078622507912,-1.19425900790436,0.183720352207953,1.50466613486213,-2.14330627989968,2.31812119107689,2.6989251427665,3.82557741830383,FALSE
299,"linear",2000,-6.97952821433972,0.823697826449015,-8.54347981737396,-6.98538594597922,-5.27738497444097,-9.88611751747843,-4.21375817489469,3.26609484293299,3.82557741830383,FALSE
300,"linear",2000,-8.31368045731965,0.72882287686598,-9.74889325718335,-8.3100384448912,-6.86264871681194,-10.5026647997519,-5.23527527826562,2.88624454037142,3.82557741830383,FALSE
301,"linear",2000,-0.364861530035806,0.798626316057793,-1.93945682544956,-0.391347961184587,1.25174181473255,-3.1655683387602,2.53970083551642,3.19119864018211,3.82557741830383,FALSE
302,"linear",2000,0.598395680212903,1.10046947108728,-1.62829465088178,0.614708242011196,2.74710455467725,-3.06437750456453,5.68627544369937,4.37539920555902,3.82557741830383,TRUE
303,"linear",2000,-9.0136928030129,0.92541176407283,-10.8569215349505,-8.98627469024631,-7.25763452958214,-12.1096030668548,-6.19168835368102,3.59928700536836,3.82557741830383,FALSE
304,"linear",2000,-11.1671639630772,0.798096654368504,-12.7207430512727,-11.1566183160074,-9.55094786589674,-13.7142330425925,-8.71597808286925,3.16979518537593,3.82557741830383,FALSE
305,"linear",2000,-1.19828859573883,0.860607530287047,-2.85032632000815,-1.21630529674788,0.485024283713488,-3.77804803475122,1.54789344824815,3.33535060372164,3.82557741830383,FALSE
306,"linear",2000,-5.54000879820364,0.695341783049629,-6.95728938923192,-5.51938913473287,-4.20640313885663,-7.86718433782426,-3.06056088268683,2.75088625037529,3.82557741830383,FALSE
307,"linear",2000,-8.73062021298422,0.983271606122772,-10.579784380578,-8.73563249607129,-6.72579105263055,-11.5870888064732,-4.86178948588844,3.85399332794746,3.82557741830383,TRUE
308,"linear",2000,-3.82815936965287,0.59641350185692,-5.00438255897432,-3.8127455201862,-2.67303608014188,-5.56999124829897,-1.82108262986577,2.33134647883244,3.82557741830383,FALSE
309,"linear",2000,-3.80093358343199,0.551644843649351,-4.91393679132939,-3.79357914248446,-2.74691769649057,-5.88535668192107,-2.07347857069575,2.16701909483883,3.82557741830383,FALSE
310,"linear",2000,0.194338564280656,0.820697301808704,-1.38270024123744,0.201608955970961,1.74146824096464,-3.54901100980678,3.14340967697967,3.12416848220209,3.82557741830383,FALSE
311,"linear",2000,-2.22491752550051,0.686027610446749,-3.54388237629529,-2.25216385004583,-0.81616933793743,-4.53720476714119,-0.0299992917802387,2.72771303835786,3.82557741830383,FALSE
312,"linear",2000,-5.33217229916216,0.898675635184021,-7.04684116298231,-5.34317759832004,-3.6426641399833,-8.79613581924956,-1.99846397057216,3.40417702299901,3.82557741830383,FALSE
313,"linear",2000,-7.29364063793464,0.66722742487178,-8.65053353593051,-7.28429051176308,-5.95815193984089,-9.59876772522698,-5.06507394314216,2.69238159608962,3.82557741830383,FALSE
314,"linear",2000,1.39936878724249,0.714731051901117,-0.0219936526610762,1.38873609100955,2.80366582191421,-0.919897679972576,3.99937710143879,2.82565947457528,3.82557741830383,FALSE
315,"linear",2000,-4.7562038504931,1.08147224067107,-6.80031805198305,-4.76029039393947,-2.62000286172366,-8.4352772125445,-0.256328391683788,4.18031519025939,3.82557741830383,TRUE
316,"linear",2000,1.30812914106262,0.683029134667333,-0.0307390108389936,1.28612234285609,2.68679455465091,-0.792499576594787,3.73689423906947,2.7175335654899,3.82557741830383,FALSE
317,"linear",2000,0.434787589394529,0.825794832953295,-1.25091040076529,0.464725709032804,1.96982317170323,-2.99980751219599,3.47694046964666,3.22073357246852,3.82557741830383,FALSE
318,"linear",2000,-6.85891463238746,0.426502412954871,-7.73127527011983,-6.85493391141879,-6.03079249678771,-8.3708495855932,-5.45908189288482,1.70048277333212,3.82557741830383,FALSE
319,"linear",2000,-6.00194389847701,0.483900926317895,-6.93221774236003,-6.0051258949362,-5.0454054829189,-7.61627153349545,-4.55688288366118,1.88681225944113,3.82557741830383,FALSE
320,"linear",2000,-5.50056923297515,0.594051440949377,-6.65764542825248,-5.49598647679647,-4.38506799539583,-7.65850059816078,-3.5884291305913,2.27257743285665,3.82557741830383,FALSE
321,"linear",2000,-4.30862842538697,0.83180735525568,-5.94752507350478,-4.3003111933498,-2.703015780599,-7.05173167634103,-1.31025109661052,3.24450929290578,3.82557741830383,FALSE
322,"linear",2000,-14.1918569334489,0.945792430732838,-15.9733930783433,-14.2118358231208,-12.241749837081,-17.2370608730941,-10.5393838586907,3.73164324126231,3.82557741830383,FALSE
323,"linear",2000,-6.78748120002975,0.969598366317277,-8.61821924737664,-6.80388542737783,-4.83215224207579,-9.75197260929189,-2.88645725919094,3.78606700530085,3.82557741830383,FALSE
324,"linear",2000,-9.8154713441434,0.842297841443192,-11.5017541826942,-9.79292393568164,-8.24420419792459,-12.7208200952212,-6.91061501106676,3.25754998476956,3.82557741830383,FALSE
325,"linear",2000,2.34604766900598,1.0164284728234,0.226817485038996,2.37741719671336,4.22993384360305,-1.10741843758661,5.35542994418789,4.00311635856405,3.82557741830383,TRUE
326,"linear",2000,-1.59027699160327,0.784455688593614,-3.18860062894638,-1.56895463544053,-0.132450757341778,-4.34386188997598,1.12502553942625,3.05614987160461,3.82557741830383,FALSE
327,"linear",2000,-6.28664558046609,0.894482411026059,-8.03233668858827,-6.29242394255144,-4.53913938691729,-8.95915801362919,-3.07001948411381,3.49319730167098,3.82557741830383,FALSE
328,"linear",2000,-3.83134126522379,0.460459882878534,-4.7605431862195,-3.82802062124434,-2.97322019716585,-5.51687744174384,-2.39726506188812,1.78732298905366,3.82557741830383,FALSE
329,"linear",2000,-2.93242326383428,0.601361813713351,-4.07556604322661,-2.94656688356728,-1.70827131181397,-4.99894392664863,-1.02849858167217,2.36729473141264,3.82557741830383,FALSE
330,"linear",2000,-2.01686147960238,0.726908284689836,-3.40952502601958,-2.02708899237639,-0.6317832864289,-4.34035771035935,1.0033035935228,2.77774173959068,3.82557741830383,FALSE
331,"linear",2000,-12.932554821952,0.863958047606483,-14.5914749950375,-12.9568576203247,-11.2285881411817,-15.8041101632751,-9.78471584043088,3.36288685385587,3.82557741830383,FALSE
332,"linear",2000,-4.81853909997496,0.883133978664303,-6.5373270533818,-4.79723329300795,-3.13350721082585,-8.4130735102436,-1.54644842652469,3.40381984255596,3.82557741830383,FALSE
333,"linear",2000,-1.02902090837246,0.699873878280932,-2.34729053915173,-1.02863874610443,0.345732992668568,-3.22523343200714,1.51554721115318,2.69302353182029,3.82557741830383,FALSE
334,"linear",2000,-5.70787452037613,0.856415097155156,-7.38316683255719,-5.74198853808043,-3.97278769091822,-8.76903325201279,-2.91934066845643,3.41037914163897,3.82557741830383,FALSE
335,"linear",2000,-5.50710857609618,0.652859754559344,-6.77229684633786,-5.51549914110333,-4.24376851077728,-7.87174197275856,-3.3202678868106,2.52852833556059,3.82557741830383,FALSE
336,"linear",2000,0.719973458860606,1.05470815313697,-1.35343432039494,0.714562790593631,2.7830438831505,-3.12452054876287,3.80476907069425,4.13647820354545,3.82557741830383,TRUE
337,"linear",2000,-2.11836221171612,0.523201290190265,-3.17548943669994,-2.1155917672253,-1.1251564719299,-3.65951675902607,-0.364774420414527,2.05033296477004,3.82557741830383,FALSE
338,"linear",2000,-8.74309644202382,0.709579561858748,-10.1519754721284,-8.73973860839032,-7.3732582631508,-11.4195504006343,-6.54959412284795,2.77871720897755,3.82557741830383,FALSE
339,"linear",2000,-3.96623674469619,0.511796998212495,-4.9828644162013,-3.96561360734018,-3.01774144466627,-5.55073023812736,-1.95412685517443,1.96512297153503,3.82557741830383,FALSE
340,"linear",2000,-4.56805686174367,0.824042684567181,-6.15350615560929,-4.58491234400888,-2.97588286688844,-7.38413691457686,-1.61352387658267,3.17762328872085,3.82557741830383,FALSE
341,"linear",2000,-3.03033817341318,0.482455172190111,-4.00431952444177,-3.01923298348188,-2.10844319255035,-4.8169270838,-1.33373465019645,1.89587633189142,3.82557741830383,FALSE
342,"linear",2000,-9.15221743557712,0.88839263889619,-10.9027700932099,-9.15168858554189,-7.38118589772499,-11.7314917321075,-6.07645769595988,3.52158419548493,3.82557741830383,FALSE
343,"linear",2000,-4.24252772520396,0.611022588641293,-5.46950527694635,-4.23437999442469,-3.06176525813911,-6.47378956511509,-2.25326367622827,2.40774001880724,3.82557741830383,FALSE
344,"linear",2000,-7.37480710931436,0.852499566849459,-9.12846352728027,-7.35376937325877,-5.80039224675507,-10.433743896236,-4.56796073052193,3.3280712805252,3.82557741830383,FALSE
345,"linear",2000,0.134986587221899,0.701330470170116,-1.24021004879973,0.140740760785758,1.51757081475753,-2.69948934773148,2.65296903512177,2.75778086355726,3.82557741830383,FALSE
346,"linear",2000,-8.96375609267524,0.913187484577173,-10.6306648016177,-8.99817262771359,-7.05353628389853,-11.7652228461446,-5.87800855011431,3.57712851771917,3.82557741830383,FALSE
347,"linear",2000,5.03806485949774,1.33114489568638,2.35227592417816,5.07868305400032,7.56101781557121,0.112541559511108,9.04466883435166,5.20874189139305,3.82557741830383,TRUE
348,"linear",2000,-4.23751561106502,0.829949341054645,-5.82352061725856,-4.26196674573026,-2.5995723981064,-6.85337876798728,-0.922783731631176,3.22394821915216,3.82557741830383,FALSE
349,"linear",2000,-1.48534820920385,0.718784050820242,-2.90681906962139,-1.47284847467963,-0.0923419268197239,-3.81543444887821,1.12523931500174,2.81447714280167,3.82557741830383,FALSE
350,"linear",2000,-10.2397142599298,0.811020599293749,-11.7956198547856,-10.232308058746,-8.62841123948781,-13.2416967772873,-7.57487351369798,3.16720861529781,3.82557741830383,FALSE
351,"linear",2000,-1.34780732815742,1.09253844112416,-3.5575365785726,-1.33404011682431,0.733450319695093,-5.37398248549508,2.87341811946073,4.2909868982677,3.82557741830383,TRUE
352,"linear",2000,-6.19377561374802,0.962616529452654,-8.15486680342134,-6.1732761473781,-4.40025825983827,-9.32102898245598,-2.43917835761087,3.75460854358307,3.82557741830383,FALSE
353,"linear",2000,3.37939092274311,0.773201914108998,1.88546697705818,3.37886321300899,4.90002552212451,0.859363239106921,6.85456970025507,3.01455854506633,3.82557741830383,FALSE
354,"linear",2000,-7.23584981608572,0.535516182730782,-8.27717202323547,-7.23292986230799,-6.17107979301597,-9.11791430759874,-5.40070414312101,2.10609223021951,3.82557741830383,FALSE
355,"linear",2000,-10.3214914599085,0.745177206931752,-11.7713835728383,-10.3194286898016,-8.80640886316539,-13.2237283825838,-7.35020745747901,2.9649747096729,3.82557741830383,FALSE
356,"linear",2000,-5.91138145252421,0.973343453270559,-7.74105328386777,-5.92869449110037,-3.95035411249576,-9.24702525396783,-2.41537815727841,3.79069917137201,3.82557741830383,FALSE
357,"linear",2000,-8.41111162688534,0.847984752433136,-9.97413333271335,-8.41417903355439,-6.68672833038758,-11.6612533677421,-5.33459566159774,3.28740500232577,3.82557741830383,FALSE
358,"linear",2000,-5.8664811677693,0.493729215916878,-6.85472968980998,-5.85523959368276,-4.89659372207159,-7.46116056054307,-4.12257431172007,1.95813596773839,3.82557741830383,FALSE
359,"linear",2000,-4.51158335688798,0.731990051828626,-5.98594130178138,-4.50748166619752,-3.12713020280824,-7.04175149838344,-1.79012547835119,2.85881109897314,3.82557741830383,FALSE
360,"linear",2000,-1.83978555311866,0.744918960501808,-3.32118467089836,-1.8447734821805,-0.396629377819901,-4.16366517707195,0.938632126267929,2.92455529307845,3.82557741830383,FALSE
361,"linear",2000,-5.93543857616512,0.919733274696282,-7.68052762664044,-5.96986345654174,-3.91350538025583,-8.63728423323875,-1.37045421218851,3.76702224638461,3.82557741830383,FALSE
362,"linear",2000,-8.15381509680976,0.904478858098756,-9.89007602002167,-8.16521554312312,-6.36607002600446,-11.4369993802029,-5.19288402067985,3.52400599401721,3.82557741830383,FALSE
363,"linear",2000,-5.90916748545127,0.864756846340047,-7.53800572698553,-5.90829499847584,-4.20903105693148,-9.6104064694197,-2.97222364973313,3.32897467005405,3.82557741830383,FALSE
364,"linear",2000,-5.31176597091581,0.644372731523754,-6.57733942620202,-5.32002453268137,-4.03805230168781,-7.2913429900567,-2.87964379312927,2.5392871245142,3.82557741830383,FALSE
365,"linear",2000,-2.45849052158323,0.923002056977585,-4.19383337962795,-2.44142651920555,-0.622771161946034,-5.77458694697836,0.73589173065468,3.57106221768192,3.82557741830383,FALSE
366,"linear",2000,-0.7130304813159,0.601962362714285,-1.90380185272535,-0.6933209317823,0.479896368689851,-2.63040748505784,1.22021058836824,2.3836982214152,3.82557741830383,FALSE
367,"linear",2000,-5.10817091712448,0.731446370630423,-6.52719429714182,-5.10483315517755,-3.69157818338662,-8.51884065835718,-1.98032874383183,2.8356161137552,3.82557741830383,FALSE
368,"linear",2000,1.53164028805879,0.759133682258558,0.0556584537240293,1.52493816175544,3.02338536107217,-1.00011790639251,4.37844599710835,2.96772690734814,3.82557741830383,FALSE
369,"linear",2000,0.573552054374332,0.806767450456585,-0.987015539767123,0.592167094931642,2.09423669084228,-2.28413362157237,3.04875340413292,3.0812522306094,3.82557741830383,FALSE
370,"linear",2000,-3.36116105141039,0.693671990965965,-4.74625151565021,-3.35185204760131,-2.01897341382836,-6.22672670421333,-0.855389228001985,2.72727810182185,3.82557741830383,FALSE
371,"linear",2000,-5.66803138133065,0.545890293830063,-6.72572622625149,-5.65393124102639,-4.61009757228895,-7.27372344551624,-3.89155122090765,2.11562865396253,3.82557741830383,FALSE
372,"linear",2000,-3.41475131388751,1.17744479967306,-5.8121089747294,-3.42087403346042,-1.19922883316799,-7.08572539261122,0.603041187910944,4.6128801415614,3.82557741830383,TRUE
373,"linear",2000,-7.04722774460384,1.00126189823796,-9.03384498099938,-7.04918582525806,-5.05775291125486,-10.7408482815852,-3.36526840679265,3.97609206974451,3.82557741830383,TRUE
374,"linear",2000,-10.4052802435203,1.0166414412341,-12.5788688410021,-10.4028722913862,-8.43124215344304,-13.67228141426,-5.73881306336724,4.14762668755907,3.82557741830383,TRUE
375,"linear",2000,-5.15441315001739,0.629955369523141,-6.38562532869592,-5.14704272005032,-3.96746976253526,-7.40635921745981,-3.26588378531574,2.41815556616066,3.82557741830383,FALSE
376,"linear",2000,-6.70503027077634,0.863724635548588,-8.24297318990325,-6.73761676808271,-4.87213825738719,-9.54189431544883,-3.49679043489415,3.37083493251606,3.82557741830383,FALSE
377,"linear",2000,-4.76347659045265,1.02736852875677,-6.77587520251369,-4.76570887646361,-2.78048590721189,-8.42401361643021,-1.35253497811634,3.99538929530181,3.82557741830383,TRUE
378,"linear",2000,-6.29637876728686,0.581362076144504,-7.45032314049408,-6.29890209403182,-5.14153605578809,-8.28467699394486,-4.32727553213898,2.308787084706,3.82557741830383,FALSE
379,"linear",2000,-1.23188376149709,0.812314749786805,-2.88137345012387,-1.21658238704199,0.293717494475642,-4.41460290502523,1.46467992003911,3.17509094459951,3.82557741830383,FALSE
380,"linear",2000,-3.20944312754237,0.672662393925492,-4.55659852108362,-3.19326937685818,-1.95423693699917,-5.42115451931944,-1.09313093141898,2.60236158408445,3.82557741830383,FALSE
381,"linear",2000,-8.06613919981949,0.632081218906376,-9.33551814043279,-8.05126987067534,-6.84038118951289,-10.5461088947082,-5.3564442450772,2.4951369509199,3.82557741830383,FALSE
382,"linear",2000,-5.49287103767864,0.567273646151459,-6.71004352303513,-5.49022398209732,-4.39429873278166,-7.26178508915463,-3.63829330685289,2.31574479025347,3.82557741830383,FALSE
383,"linear",2000,-19.2182552486297,0.974083848343759,-21.1840201323545,-19.215486359758,-17.3058168421484,-22.6135778097597,-15.888233919688,3.87820329020609,3.82557741830383,TRUE
384,"linear",2000,-2.38862197410258,1.20749598238775,-4.63708981096729,-2.42595430070404,-0.05421649633285,-6.22213420478569,1.82639678186783,4.58287331463444,3.82557741830383,TRUE
385,"linear",2000,-3.31114150278333,0.535294232385229,-4.35641441053549,-3.32532581302056,-2.22743779505723,-5.44285715651862,-1.36161211352754,2.12897661547826,3.82557741830383,FALSE
386,"linear",2000,-4.97003821711739,1.44942248801742,-7.91436306799979,-4.93276359418757,-2.33816525864184,-12.4006211120731,-0.233406796971683,5.57619780935795,3.82557741830383,TRUE
387,"linear",2000,-8.9051574753806,1.08808949164456,-11.0045127327933,-8.94194194387545,-6.7339080025648,-12.313839004148,-3.79820615549758,4.27060473022851,3.82557741830383,TRUE
388,"linear",2000,-6.76028239032276,0.851793954528297,-8.41295582315505,-6.75501914957248,-5.07929197082618,-10.0666353325527,-3.94930412101011,3.33366385232887,3.82557741830383,FALSE
389,"linear",2000,-1.05633411454176,0.597974585045672,-2.23088451051486,-1.05281856552997,0.101001366405247,-2.91747296898983,0.983264284068675,2.3318858769201,3.82557741830383,FALSE
390,"linear",2000,-1.3520873568414,0.903319569996753,-3.12474780709346,-1.36294903511497,0.404836717102036,-4.47146389119947,1.52793209165431,3.5295845241955,3.82557741830383,FALSE
391,"linear",2000,-13.0174592688696,0.929672069066307,-14.7854404579809,-13.0278210654743,-11.2121070690876,-15.8680766513612,-9.53863690779583,3.57333338889331,3.82557741830383,FALSE
392,"linear",2000,-2.52185059536231,0.587554389049058,-3.67901282561428,-2.5064814944902,-1.41587041818768,-4.48028384424318,-0.587871822828315,2.2631424074266,3.82557741830383,FALSE
393,"linear",2000,-2.84782527993804,0.465511289824884,-3.77706972513729,-2.84993144819789,-1.95902122570096,-4.36122433699427,-1.19243170552587,1.81804849943633,3.82557741830383,FALSE
394,"linear",2000,-5.99792103275399,0.591839170467196,-7.18917027000789,-6.00027197255274,-4.85280976799251,-8.19333904547676,-4.06953765248538,2.33636050201539,3.82557741830383,FALSE
395,"linear",2000,-10.0367434449567,0.561646857010142,-11.1690462551308,-10.0229346300874,-8.98471894561317,-11.9424030363825,-7.98949563953892,2.1843273095176,3.82557741830383,FALSE
396,"linear",2000,-0.322994535790959,0.698391004129671,-1.59835154541762,-0.342954684913622,1.07372072267679,-2.41138960927561,2.33580878109796,2.67207226809441,3.82557741830383,FALSE
397,"linear",2000,2.9892064389696,0.769851697482701,1.47210840255964,3.01232471866932,4.48479009171065,-0.318977001377104,5.56655913267978,3.01268168915101,3.82557741830383,FALSE
398,"linear",2000,-6.66358734579345,0.578965599027268,-7.78974201426072,-6.68015829934268,-5.49031050246583,-8.57103543251088,-4.93107165821164,2.2994315117949,3.82557741830383,FALSE
399,"linear",2000,-7.01402159977335,0.691944941214024,-8.40345893725479,-7.01589807449044,-5.63711527799223,-9.53278152740038,-4.804939410187,2.76634365926256,3.82557741830383,FALSE
400,"linear",2000,-2.03587262411305,0.642853510908452,-3.34462079929444,-2.02334186332371,-0.796652719929046,-4.36303746418933,0.541363911663128,2.54796807936539,3.82557741830383,FALSE
401,"linear",2000,-6.10622399081006,0.58903456360968,-7.2577137342592,-6.10896749624909,-4.9230829858278,-8.02525448949311,-4.27092642702136,2.3346307484314,3.82557741830383,FALSE
402,"linear",2000,-14.9367420188872,1.023752491939,-17.0089281001723,-14.9404414894903,-13.0183584834547,-18.4852974834297,-11.7651396579448,3.99056961671764,3.82557741830383,TRUE
403,"linear",2000,-1.75278823354241,0.544093244715495,-2.77880791722199,-1.75883758901998,-0.624009878050763,-3.56606345435676,0.321430147483102,2.15479803917123,3.82557741830383,FALSE
404,"linear",2000,-5.14247925837395,0.812951772863284,-6.72354648282469,-5.14422658903589,-3.61480352440948,-7.7226214320727,-2.62398187366272,3.10874295841521,3.82557741830383,FALSE
405,"linear",2000,-7.92826524425088,0.458954083630232,-8.85916285339229,-7.91109981804693,-7.05119675041018,-9.41879102652727,-6.33825151896628,1.80796610298211,3.82557741830383,FALSE
406,"linear",2000,-4.97400877510475,0.486907994911678,-5.91524220243134,-4.96734471159338,-4.03266722874236,-6.58540956355663,-3.37416252297415,1.88257497368898,3.82557741830383,FALSE
407,"linear",2000,-7.05349695768082,0.765667670475534,-8.5198209232829,-7.04705732893211,-5.5235457392835,-9.46363915897061,-4.18615245562446,2.9962751839994,3.82557741830383,FALSE
408,"linear",2000,-10.8397336862483,0.972433928044164,-12.7361431758834,-10.874550576071,-8.79332161695798,-13.71780312407,-6.93712648510326,3.94282155892543,3.82557741830383,TRUE
409,"linear",2000,-6.62226047264093,0.716846835739333,-8.0577018040128,-6.60597531873238,-5.24423690369758,-9.22904089680898,-4.25141968681749,2.81346490031522,3.82557741830383,FALSE
410,"linear",2000,-6.70661516447345,0.645825161688748,-7.96165832831918,-6.69865057677385,-5.46402144719529,-9.08580424962659,-4.58122684843933,2.49763688112389,3.82557741830383,FALSE
411,"linear",2000,-0.770146343572571,0.950901397766422,-2.57394021263186,-0.785401434405761,1.24288026345111,-3.69639716381464,2.50571991363508,3.81682047608296,3.82557741830383,FALSE
412,"linear",2000,0.244843208846441,0.770081279476588,-1.29758146215103,0.254318495353326,1.75598635419872,-2.55376137585254,2.70266168043599,3.05356781634975,3.82557741830383,FALSE
413,"linear",2000,-3.75533065049091,0.551014672628632,-4.8709185612289,-3.74731320194428,-2.73061026400796,-5.83852158946199,-2.02084905913307,2.14030829722093,3.82557741830383,FALSE
414,"linear",2000,-3.28777801870041,0.895794621572263,-5.03880612491677,-3.27149058686755,-1.55839145090046,-6.14998992516321,-0.239277504333945,3.48041467401632,3.82557741830383,FALSE
415,"linear",2000,-5.00649155188414,0.81648321252557,-6.54795453667983,-5.03665723023043,-3.4013842992539,-7.46164698177878,-1.91556145514754,3.14657023742593,3.82557741830383,FALSE
416,"linear",2000,-2.10694950112921,0.670659138769284,-3.4745922024243,-2.09152282016079,-0.83653206425304,-4.46008858347825,0.230663787322716,2.63806013817126,3.82557741830383,FALSE
417,"linear",2000,-8.42157743307958,0.676495701634125,-9.76706365343289,-8.4231678444515,-7.07947722673691,-10.5941192460331,-6.08464951687201,2.68758642669598,3.82557741830383,FALSE
418,"linear",2000,0.0637412772655784,0.620840829225377,-1.17373796474896,0.0534174210043897,1.27689949549349,-2.09260816891632,2.67442462459676,2.45063746024245,3.82557741830383,FALSE
419,"linear",2000,-6.098488911637,0.946269863983061,-7.95290870257265,-6.04735629519297,-4.31043251129193,-9.92222516442474,-2.56237066178817,3.64247619128072,3.82557741830383,FALSE
420,"linear",2000,-3.91439109511637,0.580354268016296,-4.98951137745861,-3.91831017015392,-2.71091991663932,-5.87913588515762,-2.00205934264907,2.27859146081929,3.82557741830383,FALSE
421,"linear",2000,-4.67749166907082,0.711173308163851,-6.03205053064138,-4.67553526358434,-3.23234760556532,-7.24793599078208,-2.31026440695108,2.79970292507606,3.82557741830383,FALSE
422,"linear",2000,-4.29434461195933,0.447076510729984,-5.19271251898478,-4.29454353638497,-3.4511713724379,-6.13946859058661,-2.75284089892296,1.74154114654688,3.82557741830383,FALSE
423,"linear",2000,-12.1476541186503,0.620119880261252,-13.3600217312828,-12.1397410188559,-10.9701753073159,-14.4962240959317,-9.98800280294072,2.38984642396689,3.82557741830383,FALSE
424,"linear",2000,-2.72253953229563,0.636953409117094,-3.89528720917563,-2.70592297125184,-1.4409450599897,-5.20855166594697,-0.537078874890363,2.45434214918593,3.82557741830383,FALSE
425,"linear",2000,-8.06455866678441,0.677717365321553,-9.43268297371322,-8.06444169215757,-6.7832933774239,-10.4428148839781,-5.66446792232129,2.64938959628932,3.82557741830383,FALSE
426,"linear",2000,-3.17586226913483,0.604252291868877,-4.37128425170802,-3.17843023514232,-1.988055625826,-5.09755474354886,-0.939223642325044,2.38322862588202,3.82557741830383,FALSE
427,"linear",2000,-0.975764274054339,0.764178782506835,-2.45257947479678,-0.970266140564457,0.546112979040957,-3.68739159123,1.66376820936015,2.99869245383773,3.82557741830383,FALSE
428,"linear",2000,-3.66676369843758,0.689546894553828,-5.05284956565952,-3.64792606202956,-2.37724984232066,-6.61447486708423,-1.41305066293634,2.67559972333886,3.82557741830383,FALSE
429,"linear",2000,-7.92020664151278,0.752056143230822,-9.44734734733244,-7.9048274707758,-6.434731174116,-10.442713232833,-5.25131270810285,3.01261617321644,3.82557741830383,FALSE
430,"linear",2000,-1.31925533954545,0.788108458722852,-2.88247915696826,-1.31570595065654,0.234725743621057,-4.15792735796137,1.38859833578361,3.11720490058932,3.82557741830383,FALSE
431,"linear",2000,-6.68945002112494,0.483832877384054,-7.62741564760627,-6.6990353784199,-5.78182572477257,-8.17437915701791,-4.86288901002334,1.8455899228337,3.82557741830383,FALSE
432,"linear",2000,-4.4579319588073,0.663250076023514,-5.81215500700207,-4.44245048479379,-3.15594668100579,-6.95870657544999,-2.07327896342425,2.65620832599628,3.82557741830383,FALSE
433,"linear",2000,-6.31938357633115,0.586484184100891,-7.45977955409531,-6.31191461382724,-5.16147337062367,-7.95934879394446,-4.13568723044926,2.29830618347164,3.82557741830383,FALSE
434,"linear",2000,-9.38533227650021,0.65513358650495,-10.693020377905,-9.36285038505734,-8.18438747175052,-12.1895857597017,-7.07873374624453,2.50863290615448,3.82557741830383,FALSE
435,"linear",2000,-2.34929003904268,0.672883218805514,-3.65170695120175,-2.34988905591782,-1.01372981110537,-4.46577701321782,-0.247243208397632,2.63797714009638,3.82557741830383,FALSE
436,"linear",2000,-0.744799602606232,0.571588440742255,-1.84799459969314,-0.75430868885417,0.400829877209322,-3.23127071357143,1.07961424493388,2.24882447690246,3.82557741830383,FALSE
437,"linear",2000,-1.85291083116451,0.829168563762741,-3.38400937131446,-1.85921396313873,-0.182541270194344,-4.42256720363347,1.00499293984999,3.20146810112011,3.82557741830383,FALSE
438,"linear",2000,-3.03339512523103,0.825069904613207,-4.66492033179376,-3.01885471489443,-1.39880965800224,-6.02622840538772,-0.300436194127759,3.26611067379152,3.82557741830383,FALSE
439,"linear",2000,-5.9029375379596,0.87923422722636,-7.61427160462245,-5.93430364614151,-4.16369646541555,-8.68820266449149,-2.90574549740768,3.45057513920691,3.82557741830383,FALSE
440,"linear",2000,0.944251232868207,0.604043840879145,-0.255017054055908,0.963679391971245,2.13938249396611,-1.12636716945016,2.97708668757484,2.39439954802201,3.82557741830383,FALSE
441,"linear",2000,-7.04979454895637,0.785802289468321,-8.607363984502,-7.04828274458342,-5.49702932723835,-9.92561203053196,-4.58398472174543,3.11033465726365,3.82557741830383,FALSE
442,"linear",2000,-7.75324447050928,0.64257611244624,-9.01277090827152,-7.73809637714716,-6.48369069541359,-9.90891255367996,-5.4653438143331,2.52908021285793,3.82557741830383,FALSE
443,"linear",2000,-2.39325505623432,0.633229242577927,-3.66032988949331,-2.40134291176452,-1.14260509869746,-4.75411653472152,-0.340673547426468,2.51772479079585,3.82557741830383,FALSE
444,"linear",2000,-5.25678660486312,0.893748553837195,-6.97401504811666,-5.25669929332512,-3.49567181231051,-8.84260780645037,-1.44650262064694,3.47834323580615,3.82557741830383,FALSE
445,"linear",2000,3.18536066972688,1.11395323455006,1.05238125295077,3.17928223807101,5.33952721435244,-0.993561782729984,7.07572997974925,4.28714596140167,3.82557741830383,TRUE
446,"linear",2000,-7.62230885614464,0.939369604473175,-9.5293320344618,-7.61510933431067,-5.82882986608131,-10.88807030071,-3.53360112875066,3.70050216838049,3.82557741830383,FALSE
447,"linear",2000,-4.36260473165866,0.736507363561622,-5.836673161322,-4.36447369291383,-2.90137750173551,-6.48424418634763,-1.90685776028662,2.93529565958649,3.82557741830383,FALSE
448,"linear",2000,-5.66323632319944,0.759740232779682,-7.17212311781464,-5.66376103703924,-4.15071382356899,-7.85586538908828,-3.11788783532663,3.02140929424564,3.82557741830383,FALSE
449,"linear",2000,-4.03161182277201,0.852582692456653,-5.67813789080559,-4.02441065802227,-2.42468668619033,-7.26702436745937,-1.24917930628387,3.25345120461526,3.82557741830383,FALSE
450,"linear",2000,-0.645297838721806,0.796099727622717,-2.23487607051103,-0.642277536144817,0.884778853165368,-3.09284895286404,2.27506299167186,3.1196549236764,3.82557741830383,FALSE
451,"linear",2000,-4.65528976600562,0.638415324659464,-5.95704961078803,-4.63471359764064,-3.48110417575319,-6.69966129999239,-2.64581146849342,2.47594543503484,3.82557741830383,FALSE
452,"linear",2000,-4.95154217215886,0.777235928959997,-6.53113383313399,-4.9434726228872,-3.41346985250373,-7.41396693966388,-2.30694121687681,3.11766398063026,3.82557741830383,FALSE
453,"linear",2000,-4.16319985576851,0.562945588384714,-5.28681813380942,-4.15435914310331,-3.0602915250101,-6.23428346341716,-2.18890092347377,2.22652660879932,3.82557741830383,FALSE
454,"linear",2000,-1.04041293011303,0.80597365252599,-2.64599397466403,-1.0263547558975,0.515564931832596,-3.91661886383784,1.57106160757338,3.16155890649662,3.82557741830383,FALSE
455,"linear",2000,-0.248693046809593,0.663029374377396,-1.55897388332004,-0.24444831423271,1.05128573549532,-2.48793113469709,1.83130888161643,2.61025961881536,3.82557741830383,FALSE
456,"linear",2000,-2.71880323243932,0.667942909785,-4.02549305737304,-2.72828516191102,-1.39928322443337,-5.22365538171189,-0.739989043930286,2.62620983293967,3.82557741830383,FALSE
457,"linear",2000,-3.05517488830816,0.492966913801687,-4.03168850299006,-3.04159650150993,-2.1225094964767,-4.75474380498261,-1.45925727046494,1.90917900651335,3.82557741830383,FALSE
458,"linear",2000,-5.58811202724266,0.43094140197044,-6.45072136861241,-5.59499594991383,-4.77741451375291,-7.15539408890781,-4.14944271566709,1.6733068548595,3.82557741830383,FALSE
459,"linear",2000,-3.89057475307519,1.26815891071273,-6.21902654658468,-3.91153200484673,-1.33863564458887,-7.59881530899654,1.41504046352517,4.88039090199581,3.82557741830383,TRUE
460,"linear",2000,-2.7307018602444,0.573470380058358,-3.92911381448798,-2.72646539177831,-1.61504593368656,-4.62125106818979,-0.889428549997126,2.31406788080142,3.82557741830383,FALSE
461,"linear",2000,-7.62736746939607,0.802656647809791,-9.19653147327988,-7.64634561161931,-6.04967795764372,-10.2884728487196,-4.83001427433276,3.14685351563616,3.82557741830383,FALSE
462,"linear",2000,-8.33076282349359,0.94544852821822,-10.15661962323,-8.32220740163469,-6.43785893667817,-11.4983581240306,-5.1576395650514,3.71876068655186,3.82557741830383,FALSE
463,"linear",2000,-3.08919581346569,0.665711689249986,-4.40864585886422,-3.07238310399119,-1.83110337940571,-5.66671093896272,-1.01852250721386,2.5775424794585,3.82557741830383,FALSE
464,"linear",2000,1.78135304417308,0.695822511874983,0.424084454410901,1.78975835336393,3.12702267254675,-0.741688533647724,4.0774716760428,2.70293821813585,3.82557741830383,FALSE
465,"linear",2000,-0.431051188374031,0.622412842358512,-1.66035305175911,-0.419549184249604,0.740035715627333,-2.63488134035181,1.58519300633582,2.40038876738644,3.82557741830383,FALSE
466,"linear",2000,-5.92632433196412,0.778055795272977,-7.43953451058209,-5.91772857427645,-4.38288264019967,-9.08290503924661,-3.32218221454238,3.05665187038242,3.82557741830383,FALSE
467,"linear",2000,0.334342260885665,0.678230880783522,-0.987248275960589,0.330318108420301,1.67564787968088,-2.03300342455173,3.34571589370364,2.66289615564147,3.82557741830383,FALSE
468,"linear",2000,-0.809561155870737,0.740714839259943,-2.26212612347908,-0.820324305083821,0.636260062876019,-3.11403163770866,1.48385532007612,2.8983861863551,3.82557741830383,FALSE
469,"linear",2000,-6.21939804600062,0.569609258901337,-7.33300846812751,-6.22373165339061,-5.12414421786638,-7.97759080520036,-4.38104471843991,2.20886425026113,3.82557741830383,FALSE
470,"linear",2000,-0.391117305407822,0.554249826577636,-1.47286866369154,-0.402730789858892,0.678684838755319,-2.44655067744383,1.51264522075721,2.15155350244686,3.82557741830383,FALSE
471,"linear",2000,-10.1894567561543,0.886166939757726,-11.9938842537669,-10.2035033810357,-8.43827034926927,-13.9965903035462,-6.87870790425664,3.55561390449762,3.82557741830383,FALSE
472,"linear",2000,-4.25700558903654,0.6052271786112,-5.43412150514081,-4.26476507845781,-3.0673358915828,-6.5827989096653,-2.21404461226791,2.36678561355802,3.82557741830383,FALSE
473,"linear",2000,-12.1801500957714,1.16643981360418,-14.2851458937658,-12.2075122728729,-9.80534841373722,-16.1239993282653,-7.37698262239361,4.47979748002857,3.82557741830383,TRUE
474,"linear",2000,-5.00952779657874,0.567341377963998,-6.12159973821546,-5.00694142215445,-3.89118311251393,-7.06325036268907,-3.45508469574582,2.23041662570153,3.82557741830383,FALSE
475,"linear",2000,-5.42480750603596,0.502151245455644,-6.42992826326826,-5.41508029092777,-4.46442347870902,-7.2200245304732,-3.8674784375723,1.96550478455924,3.82557741830383,FALSE
476,"linear",2000,1.80428868995977,0.685163062813389,0.493914989919066,1.81337172570351,3.11757507743139,-0.430205596129881,4.30766351991412,2.62366008751233,3.82557741830383,FALSE
477,"linear",2000,-4.61541054111948,0.637295602598269,-5.8566444624909,-4.61191052940057,-3.38317863510205,-6.77202488752241,-2.62178249820048,2.47346582738885,3.82557741830383,FALSE
478,"linear",2000,-2.905331188144,0.832397259641725,-4.53972469947349,-2.90721992313962,-1.25029986506973,-5.74070590991551,-0.314120272953925,3.28942483440376,3.82557741830383,FALSE
479,"linear",2000,1.33747336745097,0.682031877545714,0.0298604819194249,1.33646296469519,2.64482609587143,-1.34457244110879,3.52476120357836,2.614965613952,3.82557741830383,FALSE
480,"linear",2000,-7.725210973979,1.08415306559613,-9.80065247539029,-7.75530671668957,-5.54294648925074,-11.1018739834566,-3.57636693296212,4.25770598613955,3.82557741830383,TRUE
481,"linear",2000,-3.66633528371333,0.556506854502526,-4.7840420134332,-3.66257971379589,-2.60593805730273,-5.77668597551636,-1.89990855917987,2.17810395613048,3.82557741830383,FALSE
482,"linear",2000,-6.02838235056389,1.11635145760114,-8.21727210645001,-6.04978608534698,-3.87262257985025,-9.84208244047875,-2.27266614393616,4.34464952659976,3.82557741830383,TRUE
483,"linear",2000,-7.60945682686049,0.832913064684279,-9.28255356874823,-7.59268241202942,-6.07211787439404,-10.4107271742522,-4.98586830781301,3.21043569435419,3.82557741830383,FALSE
484,"linear",2000,-4.87962066394605,1.07112393119431,-6.9798201897612,-4.89386816704721,-2.81442387088872,-7.98028062369727,-0.875687344542853,4.16539631887248,3.82557741830383,TRUE
485,"linear",2000,-6.43300234508429,0.636391807582671,-7.74299309401042,-6.42478921840156,-5.19570546426232,-8.69554007608728,-4.32944119251696,2.5472876297481,3.82557741830383,FALSE
486,"linear",2000,-6.59204953333865,0.875621963228393,-8.27277154461574,-6.58991404497329,-4.86979185381252,-9.63738548867151,-3.42353890275252,3.40297969080322,3.82557741830383,FALSE
487,"linear",2000,0.377513982994764,0.719591771425585,-1.04318581808092,0.372035141870224,1.82807921214034,-2.17134386766854,3.49303154886596,2.87126503022126,3.82557741830383,FALSE
488,"linear",2000,1.29436607208817,0.585325140086,0.142924510181375,1.3044656356124,2.41840432320332,-1.01462610230549,3.28902629917533,2.27547981302194,3.82557741830383,FALSE
489,"linear",2000,-0.478726555443003,0.910434300408679,-2.17017301799422,-0.494395243967087,1.31134581756704,-3.5630442443775,2.74448083330883,3.48151883556126,3.82557741830383,FALSE
490,"linear",2000,-1.99940824439402,0.658222395274614,-3.28873433317244,-1.98976026364095,-0.768541362284642,-4.49409851383002,0.354473863031988,2.5201929708878,3.82557741830383,FALSE
491,"linear",2000,-4.53253931767321,0.688389196619368,-5.89790894856291,-4.54214176942449,-3.21421358147512,-6.79452916609904,-2.12299914793222,2.68369536708779,3.82557741830383,FALSE
492,"linear",2000,-6.0226710768135,0.910607466695656,-7.81632835681336,-6.012801737234,-4.28075665426228,-9.21831819489566,-3.16640195263808,3.53557170255108,3.82557741830383,FALSE
493,"linear",2000,-4.53869094827414,0.76439946536996,-6.05891357727226,-4.51797959019208,-3.06101975419471,-7.16571630893812,-2.16953701310912,2.99789382307755,3.82557741830383,FALSE
494,"linear",2000,-1.16491783483243,0.892449159285895,-2.88293071316124,-1.16460130237859,0.673307180030444,-4.29521849893405,1.99324822399604,3.55623789319168,3.82557741830383,FALSE
495,"linear",2000,-3.22824495713523,0.700066169222209,-4.66434014406841,-3.19844036943383,-1.87839084987266,-5.6864087310295,-1.07406568080123,2.78594929419575,3.82557741830383,FALSE
496,"linear",2000,-6.45467998747659,0.954661893410481,-8.29995733958976,-6.45675095753365,-4.64060009071663,-10.9966607026995,-2.68070192740745,3.65935724887313,3.82557741830383,FALSE
497,"linear",2000,1.40538512087198,0.828142250342855,-0.300799319451725,1.41994491509507,2.92568842197887,-1.30415594440525,4.14816412447569,3.2264877414306,3.82557741830383,FALSE
498,"linear",2000,-5.82870353106792,0.541084234890571,-6.91027838970223,-5.83967316813574,-4.76805113289009,-7.67038069358623,-3.86002260229003,2.14222725681214,3.82557741830383,FALSE
499,"linear",2000,-8.43971760846846,0.795051834658272,-10.0411315993271,-8.40089500749793,-7.0140573667613,-11.1087469722352,-5.85082172804724,3.02707423256577,3.82557741830383,FALSE
500,"linear",2000,-3.43257351035971,0.690217102596537,-4.7924221300646,-3.42539290854741,-2.11271823141942,-5.98065572052989,-1.37944896150512,2.67970389864518,3.82557741830383,FALSE
501,"linear",2000,-0.570689502401817,0.692454405384832,-1.95083774222046,-0.570925772658991,0.768546953026616,-2.84506152427616,2.0690315724927,2.71938469524707,3.82557741830383,FALSE
502,"linear",2000,-3.52324687576829,1.11009122069821,-5.72493305808425,-3.50183408598351,-1.42886045146539,-7.53267023643143,-0.191840658366286,4.29607260661886,3.82557741830383,TRUE
503,"linear",2000,-8.29581679973406,0.970993499435287,-10.231744997827,-8.31009170992654,-6.40032961804255,-11.7508912695705,-5.1981999996342,3.83141537978441,3.82557741830383,TRUE
504,"linear",2000,-6.45551098609746,0.74146289575646,-7.91526479922574,-6.47136471560172,-5.00819174109523,-8.97112584234856,-3.87435521353874,2.90707305813051,3.82557741830383,FALSE
505,"linear",2000,-2.17043332940434,0.770156163200377,-3.68185580450813,-2.16274116994083,-0.588071777978688,-4.80189595405441,0.633925037691545,3.09378402652944,3.82557741830383,FALSE
506,"linear",2000,-2.24132147193561,0.740525182219123,-3.74675057385568,-2.24446824710818,-0.815142740596685,-4.67442225136335,0.452668013585722,2.931607833259,3.82557741830383,FALSE
507,"linear",2000,-5.72377571442659,0.727397713263087,-7.12348807692657,-5.7031722499176,-4.26084731235596,-8.32847397210907,-2.92158164265052,2.86264076457061,3.82557741830383,FALSE
508,"linear",2000,-8.13341723081964,0.828109689725274,-9.77233498030108,-8.12414190561701,-6.56766849468848,-11.5611612965278,-5.12485201546753,3.2046664856126,3.82557741830383,FALSE
509,"linear",2000,-5.96446127868182,0.692880443269444,-7.34647925040461,-5.94506877088326,-4.62677082916161,-8.44012934290904,-3.34288674407033,2.719708421243,3.82557741830383,FALSE
510,"linear",2000,-1.98769976321938,0.508024690904487,-3.01386257455996,-1.99187961490801,-1.00894323618171,-3.76296545959025,-0.369126238244551,2.00491933837825,3.82557741830383,FALSE
511,"linear",2000,-5.97076981735961,0.672394206289508,-7.37326441051012,-5.98098164011019,-4.6707547580653,-8.32115977994571,-3.5209555767806,2.70250965244481,3.82557741830383,FALSE
512,"linear",2000,-4.25483673177262,0.729623044903235,-5.68180757126597,-4.23793225214545,-2.80595559479693,-7.00957335815515,-2.12797225643209,2.87585197646904,3.82557741830383,FALSE
513,"linear",2000,-6.9665042067738,1.11628660714275,-8.97864996674328,-7.02042158596071,-4.65680793506177,-11.3818962254872,-2.65826590127981,4.32184203168152,3.82557741830383,TRUE
514,"linear",2000,-2.52871354187563,0.658445643596921,-3.8341226736738,-2.52516578721761,-1.25603602573882,-4.95204249992641,0.283595848994544,2.57808664793498,3.82557741830383,FALSE
515,"linear",2000,-3.12872353447442,0.559793541237229,-4.21515562701744,-3.1263098653769,-2.00335414367396,-5.20642264392592,-1.31147588688478,2.21180148334348,3.82557741830383,FALSE
516,"linear",2000,-4.43437751305423,0.846446490601647,-6.05113969183346,-4.45570529349104,-2.75524226946329,-7.13172756054982,-1.40705266235975,3.29589742237017,3.82557741830383,FALSE
517,"linear",2000,1.76569053822331,0.810633873034393,0.259635538474975,1.75018661096811,3.39138628405068,-0.673384035802964,5.15826514740558,3.1317507455757,3.82557741830383,FALSE
518,"linear",2000,0.630575753208738,0.765744291480536,-0.788057771434027,0.605264493386832,2.18863862296856,-1.82924443429416,3.84436553135304,2.97669639440259,3.82557741830383,FALSE
519,"linear",2000,-2.87365730083565,0.775845784611199,-4.3241093693735,-2.90267151597573,-1.31019093000231,-5.1168463455063,0.28733409648012,3.01391843937119,3.82557741830383,FALSE
520,"linear",2000,-3.40610544176162,0.683177697452935,-4.74808825818711,-3.40047703514015,-2.04692120155913,-5.95112138174969,-1.35292322177981,2.70116705662799,3.82557741830383,FALSE
521,"linear",2000,-8.39873037689834,0.946729280538614,-10.2984679008991,-8.38693499619265,-6.62350475209341,-12.0896757034617,-4.98022858934991,3.6749631488057,3.82557741830383,FALSE
522,"linear",2000,-2.04923858037837,0.634061648245415,-3.35333527907516,-2.04577646105526,-0.820343119738667,-4.36809693664811,-0.00361606671433745,2.53299215933649,3.82557741830383,FALSE
523,"linear",2000,-7.94414377700286,0.660905757334286,-9.28464217850718,-7.93460090852121,-6.67147109088393,-10.1283587917343,-5.84148124580866,2.61317108762324,3.82557741830383,FALSE
524,"linear",2000,-7.03621119458211,0.595159341653585,-8.22467085459864,-7.03234646445813,-5.86055117280765,-9.12811657269896,-4.83854062167119,2.36411968179099,3.82557741830383,FALSE
525,"linear",2000,-5.39020599402277,0.595845834710323,-6.59812672657128,-5.37274043317294,-4.25762499421923,-7.32931567878971,-3.66408558962366,2.34050173235205,3.82557741830383,FALSE
526,"linear",2000,-5.67804516055441,0.939308512393334,-7.64067897223603,-5.65850639326519,-3.91852154791161,-8.62897905614852,-2.43465149790753,3.72215742432441,3.82557741830383,FALSE
527,"linear",2000,-0.834023145969884,0.702320099346264,-2.17377259256613,-0.822124110696467,0.528881450059242,-3.32790031770149,1.39848666265345,2.70265404262537,3.82557741830383,FALSE
528,"linear",2000,-5.28855155474023,0.549014002263849,-6.37774649923556,-5.31505923656382,-4.18748484336982,-7.05699904808054,-3.36319293541845,2.19026165586573,3.82557741830383,FALSE
529,"linear",2000,-6.2493211385503,0.922773763721992,-8.09788894077453,-6.24424779631932,-4.41512558261376,-9.54486054183623,-3.01716008533255,3.68276335816077,3.82557741830383,FALSE
530,"linear",2000,-2.65114651784062,0.468902020765775,-3.57109792601698,-2.65056636979913,-1.764740480069,-4.28973711255977,-0.996500690369233,1.80635744594798,3.82557741830383,FALSE
531,"linear",2000,-2.82173709858884,0.645216694244505,-4.15310426388069,-2.81089565162466,-1.58887778453194,-5.07687359987585,-0.597276081765866,2.56422647934876,3.82557741830383,FALSE
532,"linear",2000,-7.01197183010378,0.887617430895205,-8.79056329281847,-6.99202328987532,-5.30009908883656,-9.99380933318703,-4.39029259651422,3.49046420398192,3.82557741830383,FALSE
533,"linear",2000,-8.82060758093172,0.72390543720754,-10.1797511468727,-8.81842003866642,-7.31493609087509,-11.6836103919004,-6.39409556969527,2.86481505599757,3.82557741830383,FALSE
534,"linear",2000,-4.34156571074752,0.848065430979867,-6.09462646461725,-4.31408320492099,-2.71682237915576,-8.17117579417737,-1.63702214235763,3.37780408546149,3.82557741830383,FALSE
535,"linear",2000,-10.6620423028902,1.09801754067531,-12.8988586603127,-10.6489748327591,-8.58776122046181,-14.2892816314799,-6.20668547437397,4.31109743985091,3.82557741830383,TRUE
536,"linear",2000,-7.73600337350041,0.893761403568602,-9.50866829152804,-7.71329543090558,-6.02570540723075,-11.3029930277372,-4.62294385144973,3.48296288429729,3.82557741830383,FALSE
537,"linear",2000,-8.17271015347054,0.914919289009783,-9.97235739750796,-8.16734355849538,-6.36999221853903,-11.1327563741103,-4.34065562618214,3.60236517896893,3.82557741830383,FALSE
538,"linear",2000,-6.08662797426638,0.811937348145717,-7.65972398554974,-6.10518522110853,-4.49846044829955,-9.60247441556614,-2.80466160037703,3.16126353725019,3.82557741830383,FALSE
539,"linear",2000,-2.71468255875083,0.696757120211606,-4.1015452132276,-2.70766024984513,-1.35815901928571,-4.99226141684465,-0.139906259861402,2.74338619394188,3.82557741830383,FALSE
540,"linear",2000,-5.69758565203627,0.633308756580904,-6.91980286689597,-5.6948347584411,-4.43714311912281,-7.73638671521186,-3.35616608237726,2.48265974777316,3.82557741830383,FALSE
541,"linear",2000,-4.37707784397037,0.556199358490168,-5.46751748386774,-4.38471648631316,-3.26443994331824,-6.0922309504771,-2.6623095418354,2.2030775405495,3.82557741830383,FALSE
542,"linear",2000,-4.56572078228847,0.516709142620443,-5.59292790563983,-4.5602606217562,-3.54126287071539,-6.45848165537725,-3.0993936455111,2.05166503492443,3.82557741830383,FALSE
543,"linear",2000,-4.40996500565934,0.883572722172771,-6.13518361384798,-4.39762175119043,-2.72369399231728,-8.03990625105416,-0.877918464134969,3.4114896215307,3.82557741830383,FALSE
544,"linear",2000,-4.17835577686007,0.85580229454169,-5.88614807116694,-4.15673208566542,-2.51572821865444,-7.33618705972144,-1.24182572402,3.37041985251249,3.82557741830383,FALSE
545,"linear",2000,-7.29888539864134,0.917272194324327,-9.13918081942074,-7.29090095586237,-5.5339141878774,-10.6246646081329,-4.01873963355785,3.60526663154334,3.82557741830383,FALSE
546,"linear",2000,-0.10983223230173,0.874889662011431,-1.81302235435704,-0.118202410303668,1.56936455098844,-2.73094260322886,3.2151771727901,3.38238690534549,3.82557741830383,FALSE
547,"linear",2000,-4.12288935571413,0.762673939422513,-5.53865276422669,-4.14196671388238,-2.48807054704124,-6.4874944485168,-1.58008957261538,3.05058221718545,3.82557741830383,FALSE
548,"linear",2000,-5.39894115888175,0.74889282415831,-6.810113626349,-5.39075106155719,-3.94102293380597,-8.1064816635308,-3.04249926645018,2.86909069254303,3.82557741830383,FALSE
549,"linear",2000,-2.10921173289916,0.610083976129581,-3.31545680341458,-2.11104234562052,-0.886791164649915,-4.24855955673055,-0.190963704501516,2.42866563876466,3.82557741830383,FALSE
550,"linear",2000,-1.75514160068706,0.728630428806316,-3.20766328316852,-1.74355462319859,-0.317412005582418,-4.22108950288538,0.744748171445223,2.8902512775861,3.82557741830383,FALSE
551,"linear",2000,-2.52662635468073,0.534351503283326,-3.61366973911084,-2.51256386535935,-1.52286714798823,-4.15466933824458,-0.556106765792962,2.09080259112261,3.82557741830383,FALSE
552,"linear",2000,-3.17484264159136,0.61464231588606,-4.40404451707787,-3.15378552605458,-1.97984692384977,-5.45966767832839,-1.2234075660879,2.4241975932281,3.82557741830383,FALSE
553,"linear",2000,-8.1255147270169,1.06855324179037,-10.2144845996196,-8.16874139011352,-6.05414961065945,-11.8400969826985,-4.49975807915036,4.16033498896015,3.82557741830383,TRUE
554,"linear",2000,-3.26628921263413,0.986710030921044,-5.21361426130371,-3.26573087317359,-1.36448414576706,-6.31487194037018,0.580275784231234,3.84913011553665,3.82557741830383,TRUE
555,"linear",2000,-1.83786673815146,0.939750014045694,-3.66444603313662,-1.8541920248566,-0.00602621437200133,-4.96715804162298,1.21714690087283,3.65841981876461,3.82557741830383,FALSE
556,"linear",2000,-6.94237220486845,0.579802997058752,-8.09614652025349,-6.93747971821681,-5.84934233822288,-9.18768757413164,-4.98490001778991,2.24680418203061,3.82557741830383,FALSE
557,"linear",2000,-8.63264791517356,0.930394338081342,-10.5496380743876,-8.60824564563341,-6.91282954292213,-11.6661961214001,-5.86113344674198,3.63680853146548,3.82557741830383,FALSE
558,"linear",2000,-5.4903093679154,0.852014951371422,-7.09420263467386,-5.48455158274109,-3.86246417899108,-8.66487485238731,-2.3596356473689,3.23173845568278,3.82557741830383,FALSE
559,"linear",2000,-6.04881491239824,0.634147439934352,-7.35394878808006,-6.04174208736949,-4.82435469514017,-8.50390620281897,-4.17732749387126,2.52959409293989,3.82557741830383,FALSE
560,"linear",2000,-4.60774652623484,0.532507830676866,-5.70884926755731,-4.6038229358884,-3.6099055247165,-6.29901975999172,-2.75341053773797,2.09894374284082,3.82557741830383,FALSE
561,"linear",2000,1.14434629788426,0.616221589058859,-0.0812730230034951,1.14021012547615,2.31881421769799,-1.00456381760009,3.26292737051359,2.40008724070149,3.82557741830383,FALSE
562,"linear",2000,-0.742002403764183,0.949636118400087,-2.65815649494769,-0.715683212572389,1.03242973869673,-3.9650103456233,3.18043050715118,3.69058623364443,3.82557741830383,FALSE
563,"linear",2000,-7.60407958445644,0.700085795732653,-9.06970246208395,-7.58913705825644,-6.2456861886904,-10.2768799245023,-5.27337712973686,2.82401627339355,3.82557741830383,FALSE
564,"linear",2000,-6.89290158408504,0.629771702175791,-8.09503232044863,-6.89430607251222,-5.64920511155038,-9.09757407855721,-4.95503438043718,2.44582720889826,3.82557741830383,FALSE
565,"linear",2000,-8.32642426025909,0.779977111169743,-9.80351819130831,-8.30868693294146,-6.81967307658419,-11.0067291664256,-5.54435764401091,2.98384511472412,3.82557741830383,FALSE
566,"linear",2000,-11.2277228745495,0.809267009768486,-12.8274759061257,-11.2205609036724,-9.67641134072169,-13.7386691277919,-8.74267438155747,3.15106456540401,3.82557741830383,FALSE
567,"linear",2000,-3.46891560102233,0.987445871474696,-5.42682349065158,-3.47838863736056,-1.52660987544532,-6.58561430069135,-0.0208126195352787,3.90021361520625,3.82557741830383,TRUE
568,"linear",2000,-0.0380157741015211,0.571968541565768,-1.19232911602751,-0.0481912854084448,1.06406743350476,-1.9074671015457,1.85444545315158,2.25639654953227,3.82557741830383,FALSE
569,"linear",2000,-6.66062414869928,0.538144831819032,-7.74320855984433,-6.66002201518907,-5.61751176097394,-8.38719208859022,-5.02817548552323,2.12569679887039,3.82557741830383,FALSE
570,"linear",2000,-6.2808986415421,0.935281925647298,-8.09401342520267,-6.29445395793907,-4.41166967436367,-10.362184938249,-3.23397856163261,3.68234375083899,3.82557741830383,FALSE
571,"linear",2000,-3.96743941912686,0.570422072319635,-5.12942814355191,-3.96323475489719,-2.8516955810975,-5.82753768320213,-1.86222627392549,2.27773256245441,3.82557741830383,FALSE
572,"linear",2000,1.86320299793286,0.753614533269558,0.415010194229292,1.86869608613224,3.32869166565658,-0.812727664291627,4.4709041799573,2.91368147142729,3.82557741830383,FALSE
573,"linear",2000,-5.993247565572,0.914349749848897,-7.83582041962299,-5.98114055837549,-4.28922422946866,-10.2399038551992,-2.85581938922789,3.54659619015433,3.82557741830383,FALSE
574,"linear",2000,-7.58819759427253,0.626125913788848,-8.80488469073608,-7.59807417305895,-6.36692745504108,-9.483366320583,-5.32262154735835,2.437957235695,3.82557741830383,FALSE
575,"linear",2000,-5.03811464035648,0.595498805983861,-6.21907246573307,-5.04262633214021,-3.85840832759945,-6.95649514172199,-2.85004052080357,2.36066413813362,3.82557741830383,FALSE
576,"linear",2000,-3.8732351282087,0.525539832877934,-4.90318783932185,-3.89129900851179,-2.80189533320846,-5.81932296562239,-1.97284589425947,2.10129250611339,3.82557741830383,FALSE
577,"linear",2000,-7.17500898162103,0.808236687390025,-8.75578582571422,-7.18101883648317,-5.54023001471588,-10.3182729032541,-4.40256280674706,3.21555581099834,3.82557741830383,FALSE
578,"linear",2000,-2.1257879914268,0.583098795735897,-3.25054489017787,-2.13317172931998,-1.00231190073443,-4.16427095488739,-0.0915829573238782,2.24823298944343,3.82557741830383,FALSE
579,"linear",2000,-4.34985793221848,0.539237318009924,-5.45904274804907,-4.32056879818712,-3.31802497252343,-5.98177963801849,-2.23553019061278,2.14101777552564,3.82557741830383,FALSE
580,"linear",2000,-1.23137534701805,0.882971888443001,-2.90743537890732,-1.2630933230891,0.596676722155846,-3.80807038318886,2.38071271619631,3.50411210106317,3.82557741830383,FALSE
581,"linear",2000,-9.87390287352723,0.941045186657647,-11.7409716575788,-9.90633727420642,-8.0336890956724,-12.6472793647604,-6.52664118507345,3.70728256190641,3.82557741830383,FALSE
582,"linear",2000,-0.411034681404693,0.742463416938428,-1.8574508348548,-0.406264640900984,1.03902901949745,-2.68869467884839,2.21714537579478,2.89647985435225,3.82557741830383,FALSE
583,"linear",2000,-0.345993473202111,0.801076699900207,-1.95938729906584,-0.316876982213398,1.18316934259619,-3.2043210915189,2.16495467405632,3.14255664166202,3.82557741830383,FALSE
584,"linear",2000,0.357697643784444,0.707248101238044,-0.985142548273862,0.34987421174363,1.76017574857359,-1.81288682493768,2.95678726461603,2.74531829684745,3.82557741830383,FALSE
585,"linear",2000,-9.56155361057726,0.620586867810707,-10.7865133950089,-9.58071818937492,-8.28094863393433,-11.691280608736,-7.41417795322207,2.50556476107455,3.82557741830383,FALSE
586,"linear",2000,-1.68455070125709,0.526643659913358,-2.70778588741046,-1.6783503460231,-0.692769131658628,-3.49874137057012,0.0603530379480072,2.01501675575183,3.82557741830383,FALSE
587,"linear",2000,-4.23401836662701,0.619475240948185,-5.44811713269924,-4.25003921667541,-3.00737476680786,-6.21122478993861,-2.32569863623954,2.44074236589138,3.82557741830383,FALSE
588,"linear",2000,-1.98747289032931,0.692542476700993,-3.3897620762738,-1.99746254159528,-0.623841445560748,-4.04890579629281,0.289976623394141,2.76592063071306,3.82557741830383,FALSE
589,"linear",2000,-4.74598121084763,0.841069013950968,-6.36466948432312,-4.76868800993033,-3.09491201984232,-7.68937144923022,-1.18433242156898,3.2697574644808,3.82557741830383,FALSE
590,"linear",2000,-1.34925982389492,0.899629446109677,-3.1857723353463,-1.35029732867966,0.32400598012045,-4.43542290643938,2.06198496960154,3.50977831546675,3.82557741830383,FALSE
591,"linear",2000,-11.3635845299274,0.931722252022932,-13.1171283913685,-11.3766052914598,-9.54201050207815,-14.5455423456304,-8.25226876646375,3.57511788929036,3.82557741830383,FALSE
592,"linear",2000,-3.40170939797754,0.653976430166501,-4.75944537248646,-3.39059554577976,-2.10234275372753,-6.10332559039919,-1.1678921375407,2.65710261875893,3.82557741830383,FALSE
593,"linear",2000,-4.6945129880099,0.733907217552108,-6.12265734130372,-4.69122090590341,-3.28168664420557,-7.52895188032358,-2.15603412968066,2.84097069709814,3.82557741830383,FALSE
594,"linear",2000,-6.17693742883796,0.615491059189856,-7.40674385636786,-6.16935578312683,-4.9819939707335,-8.44346103322197,-4.01218354566915,2.42474988563436,3.82557741830383,FALSE
595,"linear",2000,-2.64395496491911,0.60129254992529,-3.83011297712096,-2.64571221092921,-1.43945719339279,-5.11461405094795,-0.595870210611845,2.39065578372817,3.82557741830383,FALSE
596,"linear",2000,-4.9802410017406,0.466912899870034,-5.89355766595221,-4.96434385667203,-4.07917429074238,-6.4072325517125,-3.41514379271653,1.81438337520983,3.82557741830383,FALSE
597,"linear",2000,-6.89568659274414,0.484321622474163,-7.85953421461204,-6.89489887148594,-5.94989017981481,-8.5606962315918,-5.25107470727901,1.90964403479723,3.82557741830383,FALSE
598,"linear",2000,-1.01903964199822,0.667076379235671,-2.36961928737265,-1.04767440582236,0.319800356404558,-3.53035692434483,1.47870986406392,2.68941964377721,3.82557741830383,FALSE
599,"linear",2000,-5.70274248785942,1.06530389468767,-7.82638419315537,-5.7196619259286,-3.66977469934235,-9.33732449049245,-2.05552701177585,4.15660949381302,3.82557741830383,TRUE
600,"linear",2000,-2.79595802564181,0.884216394639493,-4.51971188293384,-2.8243845101848,-1.0245841763707,-5.83585101203952,0.588939181343058,3.49512770656315,3.82557741830383,FALSE
601,"linear",2000,-3.62493296849272,0.547697440579276,-4.69146162367655,-3.61713827806949,-2.60987747923142,-5.66468703810166,-1.88632309414228,2.08158414444513,3.82557741830383,FALSE
602,"linear",2000,-1.22253956414341,0.719422071612027,-2.6135500477893,-1.21418103858735,0.174877123520372,-3.85798213289922,1.71912819844175,2.78842717130967,3.82557741830383,FALSE
603,"linear",2000,-5.13878677992186,0.497536099890511,-6.08697430393315,-5.12509913975762,-4.11741982095887,-6.93880043031931,-3.25573545818421,1.96955448297427,3.82557741830383,FALSE
604,"linear",2000,-4.19260175044995,0.687710261092163,-5.5812626212649,-4.18883733812197,-2.82831374276284,-6.55353578509038,-2.06476236943936,2.75294887850206,3.82557741830383,FALSE
605,"linear",2000,-0.381222317770484,0.629493502426826,-1.59664767628293,-0.381255015028329,0.87295514917233,-2.71304812566849,1.63974980036318,2.46960282545526,3.82557741830383,FALSE
606,"linear",2000,-0.711244464154846,0.69145722509527,-2.05157685020896,-0.711817712362865,0.648806124857592,-3.16116324782407,1.65971284932993,2.70038297506655,3.82557741830383,FALSE
607,"linear",2000,-2.71939054038481,1.0322371178642,-4.82691094929448,-2.70605204084039,-0.7583480500746,-6.79164031703675,1.22734167597617,4.06856289921988,3.82557741830383,TRUE
608,"linear",2000,-4.46454100114415,0.805758898500181,-6.07643444602743,-4.48388302941186,-2.88987449753874,-7.24821730438406,-1.89852793384736,3.18655994848869,3.82557741830383,FALSE
609,"linear",2000,-11.4003704818861,0.693513736525297,-12.7780249742981,-11.4070214314047,-10.0840144551753,-13.616610754106,-9.19173885066109,2.69401051912285,3.82557741830383,FALSE
610,"linear",2000,-0.4424655689071,0.684935272002559,-1.72131342885385,-0.461741463985094,0.902318358626187,-2.44948911721346,2.40272926311035,2.62363178748004,3.82557741830383,FALSE
611,"linear",2000,-5.86174879100009,0.798776795783567,-7.39861780223051,-5.86015121887399,-4.29866476913286,-8.43804012430663,-3.18007481723556,3.09995303309765,3.82557741830383,FALSE
612,"linear",2000,0.225152221139949,0.582199861096753,-0.918681984401328,0.225370754821496,1.36053701738922,-1.78738751223252,2.25878308698403,2.27921900179054,3.82557741830383,FALSE
613,"linear",2000,-7.1273708241752,0.946824403276662,-9.12425082919028,-7.11377478077411,-5.31195958332507,-10.226572075471,-4.2062139051823,3.81229124586521,3.82557741830383,FALSE
614,"linear",2000,-1.76828572029573,0.607599789652458,-2.95357138624105,-1.7586456730299,-0.544827440543812,-3.94317530436626,0.439987039678234,2.40874394569724,3.82557741830383,FALSE
615,"linear",2000,-6.41027905472572,0.952147276117293,-8.23925220868927,-6.42244376014205,-4.49359242946988,-9.34689685779122,-2.88426799216089,3.7456597792194,3.82557741830383,FALSE
1,"logistic",2000,0.890746961777434,0.0382098590959899,0.80272354988326,0.895063507797476,0.949652530204296,0.708199272543061,0.983575176672882,0.146928980321037,0.462852192078669,FALSE
2,"logistic",2000,0.997628854210524,0.00179609355355087,0.993314551760952,0.99807428074542,0.999607216275089,0.979524284731239,0.999971948982848,0.00629266451413646,0.462852192078669,FALSE
3,"logistic",2000,0.976389549550557,0.0145593905358397,0.939847134486869,0.979365478542372,0.994693321759703,0.874081007254494,0.999659243562869,0.0548461872728341,0.462852192078669,FALSE
4,"logistic",2000,0.823908306105831,0.076938139603791,0.63513307466738,0.834789698322431,0.942317849240769,0.366674042934624,0.980228049960729,0.30718477457339,0.462852192078669,FALSE
5,"logistic",2000,0.864568424506978,0.0621028521676097,0.722388341719198,0.87555430785141,0.954189758340998,0.536489897771531,0.977599661803174,0.2318014166218,0.462852192078669,FALSE
6,"logistic",2000,0.60589333672326,0.121050751275461,0.35763957624996,0.608539572787804,0.828724704396258,0.166828799259351,0.927886399543119,0.471085128146297,0.462852192078669,TRUE
7,"logistic",2000,0.969620540231572,0.0171180039767246,0.926064350129229,0.973118572377453,0.992559129238648,0.889910744312621,0.999168168946964,0.0664947791094197,0.462852192078669,FALSE
8,"logistic",2000,0.866892156454081,0.0539348652806827,0.740176945227087,0.875356024427849,0.94895313044392,0.631864546220337,0.97864792636171,0.208776185216834,0.462852192078669,FALSE
9,"logistic",2000,0.13294224084808,0.0575404130435236,0.0430875394424031,0.125228084981454,0.265867811216238,0.023324826334623,0.405197712155407,0.222780271773835,0.462852192078669,FALSE
10,"logistic",2000,0.833840983020859,0.0695495055545839,0.667191637681018,0.845579647967854,0.940766889369353,0.504949544552117,0.9716028437452,0.273575251688335,0.462852192078669,FALSE
11,"logistic",2000,0.903499144537445,0.052082728302308,0.78224032609817,0.913099665398116,0.975588302132359,0.545241911783608,0.990412578381612,0.193347976034188,0.462852192078669,FALSE
12,"logistic",2000,0.249459655177929,0.0674239937253265,0.131932303679754,0.242085728844206,0.393966130809658,0.093981378254913,0.517192047537106,0.262033827129903,0.462852192078669,FALSE
13,"logistic",2000,0.99489416351661,0.00425324599613811,0.983243931412564,0.996104223842754,0.999240351956497,0.961024246550863,0.999803166610946,0.0159964205439329,0.462852192078669,FALSE
14,"logistic",2000,0.19724211406172,0.0639241900985763,0.0900672244403417,0.189710228557436,0.340371620737269,0.0289349270709979,0.461920587186766,0.250304396296927,0.462852192078669,FALSE
15,"logistic",2000,0.181716586651651,0.0791560631011579,0.0637265690974674,0.170238989922955,0.365558332958955,0.0196738876303009,0.591513449621383,0.301831763861487,0.462852192078669,FALSE
16,"logistic",2000,0.675950949979398,0.0988892488667006,0.475719307574478,0.679718425669025,0.859558625348285,0.360316278103445,0.948363235115486,0.383839317773808,0.462852192078669,FALSE
17,"logistic",2000,0.51171597466618,0.122571232987334,0.278151506121214,0.514376255283768,0.741003698199884,0.146934045370303,0.884522645511669,0.462852192078669,0.462852192078669,TRUE
18,"logistic",2000,0.967672750264859,0.018078802321712,0.925199900333544,0.971243796826705,0.99101289381069,0.791166998937883,0.996259301552227,0.0658129934771459,0.462852192078669,FALSE
19,"logistic",2000,0.389751784058995,0.125120417001378,0.171419158937678,0.383573628278383,0.639748413518537,0.0744407553327644,0.826863641613361,0.468329254580859,0.462852192078669,TRUE
20,"logistic",2000,0.962611246276512,0.0152135134325413,0.927629004622813,0.965224330627121,0.985232001926653,0.885418836921445,0.994386706185545,0.0576029973038401,0.462852192078669,FALSE
21,"logistic",2000,0.525700843507905,0.105878290464399,0.323534495030374,0.523733397796434,0.74001981931368,0.254607644780362,0.844057657925041,0.416485324283306,0.462852192078669,FALSE
22,"logistic",2000,0.72532864979543,0.0675116241748993,0.581212311727906,0.73052934938565,0.84518723133622,0.461093236992895,0.895162928915997,0.263974919608315,0.462852192078669,FALSE
23,"logistic",2000,0.24191346878433,0.094377977708438,0.0899700078995322,0.232564795594712,0.452514068230008,0.0396959700287226,0.627580236323851,0.362544060330476,0.462852192078669,FALSE
24,"logistic",2000,0.0621873750717201,0.0317790752856243,0.0183943507025448,0.0562282327286459,0.140783303638902,0.00651844037639526,0.248455072771023,0.122388952936357,0.462852192078669,FALSE
25,"logistic",2000,0.921201305475217,0.0363652242777325,0.831864372557562,0.925958830197112,0.975031442978094,0.731614128785428,0.989448687611919,0.143167070420532,0.462852192078669,FALSE
26,"logistic",2000,0.897047459517204,0.0419231897220607,0.80048614076205,0.902411958333057,0.960538085576122,0.717766080035795,0.988368817945041,0.160051944814071,0.462852192078669,FALSE
27,"logistic",2000,0.250513346333089,0.0723852763737296,0.125238322777385,0.245542043145235,0.409958153643429,0.0594741859751024,0.55543921863478,0.284719830866045,0.462852192078669,FALSE
28,"logistic",2000,0.385754650854517,0.112683337706284,0.173144687805004,0.383584603212434,0.609207283760283,0.0789061669692678,0.731224679406226,0.436062595955279,0.462852192078669,FALSE
29,"logistic",2000,0.274376731891217,0.117355376502949,0.08894208954334,0.256396405918134,0.538116547516466,0.0271346569041697,0.902340574527186,0.449174457973126,0.462852192078669,FALSE
30,"logistic",2000,0.654654729472931,0.0905031059414196,0.466405406755783,0.659869951897733,0.819920278068733,0.332278560451936,0.886863521772985,0.35351487131295,0.462852192078669,FALSE
31,"logistic",2000,0.264597025518309,0.0889169913264031,0.116788089599477,0.258257287644905,0.468359986474196,0.0589711291587915,0.591011260171025,0.351571896874718,0.462852192078669,FALSE
32,"logistic",2000,0.988637194672701,0.00771077095763922,0.968604982553524,0.990610766017717,0.997782946987075,0.936323150083374,0.99917925530885,0.0291779644335511,0.462852192078669,FALSE
33,"logistic",2000,0.948743488712813,0.0260805838836574,0.885024988444021,0.953432754455455,0.984903852982025,0.765871102338341,0.99415623498868,0.099878864538004,0.462852192078669,FALSE
34,"logistic",2000,0.708854094925515,0.086084338498418,0.518609531557306,0.716381748807597,0.854327644148252,0.331862002306717,0.936580700505871,0.335718112590945,0.462852192078669,FALSE
35,"logistic",2000,0.323926556101026,0.0907283782833119,0.166891998289021,0.319326096040652,0.527523643588506,0.0819696574411977,0.652664034769043,0.360631645299485,0.462852192078669,FALSE
36,"logistic",2000,0.11077268700355,0.0684205861652241,0.0252856696491443,0.0941014902805073,0.283088931655668,0.00721342044241027,0.480432982102724,0.257803262006523,0.462852192078669,FALSE
37,"logistic",2000,0.335753672400647,0.0746684016377311,0.195773641515224,0.333093353481331,0.488193548312628,0.115588020251242,0.638406606527863,0.292419906797405,0.462852192078669,FALSE
38,"logistic",2000,0.989974874185794,0.00698586012315835,0.971186012830454,0.991675318590714,0.998003295019378,0.942165183871419,0.99926985524051,0.026817282188924,0.462852192078669,FALSE
39,"logistic",2000,0.32537963074386,0.0866125030422784,0.172956977711486,0.318581832305589,0.509305126652932,0.105541982077858,0.662935915068129,0.336348148941446,0.462852192078669,FALSE
40,"logistic",2000,0.451373302866875,0.105757661250245,0.255880134260873,0.44618338284704,0.664037900084356,0.16952316849172,0.778918942216169,0.408157765823483,0.462852192078669,FALSE
41,"logistic",2000,0.999210480628086,0.000692476794223228,0.997337274280544,0.999401604494103,0.999912072882765,0.99412201272695,0.999990936879977,0.00257479860222065,0.462852192078669,FALSE
42,"logistic",2000,0.60850414325358,0.0687768896654753,0.466612363444549,0.612172890569312,0.735758973498763,0.302590029308768,0.830410158143812,0.269146610054214,0.462852192078669,FALSE
43,"logistic",2000,0.340814148682675,0.14974371487445,0.0869748178337051,0.331147812461157,0.63820887524942,0.0214289338233983,0.865286244477332,0.551234057415715,0.462852192078669,TRUE
44,"logistic",2000,0.425486787453372,0.123222034382464,0.212531207407602,0.417636939430381,0.682266993821858,0.114735063992904,0.86689997098493,0.469735786414256,0.462852192078669,TRUE
45,"logistic",2000,0.88010524249615,0.0532991918309947,0.754150136005645,0.888406928146974,0.959793193188235,0.56955960821634,0.983413107273973,0.205643057182591,0.462852192078669,FALSE
46,"logistic",2000,0.649740384555715,0.071717820031879,0.495974760769528,0.653679764603502,0.77971914528542,0.382437790525724,0.900641659439947,0.283744384515893,0.462852192078669,FALSE
47,"logistic",2000,0.98219878908833,0.0116521189818937,0.952758007255901,0.984968885965337,0.996333061729852,0.898641641555286,0.998545758318614,0.0435750544739508,0.462852192078669,FALSE
48,"logistic",2000,0.902690719896285,0.0522479138195474,0.774787833011994,0.912970060870934,0.973822360581746,0.571383761140596,0.995108981285221,0.199034527569752,0.462852192078669,FALSE
49,"logistic",2000,0.824006308475029,0.079903257461324,0.637231537176379,0.837957003452614,0.940029439778307,0.464541095193329,0.969782025514479,0.302797902601928,0.462852192078669,FALSE
50,"logistic",2000,0.71613796177245,0.110349943183132,0.467804840330686,0.73044417097181,0.89327799393573,0.299382486930084,0.946267818293915,0.425473153605044,0.462852192078669,FALSE
51,"logistic",2000,0.737729163002569,0.110070516952006,0.501266044092421,0.745327467413843,0.919822575890417,0.279671105054597,0.987026498151974,0.418556531797995,0.462852192078669,FALSE
52,"logistic",2000,0.527910919902727,0.127315997070424,0.273555624928779,0.533341565331247,0.762086571298467,0.125632721899933,0.892225161830673,0.488530946369688,0.462852192078669,TRUE
53,"logistic",2000,0.64535938929377,0.106602926948419,0.422209877771362,0.652419660152501,0.832549562000439,0.274896886218587,0.918352241986418,0.410339684229077,0.462852192078669,FALSE
54,"logistic",2000,0.566402630412419,0.130843118681127,0.294871866193855,0.571313549877039,0.804262426536782,0.130731828522242,0.895686741176101,0.509390560342927,0.462852192078669,TRUE
55,"logistic",2000,0.901443841331271,0.054856071607882,0.770540977053456,0.914054020882198,0.971427801749305,0.509322788528661,0.989951681982227,0.200886824695849,0.462852192078669,FALSE
56,"logistic",2000,0.13416444480551,0.0543800918189096,0.0493385870351229,0.126640709001742,0.262440608282147,0.0147736970568139,0.380151451062261,0.213102021247024,0.462852192078669,FALSE
57,"logistic",2000,0.0721125621233103,0.0399133356025466,0.0205768074175986,0.0636708493460239,0.175394317711333,0.0112232259770539,0.339942977830396,0.154817510293734,0.462852192078669,FALSE
58,"logistic",2000,0.0992986072302249,0.0391536002199803,0.0383135975422939,0.0938100745368432,0.190457020416048,0.0132147730648081,0.2495816272826,0.152143422873754,0.462852192078669,FALSE
59,"logistic",2000,0.0873565902715913,0.0466505454677451,0.0251169463758305,0.0785457255054203,0.196837410589543,0.0104494309719647,0.50690830091604,0.171720464213713,0.462852192078669,FALSE
60,"logistic",2000,0.735744362252712,0.0977051670824776,0.518167746094965,0.74818889274424,0.895152449648626,0.307448580912396,0.955275729447601,0.376984703553661,0.462852192078669,FALSE
61,"logistic",2000,0.579159954944908,0.129897038712108,0.328086634350158,0.582621981178364,0.83417648340729,0.167631861139579,0.92511957402358,0.506089849057132,0.462852192078669,TRUE
62,"logistic",2000,0.994290902677437,0.00567715312298922,0.979562774529861,0.996004441693525,0.999436325663176,0.92118395282478,0.999915417262067,0.0198735511333141,0.462852192078669,FALSE
63,"logistic",2000,0.0914553760735837,0.0426135532036413,0.02926758876181,0.0845127431567701,0.188757669387534,0.0111989081337646,0.367051729535904,0.159490080625724,0.462852192078669,FALSE
64,"logistic",2000,0.867406341406257,0.0443037978332621,0.769480226340979,0.871783768209249,0.939683407336841,0.664193567420429,0.973222718394111,0.170203180995862,0.462852192078669,FALSE
65,"logistic",2000,0.12016108301127,0.0484727046073849,0.0434715211181358,0.11259102196887,0.234132601652156,0.0139820065273603,0.341633436542184,0.19066108053402,0.462852192078669,FALSE
66,"logistic",2000,0.960386098475902,0.0237257915778441,0.901050694877283,0.965305769547033,0.991273490082753,0.80551174840849,0.999514949571425,0.0902227952054698,0.462852192078669,FALSE
67,"logistic",2000,0.880017863833067,0.0606214373551498,0.736649997392246,0.890240611137096,0.96563725732118,0.527171436204939,0.991241188680248,0.228987259928933,0.462852192078669,FALSE
68,"logistic",2000,0.421926811123144,0.101593423636691,0.242348826382072,0.420306334390321,0.632041551046569,0.15340464605267,0.700643317187639,0.389692724664497,0.462852192078669,FALSE
69,"logistic",2000,0.831345131594491,0.0571937646792349,0.702461972891789,0.837157932302085,0.926307300668664,0.589361754201926,0.967014587331661,0.223845327776875,0.462852192078669,FALSE
70,"logistic",2000,0.222530036455905,0.0938539292997907,0.0815638290840135,0.207857554840279,0.43866832140032,0.0422455728529295,0.658639371024138,0.357104492316307,0.462852192078669,FALSE
71,"logistic",2000,0.862815175314078,0.0703126747553201,0.687469952124544,0.876015409991553,0.959132480430323,0.494284710693872,0.981929443714467,0.27166252830578,0.462852192078669,FALSE
72,"logistic",2000,0.582840630307649,0.119748668959953,0.338136952036775,0.590282432266454,0.796795443344468,0.109260848992892,0.887708373188085,0.458658491307693,0.462852192078669,FALSE
73,"logistic",2000,0.329668833497499,0.0739457492703628,0.194657426186899,0.327678251282669,0.475841148299384,0.0821335264072318,0.63009338523695,0.281183722112484,0.462852192078669,FALSE
74,"logistic",2000,0.210620648917836,0.0700427208386619,0.0945399665912249,0.204725175587453,0.364565974403015,0.0484852787180244,0.553896270247532,0.27002600781179,0.462852192078669,FALSE
75,"logistic",2000,0.983875682406116,0.0108419233506856,0.955485506913502,0.986514235100388,0.996935117575357,0.916245899083967,0.999681940724528,0.0414496106618549,0.462852192078669,FALSE
76,"logistic",2000,0.603907602418257,0.123356821768349,0.333446701140242,0.616555394825807,0.810023950535409,0.128856884980965,0.918536726612409,0.476577249395167,0.462852192078669,TRUE
77,"logistic",2000,0.940778382232833,0.0345771309492058,0.857132818208656,0.947968316411989,0.985978736078656,0.723982623148027,0.993943301459443,0.12884591787,0.462852192078669,FALSE
78,"logistic",2000,0.48930187635602,0.127574004321703,0.247147926636858,0.487384407232988,0.745040936294262,0.0936970776057023,0.893087354752146,0.497893009657404,0.462852192078669,TRUE
79,"logistic",2000,0.682632134132718,0.10945485143861,0.440061373931002,0.694059414858087,0.864852411193903,0.269574917131703,0.931369958373649,0.4247910372629,0.462852192078669,FALSE
80,"logistic",2000,0.999882827170797,0.000136421172950814,0.999483603438664,0.999926508397172,0.999992808883341,0.99834598775915,0.999998593400965,0.000509205444677252,0.462852192078669,FALSE
81,"logistic",2000,0.406119128830205,0.113124566037527,0.192776599842052,0.405545929880876,0.628995442091691,0.0838980235954674,0.778102322281575,0.436218842249639,0.462852192078669,FALSE
82,"logistic",2000,0.635739969781128,0.117001028293325,0.383092537813378,0.643405717185344,0.839626495132357,0.112243108691045,0.921123918858546,0.456533957318978,0.462852192078669,FALSE
83,"logistic",2000,0.735956887277473,0.128347781598381,0.433802208208488,0.75329171481904,0.924524674909572,0.194574770291243,0.979545872548634,0.490722466701084,0.462852192078669,TRUE
84,"logistic",2000,0.141958514979344,0.0863268792905115,0.030638008663021,0.123405787447867,0.364484918971458,0.0125882556629021,0.55556299006893,0.333846910308437,0.462852192078669,FALSE
85,"logistic",2000,0.887924247177692,0.0500597762870105,0.767584462686885,0.897519968427412,0.961926993254324,0.639758914033805,0.988240152019929,0.194342530567439,0.462852192078669,FALSE
86,"logistic",2000,0.970414085954174,0.0167543626335631,0.931042084253162,0.973734779428984,0.991867089318326,0.805711027034445,0.99670799475511,0.0608250050651641,0.462852192078669,FALSE
87,"logistic",2000,0.252890018997808,0.0967840019264034,0.099437879757664,0.241715025972601,0.46519894544563,0.0442609292927644,0.649885868846369,0.365761065687966,0.462852192078669,FALSE
88,"logistic",2000,0.235446759738975,0.0868961675770782,0.096364520790828,0.228872658418427,0.426129066963925,0.0440155232798437,0.563940833193276,0.329764546173097,0.462852192078669,FALSE
89,"logistic",2000,0.390033290141467,0.13447238971569,0.167670202629171,0.379951215494265,0.6775058420003,0.0667486889633503,0.915866058822095,0.50983563937113,0.462852192078669,TRUE
90,"logistic",2000,0.829185188466947,0.0810755665254912,0.64263200601739,0.84041950503892,0.951832142311895,0.47101436231513,0.997489476089817,0.309200136294504,0.462852192078669,FALSE
91,"logistic",2000,0.826651784643304,0.0601208198109721,0.694955909739427,0.832946633317837,0.925489795720667,0.54140193350768,0.95723250988203,0.23053388598124,0.462852192078669,FALSE
92,"logistic",2000,0.204687433470271,0.0703758053354933,0.0928661963042281,0.197600845678529,0.373985712414493,0.0431679415719426,0.491540508270415,0.281119516110265,0.462852192078669,FALSE
93,"logistic",2000,0.187679754804055,0.0842436893206376,0.0668830037435442,0.174396326449422,0.386984449052467,0.0327402192435454,0.709670264142364,0.320101445308923,0.462852192078669,FALSE
94,"logistic",2000,0.53902160571302,0.0947379605616564,0.355403296504091,0.538738489249362,0.727954124269369,0.23710035842001,0.832959453380886,0.372550827765278,0.462852192078669,FALSE
95,"logistic",2000,0.0523982200001081,0.0254664167289887,0.0167758716493829,0.0474725592197066,0.115941108233748,0.00726557763690996,0.213567293558102,0.0991652365843646,0.462852192078669,FALSE
96,"logistic",2000,0.876580997170333,0.0445155169790747,0.772910388074409,0.881407527681624,0.9467555511253,0.671751332357529,0.978679688629792,0.173845163050892,0.462852192078669,FALSE
97,"logistic",2000,0.242872379982664,0.0896377298083074,0.0982264629169178,0.233481958281986,0.444230437775615,0.0565835590133812,0.698363545252869,0.346003974858697,0.462852192078669,FALSE
98,"logistic",2000,0.658046480585446,0.0840799771779547,0.479686379312374,0.662558609977726,0.804854270354631,0.305549396071168,0.893976052298141,0.325167891042257,0.462852192078669,FALSE
99,"logistic",2000,0.954795204879858,0.0222966987076481,0.903208950709918,0.958982383028484,0.985775336221874,0.792539522387328,0.993439297653884,0.0825663855119562,0.462852192078669,FALSE
100,"logistic",2000,0.990505778560133,0.00592678891096781,0.97513592161353,0.991759059059912,0.997777472765395,0.952818404144016,0.999197782300352,0.0226415511518645,0.462852192078669,FALSE
101,"logistic",2000,0.382761835922322,0.0929634183651631,0.210050504146905,0.378071773338672,0.572775939996525,0.109577364855672,0.698841283134599,0.36272543584962,0.462852192078669,FALSE
102,"logistic",2000,0.913899847805882,0.0538910723000972,0.775862236400134,0.926529613088055,0.978251618946438,0.494949851421138,0.994902915132607,0.202389382546304,0.462852192078669,FALSE
103,"logistic",2000,0.994029701943685,0.00557229857746043,0.979118307891514,0.995584820272316,0.999248871602681,0.926107617785766,0.999755703596357,0.0201305637111672,0.462852192078669,FALSE
104,"logistic",2000,0.973150443475428,0.0151244339728239,0.937193992957971,0.97642651497358,0.992526912584621,0.86423043990552,0.997609231340325,0.0553329196266501,0.462852192078669,FALSE
105,"logistic",2000,0.184163074159202,0.0710264519616909,0.0727007140296072,0.177048224178353,0.353318492338948,0.0416867297287083,0.515675660317731,0.280617778309341,0.462852192078669,FALSE
106,"logistic",2000,0.99280159688032,0.004489902130621,0.981783699927412,0.993862912289473,0.998389430489244,0.967264717553936,0.999655523734107,0.0166057305618321,0.462852192078669,FALSE
107,"logistic",2000,0.638625158461216,0.0944780971134995,0.438626983449727,0.644658107917172,0.804648377003342,0.258749691054265,0.910553196875243,0.366021393553615,0.462852192078669,FALSE
108,"logistic",2000,0.0871182360168734,0.0360584281007118,0.0328859560390841,0.082643868719558,0.167953049525359,0.015941807750709,0.27650884775693,0.135067093486275,0.462852192078669,FALSE
109,"logistic",2000,0.789088171032148,0.0651639611980272,0.648000877336599,0.795142212601963,0.903174028108594,0.497431770692566,0.935077557586389,0.255173150771995,0.462852192078669,FALSE
110,"logistic",2000,0.392357208736925,0.0921201241502796,0.2263995015712,0.39068398070858,0.587775641460768,0.125276544667197,0.74384506486993,0.361376139889568,0.462852192078669,FALSE
111,"logistic",2000,0.0913883175920824,0.0367243347033177,0.0347312504743362,0.0857302783240453,0.180733073041753,0.0170061915047,0.251515985530727,0.146001822567417,0.462852192078669,FALSE
112,"logistic",2000,0.377089107788859,0.110962264053232,0.179840246630038,0.367604264624293,0.618557572184831,0.0663136844092317,0.783129181735495,0.438717325554793,0.462852192078669,FALSE
113,"logistic",2000,0.243732930301121,0.0867652701093798,0.0979633004858365,0.234996582334717,0.436633398121341,0.0348724438117236,0.589671065425809,0.338670097635505,0.462852192078669,FALSE
114,"logistic",2000,0.190125737795298,0.0694786161871393,0.0802497396909148,0.179880366104953,0.350608921744029,0.0472067514615721,0.627289266362863,0.270359182053114,0.462852192078669,FALSE
115,"logistic",2000,0.533645440468238,0.105398797499802,0.330243072273287,0.532988142391708,0.737669067997777,0.227631596382366,0.828888412280641,0.40742599572449,0.462852192078669,FALSE
116,"logistic",2000,0.632081274299027,0.102720641352117,0.414224574616713,0.640308315076054,0.810909169312824,0.192469406113968,0.868708749540731,0.396684594696112,0.462852192078669,FALSE
117,"logistic",2000,0.094512071402261,0.0560180651865583,0.0228864319117725,0.0823422640219384,0.235931654519478,0.00858842207018998,0.45899535416074,0.213045222607706,0.462852192078669,FALSE
118,"logistic",2000,0.348031281843574,0.10077022023063,0.166603201454418,0.340851614271692,0.560975068921762,0.0910535484128707,0.719543282469938,0.394371867467345,0.462852192078669,FALSE
119,"logistic",2000,0.0529134151688488,0.0320605985884328,0.0126112806021745,0.0454310392555478,0.132164970623995,0.00291163607179741,0.262045833707166,0.119553690021821,0.462852192078669,FALSE
120,"logistic",2000,0.639347226968205,0.16334714251136,0.310282350035759,0.641450712504021,0.920438672634758,0.17218141132252,0.978035999779912,0.610156322598999,0.462852192078669,TRUE
121,"logistic",2000,0.825009551122709,0.077348633927827,0.640975282570018,0.838507652884017,0.937563382479925,0.434659895351288,0.982143308923056,0.296588099909906,0.462852192078669,FALSE
122,"logistic",2000,0.387150197493948,0.155806192413602,0.118728894826537,0.376728294554092,0.704497709774092,0.0237618899957931,0.901604808891176,0.585768814947554,0.462852192078669,TRUE
123,"logistic",2000,0.701538919942316,0.101998972375832,0.488849798809057,0.711810248477515,0.875461179429601,0.332562837250018,0.935048336607051,0.386611380620545,0.462852192078669,FALSE
124,"logistic",2000,0.0629674705867256,0.0260118688396861,0.0242825302367252,0.0590611337135311,0.124436664552948,0.0108357299426032,0.190604209482435,0.100154134316223,0.462852192078669,FALSE
125,"logistic",2000,0.106579684617606,0.0348672051404983,0.0518870446595447,0.102599911004274,0.187786785031516,0.0190814485730837,0.259325382731411,0.135899740371971,0.462852192078669,FALSE
126,"logistic",2000,0.666967775317773,0.116788971498752,0.428937814245145,0.674586547725615,0.880677642754915,0.232643737236373,0.946739899332188,0.45173982850977,0.462852192078669,FALSE
127,"logistic",2000,0.800303253594801,0.0619666120361295,0.657534214160562,0.807137477657418,0.902586258396706,0.518768282983935,0.955334677951219,0.245052044236144,0.462852192078669,FALSE
128,"logistic",2000,0.0930915117096911,0.0389460886272504,0.0319527945649065,0.0877316654500763,0.183090006526784,0.0202587620644643,0.25437825734526,0.151137211961878,0.462852192078669,FALSE
129,"logistic",2000,0.388553347173536,0.102302954929588,0.206164642756606,0.382536010598875,0.603810414228927,0.12941795965782,0.732748507077531,0.397645771472321,0.462852192078669,FALSE
130,"logistic",2000,0.203971156188765,0.0581128359632098,0.103996909239272,0.198613621839074,0.329511639487198,0.0582397868464244,0.43039659740732,0.225514730247926,0.462852192078669,FALSE
131,"logistic",2000,0.0683509652749431,0.0315134377549524,0.0220077432820301,0.0634220580582369,0.142783347177958,0.00950532374441718,0.230548392229114,0.120775603895928,0.462852192078669,FALSE
132,"logistic",2000,0.341407571376829,0.13361460729618,0.126985646259851,0.32835763123793,0.63198298717955,0.0269918659918374,0.961218207484939,0.5049973409197,0.462852192078669,TRUE
133,"logistic",2000,0.4346162900174,0.146275846379115,0.176768895200337,0.426532677715482,0.735447384728693,0.0671579945914972,0.88452987543805,0.558678489528356,0.462852192078669,TRUE
134,"logistic",2000,0.0583472905143683,0.0298547324486515,0.0177295047759417,0.0520096987504475,0.132754898559477,0.00757296532280294,0.254190859479858,0.115025393783535,0.462852192078669,FALSE
135,"logistic",2000,0.496424716448453,0.129552132532143,0.234760739490558,0.49478066706696,0.733462912601523,0.0935956696826819,0.87883316941592,0.498702173110965,0.462852192078669,TRUE
136,"logistic",2000,0.520841284325111,0.101996715734514,0.320818757061058,0.522176206014566,0.715204764222828,0.202078662557261,0.800758276319276,0.39438600716177,0.462852192078669,FALSE
137,"logistic",2000,0.981175278999006,0.011878263010677,0.950726665804266,0.983630944077093,0.995901351235082,0.895288713779067,0.999730628003213,0.0451746854308167,0.462852192078669,FALSE
138,"logistic",2000,0.67297724015574,0.0868134229242203,0.492507577838884,0.678654220667021,0.826680498060061,0.380305548368659,0.920197592551746,0.334172920221177,0.462852192078669,FALSE
139,"logistic",2000,0.50550372711219,0.131216763470738,0.251218192780194,0.505141617178003,0.750464996018014,0.121008263295262,0.857959381938423,0.49924680323782,0.462852192078669,TRUE
140,"logistic",2000,0.317603278198799,0.0866697826483499,0.167255993625595,0.311908809904885,0.507972383550159,0.0852737207486011,0.675371802641869,0.340716389924564,0.462852192078669,FALSE
141,"logistic",2000,0.310956603137782,0.104818388421651,0.128437610227738,0.302364806808336,0.54027962845808,0.0687016343306785,0.663140778039088,0.411842018230341,0.462852192078669,FALSE
142,"logistic",2000,0.358051463886048,0.0930181119379645,0.194252536117121,0.351991961246985,0.543445183768649,0.129828119451779,0.675946532819883,0.349192647651528,0.462852192078669,FALSE
143,"logistic",2000,0.908203459143542,0.0444167836432317,0.806715984003841,0.915514283012065,0.97120306568928,0.697263941721929,0.98717766161165,0.164487081685439,0.462852192078669,FALSE
144,"logistic",2000,0.86244269437595,0.0676932702425072,0.703129818443977,0.874230562144554,0.957484760816907,0.44226484496255,0.99434325949356,0.25435494237293,0.462852192078669,FALSE
145,"logistic",2000,0.700896151507251,0.0751365230592396,0.542191192989807,0.705717400352683,0.833011380125362,0.446939882518086,0.93539573375967,0.290820187135555,0.462852192078669,FALSE
146,"logistic",2000,0.696706409647231,0.0948741386768567,0.490900235268935,0.703187717099874,0.86261178147855,0.348354158165982,0.944244686798696,0.371711546209615,0.462852192078669,FALSE
147,"logistic",2000,0.984322464643018,0.0104571826611036,0.957867384357179,0.986842399746998,0.99678869546006,0.911550479521754,0.999067012747192,0.0389213111028811,0.462852192078669,FALSE
148,"logistic",2000,0.821599608073135,0.0493720887140267,0.713249899440968,0.826267908207332,0.904531311951496,0.597389602415265,0.962156028960695,0.191281412510529,0.462852192078669,FALSE
149,"logistic",2000,0.793221209949633,0.0579905715434525,0.669055603493132,0.799642058947524,0.891261419049012,0.513597689481065,0.945225371199172,0.22220581555588,0.462852192078669,FALSE
150,"logistic",2000,0.490949039784562,0.122536327558789,0.240305375341585,0.494019382476686,0.718763881137762,0.0949645740857341,0.902019024428295,0.478458505796176,0.462852192078669,TRUE
151,"logistic",2000,0.241323243155106,0.0648690101107396,0.12944060731353,0.236336912045635,0.38929884223579,0.0648806090367441,0.542137309874592,0.25985823492226,0.462852192078669,FALSE
152,"logistic",2000,0.663395553017087,0.0918933655423558,0.477980118588322,0.665854387341512,0.827892013459334,0.342466954678863,0.938495629103248,0.349911894871012,0.462852192078669,FALSE
153,"logistic",2000,0.801081322373896,0.084181903774205,0.614268701002211,0.810295001825693,0.937815335114081,0.40401526385623,0.98969578253466,0.32354663411187,0.462852192078669,FALSE
154,"logistic",2000,0.465606899907636,0.141927019279657,0.210406625632282,0.460350832776727,0.745252602402012,0.0784313019186646,0.925703425511336,0.534845976769729,0.462852192078669,TRUE
155,"logistic",2000,0.478179465199871,0.121686732649417,0.246337548565432,0.476870267563905,0.715478432121101,0.0811217079709504,0.855911233708266,0.469140883555669,0.462852192078669,TRUE
156,"logistic",2000,0.696584641854703,0.113023162223378,0.460126146072101,0.706739767183097,0.89007628675967,0.256807577225535,0.943961056982563,0.42995014068757,0.462852192078669,FALSE
157,"logistic",2000,0.276202388028798,0.0698858913036449,0.152494837475816,0.271574127450628,0.425798009363553,0.0734372332059462,0.520617902557954,0.273303171887737,0.462852192078669,FALSE
158,"logistic",2000,0.112545292884572,0.0474693882537171,0.043141758638308,0.103700954069479,0.225654546494604,0.0203475705952705,0.344396134517744,0.182512787856296,0.462852192078669,FALSE
159,"logistic",2000,0.50379059654254,0.0703763097164366,0.362019846194806,0.505604562793779,0.640508042911348,0.285819077258778,0.735327922898576,0.278488196716542,0.462852192078669,FALSE
160,"logistic",2000,0.390325164329959,0.0871390761185621,0.228401342167405,0.385805196357787,0.574139046800437,0.165755326169836,0.6675862970921,0.345737704633032,0.462852192078669,FALSE
161,"logistic",2000,0.41198613311464,0.12029406757319,0.188491820863858,0.410903122167963,0.652865451501402,0.095485559233988,0.775920210912619,0.464373630637543,0.462852192078669,TRUE
162,"logistic",2000,0.778194649036619,0.106900648180009,0.552581196227276,0.79171226585451,0.947481888601404,0.38609521147806,0.991968101251081,0.394900692374128,0.462852192078669,FALSE
163,"logistic",2000,0.820048125321464,0.101139800645718,0.579438038335281,0.837515050412913,0.962846698809603,0.347933036129442,0.991378327180519,0.383408660474322,0.462852192078669,FALSE
164,"logistic",2000,0.213573022132056,0.0775403516745912,0.0841344010701552,0.205122459085959,0.382234044172125,0.0427160181870697,0.546652608776577,0.29809964310197,0.462852192078669,FALSE
165,"logistic",2000,0.483037028564933,0.135154315294456,0.243055302353608,0.474250761578235,0.76356491082981,0.136262077328922,0.977038661843411,0.520509608476202,0.462852192078669,TRUE
166,"logistic",2000,0.684647321869664,0.0887550286094324,0.494444094922056,0.691809802435886,0.838443438267099,0.196716719946445,0.908620931777147,0.343999343345043,0.462852192078669,FALSE
167,"logistic",2000,0.0255065219738511,0.0142347926266884,0.00725081684618522,0.0230085754543676,0.0617503669276817,0.00335633615328013,0.107284895770166,0.0544995500814965,0.462852192078669,FALSE
168,"logistic",2000,0.985395289407116,0.00986428847885515,0.96016063951023,0.98788453591798,0.996991962258999,0.903204326204054,0.99868092224958,0.0368313227487694,0.462852192078669,FALSE
169,"logistic",2000,0.517365598031379,0.105274023688803,0.312844011348942,0.514438928962266,0.725535520006991,0.215797658923215,0.821481622561689,0.412691508658049,0.462852192078669,FALSE
170,"logistic",2000,0.239467854874551,0.0761199495411285,0.115508963458101,0.230949785375646,0.413736027605139,0.0667961841226165,0.59349776136836,0.298227064147038,0.462852192078669,FALSE
171,"logistic",2000,0.425477727054197,0.111837871634576,0.224243481977167,0.419939108812886,0.652626066360573,0.148896434833765,0.858607134234992,0.428382584383406,0.462852192078669,FALSE
172,"logistic",2000,0.999985128063235,0.0000183677610730314,0.999934329084902,0.999991621428325,0.999999213627234,0.999817543443404,0.999999945247543,0.0000648845423315558,0.462852192078669,FALSE
173,"logistic",2000,0.932161015857812,0.0453778240186762,0.815590424360689,0.943855105541265,0.986569776411107,0.432877012630584,0.996596996240412,0.170979352050418,0.462852192078669,FALSE
174,"logistic",2000,0.196216375840542,0.0996319270038894,0.0566161438054103,0.178762391499165,0.433009242206589,0.0203092581269753,0.860380274917786,0.376393098401178,0.462852192078669,FALSE
175,"logistic",2000,0.0613552098814067,0.0350378894207629,0.0163987072122437,0.0539398196285557,0.146845892178701,0.00694354366119443,0.275725625086639,0.130447184966458,0.462852192078669,FALSE
176,"logistic",2000,0.769309053689533,0.0969894509745047,0.554763025819091,0.777775215108698,0.93101301705771,0.38403497231359,0.993760397539919,0.37624999123862,0.462852192078669,FALSE
177,"logistic",2000,0.486000710553499,0.113401773583992,0.271543731409251,0.483479668678115,0.713984952114085,0.151667197342943,0.8178098447749,0.442441220704834,0.462852192078669,FALSE
178,"logistic",2000,0.373064757674671,0.122909252699675,0.159912204797343,0.360234943864856,0.631443614118702,0.069274432736278,0.830266324855381,0.471531409321359,0.462852192078669,TRUE
179,"logistic",2000,0.237806161216223,0.0937278064355602,0.0871594019573301,0.225812059204573,0.447753686031679,0.0354546137720055,0.658144707410049,0.360594284074349,0.462852192078669,FALSE
180,"logistic",2000,0.373120064211366,0.1162056029943,0.168202085594665,0.369555082134985,0.618922574221604,0.0854861408127321,0.774819499147959,0.45072048862694,0.462852192078669,FALSE
181,"logistic",2000,0.973062517075711,0.0151322623095248,0.935216128515239,0.97626998312241,0.992986852072021,0.846057718195529,0.997678206951462,0.0577707235567823,0.462852192078669,FALSE
182,"logistic",2000,0.475116527488097,0.115914435146631,0.258777737129815,0.474782111074492,0.709322560897522,0.134761912342715,0.811828000908717,0.450544823767707,0.462852192078669,FALSE
183,"logistic",2000,0.336606018916724,0.0871138787307303,0.177890998135137,0.330555694836883,0.52031863953508,0.0883832603168189,0.682036365994242,0.342427641399942,0.462852192078669,FALSE
184,"logistic",2000,0.832908854646531,0.0598585496063245,0.691583847850579,0.838741689944441,0.924829784087598,0.468547288375542,0.965174183879209,0.23324593623702,0.462852192078669,FALSE
185,"logistic",2000,0.147301368493556,0.0722619435503716,0.0434690361938916,0.133865193107323,0.313995527973819,0.0237506857037891,0.47855156195156,0.270526491779927,0.462852192078669,FALSE
186,"logistic",2000,0.859007171904717,0.0445036005657052,0.758032429073709,0.863839978257811,0.931405292792223,0.66644205855527,0.960669615613918,0.173372863718513,0.462852192078669,FALSE
187,"logistic",2000,0.916981839160999,0.0458723814431756,0.803106581322287,0.924986969346003,0.978990510112651,0.65651875932096,0.998820033755894,0.175883928790364,0.462852192078669,FALSE
188,"logistic",2000,0.906846740147384,0.0314846256840062,0.835195658448498,0.910968199356637,0.955600194153379,0.739874636259141,0.982437435938257,0.120404535704881,0.462852192078669,FALSE
189,"logistic",2000,0.689206263778207,0.0858726947130955,0.508996486673422,0.695138633045961,0.843218225596949,0.341323468278552,0.906896978665402,0.334221738923527,0.462852192078669,FALSE
190,"logistic",2000,0.264707839443538,0.0747425968618142,0.137162200088177,0.258100666700612,0.426292130434779,0.0819712055077526,0.532785423657486,0.289129930346602,0.462852192078669,FALSE
191,"logistic",2000,0.456698855785799,0.0975871585007042,0.267376907705626,0.457174917065503,0.645300565690623,0.165095891151583,0.771181287316231,0.377923657984997,0.462852192078669,FALSE
192,"logistic",2000,0.911992644414003,0.0335334643492252,0.836281722664987,0.917154802993098,0.962469626498481,0.750752140408723,0.97957531844331,0.126187903833494,0.462852192078669,FALSE
193,"logistic",2000,0.626921776746948,0.0784383697648212,0.469888686558301,0.630552955124183,0.779216119853155,0.324265434455719,0.849964321982745,0.309327433294855,0.462852192078669,FALSE
194,"logistic",2000,0.735679153664704,0.084054829766072,0.561050114395863,0.741317999905296,0.880579945296298,0.367851727895817,0.94166302654926,0.319529830900435,0.462852192078669,FALSE
195,"logistic",2000,0.413918021207065,0.146882951185054,0.146240911626734,0.409836873012104,0.701804874028824,0.0520176862394678,0.973327243350065,0.55556396240209,0.462852192078669,TRUE
196,"logistic",2000,0.79087294089749,0.0887393983571002,0.585170511571244,0.8034632688577,0.927055518296843,0.394572912370649,0.970897695911292,0.3418850067256,0.462852192078669,FALSE
197,"logistic",2000,0.81424379371975,0.0624324834126727,0.668970522313068,0.82159048154655,0.918307010306216,0.590690537712025,0.964532831430891,0.249336487993148,0.462852192078669,FALSE
198,"logistic",2000,0.713988773886921,0.0909975997974687,0.515434906187958,0.72020485085068,0.866611264666043,0.331841396598487,0.938812428961504,0.351176358478086,0.462852192078669,FALSE
199,"logistic",2000,0.174182158890257,0.0805325653589007,0.055467914564787,0.160563698032733,0.366661518231568,0.0124194751708772,0.508591254072032,0.311193603666781,0.462852192078669,FALSE
200,"logistic",2000,0.766537753084791,0.0843784932399011,0.579745462763626,0.775089126771405,0.902281662351356,0.446511907453344,0.956472585183778,0.32253619958773,0.462852192078669,FALSE
201,"logistic",2000,0.687410852012763,0.0636220400983764,0.552804369771361,0.69021535172976,0.802299763870543,0.465802141767161,0.88029485896826,0.249495394099182,0.462852192078669,FALSE
202,"logistic",2000,0.187794335657799,0.0893106641520134,0.0529588950444169,0.178058119333197,0.398641998917479,0.0211149900678951,0.554197619892078,0.345683103873062,0.462852192078669,FALSE
203,"logistic",2000,0.991655931325185,0.00585418143005083,0.97670078682283,0.993016549766504,0.998406108349268,0.940287548975899,0.999361171947273,0.0217053215264386,0.462852192078669,FALSE
204,"logistic",2000,0.336674617065101,0.130029692256365,0.109909339170722,0.331158028973642,0.604500788732783,0.0270999939521585,0.821279565829957,0.494591449562061,0.462852192078669,TRUE
205,"logistic",2000,0.511992172986349,0.0835001843869151,0.336826502379911,0.513343256468828,0.664459773874661,0.240394769951874,0.761591370347622,0.32763327149475,0.462852192078669,FALSE
206,"logistic",2000,0.306852201609436,0.0791870761246234,0.166473421346176,0.300519152222451,0.477158872456817,0.102678114916743,0.555145823976778,0.310685451110641,0.462852192078669,FALSE
207,"logistic",2000,0.899878602099123,0.0519369407686224,0.76662625827739,0.910016483185073,0.971790456618142,0.57655456195779,0.991202435310519,0.205164198340752,0.462852192078669,FALSE
208,"logistic",2000,0.831345131594491,0.0571937646792349,0.702461972891789,0.837157932302085,0.926307300668664,0.589361754201926,0.967014587331661,0.223845327776875,0.462852192078669,FALSE
209,"logistic",2000,0.546305534874697,0.102539272849122,0.345139279951162,0.548184894281193,0.741198233170018,0.223341543985129,0.87105993408331,0.396058953218856,0.462852192078669,FALSE
210,"logistic",2000,0.995216221144219,0.00322619772535042,0.986972832697695,0.996062562231002,0.999048970700652,0.97716018451893,0.999805171734468,0.0120761380029575,0.462852192078669,FALSE
211,"logistic",2000,0.0753135805096663,0.0333177004452006,0.0261721939821762,0.0691580022406035,0.15394184117636,0.0124952949754453,0.238348791365326,0.127769647194183,0.462852192078669,FALSE
212,"logistic",2000,0.749454563943748,0.0976889230593271,0.531632780572199,0.75909089579468,0.916507501343676,0.293276395272911,0.970009534971178,0.384874720771476,0.462852192078669,FALSE
213,"logistic",2000,0.206663642616072,0.0631739937950258,0.102807725329008,0.201150649061811,0.35309370034274,0.0597134777068088,0.572144383031646,0.250285975013732,0.462852192078669,FALSE
214,"logistic",2000,0.235446496862633,0.0663662692394751,0.118638554623104,0.230480970960268,0.373344415801986,0.0534597548180282,0.542896570384319,0.254705861178881,0.462852192078669,FALSE
215,"logistic",2000,0.978566883921412,0.01213465037595,0.947825658472132,0.981465467470051,0.994266263335668,0.89972863206995,0.997651361968398,0.0464406048635368,0.462852192078669,FALSE
216,"logistic",2000,0.570242601648172,0.131428361332097,0.329592636601258,0.565613423682906,0.831581936805414,0.197939081264273,0.981991800345688,0.501989300204156,0.462852192078669,TRUE
217,"logistic",2000,0.981938388578924,0.013282827338564,0.949878736765801,0.98510974909166,0.996626334990678,0.837975822931979,0.998738466834261,0.0467475982248766,0.462852192078669,FALSE
218,"logistic",2000,0.948321740744173,0.0222296865277714,0.895629681546841,0.952220265425808,0.980598797688654,0.829736840013442,0.994738051530189,0.0849691161418135,0.462852192078669,FALSE
219,"logistic",2000,0.191724372629456,0.0746437130537001,0.0696759202533601,0.183200950731258,0.35747293335406,0.0371174598112299,0.49872643575684,0.2877970131007,0.462852192078669,FALSE
220,"logistic",2000,0.868080095100681,0.0591485123039149,0.733931902463404,0.877169625382803,0.959018851543001,0.59695255521178,0.986397972871795,0.225086949079598,0.462852192078669,FALSE
221,"logistic",2000,0.579324245000088,0.106536353325537,0.370625660057165,0.580856667195469,0.781705149950217,0.234822617378196,0.881492646627869,0.411079489893051,0.462852192078669,FALSE
222,"logistic",2000,0.982203618267783,0.0119204736911917,0.95054979297262,0.984882759473873,0.996293682736696,0.907404071748311,0.998680144831634,0.0457438897640752,0.462852192078669,FALSE
223,"logistic",2000,0.511366775674275,0.101032196443488,0.315095591473841,0.51379360518773,0.708371933638399,0.211500872582885,0.83337563774214,0.393276342164557,0.462852192078669,FALSE
224,"logistic",2000,0.962611246276512,0.0152135134325413,0.927629004622813,0.965224330627121,0.985232001926653,0.885418836921445,0.994386706185545,0.0576029973038401,0.462852192078669,FALSE
225,"logistic",2000,0.563484086512131,0.149255305213075,0.2673970251587,0.570606063834629,0.833929608454116,0.125095296471103,0.94888796737866,0.566532583295416,0.462852192078669,TRUE
226,"logistic",2000,0.334064529879105,0.0944827336811181,0.16453366134949,0.327756321043821,0.529378201238024,0.0868833767040744,0.650351496731223,0.364844539888534,0.462852192078669,FALSE
227,"logistic",2000,0.0850098402416696,0.0345572467560774,0.0323123520336532,0.0812961117587376,0.166536688620571,0.0187182082286821,0.257927680473434,0.134224336586918,0.462852192078669,FALSE
228,"logistic",2000,0.917065097975458,0.032476383372515,0.840868812067482,0.922034158071161,0.967094921561798,0.747534991511648,0.986824418979813,0.126226109494315,0.462852192078669,FALSE
229,"logistic",2000,0.205732061765263,0.072626637458324,0.0825506690337541,0.199998841322289,0.368006135678427,0.0411014084205528,0.541262261202664,0.285455466644672,0.462852192078669,FALSE
230,"logistic",2000,0.160190930242679,0.0541752560972992,0.0753118679294962,0.153173987431866,0.285634888319048,0.0353471244630118,0.409334188096643,0.210323020389552,0.462852192078669,FALSE
231,"logistic",2000,0.487127245172985,0.10360100159424,0.292981583066686,0.484823462265416,0.694913420562449,0.19728808651104,0.808365269011559,0.401931837495763,0.462852192078669,FALSE
232,"logistic",2000,0.129120110371824,0.0483276205296625,0.0511145046663978,0.122937469016842,0.236731978184552,0.0319929474486379,0.330425703858201,0.185617473518155,0.462852192078669,FALSE
233,"logistic",2000,0.737452016756682,0.100351927775326,0.525879221058539,0.745676204576676,0.910798733294799,0.371241217669041,0.960367471534727,0.384919512236259,0.462852192078669,FALSE
234,"logistic",2000,0.221128242324795,0.0671672333609272,0.106828802907358,0.217178941338813,0.359225706828505,0.0455497286451994,0.502731876700861,0.252396903921146,0.462852192078669,FALSE
235,"logistic",2000,0.344556400459442,0.114098083476752,0.150891010313935,0.33461894855739,0.585990340316847,0.0505578105439893,0.792550102030988,0.435099330002912,0.462852192078669,FALSE
236,"logistic",2000,0.178237405022537,0.0572611262556466,0.0827461429336954,0.171585680587628,0.308062770207276,0.0417105554435786,0.384307740193607,0.22531662727358,0.462852192078669,FALSE
237,"logistic",2000,0.158253662760864,0.0569749247017334,0.0668099177238171,0.151172127269374,0.285504537202381,0.0260669541138543,0.423255949144064,0.218694619478564,0.462852192078669,FALSE
238,"logistic",2000,0.372103686519746,0.071313387955751,0.241819419949852,0.368525232591716,0.519088104209129,0.143652712176402,0.707090183430399,0.277268684259277,0.462852192078669,FALSE
239,"logistic",2000,0.658234057664089,0.0885919879374726,0.478940867276645,0.66043423345604,0.823433674446617,0.360075379569186,0.902930178234989,0.344492807169972,0.462852192078669,FALSE
240,"logistic",2000,0.611621700583057,0.116008600629619,0.374205702427899,0.616064043594506,0.815534223850681,0.275432033722702,0.911438076122649,0.441328521422782,0.462852192078669,FALSE
241,"logistic",2000,0.13086387920549,0.0622309741960058,0.0420284731737822,0.119880180890464,0.283763043001018,0.0108938522298745,0.452142544295139,0.241734569827236,0.462852192078669,FALSE
242,"logistic",2000,0.849072073187589,0.0531311754507146,0.72528401891687,0.855416627585992,0.932030122139062,0.613198307178867,0.969659514969594,0.206746103222192,0.462852192078669,FALSE
243,"logistic",2000,0.801615539338374,0.0919322304317496,0.581189762737815,0.815178093372519,0.935695400802011,0.393561612644989,0.973093960804753,0.354505638064196,0.462852192078669,FALSE
244,"logistic",2000,0.0482188019255532,0.0245549702115173,0.015843192498064,0.0433820063106826,0.10870188366609,0.00480249267850526,0.183652321573346,0.0928586911680262,0.462852192078669,FALSE
245,"logistic",2000,0.071864627783816,0.0283562887685041,0.0293245901837459,0.0674060629326343,0.141165484437754,0.0111042566908533,0.272747189593198,0.111840894254009,0.462852192078669,FALSE
246,"logistic",2000,0.173772853552995,0.0513125920938037,0.0868715751780555,0.167804231836884,0.287473919674257,0.0529148299850258,0.378862842264696,0.200602344496201,0.462852192078669,FALSE
247,"logistic",2000,0.361029809983855,0.0850466157250478,0.205609442930288,0.358659360572216,0.536783422806483,0.141317115110363,0.683870408879811,0.331173979876195,0.462852192078669,FALSE
248,"logistic",2000,0.992238365054662,0.00444782715053028,0.98153211411531,0.993267067103576,0.998034066023355,0.963659723381887,0.999634239033909,0.0165019519080447,0.462852192078669,FALSE
249,"logistic",2000,0.383415341380424,0.0865317616425489,0.219629409194614,0.384173684169134,0.552003408095896,0.135999964509846,0.71425583454829,0.332373998901282,0.462852192078669,FALSE
250,"logistic",2000,0.0415616510946875,0.0227116093155486,0.0110082136795561,0.0370225504778156,0.0978827049948492,0.00423344499533246,0.156339171402559,0.0868744913152931,0.462852192078669,FALSE
251,"logistic",2000,0.317094716911635,0.077486963571339,0.187917562194829,0.310658661353174,0.483955280824603,0.113827963119571,0.650374548831292,0.296037718629774,0.462852192078669,FALSE
252,"logistic",2000,0.577242952621408,0.121811773192708,0.341938174591618,0.577585221137144,0.817165921344678,0.245986452601316,0.990371533222986,0.47522774675306,0.462852192078669,TRUE
253,"logistic",2000,0.0800554861865402,0.0375246600990489,0.0262863960032381,0.0743978480737669,0.169651231164346,0.0127960932714168,0.261073978793095,0.143364835161108,0.462852192078669,FALSE
254,"logistic",2000,0.0622882081406593,0.0278017812794094,0.0213691225908076,0.0585569014762085,0.12659176696166,0.00969134642444194,0.252053428606806,0.105222644370853,0.462852192078669,FALSE
255,"logistic",2000,0.912541131397089,0.0444864722917397,0.805747197632293,0.919829688831808,0.974796487075337,0.613854173472665,0.997904020852107,0.169049289443044,0.462852192078669,FALSE
256,"logistic",2000,0.0211780418404894,0.0146942694722387,0.00488255519541339,0.0176363463065607,0.0608194835473862,0.00165165172763492,0.178493225053287,0.0559369283519728,0.462852192078669,FALSE
257,"logistic",2000,0.251486022818736,0.0666705707629849,0.136740727287942,0.246105692732081,0.397082376742348,0.100881966127999,0.53668869199148,0.260341649454406,0.462852192078669,FALSE
258,"logistic",2000,0.082981826509654,0.034837818077379,0.0302428992694232,0.0771605060964099,0.168459552399659,0.0105005072616918,0.284340801245216,0.138216653130236,0.462852192078669,FALSE
259,"logistic",2000,0.592879228339507,0.091942282045036,0.412014850253413,0.59372741078627,0.765306176160803,0.283794904189708,0.869778625468489,0.35329132590739,0.462852192078669,FALSE
260,"logistic",2000,0.119168604319008,0.0479917997123848,0.0448193976148572,0.11248625000614,0.232167316367254,0.0244957189840088,0.381365123686071,0.187347918752397,0.462852192078669,FALSE
261,"logistic",2000,0.29590594888648,0.110650378590392,0.117497810277302,0.282594198616382,0.550757656245221,0.0236494441279921,0.706321914358767,0.433259845967919,0.462852192078669,FALSE
262,"logistic",2000,0.0458629579056959,0.027555387569153,0.0115204920026434,0.0390905391244997,0.115426459705797,0.00425276015274756,0.248740684842467,0.103905967703153,0.462852192078669,FALSE
263,"logistic",2000,0.831041718956782,0.0911234085673412,0.611202549114738,0.848112131900936,0.959477280734802,0.297584338598363,0.992350495515926,0.348274731620065,0.462852192078669,FALSE
264,"logistic",2000,0.158845780697252,0.06537867677721,0.0595029351067996,0.14932427840794,0.318919527579396,0.0285620578117215,0.469497871564314,0.259416592472597,0.462852192078669,FALSE
265,"logistic",2000,0.147087084765553,0.0585361045092535,0.0562200164762763,0.13916699793404,0.280121543753977,0.0308644434413069,0.437055921275172,0.223901527277701,0.462852192078669,FALSE
266,"logistic",2000,0.880017863833067,0.0606214373551498,0.736649997392246,0.890240611137096,0.96563725732118,0.527171436204939,0.991241188680248,0.228987259928933,0.462852192078669,FALSE
267,"logistic",2000,0.24191346878433,0.094377977708438,0.0899700078995322,0.232564795594712,0.452514068230008,0.0396959700287226,0.627580236323851,0.362544060330476,0.462852192078669,FALSE
268,"logistic",2000,0.864568424506978,0.0621028521676097,0.722388341719198,0.87555430785141,0.954189758340998,0.536489897771531,0.977599661803174,0.2318014166218,0.462852192078669,FALSE
269,"logistic",2000,0.203971156188765,0.0581128359632098,0.103996909239272,0.198613621839074,0.329511639487198,0.0582397868464244,0.43039659740732,0.225514730247926,0.462852192078669,FALSE
270,"logistic",2000,0.274376731891217,0.117355376502949,0.08894208954334,0.256396405918134,0.538116547516466,0.0271346569041697,0.902340574527186,0.449174457973126,0.462852192078669,FALSE
271,"logistic",2000,0.19224320120678,0.0752550098584874,0.0755862269750223,0.182202485088098,0.363064918041644,0.036706068445565,0.54665666630824,0.287478691066622,0.462852192078669,FALSE
272,"logistic",2000,0.168547567319146,0.0835142056820085,0.0547849456773976,0.153884949826316,0.363884194424873,0.0236147638703176,0.886820158539468,0.309099248747475,0.462852192078669,FALSE
273,"logistic",2000,0.832908854646531,0.0598585496063245,0.691583847850579,0.838741689944441,0.924829784087598,0.468547288375542,0.965174183879209,0.23324593623702,0.462852192078669,FALSE
274,"logistic",2000,0.00717615717788176,0.00686875968335448,0.000865029531447471,0.00520768287888483,0.0252893047225507,0.000174227309217607,0.0743462134625193,0.0244242751911032,0.462852192078669,FALSE
275,"logistic",2000,0.0721125621233103,0.0399133356025466,0.0205768074175986,0.0636708493460239,0.175394317711333,0.0112232259770539,0.339942977830396,0.154817510293734,0.462852192078669,FALSE
276,"logistic",2000,0.32537963074386,0.0866125030422784,0.172956977711486,0.318581832305589,0.509305126652932,0.105541982077858,0.662935915068129,0.336348148941446,0.462852192078669,FALSE
277,"logistic",2000,0.465606899907636,0.141927019279657,0.210406625632282,0.460350832776727,0.745252602402012,0.0784313019186646,0.925703425511336,0.534845976769729,0.462852192078669,TRUE
278,"logistic",2000,0.546859409469146,0.103014581004256,0.335683923159872,0.549145886477464,0.742701589117663,0.201693171868708,0.867075747141177,0.40701766595779,0.462852192078669,FALSE
279,"logistic",2000,0.174182158890257,0.0805325653589007,0.055467914564787,0.160563698032733,0.366661518231568,0.0124194751708772,0.508591254072032,0.311193603666781,0.462852192078669,FALSE
280,"logistic",2000,0.902690719896285,0.0522479138195474,0.774787833011994,0.912970060870934,0.973822360581746,0.571383761140596,0.995108981285221,0.199034527569752,0.462852192078669,FALSE
281,"logistic",2000,0.329668833497499,0.0739457492703628,0.194657426186899,0.327678251282669,0.475841148299384,0.0821335264072318,0.63009338523695,0.281183722112484,0.462852192078669,FALSE
282,"logistic",2000,0.816611560579269,0.0924980423205635,0.586874059229758,0.833408261254202,0.949341319774519,0.334772481771626,0.994634298728093,0.362467260544761,0.462852192078669,FALSE
283,"logistic",2000,0.3993830210734,0.101694180062584,0.209287862779099,0.395253176278459,0.611142745218775,0.130925324921288,0.707388501943765,0.401854882439676,0.462852192078669,FALSE
284,"logistic",2000,0.592879228339507,0.091942282045036,0.412014850253413,0.59372741078627,0.765306176160803,0.283794904189708,0.869778625468489,0.35329132590739,0.462852192078669,FALSE
285,"logistic",2000,0.19724211406172,0.0639241900985763,0.0900672244403417,0.189710228557436,0.340371620737269,0.0289349270709979,0.461920587186766,0.250304396296927,0.462852192078669,FALSE
286,"logistic",2000,0.566402630412419,0.130843118681127,0.294871866193855,0.571313549877039,0.804262426536782,0.130731828522242,0.895686741176101,0.509390560342927,0.462852192078669,TRUE
287,"logistic",2000,0.988110966372054,0.00839467976743795,0.964999568423904,0.990348845600753,0.997813616767197,0.928040538699996,0.999454833873886,0.0328140483432929,0.462852192078669,FALSE
288,"logistic",2000,0.0701725284866253,0.0308079795844792,0.0257028374150163,0.0649040791384372,0.141419253523699,0.00978152731509336,0.25965505693235,0.115716416108683,0.462852192078669,FALSE
289,"logistic",2000,0.13294224084808,0.0575404130435236,0.0430875394424031,0.125228084981454,0.265867811216238,0.023324826334623,0.405197712155407,0.222780271773835,0.462852192078669,FALSE
290,"logistic",2000,0.603907602418257,0.123356821768349,0.333446701140242,0.616555394825807,0.810023950535409,0.128856884980965,0.918536726612409,0.476577249395167,0.462852192078669,TRUE
291,"logistic",2000,0.713988773886921,0.0909975997974687,0.515434906187958,0.72020485085068,0.866611264666043,0.331841396598487,0.938812428961504,0.351176358478086,0.462852192078669,FALSE
292,"logistic",2000,0.151090399962734,0.0543675501239571,0.0660950666532911,0.143119983066203,0.276383291290647,0.0353710809843173,0.379150810650234,0.210288224637356,0.462852192078669,FALSE
293,"logistic",2000,0.583326647974997,0.0987095443205343,0.384956986348793,0.58403986605792,0.772198455361059,0.253057207878437,0.851755009638137,0.387241469012266,0.462852192078669,FALSE
294,"logistic",2000,0.934978487449825,0.0353119065555207,0.842782444450562,0.942692189222907,0.981082541028907,0.763567846852055,0.991804673880774,0.138300096578345,0.462852192078669,FALSE
295,"logistic",2000,0.81424379371975,0.0624324834126727,0.668970522313068,0.82159048154655,0.918307010306216,0.590690537712025,0.964532831430891,0.249336487993148,0.462852192078669,FALSE
296,"logistic",2000,0.689206263778207,0.0858726947130955,0.508996486673422,0.695138633045961,0.843218225596949,0.341323468278552,0.906896978665402,0.334221738923527,0.462852192078669,FALSE
297,"logistic",2000,0.635185100026498,0.0878423639743954,0.448969991435259,0.640421656122823,0.795006308414798,0.278919175656957,0.858818520048398,0.346036316979539,0.462852192078669,FALSE
298,"logistic",2000,0.0529134151688488,0.0320605985884328,0.0126112806021745,0.0454310392555478,0.132164970623995,0.00291163607179741,0.262045833707166,0.119553690021821,0.462852192078669,FALSE
299,"logistic",2000,0.813600506544168,0.0786062988260127,0.630563014224311,0.826737474768026,0.931897118497809,0.398266169169456,0.966309799375506,0.301334104273499,0.462852192078669,FALSE
300,"logistic",2000,0.988637194672701,0.00771077095763922,0.968604982553524,0.990610766017717,0.997782946987075,0.936323150083374,0.99917925530885,0.0291779644335511,0.462852192078669,FALSE
301,"logistic",2000,0.181716586651651,0.0791560631011579,0.0637265690974674,0.170238989922955,0.365558332958955,0.0196738876303009,0.591513449621383,0.301831763861487,0.462852192078669,FALSE
302,"logistic",2000,0.120718084047512,0.0760900766991076,0.0281692549788562,0.103140007692969,0.323845828321784,0.00737791644400118,0.558117666856359,0.295676573342927,0.462852192078669,FALSE
303,"logistic",2000,0.985395289407116,0.00986428847885515,0.96016063951023,0.98788453591798,0.996991962258999,0.903204326204054,0.99868092224958,0.0368313227487694,0.462852192078669,FALSE
304,"logistic",2000,0.993806053238558,0.00430927290688026,0.983097387651767,0.994845522570267,0.998929558194973,0.962668153476888,0.99973321059452,0.0158321705432057,0.462852192078669,FALSE
305,"logistic",2000,0.368917322058764,0.119590752320603,0.166427499431755,0.358413727370413,0.626408072345094,0.0870787728548391,0.86604416976456,0.459980572913339,0.462852192078669,FALSE
306,"logistic",2000,0.675950949979398,0.0988892488667006,0.475719307574478,0.679718425669025,0.859558625348285,0.360316278103445,0.948363235115486,0.383839317773808,0.462852192078669,FALSE
307,"logistic",2000,0.916981839160999,0.0458723814431756,0.803106581322287,0.924986969346003,0.978990510112651,0.65651875932096,0.998820033755894,0.175883928790364,0.462852192078669,FALSE
308,"logistic",2000,0.358265574026295,0.096026986946828,0.182405518138622,0.352610842400367,0.55519115701764,0.0937605179093521,0.724801825793256,0.372785638879018,0.462852192078669,FALSE
309,"logistic",2000,0.221128242324795,0.0671672333609272,0.106828802907358,0.217178941338813,0.359225706828505,0.0455497286451994,0.502731876700861,0.252396903921146,0.462852192078669,FALSE
310,"logistic",2000,0.0164950659041648,0.0124327901680093,0.00336080812029919,0.013445401151582,0.0472993347842447,0.000850147690879522,0.141884037779754,0.0439385266639455,0.462852192078669,FALSE
311,"logistic",2000,0.184163074159202,0.0710264519616909,0.0727007140296072,0.177048224178353,0.353318492338948,0.0416867297287083,0.515675660317731,0.280617778309341,0.462852192078669,FALSE
312,"logistic",2000,0.737729163002569,0.110070516952006,0.501266044092421,0.745327467413843,0.919822575890417,0.279671105054597,0.987026498151974,0.418556531797995,0.462852192078669,FALSE
313,"logistic",2000,0.954795204879858,0.0222966987076481,0.903208950709918,0.958982383028484,0.985775336221874,0.792539522387328,0.993439297653884,0.0825663855119562,0.462852192078669,FALSE
314,"logistic",2000,0.0206112625534412,0.0121265330162148,0.00485886884537859,0.0181101505302755,0.0504411226816851,0.0023346672177588,0.090102036696507,0.0455822538363065,0.462852192078669,FALSE
315,"logistic",2000,0.387150197493948,0.155806192413602,0.118728894826537,0.376728294554092,0.704497709774092,0.0237618899957931,0.901604808891176,0.585768814947554,0.462852192078669,TRUE
316,"logistic",2000,0.0130061519758565,0.00748567532500248,0.00341035985218575,0.0113708120858106,0.0319551076428879,0.000952875957951198,0.0646484485974153,0.0285447477907021,0.462852192078669,FALSE
317,"logistic",2000,0.0264173344696798,0.0165201808632157,0.00665849165386882,0.0224773434496634,0.0698920742779889,0.00242353358493732,0.124798955631498,0.0632335826241201,0.462852192078669,FALSE
318,"logistic",2000,0.687410852012763,0.0636220400983764,0.552804369771361,0.69021535172976,0.802299763870543,0.465802141767161,0.88029485896826,0.249495394099182,0.462852192078669,FALSE
319,"logistic",2000,0.700896151507251,0.0751365230592396,0.542191192989807,0.705717400352683,0.833011380125362,0.446939882518086,0.93539573375967,0.290820187135555,0.462852192078669,FALSE
320,"logistic",2000,0.654654729472931,0.0905031059414196,0.466405406755783,0.659869951897733,0.819920278068733,0.332278560451936,0.886863521772985,0.35351487131295,0.462852192078669,FALSE
321,"logistic",2000,0.634622042346526,0.118008930257457,0.3905577739963,0.638219375142443,0.842250833105983,0.218272660906612,0.970547542915292,0.451693059109683,0.462852192078669,FALSE
322,"logistic",2000,0.997628854210524,0.00179609355355087,0.993314551760952,0.99807428074542,0.999607216275089,0.979524284731239,0.999971948982848,0.00629266451413646,0.462852192078669,FALSE
323,"logistic",2000,0.831041718956782,0.0911234085673412,0.611202549114738,0.848112131900936,0.959477280734802,0.297584338598363,0.992350495515926,0.348274731620065,0.462852192078669,FALSE
324,"logistic",2000,0.991655931325185,0.00585418143005083,0.97670078682283,0.993016549766504,0.998406108349268,0.940287548975899,0.999361171947273,0.0217053215264386,0.462852192078669,FALSE
325,"logistic",2000,0.11077268700355,0.0684205861652241,0.0252856696491443,0.0941014902805073,0.283088931655668,0.00721342044241027,0.480432982102724,0.257803262006523,0.462852192078669,FALSE
326,"logistic",2000,0.187679754804055,0.0842436893206376,0.0668830037435442,0.174396326449422,0.386984449052467,0.0327402192435454,0.709670264142364,0.320101445308923,0.462852192078669,FALSE
327,"logistic",2000,0.577242952621408,0.121811773192708,0.341938174591618,0.577585221137144,0.817165921344678,0.245986452601316,0.990371533222986,0.47522774675306,0.462852192078669,TRUE
328,"logistic",2000,0.178551381687794,0.0465703542535339,0.0995457043250283,0.174015811845057,0.280686273724338,0.0700865405099615,0.445161897532851,0.18114056939931,0.462852192078669,FALSE
329,"logistic",2000,0.429941733542379,0.110419794810599,0.227152995130251,0.425256294657729,0.644825831167457,0.116545736919631,0.772975048068681,0.417672836037206,0.462852192078669,FALSE
330,"logistic",2000,0.348031281843574,0.10077022023063,0.166603201454418,0.340851614271692,0.560975068921762,0.0910535484128707,0.719543282469938,0.394371867467345,0.462852192078669,FALSE
331,"logistic",2000,0.995216221144219,0.00322619772535042,0.986972832697695,0.996062562231002,0.999048970700652,0.97716018451893,0.999805171734468,0.0120761380029575,0.462852192078669,FALSE
332,"logistic",2000,0.51171597466618,0.122571232987334,0.278151506121214,0.514376255283768,0.741003698199884,0.146934045370303,0.884522645511669,0.462852192078669,0.462852192078669,TRUE
333,"logistic",2000,0.0871182360168734,0.0360584281007118,0.0328859560390841,0.082643868719558,0.167953049525359,0.015941807750709,0.27650884775693,0.135067093486275,0.462852192078669,FALSE
334,"logistic",2000,0.48930187635602,0.127574004321703,0.247147926636858,0.487384407232988,0.745040936294262,0.0936970776057023,0.893087354752146,0.497893009657404,0.462852192078669,TRUE
335,"logistic",2000,0.696706409647231,0.0948741386768567,0.490900235268935,0.703187717099874,0.86261178147855,0.348354158165982,0.944244686798696,0.371711546209615,0.462852192078669,FALSE
336,"logistic",2000,0.079481646161594,0.0474875918640154,0.01762330253289,0.0692634222583962,0.199796132991336,0.00525780881574511,0.340390367974352,0.182172830458446,0.462852192078669,FALSE
337,"logistic",2000,0.129188668388452,0.0459805357433,0.0590440510762033,0.123025618506272,0.234786970270565,0.0279117715530067,0.355267659243042,0.175742919194362,0.462852192078669,FALSE
338,"logistic",2000,0.973062517075711,0.0151322623095248,0.935216128515239,0.97626998312241,0.992986852072021,0.846057718195529,0.997678206951462,0.0577707235567823,0.462852192078669,FALSE
339,"logistic",2000,0.390325164329959,0.0871390761185621,0.228401342167405,0.385805196357787,0.574139046800437,0.165755326169836,0.6675862970921,0.345737704633032,0.462852192078669,FALSE
340,"logistic",2000,0.406119128830205,0.113124566037527,0.192776599842052,0.405545929880876,0.628995442091691,0.0838980235954674,0.778102322281575,0.436218842249639,0.462852192078669,FALSE
341,"logistic",2000,0.160213123520297,0.047318219683699,0.0850449053729794,0.153941429252351,0.266745779859888,0.0381565920075654,0.44219315499638,0.181700874486909,0.462852192078669,FALSE
342,"logistic",2000,0.88839819456391,0.0518378007189188,0.768326458019218,0.895967255670816,0.967673952428419,0.633713621411462,0.998179691367075,0.199347494409201,0.462852192078669,FALSE
343,"logistic",2000,0.382761835922322,0.0929634183651631,0.210050504146905,0.378071773338672,0.572775939996525,0.109577364855672,0.698841283134599,0.36272543584962,0.462852192078669,FALSE
344,"logistic",2000,0.737452016756682,0.100351927775326,0.525879221058539,0.745676204576676,0.910798733294799,0.371241217669041,0.960367471534727,0.384919512236259,0.462852192078669,FALSE
345,"logistic",2000,0.0340740239950658,0.0191979125571292,0.00937929728615401,0.0299580400373076,0.0805883927712547,0.0032833586213795,0.202113933596941,0.0712090954851007,0.462852192078669,FALSE
346,"logistic",2000,0.912541131397089,0.0444864722917397,0.805747197632293,0.919829688831808,0.974796487075337,0.613854173472665,0.997904020852107,0.169049289443044,0.462852192078669,FALSE
347,"logistic",2000,0.00876038023210398,0.0096874739234477,0.000889234832939822,0.00593809802150645,0.0325307354380812,0.000208666094981101,0.1355415390513,0.0316415006051414,0.462852192078669,FALSE
348,"logistic",2000,0.285752627391688,0.114918670299782,0.105810559605183,0.271043704088775,0.548971902680234,0.052307575238227,0.684024046331323,0.44316134307505,0.462852192078669,FALSE
349,"logistic",2000,0.13416444480551,0.0543800918189096,0.0493385870351229,0.126640709001742,0.262440608282147,0.0147736970568139,0.380151451062261,0.213102021247024,0.462852192078669,FALSE
350,"logistic",2000,0.984322464643018,0.0104571826611036,0.957867384357179,0.986842399746998,0.99678869546006,0.911550479521754,0.999067012747192,0.0389213111028811,0.462852192078669,FALSE
351,"logistic",2000,0.4346162900174,0.146275846379115,0.176768895200337,0.426532677715482,0.735447384728693,0.0671579945914972,0.88452987543805,0.558678489528356,0.462852192078669,TRUE
352,"logistic",2000,0.582840630307649,0.119748668959953,0.338136952036775,0.590282432266454,0.796795443344468,0.109260848992892,0.887708373188085,0.458658491307693,0.462852192078669,FALSE
353,"logistic",2000,0.00799268070431822,0.00472612860918136,0.00177627290339747,0.00690744054642988,0.0195816482403673,0.000682476753161491,0.037370396568679,0.0178053753369698,0.462852192078669,FALSE
354,"logistic",2000,0.911992644414003,0.0335334643492252,0.836281722664987,0.917154802993098,0.962469626498481,0.750752140408723,0.97957531844331,0.126187903833494,0.462852192078669,FALSE
355,"logistic",2000,0.990505778560133,0.00592678891096781,0.97513592161353,0.991759059059912,0.997777472765395,0.952818404144016,0.999197782300352,0.0226415511518645,0.462852192078669,FALSE
356,"logistic",2000,0.50550372711219,0.131216763470738,0.251218192780194,0.505141617178003,0.750464996018014,0.121008263295262,0.857959381938423,0.49924680323782,0.462852192078669,TRUE
357,"logistic",2000,0.982203618267783,0.0119204736911917,0.95054979297262,0.984882759473873,0.996293682736696,0.907404071748311,0.998680144831634,0.0457438897640752,0.462852192078669,FALSE
358,"logistic",2000,0.757245707016792,0.0639629134178695,0.623032101539788,0.761773563654029,0.866656971738426,0.46961015831,0.915888644185983,0.243624870198638,0.462852192078669,FALSE
359,"logistic",2000,0.250513346333089,0.0723852763737296,0.125238322777385,0.245542043145235,0.409958153643429,0.0594741859751024,0.55543921863478,0.284719830866045,0.462852192078669,FALSE
360,"logistic",2000,0.310956603137782,0.104818388421651,0.128437610227738,0.302364806808336,0.54027962845808,0.0687016343306785,0.663140778039088,0.411842018230341,0.462852192078669,FALSE
361,"logistic",2000,0.901443841331271,0.054856071607882,0.770540977053456,0.914054020882198,0.971427801749305,0.509322788528661,0.989951681982227,0.200886824695849,0.462852192078669,FALSE
362,"logistic",2000,0.823908306105831,0.076938139603791,0.63513307466738,0.834789698322431,0.942317849240769,0.366674042934624,0.980228049960729,0.30718477457339,0.462852192078669,FALSE
363,"logistic",2000,0.787300343049011,0.090004889831496,0.576070669975408,0.798837229359335,0.925238407543781,0.347440558191739,0.965751110075383,0.349167737568372,0.462852192078669,FALSE
364,"logistic",2000,0.651438207371411,0.0909611857095292,0.457278776422986,0.656259499775688,0.812722468005331,0.28565932683917,0.897465172052661,0.355443691582345,0.462852192078669,FALSE
365,"logistic",2000,0.336674617065101,0.130029692256365,0.109909339170722,0.331158028973642,0.604500788732783,0.0270999939521585,0.821279565829957,0.494591449562061,0.462852192078669,TRUE
366,"logistic",2000,0.0510986698696535,0.0242762686538758,0.0159537380867197,0.0470376985400379,0.107398833301608,0.00772818027260617,0.20672928170447,0.0914450952148879,0.462852192078669,FALSE
367,"logistic",2000,0.499558675900999,0.101895274101351,0.305941452240888,0.500209162231368,0.70158220798901,0.195093825327197,0.837090014240205,0.395640755748123,0.462852192078669,FALSE
368,"logistic",2000,0.0613552098814067,0.0350378894207629,0.0163987072122437,0.0539398196285557,0.146845892178701,0.00694354366119443,0.275725625086639,0.130447184966458,0.462852192078669,FALSE
369,"logistic",2000,0.0336513370282886,0.0175821246656609,0.00991438534499073,0.0304615593112577,0.0772330845837484,0.00369119089718862,0.157334322863826,0.0673186992387576,0.462852192078669,FALSE
370,"logistic",2000,0.317603278198799,0.0866697826483499,0.167255993625595,0.311908809904885,0.507972383550159,0.0852737207486011,0.675371802641869,0.340716389924564,0.462852192078669,FALSE
371,"logistic",2000,0.662862908386109,0.0845364973230932,0.48761442881393,0.666467667475341,0.813655529230717,0.35452061644255,0.87444025654541,0.326041100416788,0.462852192078669,FALSE
372,"logistic",2000,0.341407571376829,0.13361460729618,0.126985646259851,0.32835763123793,0.63198298717955,0.0269918659918374,0.961218207484939,0.5049973409197,0.462852192078669,TRUE
373,"logistic",2000,0.862815175314078,0.0703126747553201,0.687469952124544,0.876015409991553,0.959132480430323,0.494284710693872,0.981929443714467,0.27166252830578,0.462852192078669,FALSE
374,"logistic",2000,0.994290902677437,0.00567715312298922,0.979562774529861,0.996004441693525,0.999436325663176,0.92118395282478,0.999915417262067,0.0198735511333141,0.462852192078669,FALSE
375,"logistic",2000,0.533645440468238,0.105398797499802,0.330243072273287,0.532988142391708,0.737669067997777,0.227631596382366,0.828888412280641,0.40742599572449,0.462852192078669,FALSE
376,"logistic",2000,0.86244269437595,0.0676932702425072,0.703129818443977,0.874230562144554,0.957484760816907,0.44226484496255,0.99434325949356,0.25435494237293,0.462852192078669,FALSE
377,"logistic",2000,0.497803668401941,0.155645221407741,0.214676698701211,0.494025068244813,0.79605786170729,0.0500576082244872,0.952501698562998,0.58138116300608,0.462852192078669,TRUE
378,"logistic",2000,0.789088171032148,0.0651639611980272,0.648000877336599,0.795142212601963,0.903174028108594,0.497431770692566,0.935077557586389,0.255173150771995,0.462852192078669,FALSE
379,"logistic",2000,0.29590594888648,0.110650378590392,0.117497810277302,0.282594198616382,0.550757656245221,0.0236494441279921,0.706321914358767,0.433259845967919,0.462852192078669,FALSE
380,"logistic",2000,0.334064529879105,0.0944827336811181,0.16453366134949,0.327756321043821,0.529378201238024,0.0868833767040744,0.650351496731223,0.364844539888534,0.462852192078669,FALSE
381,"logistic",2000,0.867406341406257,0.0443037978332621,0.769480226340979,0.871783768209249,0.939683407336841,0.664193567420429,0.973222718394111,0.170203180995862,0.462852192078669,FALSE
382,"logistic",2000,0.772336696050267,0.0721142638575557,0.619353392223497,0.777029485683646,0.891627046949347,0.464428481105823,0.932063933320348,0.272273654725851,0.462852192078669,FALSE
383,"logistic",2000,0.999985128063235,0.0000183677610730314,0.999934329084902,0.999991621428325,0.999999213627234,0.999817543443404,0.999999945247543,0.0000648845423315558,0.462852192078669,FALSE
384,"logistic",2000,0.340814148682675,0.14974371487445,0.0869748178337051,0.331147812461157,0.63820887524942,0.0214289338233983,0.865286244477332,0.551234057415715,0.462852192078669,TRUE
385,"logistic",2000,0.241323243155106,0.0648690101107396,0.12944060731353,0.236336912045635,0.38929884223579,0.0648806090367441,0.542137309874592,0.25985823492226,0.462852192078669,FALSE
386,"logistic",2000,0.639347226968205,0.16334714251136,0.310282350035759,0.641450712504021,0.920438672634758,0.17218141132252,0.978035999779912,0.610156322598999,0.462852192078669,TRUE
387,"logistic",2000,0.958941326665197,0.0320790296023188,0.874792736684542,0.967769905762289,0.993723822462444,0.61363727828809,0.998182562703197,0.118931085777902,0.462852192078669,FALSE
388,"logistic",2000,0.749454563943748,0.0976889230593271,0.531632780572199,0.75909089579468,0.916507501343676,0.293276395272911,0.970009534971178,0.384874720771476,0.462852192078669,FALSE
389,"logistic",2000,0.243732930301121,0.0867652701093798,0.0979633004858365,0.234996582334717,0.436633398121341,0.0348724438117236,0.589671065425809,0.338670097635505,0.462852192078669,FALSE
390,"logistic",2000,0.285225791058316,0.122963927342055,0.0966057982035508,0.267725318303928,0.563158884928222,0.033408789523898,0.754039540896237,0.466553086724671,0.462852192078669,TRUE
391,"logistic",2000,0.995771612689218,0.00307284071714164,0.987586557282976,0.996623811334169,0.999255613755616,0.970090106488693,0.999775026820589,0.0116690564726396,0.462852192078669,FALSE
392,"logistic",2000,0.418072707731666,0.0995774505055818,0.236425611025251,0.414619806588203,0.614595103020187,0.13945611262206,0.738012540229529,0.378169491994936,0.462852192078669,FALSE
393,"logistic",2000,0.106579684617606,0.0348672051404983,0.0518870446595447,0.102599911004274,0.187786785031516,0.0190814485730837,0.259325382731411,0.135899740371971,0.462852192078669,FALSE
394,"logistic",2000,0.826651784643304,0.0601208198109721,0.694955909739427,0.832946633317837,0.925489795720667,0.54140193350768,0.95723250988203,0.23053388598124,0.462852192078669,FALSE
395,"logistic",2000,0.948208408954887,0.0222820776627923,0.895325203696604,0.952119327548874,0.980554748666353,0.829107570814703,0.99471730987207,0.0852295449697491,0.462852192078669,FALSE
396,"logistic",2000,0.0523982200001081,0.0254664167289887,0.0167758716493829,0.0474725592197066,0.115941108233748,0.00726557763690996,0.213567293558102,0.0991652365843646,0.462852192078669,FALSE
397,"logistic",2000,0.0211780418404894,0.0146942694722387,0.00488255519541339,0.0176363463065607,0.0608194835473862,0.00165165172763492,0.178493225053287,0.0559369283519728,0.462852192078669,FALSE
398,"logistic",2000,0.837231985491948,0.0535335944897162,0.716918907433687,0.844022760796219,0.923062123601623,0.58042091720044,0.962443236734733,0.206143216167936,0.462852192078669,FALSE
399,"logistic",2000,0.749721882855227,0.0887326247127024,0.557745280104628,0.758716107942692,0.89626460583092,0.379126576758664,0.953077052568743,0.338519325726292,0.462852192078669,FALSE
400,"logistic",2000,0.0913883175920824,0.0367243347033177,0.0347312504743362,0.0857302783240453,0.180733073041753,0.0170061915047,0.251515985530727,0.146001822567417,0.462852192078669,FALSE
401,"logistic",2000,0.72532864979543,0.0675116241748993,0.581212311727906,0.73052934938565,0.84518723133622,0.461093236992895,0.895162928915997,0.263974919608315,0.462852192078669,FALSE
402,"logistic",2000,0.999210480628086,0.000692476794223228,0.997337274280544,0.999401604494103,0.999912072882765,0.99412201272695,0.999990936879977,0.00257479860222065,0.462852192078669,FALSE
403,"logistic",2000,0.261751631408773,0.074646352391528,0.133993789279868,0.254760270669122,0.422233768169601,0.0820919333496238,0.530279716582138,0.288239978889733,0.462852192078669,FALSE
404,"logistic",2000,0.677103079406017,0.0998048399848333,0.467256880428553,0.683406968540231,0.845874375810519,0.291429227038407,0.906417727042853,0.378617495381965,0.462852192078669,FALSE
405,"logistic",2000,0.821599608073135,0.0493720887140267,0.713249899440968,0.826267908207332,0.904531311951496,0.597389602415265,0.962156028960695,0.191281412510529,0.462852192078669,FALSE
406,"logistic",2000,0.626921776746948,0.0784383697648212,0.469888686558301,0.630552955124183,0.779216119853155,0.324265434455719,0.849964321982745,0.309327433294855,0.462852192078669,FALSE
407,"logistic",2000,0.908203459143542,0.0444167836432317,0.806715984003841,0.915514283012065,0.97120306568928,0.697263941721929,0.98717766161165,0.164487081685439,0.462852192078669,FALSE
408,"logistic",2000,0.976389549550557,0.0145593905358397,0.939847134486869,0.979365478542372,0.994693321759703,0.874081007254494,0.999659243562869,0.0548461872728341,0.462852192078669,FALSE
409,"logistic",2000,0.735744362252712,0.0977051670824776,0.518167746094965,0.74818889274424,0.895152449648626,0.307448580912396,0.955275729447601,0.376984703553661,0.462852192078669,FALSE
410,"logistic",2000,0.92753192753923,0.0363049212964701,0.843965686647573,0.934566560979519,0.978179450053625,0.757332153934243,0.992195722409669,0.134213763406052,0.462852192078669,FALSE
411,"logistic",2000,0.0240652665878839,0.017187311803037,0.00456356002291225,0.0193687050427731,0.0692553174573759,0.00102665333465383,0.144217695064949,0.0646917574344637,0.462852192078669,FALSE
412,"logistic",2000,0.138065656020509,0.0638565650719953,0.0437713007159422,0.129518687054685,0.295476709723707,0.0150096301744081,0.432885482456276,0.251705409007764,0.462852192078669,FALSE
413,"logistic",2000,0.206663642616072,0.0631739937950258,0.102807725329008,0.201150649061811,0.35309370034274,0.0597134777068088,0.572144383031646,0.250285975013732,0.462852192078669,FALSE
414,"logistic",2000,0.389751784058995,0.125120417001378,0.171419158937678,0.383573628278383,0.639748413518537,0.0744407553327644,0.826863641613361,0.468329254580859,0.462852192078669,TRUE
415,"logistic",2000,0.642659192163548,0.122266355669816,0.382047124103154,0.653549803966555,0.851363602840418,0.172148138364851,0.904200110271975,0.469316478737265,0.462852192078669,TRUE
416,"logistic",2000,0.210620648917836,0.0700427208386619,0.0945399665912249,0.204725175587453,0.364565974403015,0.0484852787180244,0.553896270247532,0.27002600781179,0.462852192078669,FALSE
417,"logistic",2000,0.953725971404642,0.0223252124233816,0.898167800480379,0.957609864674369,0.984740644803458,0.851008517773121,0.995125035872569,0.0865728443230798,0.462852192078669,FALSE
418,"logistic",2000,0.103966350177254,0.0414236580808445,0.0401198592652207,0.0977177948702801,0.20082168378083,0.0213628357295266,0.296413205047747,0.16070182451561,0.462852192078669,FALSE
419,"logistic",2000,0.820048125321464,0.101139800645718,0.579438038335281,0.837515050412913,0.962846698809603,0.347933036129442,0.991378327180519,0.383408660474322,0.462852192078669,FALSE
420,"logistic",2000,0.735679153664704,0.084054829766072,0.561050114395863,0.741317999905296,0.880579945296298,0.367851727895817,0.94166302654926,0.319529830900435,0.462852192078669,FALSE
421,"logistic",2000,0.659111024255098,0.100571289877294,0.451590113320697,0.667346728364344,0.837958200855254,0.223808150168035,0.90528677141692,0.386368087534557,0.462852192078669,FALSE
422,"logistic",2000,0.372103686519746,0.071313387955751,0.241819419949852,0.368525232591716,0.519088104209129,0.143652712176402,0.707090183430399,0.277268684259277,0.462852192078669,FALSE
423,"logistic",2000,0.992238365054662,0.00444782715053028,0.98153211411531,0.993267067103576,0.998034066023355,0.963659723381887,0.999634239033909,0.0165019519080447,0.462852192078669,FALSE
424,"logistic",2000,0.119168604319008,0.0479917997123848,0.0448193976148572,0.11248625000614,0.232167316367254,0.0244957189840088,0.381365123686071,0.187347918752397,0.462852192078669,FALSE
425,"logistic",2000,0.887924247177692,0.0500597762870105,0.767584462686885,0.897519968427412,0.961926993254324,0.639758914033805,0.988240152019929,0.194342530567439,0.462852192078669,FALSE
426,"logistic",2000,0.330460571950693,0.0889021471623895,0.168683313592909,0.32778290221541,0.51213704643833,0.0726410573738198,0.636576709417902,0.343453732845421,0.462852192078669,FALSE
427,"logistic",2000,0.0775262186677419,0.0358543894316275,0.0256891175210167,0.0706383163540911,0.163448059434904,0.0132762877900722,0.287587739877471,0.137758941913887,0.462852192078669,FALSE
428,"logistic",2000,0.421926811123144,0.101593423636691,0.242348826382072,0.420306334390321,0.632041551046569,0.15340464605267,0.700643317187639,0.389692724664497,0.462852192078669,FALSE
429,"logistic",2000,0.967672750264859,0.018078802321712,0.925199900333544,0.971243796826705,0.99101289381069,0.791166998937883,0.996259301552227,0.0658129934771459,0.462852192078669,FALSE
430,"logistic",2000,0.242872379982664,0.0896377298083074,0.0982264629169178,0.233481958281986,0.444230437775615,0.0565835590133812,0.698363545252869,0.346003974858697,0.462852192078669,FALSE
431,"logistic",2000,0.752099250413728,0.0633768699776131,0.611414988295488,0.758813869383934,0.85823341123959,0.482411649707667,0.914629751459578,0.246818422944103,0.462852192078669,FALSE
432,"logistic",2000,0.478244197348284,0.105005197318721,0.269856479119371,0.47800810246482,0.688848505579704,0.145736526586733,0.809713955405171,0.418992026460333,0.462852192078669,FALSE
433,"logistic",2000,0.737350344064624,0.0759332201447877,0.572427338945239,0.743477703617122,0.866247105345415,0.417806139685902,0.926642698865912,0.293819766400176,0.462852192078669,FALSE
434,"logistic",2000,0.973150443475428,0.0151244339728239,0.937193992957971,0.97642651497358,0.992526912584621,0.86423043990552,0.997609231340325,0.0553329196266501,0.462852192078669,FALSE
435,"logistic",2000,0.214707878478833,0.0720653118695766,0.0980011768250819,0.207936231467297,0.373851401978932,0.0535484136986777,0.501486090721462,0.27585022515385,0.462852192078669,FALSE
436,"logistic",2000,0.147087084765553,0.0585361045092535,0.0562200164762763,0.13916699793404,0.280121543753977,0.0308644434413069,0.437055921275172,0.223901527277701,0.462852192078669,FALSE
437,"logistic",2000,0.222530036455905,0.0938539292997907,0.0815638290840135,0.207857554840279,0.43866832140032,0.0422455728529295,0.658639371024138,0.357104492316307,0.462852192078669,FALSE
438,"logistic",2000,0.464255985019713,0.125904506139383,0.237767883436149,0.455005046683391,0.718185177720472,0.147176590809869,0.911438481099677,0.480417294284323,0.462852192078669,TRUE
439,"logistic",2000,0.696584641854703,0.113023162223378,0.460126146072101,0.706739767183097,0.89007628675967,0.256807577225535,0.943961056982563,0.42995014068757,0.462852192078669,FALSE
440,"logistic",2000,0.0583472905143683,0.0298547324486515,0.0177295047759417,0.0520096987504475,0.132754898559477,0.00757296532280294,0.254190859479858,0.115025393783535,0.462852192078669,FALSE
441,"logistic",2000,0.860514513975679,0.0572303880579912,0.723941054452946,0.869145756033461,0.948031982418901,0.569484424479355,0.978291806012518,0.224090927965955,0.462852192078669,FALSE
442,"logistic",2000,0.897047459517204,0.0419231897220607,0.80048614076205,0.902411958333057,0.960538085576122,0.717766080035795,0.988368817945041,0.160051944814071,0.462852192078669,FALSE
443,"logistic",2000,0.122177907166542,0.0495511398369518,0.0468123962813321,0.114579897694034,0.236876327127315,0.0249654688599942,0.428070484678734,0.190063930845983,0.462852192078669,FALSE
444,"logistic",2000,0.373064757674671,0.122909252699675,0.159912204797343,0.360234943864856,0.631443614118702,0.069274432736278,0.830266324855381,0.471531409321359,0.462852192078669,TRUE
445,"logistic",2000,0.0120970906727807,0.0118752103661167,0.001398044647008,0.00859070958936593,0.0433491645386131,0.000206080152179297,0.180790862292672,0.0419511198916051,0.462852192078669,FALSE
446,"logistic",2000,0.886185611078471,0.0701449559648232,0.705897917522709,0.900045708902695,0.976652165715929,0.388672652854089,0.994496259025615,0.27075424819322,0.462852192078669,FALSE
447,"logistic",2000,0.654664668532161,0.109477059681032,0.428275404499527,0.658157889471439,0.844121519605426,0.234451429546865,0.94035638669297,0.415846115105899,0.462852192078669,FALSE
448,"logistic",2000,0.837447528115487,0.0707853644213374,0.673630952005153,0.846284334095512,0.943028015185055,0.454784721303527,0.983633905662925,0.269397063179902,0.462852192078669,FALSE
449,"logistic",2000,0.252890018997808,0.0967840019264034,0.099437879757664,0.241715025972601,0.46519894544563,0.0442609292927644,0.649885868846369,0.365761065687966,0.462852192078669,FALSE
450,"logistic",2000,0.0891944009051249,0.0431131531481,0.0291465884815887,0.0819380233203121,0.199605168740559,0.0131387227121661,0.272745202560086,0.17045858025897,0.462852192078669,FALSE
451,"logistic",2000,0.546305534874697,0.102539272849122,0.345139279951162,0.548184894281193,0.741198233170018,0.223341543985129,0.87105993408331,0.396058953218856,0.462852192078669,FALSE
452,"logistic",2000,0.825009551122709,0.077348633927827,0.640975282570018,0.838507652884017,0.937563382479925,0.434659895351288,0.982143308923056,0.296588099909906,0.462852192078669,FALSE
453,"logistic",2000,0.53959790044607,0.0888696982051485,0.371141013536414,0.540039136323475,0.714338137195961,0.240870011230771,0.83062592725027,0.343197123659547,0.462852192078669,FALSE
454,"logistic",2000,0.133495480794021,0.0568369524303535,0.0471571966596606,0.125522082596546,0.270152509551305,0.027241125456124,0.420613443408715,0.222995312891644,0.462852192078669,FALSE
455,"logistic",2000,0.158845780697252,0.06537867677721,0.0595029351067996,0.14932427840794,0.318919527579396,0.0285620578117215,0.469497871564314,0.259416592472597,0.462852192078669,FALSE
456,"logistic",2000,0.373120064211366,0.1162056029943,0.168202085594665,0.369555082134985,0.618922574221604,0.0854861408127321,0.774819499147959,0.45072048862694,0.462852192078669,FALSE
457,"logistic",2000,0.173772853552995,0.0513125920938037,0.0868715751780555,0.167804231836884,0.287473919674257,0.0529148299850258,0.378862842264696,0.200602344496201,0.462852192078669,FALSE
458,"logistic",2000,0.50379059654254,0.0703763097164366,0.362019846194806,0.505604562793779,0.640508042911348,0.285819077258778,0.735327922898576,0.278488196716542,0.462852192078669,FALSE
459,"logistic",2000,0.413918021207065,0.146882951185054,0.146240911626734,0.409836873012104,0.701804874028824,0.0520176862394678,0.973327243350065,0.55556396240209,0.462852192078669,TRUE
460,"logistic",2000,0.249459655177929,0.0674239937253265,0.131932303679754,0.242085728844206,0.393966130809658,0.093981378254913,0.517192047537106,0.262033827129903,0.462852192078669,FALSE
461,"logistic",2000,0.92230709243661,0.0399333694449211,0.82237283828846,0.929951258127623,0.976783485132761,0.695757857218824,0.99400248115223,0.154410646844301,0.462852192078669,FALSE
462,"logistic",2000,0.838605000056952,0.0732038980566042,0.666446411509212,0.848740695356305,0.953389113509543,0.558194189827457,0.997473499394356,0.28694270200033,0.462852192078669,FALSE
463,"logistic",2000,0.449589935142088,0.102482455023178,0.262615222065105,0.446382716706214,0.655883674562966,0.161296461838285,0.760766126904549,0.39326845249786,0.462852192078669,FALSE
464,"logistic",2000,0.0255268163913726,0.0143186820787436,0.00740335388925825,0.0220615299598957,0.0621402111705676,0.00274666337793971,0.136304461179442,0.0547368572813093,0.462852192078669,FALSE
465,"logistic",2000,0.119858724497649,0.0481186767868075,0.0475923073242348,0.112513244835044,0.229247207820315,0.0211329432400006,0.379742449347481,0.18165490049608,0.462852192078669,FALSE
466,"logistic",2000,0.724156321657294,0.0885593826559731,0.527081924384887,0.731380391457337,0.874311845908235,0.323891040189514,0.940202398918718,0.347229921523348,0.462852192078669,FALSE
467,"logistic",2000,0.0753135805096663,0.0333177004452006,0.0261721939821762,0.0691580022406035,0.15394184117636,0.0124952949754453,0.238348791365326,0.127769647194183,0.462852192078669,FALSE
468,"logistic",2000,0.082981826509654,0.034837818077379,0.0302428992694232,0.0771605060964099,0.168459552399659,0.0105005072616918,0.284340801245216,0.138216653130236,0.462852192078669,FALSE
469,"logistic",2000,0.658234057664089,0.0885919879374726,0.478940867276645,0.66043423345604,0.823433674446617,0.360075379569186,0.902930178234989,0.344492807169972,0.462852192078669,FALSE
470,"logistic",2000,0.129120110371824,0.0483276205296625,0.0511145046663978,0.122937469016842,0.236731978184552,0.0319929474486379,0.330425703858201,0.185617473518155,0.462852192078669,FALSE
471,"logistic",2000,0.948743488712813,0.0260805838836574,0.885024988444021,0.953432754455455,0.984903852982025,0.765871102338341,0.99415623498868,0.099878864538004,0.462852192078669,FALSE
472,"logistic",2000,0.554530971439686,0.105502015445058,0.344633034730919,0.557337319673316,0.74954789927898,0.179109655360733,0.861666671849806,0.404914864548061,0.462852192078669,FALSE
473,"logistic",2000,0.994029701943685,0.00557229857746043,0.979118307891514,0.995584820272316,0.999248871602681,0.926107617785766,0.999755703596357,0.0201305637111672,0.462852192078669,FALSE
474,"logistic",2000,0.456698855785799,0.0975871585007042,0.267376907705626,0.457174917065503,0.645300565690623,0.165095891151583,0.771181287316231,0.377923657984997,0.462852192078669,FALSE
475,"logistic",2000,0.511992172986349,0.0835001843869151,0.336826502379911,0.513343256468828,0.664459773874661,0.240394769951874,0.761591370347622,0.32763327149475,0.462852192078669,FALSE
476,"logistic",2000,0.0161383702913145,0.00824948462430372,0.00485885834848613,0.0146128287072162,0.036110790744977,0.0017938334343669,0.0714807131398106,0.0312519323964909,0.462852192078669,FALSE
477,"logistic",2000,0.451373302866875,0.105757661250245,0.255880134260873,0.44618338284704,0.664037900084356,0.16952316849172,0.778918942216169,0.408157765823483,0.462852192078669,FALSE
478,"logistic",2000,0.496424716448453,0.129552132532143,0.234760739490558,0.49478066706696,0.733462912601523,0.0935956696826819,0.87883316941592,0.498702173110965,0.462852192078669,TRUE
479,"logistic",2000,0.0415616510946875,0.0227116093155486,0.0110082136795561,0.0370225504778156,0.0978827049948492,0.00423344499533246,0.156339171402559,0.0868744913152931,0.462852192078669,FALSE
480,"logistic",2000,0.931691091994793,0.0444606485357546,0.816325044795802,0.941308781422986,0.985555391796897,0.641692783353281,0.996517692714576,0.169230347001096,0.462852192078669,FALSE
481,"logistic",2000,0.361029809983855,0.0850466157250478,0.205609442930288,0.358659360572216,0.536783422806483,0.141317115110363,0.683870408879811,0.331173979876195,0.462852192078669,FALSE
482,"logistic",2000,0.68857344941695,0.131305674979536,0.400908609403858,0.704904210133047,0.899610451926561,0.109706900359898,0.994618895524786,0.498701842522704,0.462852192078669,TRUE
483,"logistic",2000,0.947281926299615,0.0317744960707652,0.865359284976079,0.953902870725145,0.986740146426724,0.743257228178122,0.99527496096998,0.121380861450645,0.462852192078669,FALSE
484,"logistic",2000,0.60589333672326,0.121050751275461,0.35763957624996,0.608539572787804,0.828724704396258,0.166828799259351,0.927886399543119,0.471085128146297,0.462852192078669,TRUE
485,"logistic",2000,0.649740384555715,0.071717820031879,0.495974760769528,0.653679764603502,0.77971914528542,0.382437790525724,0.900641659439947,0.283744384515893,0.462852192078669,FALSE
486,"logistic",2000,0.844355711268309,0.0682381892669105,0.679252745995143,0.856046100090775,0.943004921180027,0.457934267764638,0.978030202511293,0.263752175184883,0.462852192078669,FALSE
487,"logistic",2000,0.0622882081406593,0.0278017812794094,0.0213691225908076,0.0585569014762085,0.12659176696166,0.00969134642444194,0.252053428606806,0.105222644370853,0.462852192078669,FALSE
488,"logistic",2000,0.0282780989252493,0.0133088006341273,0.00996821963641491,0.0256632740431971,0.0596764521643225,0.00430500601414094,0.125290563741465,0.0497082325279076,0.462852192078669,FALSE
489,"logistic",2000,0.0654523913928194,0.0436981751227867,0.0150966674415321,0.0548374571142344,0.179829404333655,0.00223778205240283,0.554680061279405,0.164732736892123,0.462852192078669,FALSE
490,"logistic",2000,0.323671009911959,0.0903534598162653,0.166483992763564,0.319545379831659,0.512767784384843,0.0939114809100508,0.696413772076428,0.346283791621279,0.462852192078669,FALSE
491,"logistic",2000,0.64535938929377,0.106602926948419,0.422209877771362,0.652419660152501,0.832549562000439,0.274896886218587,0.918352241986418,0.410339684229077,0.462852192078669,FALSE
492,"logistic",2000,0.852827284553953,0.0789768243068194,0.647902144435224,0.867422624793845,0.959619805711099,0.50209633979947,0.983934054604139,0.311717661275874,0.462852192078669,FALSE
493,"logistic",2000,0.235446759738975,0.0868961675770782,0.096364520790828,0.228872658418427,0.426129066963925,0.0440155232798437,0.563940833193276,0.329764546173097,0.462852192078669,FALSE
494,"logistic",2000,0.0954035219000342,0.0528087444463272,0.0265705097413404,0.0830942513045365,0.226433038535342,0.00562175696343218,0.371654072142493,0.199862528794002,0.462852192078669,FALSE
495,"logistic",2000,0.323926556101026,0.0907283782833119,0.166891998289021,0.319326096040652,0.527523643588506,0.0819696574411977,0.652664034769043,0.360631645299485,0.462852192078669,FALSE
496,"logistic",2000,0.931418104825521,0.0429773330676936,0.818419758208976,0.941182933774775,0.985131141300645,0.614201280636752,0.997062297612126,0.166711383091669,0.462852192078669,FALSE
497,"logistic",2000,0.0800554861865402,0.0375246600990489,0.0262863960032381,0.0743978480737669,0.169651231164346,0.0127960932714168,0.261073978793095,0.143364835161108,0.462852192078669,FALSE
498,"logistic",2000,0.55463963929885,0.0892841791779599,0.375277393534541,0.555631430032876,0.722127215221438,0.238987472590582,0.825606305354205,0.346849821686897,0.462852192078669,FALSE
499,"logistic",2000,0.989974874185794,0.00698586012315835,0.971186012830454,0.991675318590714,0.998003295019378,0.942165183871419,0.99926985524051,0.026817282188924,0.462852192078669,FALSE
500,"logistic",2000,0.264597025518309,0.0889169913264031,0.116788089599477,0.258257287644905,0.468359986474196,0.0589711291587915,0.591011260171025,0.351571896874718,0.462852192078669,FALSE
501,"logistic",2000,0.158253662760864,0.0569749247017334,0.0668099177238171,0.151172127269374,0.285504537202381,0.0260669541138543,0.423255949144064,0.218694619478564,0.462852192078669,FALSE
502,"logistic",2000,0.394484683357857,0.142147051700011,0.151023718183562,0.382796052099472,0.692257964755154,0.0642136585961746,0.835601710766165,0.541234246571592,0.462852192078669,TRUE
503,"logistic",2000,0.682513120478122,0.119344190900246,0.439961237295564,0.689900229555781,0.89099690582453,0.317911693164972,0.986990864544511,0.451035668528967,0.462852192078669,FALSE
504,"logistic",2000,0.814743433886796,0.0732289806631028,0.64407952144883,0.822338655693529,0.933087666738077,0.446627528557045,0.965420704378225,0.289008145289247,0.462852192078669,FALSE
505,"logistic",2000,0.425486787453372,0.123222034382464,0.212531207407602,0.417636939430381,0.682266993821858,0.114735063992904,0.86689997098493,0.469735786414256,0.462852192078669,TRUE
506,"logistic",2000,0.117371392828509,0.0574460127547262,0.037915993526183,0.105826548450061,0.258165865865885,0.0193133425952713,0.428648608483573,0.220249872339702,0.462852192078669,FALSE
507,"logistic",2000,0.640002988910318,0.112970671208175,0.392506196935353,0.647944896972103,0.832555079402778,0.178815619216213,0.920532814500729,0.440048882467425,0.462852192078669,FALSE
508,"logistic",2000,0.868080095100681,0.0591485123039149,0.733931902463404,0.877169625382803,0.959018851543001,0.59695255521178,0.986397972871795,0.225086949079598,0.462852192078669,FALSE
509,"logistic",2000,0.766537753084791,0.0843784932399011,0.579745462763626,0.775089126771405,0.902281662351356,0.446511907453344,0.956472585183778,0.32253619958773,0.462852192078669,FALSE
510,"logistic",2000,0.071864627783816,0.0283562887685041,0.0293245901837459,0.0674060629326343,0.141165484437754,0.0111042566908533,0.272747189593198,0.111840894254009,0.462852192078669,FALSE
511,"logistic",2000,0.754773552609016,0.0920462850729471,0.552992565502096,0.764543101115002,0.902795898827202,0.342066836103964,0.974624188258765,0.349803333325106,0.462852192078669,FALSE
512,"logistic",2000,0.632081274299027,0.102720641352117,0.414224574616713,0.640308315076054,0.810909169312824,0.192469406113968,0.868708749540731,0.396684594696112,0.462852192078669,FALSE
513,"logistic",2000,0.735956887277473,0.128347781598381,0.433802208208488,0.75329171481904,0.924524674909572,0.194574770291243,0.979545872548634,0.490722466701084,0.462852192078669,TRUE
514,"logistic",2000,0.235446496862633,0.0663662692394751,0.118638554623104,0.230480970960268,0.373344415801986,0.0534597548180282,0.542896570384319,0.254705861178881,0.462852192078669,FALSE
515,"logistic",2000,0.517365598031379,0.105274023688803,0.312844011348942,0.514438928962266,0.725535520006991,0.215797658923215,0.821481622561689,0.412691508658049,0.462852192078669,FALSE
516,"logistic",2000,0.79087294089749,0.0887393983571002,0.585170511571244,0.8034632688577,0.927055518296843,0.394572912370649,0.970897695911292,0.3418850067256,0.462852192078669,FALSE
517,"logistic",2000,0.0075148356232084,0.00573507185062419,0.00125438884872677,0.00602275289998433,0.0222702123195176,0.000339988638263701,0.0679006540728022,0.0210158234707908,0.462852192078669,FALSE
518,"logistic",2000,0.0278388801526439,0.0172194857785512,0.00611873891002263,0.0238667631733563,0.0701147843051767,0.00177134656402029,0.165279562768748,0.063996045395154,0.462852192078669,FALSE
519,"logistic",2000,0.65620627217311,0.114537618317186,0.397775904980193,0.665058526210801,0.846928413220935,0.197907702274481,0.90086095374728,0.449152508240743,0.462852192078669,FALSE
520,"logistic",2000,0.579324245000088,0.106536353325537,0.370625660057165,0.580856667195469,0.781705149950217,0.234822617378196,0.881492646627869,0.411079489893051,0.462852192078669,FALSE
521,"logistic",2000,0.981938388578924,0.013282827338564,0.949878736765801,0.98510974909166,0.996626334990678,0.837975822931979,0.998738466834261,0.0467475982248766,0.462852192078669,FALSE
522,"logistic",2000,0.237806161216223,0.0937278064355602,0.0871594019573301,0.225812059204573,0.447753686031679,0.0354546137720055,0.658144707410049,0.360594284074349,0.462852192078669,FALSE
523,"logistic",2000,0.890746961777434,0.0382098590959899,0.80272354988326,0.895063507797476,0.949652530204296,0.708199272543061,0.983575176672882,0.146928980321037,0.462852192078669,FALSE
524,"logistic",2000,0.824689940938624,0.0622221172350364,0.682114125625757,0.833331459540065,0.922490208845301,0.476883973684196,0.960093287819303,0.240376083219544,0.462852192078669,FALSE
525,"logistic",2000,0.487127245172985,0.10360100159424,0.292981583066686,0.484823462265416,0.694913420562449,0.19728808651104,0.808365269011559,0.401931837495763,0.462852192078669,FALSE
526,"logistic",2000,0.485620538938884,0.135258091210935,0.244529758432266,0.477029835055446,0.766445824862389,0.135695386677678,0.977108390470696,0.521916066430123,0.462852192078669,TRUE
527,"logistic",2000,0.112545292884572,0.0474693882537171,0.043141758638308,0.103700954069479,0.225654546494604,0.0203475705952705,0.344396134517744,0.182512787856296,0.462852192078669,FALSE
528,"logistic",2000,0.67297724015574,0.0868134229242203,0.492507577838884,0.678654220667021,0.826680498060061,0.380305548368659,0.920197592551746,0.334172920221177,0.462852192078669,FALSE
529,"logistic",2000,0.486000710553499,0.113401773583992,0.271543731409251,0.483479668678115,0.713984952114085,0.151667197342943,0.8178098447749,0.442441220704834,0.462852192078669,FALSE
530,"logistic",2000,0.0932756679823906,0.033025373130965,0.0428362194370229,0.0893401884970591,0.172255713007487,0.0133381146392547,0.273613593153054,0.129419493570464,0.462852192078669,FALSE
531,"logistic",2000,0.392357208736925,0.0921201241502796,0.2263995015712,0.39068398070858,0.587775641460768,0.125276544667197,0.74384506486993,0.361376139889568,0.462852192078669,FALSE
532,"logistic",2000,0.570242601648172,0.131428361332097,0.329592636601258,0.565613423682906,0.831581936805414,0.197939081264273,0.981991800345688,0.501989300204156,0.462852192078669,TRUE
533,"logistic",2000,0.921201305475217,0.0363652242777325,0.831864372557562,0.925958830197112,0.975031442978094,0.731614128785428,0.989448687611919,0.143167070420532,0.462852192078669,FALSE
534,"logistic",2000,0.377089107788859,0.110962264053232,0.179840246630038,0.367604264624293,0.618557572184831,0.0663136844092317,0.783129181735495,0.438717325554793,0.462852192078669,FALSE
535,"logistic",2000,0.985987678930165,0.0115311999038109,0.956247424728898,0.989330959171229,0.998170902896458,0.877601829364551,0.999594966949124,0.0419234781675605,0.462852192078669,FALSE
536,"logistic",2000,0.93731147328283,0.0350205568966986,0.853880447107367,0.943661970133064,0.98597425312906,0.745597776652374,0.998340135646239,0.132093806021693,0.462852192078669,FALSE
537,"logistic",2000,0.932161015857812,0.0453778240186762,0.815590424360689,0.943855105541265,0.986569776411107,0.432877012630584,0.996596996240412,0.170979352050418,0.462852192078669,FALSE
538,"logistic",2000,0.801081322373896,0.084181903774205,0.614268701002211,0.810295001825693,0.937815335114081,0.40401526385623,0.98969578253466,0.32354663411187,0.462852192078669,FALSE
539,"logistic",2000,0.425477727054197,0.111837871634576,0.224243481977167,0.419939108812886,0.652626066360573,0.148896434833765,0.858607134234992,0.428382584383406,0.462852192078669,FALSE
540,"logistic",2000,0.708854094925515,0.086084338498418,0.518609531557306,0.716381748807597,0.854327644148252,0.331862002306717,0.936580700505871,0.335718112590945,0.462852192078669,FALSE
541,"logistic",2000,0.44912863821755,0.0898722134005169,0.279719479093661,0.448374763424847,0.624419559233318,0.180516967520493,0.757383148628827,0.344700080139657,0.462852192078669,FALSE
542,"logistic",2000,0.383415341380424,0.0865317616425489,0.219629409194614,0.384173684169134,0.552003408095896,0.135999964509846,0.71425583454829,0.332373998901282,0.462852192078669,FALSE
543,"logistic",2000,0.390033290141467,0.13447238971569,0.167670202629171,0.379951215494265,0.6775058420003,0.0667486889633503,0.915866058822095,0.50983563937113,0.462852192078669,TRUE
544,"logistic",2000,0.441204096110174,0.120588320074217,0.222976804203133,0.43843089887509,0.684822464411277,0.0859909612787824,0.821346057300709,0.461845660208144,0.462852192078669,FALSE
545,"logistic",2000,0.903499144537445,0.052082728302308,0.78224032609817,0.913099665398116,0.975588302132359,0.545241911783608,0.990412578381612,0.193347976034188,0.462852192078669,FALSE
546,"logistic",2000,0.094512071402261,0.0560180651865583,0.0228864319117725,0.0823422640219384,0.235931654519478,0.00858842207018998,0.45899535416074,0.213045222607706,0.462852192078669,FALSE
547,"logistic",2000,0.490949039784562,0.122536327558789,0.240305375341585,0.494019382476686,0.718763881137762,0.0949645740857341,0.902019024428295,0.478458505796176,0.462852192078669,TRUE
548,"logistic",2000,0.611621700583057,0.116008600629619,0.374205702427899,0.616064043594506,0.815534223850681,0.275432033722702,0.911438076122649,0.441328521422782,0.462852192078669,FALSE
549,"logistic",2000,0.205732061765263,0.072626637458324,0.0825506690337541,0.199998841322289,0.368006135678427,0.0411014084205528,0.541262261202664,0.285455466644672,0.462852192078669,FALSE
550,"logistic",2000,0.147301368493556,0.0722619435503716,0.0434690361938916,0.133865193107323,0.313995527973819,0.0237506857037891,0.47855156195156,0.270526491779927,0.462852192078669,FALSE
551,"logistic",2000,0.161653739650223,0.0545411872638588,0.0764061198822245,0.154349354440899,0.286892037209313,0.0361083649344247,0.410628329835194,0.210485917327089,0.462852192078669,FALSE
552,"logistic",2000,0.224695642989025,0.0776398390831987,0.103644017154666,0.215170670599241,0.404575169030477,0.0553814448471173,0.664925910391293,0.300931151875811,0.462852192078669,FALSE
553,"logistic",2000,0.916454617652606,0.0544667847102153,0.775825952950508,0.929837706863027,0.983581922992101,0.572645116707528,0.994869197733275,0.207755970041593,0.462852192078669,FALSE
554,"logistic",2000,0.563484086512131,0.149255305213075,0.2673970251587,0.570606063834629,0.833929608454116,0.125095296471103,0.94888796737866,0.566532583295416,0.462852192078669,TRUE
555,"logistic",2000,0.401792944647409,0.130944361780577,0.177798468062445,0.393806915446812,0.682854043670299,0.110906260831656,0.884176726100504,0.505055575607854,0.462852192078669,TRUE
556,"logistic",2000,0.876580997170333,0.0445155169790747,0.772910388074409,0.881407527681624,0.9467555511253,0.671751332357529,0.978679688629792,0.173845163050892,0.462852192078669,FALSE
557,"logistic",2000,0.99489416351661,0.00425324599613811,0.983243931412564,0.996104223842754,0.999240351956497,0.961024246550863,0.999803166610946,0.0159964205439329,0.462852192078669,FALSE
558,"logistic",2000,0.385754650854517,0.112683337706284,0.173144687805004,0.383584603212434,0.609207283760283,0.0789061669692678,0.731224679406226,0.436062595955279,0.462852192078669,FALSE
559,"logistic",2000,0.60850414325358,0.0687768896654753,0.466612363444549,0.612172890569312,0.735758973498763,0.302590029308768,0.830410158143812,0.269146610054214,0.462852192078669,FALSE
560,"logistic",2000,0.276202388028798,0.0698858913036449,0.152494837475816,0.271574127450628,0.425798009363553,0.0734372332059462,0.520617902557954,0.273303171887737,0.462852192078669,FALSE
561,"logistic",2000,0.0341412895524303,0.0176031804007493,0.00981462428100489,0.0312467751393511,0.0776806938533095,0.00420240642375859,0.139281928843982,0.0678660695723046,0.462852192078669,FALSE
562,"logistic",2000,0.0680314255862531,0.0488955390027831,0.0117927829536943,0.0560789978624099,0.191409940950294,0.00225338376930692,0.547780956257513,0.179617157996599,0.462852192078669,FALSE
563,"logistic",2000,0.701538919942316,0.101998972375832,0.488849798809057,0.711810248477515,0.875461179429601,0.332562837250018,0.935048336607051,0.386611380620545,0.462852192078669,FALSE
564,"logistic",2000,0.831345131594491,0.0571937646792349,0.702461972891789,0.837157932302085,0.926307300668664,0.589361754201926,0.967014587331661,0.223845327776875,0.462852192078669,FALSE
565,"logistic",2000,0.866892156454081,0.0539348652806827,0.740176945227087,0.875356024427849,0.94895313044392,0.631864546220337,0.97864792636171,0.208776185216834,0.462852192078669,FALSE
566,"logistic",2000,0.996258768617921,0.002759048525823,0.988825264325313,0.996929271723355,0.999408308828106,0.977538656088165,0.999866150021918,0.0105830445027925,0.462852192078669,FALSE
567,"logistic",2000,0.196216375840542,0.0996319270038894,0.0566161438054103,0.178762391499165,0.433009242206589,0.0203092581269753,0.860380274917786,0.376393098401178,0.462852192078669,FALSE
568,"logistic",2000,0.0930915117096911,0.0389460886272504,0.0319527945649065,0.0877316654500763,0.183090006526784,0.0202587620644643,0.25437825734526,0.151137211961878,0.462852192078669,FALSE
569,"logistic",2000,0.852605608478015,0.049928166791123,0.738166171716328,0.858348918152692,0.934483863563572,0.62389211886462,0.968824164041424,0.196317691847244,0.462852192078669,FALSE
570,"logistic",2000,0.792451807007322,0.0911520155675479,0.589004612999251,0.804380813945794,0.929532300055675,0.364361426329381,0.961836136293431,0.340527687056424,0.462852192078669,FALSE
571,"logistic",2000,0.336606018916724,0.0871138787307303,0.177890998135137,0.330555694836883,0.52031863953508,0.0883832603168189,0.682036365994242,0.342427641399942,0.462852192078669,FALSE
572,"logistic",2000,0.0458629579056959,0.027555387569153,0.0115204920026434,0.0390905391244997,0.115426459705797,0.00425276015274756,0.248740684842467,0.103905967703153,0.462852192078669,FALSE
573,"logistic",2000,0.778194649036619,0.106900648180009,0.552581196227276,0.79171226585451,0.947481888601404,0.38609521147806,0.991968101251081,0.394900692374128,0.462852192078669,FALSE
574,"logistic",2000,0.860990369355912,0.0491051964337636,0.745595145913164,0.867348205591543,0.939935748157378,0.641245531432117,0.970205434051036,0.194340602244214,0.462852192078669,FALSE
575,"logistic",2000,0.658046480585446,0.0840799771779547,0.479686379312374,0.662558609977726,0.804854270354631,0.305549396071168,0.893976052298141,0.325167891042257,0.462852192078669,FALSE
576,"logistic",2000,0.178237405022537,0.0572611262556466,0.0827461429336954,0.171585680587628,0.308062770207276,0.0417105554435786,0.384307740193607,0.22531662727358,0.462852192078669,FALSE
577,"logistic",2000,0.833840983020859,0.0695495055545839,0.667191637681018,0.845579647967854,0.940766889369353,0.504949544552117,0.9716028437452,0.273575251688335,0.462852192078669,FALSE
578,"logistic",2000,0.358051463886048,0.0930181119379645,0.194252536117121,0.351991961246985,0.543445183768649,0.129828119451779,0.675946532819883,0.349192647651528,0.462852192078669,FALSE
579,"logistic",2000,0.4398118187174,0.0875309343554453,0.285636190621228,0.437658615857219,0.614436168099065,0.175579438477243,0.772224396618178,0.328799977477837,0.462852192078669,FALSE
580,"logistic",2000,0.187794335657799,0.0893106641520134,0.0529588950444169,0.178058119333197,0.398641998917479,0.0211149900678951,0.554197619892078,0.345683103873062,0.462852192078669,FALSE
581,"logistic",2000,0.960386098475902,0.0237257915778441,0.901050694877283,0.965305769547033,0.991273490082753,0.80551174840849,0.999514949571425,0.0902227952054698,0.462852192078669,FALSE
582,"logistic",2000,0.13086387920549,0.0622309741960058,0.0420284731737822,0.119880180890464,0.283763043001018,0.0108938522298745,0.452142544295139,0.241734569827236,0.462852192078669,FALSE
583,"logistic",2000,0.12016108301127,0.0484727046073849,0.0434715211181358,0.11259102196887,0.234132601652156,0.0139820065273603,0.341633436542184,0.19066108053402,0.462852192078669,FALSE
584,"logistic",2000,0.0255065219738511,0.0142347926266884,0.00725081684618522,0.0230085754543676,0.0617503669276817,0.00335633615328013,0.107284895770166,0.0544995500814965,0.462852192078669,FALSE
585,"logistic",2000,0.962611246276512,0.0152135134325413,0.927629004622813,0.965224330627121,0.985232001926653,0.885418836921445,0.994386706185545,0.0576029973038401,0.462852192078669,FALSE
586,"logistic",2000,0.239467854874551,0.0761199495411285,0.115508963458101,0.230949785375646,0.413736027605139,0.0667961841226165,0.59349776136836,0.298227064147038,0.462852192078669,FALSE
587,"logistic",2000,0.335753672400647,0.0746684016377311,0.195773641515224,0.333093353481331,0.488193548312628,0.115588020251242,0.638406606527863,0.292419906797405,0.462852192078669,FALSE
588,"logistic",2000,0.0796155536911359,0.0307621916879924,0.0318107973824983,0.0754481175722292,0.149385183758047,0.0145899112150473,0.253085017620137,0.117574386375549,0.462852192078669,FALSE
589,"logistic",2000,0.71613796177245,0.110349943183132,0.467804840330686,0.73044417097181,0.89327799393573,0.299382486930084,0.946267818293915,0.425473153605044,0.462852192078669,FALSE
590,"logistic",2000,0.216760902545483,0.0884960945592349,0.0812095089104216,0.205450040686961,0.421993792488555,0.0240975809716926,0.650623320188472,0.340784283578133,0.462852192078669,FALSE
591,"logistic",2000,0.969620540231572,0.0171180039767246,0.926064350129229,0.973118572377453,0.992559129238648,0.889910744312621,0.999168168946964,0.0664947791094197,0.462852192078669,FALSE
592,"logistic",2000,0.520841284325111,0.101996715734514,0.320818757061058,0.522176206014566,0.715204764222828,0.202078662557261,0.800758276319276,0.39438600716177,0.462852192078669,FALSE
593,"logistic",2000,0.525700843507905,0.105878290464399,0.323534495030374,0.523733397796434,0.74001981931368,0.254607644780362,0.844057657925041,0.416485324283306,0.462852192078669,FALSE
594,"logistic",2000,0.858740812170797,0.0509062822458646,0.737722489875727,0.866306845592564,0.938501660374582,0.612125047927616,0.966713820838158,0.200779170498855,0.462852192078669,FALSE
595,"logistic",2000,0.190125737795298,0.0694786161871393,0.0802497396909148,0.179880366104953,0.350608921744029,0.0472067514615721,0.627289266362863,0.270359182053114,0.462852192078669,FALSE
596,"logistic",2000,0.617074973335947,0.0762347361394778,0.46511909718027,0.619187631342654,0.760233894237538,0.326129463261853,0.829785077327845,0.295114797057268,0.462852192078669,FALSE
597,"logistic",2000,0.793221209949633,0.0579905715434525,0.669055603493132,0.799642058947524,0.891261419049012,0.513597689481065,0.945225371199172,0.22220581555588,0.462852192078669,FALSE
598,"logistic",2000,0.0914553760735837,0.0426135532036413,0.02926758876181,0.0845127431567701,0.188757669387534,0.0111989081337646,0.367051729535904,0.159490080625724,0.462852192078669,FALSE
599,"logistic",2000,0.579159954944908,0.129897038712108,0.328086634350158,0.582621981178364,0.83417648340729,0.167631861139579,0.92511957402358,0.506089849057132,0.462852192078669,TRUE
600,"logistic",2000,0.527910919902727,0.127315997070424,0.273555624928779,0.533341565331247,0.762086571298467,0.125632721899933,0.892225161830673,0.488530946369688,0.462852192078669,TRUE
601,"logistic",2000,0.251486022818736,0.0666705707629849,0.136740727287942,0.246105692732081,0.397082376742348,0.100881966127999,0.53668869199148,0.260341649454406,0.462852192078669,FALSE
602,"logistic",2000,0.0850098402416696,0.0345572467560774,0.0323123520336532,0.0812961117587376,0.166536688620571,0.0187182082286821,0.257927680473434,0.134224336586918,0.462852192078669,FALSE
603,"logistic",2000,0.306852201609436,0.0791870761246234,0.166473421346176,0.300519152222451,0.477158872456817,0.102678114916743,0.555145823976778,0.310685451110641,0.462852192078669,FALSE
604,"logistic",2000,0.475116527488097,0.115914435146631,0.258777737129815,0.474782111074492,0.709322560897522,0.134761912342715,0.811828000908717,0.450544823767707,0.462852192078669,FALSE
605,"logistic",2000,0.0683509652749431,0.0315134377549524,0.0220077432820301,0.0634220580582369,0.142783347177958,0.00950532374441718,0.230548392229114,0.120775603895928,0.462852192078669,FALSE
606,"logistic",2000,0.0427820030366473,0.0235419161461421,0.010982488382592,0.0378260902320244,0.101558282826695,0.00543901170672692,0.183835573779948,0.0905757944441033,0.462852192078669,FALSE
607,"logistic",2000,0.198684434761166,0.108876302451247,0.0501862725130451,0.175646430732904,0.470305078762652,0.0103505359897474,0.816939023650083,0.420118806249607,0.462852192078669,FALSE
608,"logistic",2000,0.682632134132718,0.10945485143861,0.440061373931002,0.694059414858087,0.864852411193903,0.269574917131703,0.931369958373649,0.4247910372629,0.462852192078669,FALSE
609,"logistic",2000,0.99280159688032,0.004489902130621,0.981783699927412,0.993862912289473,0.998389430489244,0.967264717553936,0.999655523734107,0.0166057305618321,0.462852192078669,FALSE
610,"logistic",2000,0.0629674705867256,0.0260118688396861,0.0242825302367252,0.0590611337135311,0.124436664552948,0.0108357299426032,0.190604209482435,0.100154134316223,0.462852192078669,FALSE
611,"logistic",2000,0.635739969781128,0.117001028293325,0.383092537813378,0.643405717185344,0.839626495132357,0.112243108691045,0.921123918858546,0.456533957318978,0.462852192078669,FALSE
612,"logistic",2000,0.0621873750717201,0.0317790752856243,0.0183943507025448,0.0562282327286459,0.140783303638902,0.00651844037639526,0.248455072771023,0.122388952936357,0.462852192078669,FALSE
613,"logistic",2000,0.769309053689533,0.0969894509745047,0.554763025819091,0.777775215108698,0.93101301705771,0.38403497231359,0.993760397539919,0.37624999123862,0.462852192078669,FALSE
614,"logistic",2000,0.0992986072302249,0.0391536002199803,0.0383135975422939,0.0938100745368432,0.190457020416048,0.0132147730648081,0.2495816272826,0.152143422873754,0.462852192078669,FALSE
615,"logistic",2000,0.913899847805882,0.0538910723000972,0.775862236400134,0.926529613088055,0.978251618946438,0.494949851421138,0.994902915132607,0.202389382546304,0.462852192078669,FALSE
